tissue_pair	splicing_class	n_genes	df	spearman_rho	ci_low_95	ci_high_95	p_value_two_sided	bh_adjusted_p	significant_at_fdr_0.1
Kidney-Cortex_v_Brain-Anteriorcingulatecortex_BA24	unproductive	140	138	-0.6479718352977194	-0.742480970093935	-0.5281699272432056	4.9985883221913474e-18	1.440843083871656e-15	True
Esophagus-Mucosa_v_Brain-FrontalCortex_BA9	unproductive	186	184	-0.5732461804568066	-0.668861150017451	-0.4589731401317816	1.223403847845131e-17	2.624720533817182e-15	True
Brain-Cortex_v_Lung	unproductive	171	169	-0.592591259269926	-0.6887656979128223	-0.4759207092608176	1.3658563055423324e-17	2.624720533817182e-15	True
Brain-FrontalCortex_BA9_v_Cells-EBV-transformedlymphocytes	unproductive	252	250	-0.5011941693043375	-0.5932568194138393	-0.3961909390372693	1.966000819234835e-17	3.238284206539664e-15	True
Kidney-Cortex_v_Brain-FrontalCortex_BA9	unproductive	165	163	-0.5963321133758984	-0.6934417863521052	-0.47794390802673914	2.887769324994913e-17	4.156499405473805e-15	True
Brain-Amygdala_v_Cells-EBV-transformedlymphocytes	unproductive	202	200	-0.5478113505049498	-0.6435714843031312	-0.43516532702191896	3.244448798721964e-17	4.156499405473805e-15	True
Brain-Cortex_v_SmallIntestine-TerminalIleum	unproductive	183	181	-0.5673693733209059	-0.6646178482338572	-0.45121872697622417	5.564043031489068e-17	6.415341615306895e-15	True
Brain-Cortex_v_Testis	unproductive	290	288	-0.4609092485826433	-0.5512307505140037	-0.35991027547667953	1.1692911754913646e-16	1.225629750310494e-14	True
Testis_v_Brain-Cerebellum	unproductive	428	426	-0.3758262573951252	-0.4570394187303812	-0.2883983324632026	8.320395534242668e-16	7.994513375818163e-14	True
SmallIntestine-TerminalIleum_v_Brain-FrontalCortex_BA9	unproductive	211	209	-0.5158275954573908	-0.6139862664548389	-0.4019571844752381	9.632674131505297e-16	8.033312140424681e-14	True
Lung_v_Brain-FrontalCortex_BA9	unproductive	187	185	-0.5429679327898876	-0.6429161539866054	-0.4248379571833456	9.901110883403925e-16	8.033312140424681e-14	True
MinorSalivaryGland_v_Brain-FrontalCortex_BA9	unproductive	189	187	-0.5401517979345527	-0.6400197401154728	-0.4223367380445214	1.0450969827091954e-15	8.033312140424681e-14	True
Brain-Anteriorcingulatecortex_BA24_v_WholeBlood	unproductive	222	220	-0.5019904347258608	-0.5995868525378198	-0.3896822096158156	1.4237939201799576e-15	9.809178907328007e-14	True
Testis_v_Brain-Anteriorcingulatecortex_BA24	unproductive	227	225	-0.4970299711307039	-0.594218387011306	-0.3855359569281936	1.4462796307422039e-15	9.809178907328007e-14	True
Brain-Anteriorcingulatecortex_BA24_v_Cells-EBV-transformedlymphocytes	unproductive	228	226	-0.4945199695851984	-0.5918107845900344	-0.38302800455121716	1.8271312608778278e-15	1.1361719928291991e-13	True
Testis_v_Brain-CerebellarHemisphere	unproductive	429	427	-0.3709842645943493	-0.45241888180096573	-0.28341404811284737	1.912728321349768e-15	1.1361719928291991e-13	True
Brain-Caudate_basalganglia_v_Cells-EBV-transformedlymphocytes	unproductive	220	218	-0.501785724348174	-0.5998212723087076	-0.3889072761289826	1.9708100482726784e-15	1.1361719928291991e-13	True
Stomach_v_Brain-FrontalCortex_BA9	unproductive	150	148	-0.5872207653673497	-0.6902591019898265	-0.4608393406938533	2.8328148432049094e-15	1.55535024486441e-13	True
Brain-Nucleusaccumbens_basalganglia_v_Cells-EBV-transformedlymphocytes	unproductive	221	219	-0.4965123906300377	-0.594990227261789	-0.3833472474643423	3.702931738197609e-15	1.9406728609735651e-13	True
Brain-Cortex_v_Cells-EBV-transformedlymphocytes	unproductive	238	236	-0.4800348400575209	-0.5770630387326892	-0.3696441657666389	4.026292822195505e-15	2.0183980973875729e-13	True
Brain-Cortex_v_Kidney-Cortex	unproductive	138	136	-0.6022183205514293	-0.7064017172876971	-0.472493941086456	5.5740537895046735e-15	2.6778683413745366e-13	True
Brain-Cortex_v_Esophagus-Mucosa	unproductive	157	155	-0.5660944312480232	-0.6706252043649313	-0.43951925082351856	1.1066830291376002e-14	5.104022130382612e-13	True
Brain-Hypothalamus_v_Cells-EBV-transformedlymphocytes	unproductive	219	217	-0.4881762199092852	-0.5880915591733342	-0.3735845684652623	1.6258376254407762e-14	7.209964546666211e-13	True
Skin-SunExposed_Lowerleg_v_Brain-FrontalCortex_BA9	unproductive	221	219	-0.4812244988715576	-0.5815468373271336	-0.36648468698372927	3.279576193113097e-14	1.4005005002442225e-12	True
Cells-Culturedfibroblasts_v_Brain-FrontalCortex_BA9	unproductive	195	193	-0.5071242454158507	-0.6101236255331525	-0.3872690694075368	3.8709713087479254e-14	1.5940106853522708e-12	True
Brain-Nucleusaccumbens_basalganglia_v_Kidney-Cortex	unproductive	135	133	-0.5898302604623941	-0.6974107229403342	-0.45625383619483784	5.1825094318698466e-14	2.0604942672227355e-12	True
Vagina_v_Brain-FrontalCortex_BA9	unproductive	185	183	-0.514961525340207	-0.6194256997018035	-0.3925782395289028	6.417033066632191e-14	2.466279708608972e-12	True
Brain-CerebellarHemisphere_v_Kidney-Cortex	unproductive	236	234	-0.4613118361049359	-0.5608254546978705	-0.348659020397691	7.721676067352448e-14	2.871965324405604e-12	True
Colon-Transverse_v_Brain-FrontalCortex_BA9	unproductive	161	159	-0.5429692891649414	-0.6500472418270354	-0.4147486254138831	9.991113878566169e-14	3.5999232193708725e-12	True
Adipose-Subcutaneous_v_Brain-FrontalCortex_BA9	unproductive	180	178	-0.5162134633784994	-0.6218348712441234	-0.39214841756465296	1.1987824674108677e-13	4.188473287650698e-12	True
Brain-Cortex_v_MinorSalivaryGland	unproductive	162	160	-0.5386113545622748	-0.6460704291778729	-0.41021585282524686	1.436351426535562e-13	4.8709211611632445e-12	True
WholeBlood_v_Brain-FrontalCortex_BA9	unproductive	229	227	-0.4616789743487255	-0.5625727465178391	-0.34723541529833524	1.7229063550407158e-13	5.675745792462701e-12	True
Kidney-Cortex_v_Brain-Hypothalamus	unproductive	130	128	-0.588239631839845	-0.6979713837682705	-0.45151859634266767	1.8522791443699612e-13	5.932438481829348e-12	True
Kidney-Cortex_v_Brain-Hippocampus	unproductive	122	120	-0.6020302622752551	-0.7121818995618378	-0.4629452711981476	2.2234008452865666e-13	6.9285977692308414e-12	True
Brain-Anteriorcingulatecortex_BA24_v_SmallIntestine-TerminalIleum	unproductive	170	168	-0.523688790371334	-0.6310387018191601	-0.3966589437858777	2.3397074423851365e-13	7.099164950184374e-12	True
Brain-Anteriorcingulatecortex_BA24_v_Adipose-Subcutaneous	unproductive	163	161	-0.5325424931140926	-0.6406397519063238	-0.40374633860635806	2.540727706034226e-13	7.51143344886529e-12	True
Testis_v_Brain-FrontalCortex_BA9	unproductive	256	254	-0.4356403067063401	-0.5340348718391413	-0.3256026335157901	2.788751468938275e-13	8.038576109214578e-12	True
Brain-Cortex_v_Stomach	unproductive	133	131	-0.5788198447271502	-0.6891983265293904	-0.4421861788078654	2.9315984424702053e-13	8.244226839434504e-12	True
Brain-Nucleusaccumbens_basalganglia_v_Esophagus-Mucosa	unproductive	168	166	-0.5235370341312304	-0.6314973293289273	-0.3956636050558792	3.302977843524718e-13	9.067460603771428e-12	True
Brain-Putamen_basalganglia_v_Cells-EBV-transformedlymphocytes	unproductive	201	199	-0.4832865376089848	-0.5879065583720381	-0.36276496737542796	3.6828542462468424e-13	9.87518824633165e-12	True
Brain-Nucleusaccumbens_basalganglia_v_SmallIntestine-TerminalIleum	unproductive	176	174	-0.5118556020250936	-0.6192046617992908	-0.3857246801148431	3.8574356027788724e-13	1.010823465910009e-11	True
Breast-MammaryTissue_v_Brain-FrontalCortex_BA9	unproductive	180	178	-0.5060732327129438	-0.6131198888719438	-0.38077734245046485	4.260182731408854e-13	1.0915534865143131e-11	True
Brain-Anteriorcingulatecortex_BA24_v_Lung	unproductive	174	172	-0.5132412654118853	-0.6209609690819254	-0.3864950185327777	4.442085283906697e-13	1.103062443808205e-11	True
Brain-Cortex_v_Adipose-Subcutaneous	unproductive	177	175	-0.5093467045238137	-0.6167698598229411	-0.38329764932341953	4.496438409278893e-13	1.103062443808205e-11	True
Testis_v_Brain-Putamen_basalganglia	unproductive	228	226	-0.4548065815038722	-0.556672692017772	-0.3394659644539999	4.86148411350737e-13	1.1554144817405268e-11	True
Brain-Anteriorcingulatecortex_BA24_v_Breast-MammaryTissue	unproductive	152	150	-0.5430361060422775	-0.6529639878723513	-0.4107012734871777	4.910261023875613e-13	1.1554144817405268e-11	True
Brain-Cortex_v_Spleen	unproductive	205	203	-0.4758521263110974	-0.5804282547192464	-0.3558347651495891	5.567197404303578e-13	1.283795721432405e-11	True
Brain-Amygdala_v_Kidney-Cortex	unproductive	124	122	-0.5841510621557828	-0.6970406275012663	-0.443002785081623	1.0653391315710625e-12	2.4085019974537945e-11	True
Muscle-Skeletal_v_Cells-EBV-transformedlymphocytes	unproductive	192	190	-0.4801138675636817	-0.587402166073728	-0.35624120972074197	1.8311156661403224e-12	4.060146852038061e-11	True
Cells-Culturedfibroblasts_v_Brain-Hypothalamus	unproductive	147	145	-0.5380886897520949	-0.6505288254498109	-0.4025664230094293	2.08606815086098e-12	4.538182222533415e-11	True
Brain-Cortex_v_Colon-Transverse	unproductive	137	135	-0.553829783262083	-0.6672248145606337	-0.41534485905527946	2.2218699996700605e-12	4.7441039067029255e-11	True
Skin-NotSunExposed_Suprapubic_v_Brain-FrontalCortex_BA9	unproductive	206	204	-0.4624962678499727	-0.5684393087282674	-0.34146524662638916	2.586006435233077e-12	5.421209854224978e-11	True
Brain-Nucleusaccumbens_basalganglia_v_Adipose-Subcutaneous	unproductive	177	175	-0.4930034971693703	-0.6026987258284215	-0.3650208190660131	3.1468219063480494e-12	6.479081532177323e-11	True
Brain-Anteriorcingulatecortex_BA24_v_Colon-Transverse	unproductive	141	139	-0.5435849137377455	-0.6572596609278744	-0.40572771537196006	3.278795348026712e-12	6.632370239078595e-11	True
Brain-Cerebellum_v_Kidney-Cortex	unproductive	219	217	-0.4472608452249021	-0.5519212446274149	-0.3287282932924019	3.6126245274426314e-12	7.151644146979582e-11	True
Brain-Cortex_v_Cells-Culturedfibroblasts	unproductive	177	175	-0.4916985509253649	-0.6015720159917148	-0.3635660112266531	3.659557716147401e-12	7.151644146979582e-11	True
Brain-Anteriorcingulatecortex_BA24_v_Spleen	unproductive	232	230	-0.4353907155446299	-0.5385041106582086	-0.31942985268253626	3.772635670338243e-12	7.249748213166655e-11	True
Brain-Nucleusaccumbens_basalganglia_v_Cells-Culturedfibroblasts	unproductive	154	152	-0.5200768870598093	-0.6329892660704801	-0.3854986008220448	4.761703384179595e-12	9.000400003211595e-11	True
Brain-Substantianigra_v_Cells-EBV-transformedlymphocytes	unproductive	179	177	-0.4841148285313749	-0.5944365159750669	-0.3559062045062218	6.616268403219737e-12	1.230412494985864e-10	True
Brain-Nucleusaccumbens_basalganglia_v_WholeBlood	unproductive	223	221	-0.4366029225894696	-0.5415318990655941	-0.31827926699886155	8.550216399598536e-12	1.5648253188471604e-10	True
Stomach_v_Brain-Anteriorcingulatecortex_BA24	unproductive	128	126	-0.5560451382530671	-0.6725902199747634	-0.41258431831717957	9.511438276452056e-12	1.7135450519920656e-10	True
Brain-Cortex_v_Adipose-Visceral_Omentum	unproductive	136	134	-0.5400124039883593	-0.656189501594931	-0.3988277394050113	1.1637068166888078e-11	2.0409846276748265e-10	True
Kidney-Cortex_v_Brain-Putamen_basalganglia	unproductive	108	106	-0.5945487629445444	-0.712459663528803	-0.4439855568579846	1.1682999603342459e-11	2.0409846276748265e-10	True
Spleen_v_Brain-FrontalCortex_BA9	unproductive	229	227	-0.4277327550887853	-0.5322835054312028	-0.31033029049223465	1.3307031232277908e-11	2.2900010463905117e-10	True
Brain-Cortex_v_Breast-MammaryTissue	unproductive	158	156	-0.5035802354573377	-0.61765344031039	-0.36875402683747244	1.5380372828856323e-11	2.5856150341878994e-10	True
Cells-Culturedfibroblasts_v_Brain-Hippocampus	unproductive	148	146	-0.5180593550679842	-0.6333719717509916	-0.3802398955084242	1.547332500945057e-11	2.5856150341878994e-10	True
Brain-Cortex_v_Vagina	unproductive	157	155	-0.5038204156562618	-0.6181928092669965	-0.36855627390316575	1.7406589600140508e-11	2.867113972708858e-10	True
Brain-Anteriorcingulatecortex_BA24_v_Liver	unproductive	188	186	-0.4601802036094902	-0.571047756790877	-0.332826524058648	3.050687162555903e-11	4.944903933208123e-10	True
Brain-Nucleusaccumbens_basalganglia_v_Testis	unproductive	250	248	-0.4040716171458742	-0.5066448970512073	-0.29021903776718316	3.087884502957371e-11	4.944903933208123e-10	True
Brain-Anteriorcingulatecortex_BA24_v_Adipose-Visceral_Omentum	unproductive	134	132	-0.5337148842254891	-0.651762748826006	-0.3904184595477571	3.132399916010786e-11	4.94747548378142e-10	True
Testis_v_Brain-Caudate_basalganglia	unproductive	226	224	-0.4228903356594285	-0.5285982813805142	-0.3042670593505815	3.2197341229506126e-11	5.016693842921698e-10	True
Brain-Nucleusaccumbens_basalganglia_v_Skin-SunExposed_Lowerleg	unproductive	197	195	-0.4498334636115637	-0.5595348252080327	-0.324641921773029	3.324415661435213e-11	5.110735010179734e-10	True
Brain-Cerebellum_v_SmallIntestine-TerminalIleum	unproductive	241	239	-0.4095032749219849	-0.513358038601054	-0.29382695423907423	3.676118363588558e-11	5.538280527930643e-10	True
Esophagus-Mucosa_v_Brain-Anteriorcingulatecortex_BA24	unproductive	149	147	-0.5081697805187738	-0.624666365760778	-0.36954612414456156	3.698591506076839e-11	5.538280527930643e-10	True
Cells-Culturedfibroblasts_v_Brain-Amygdala	unproductive	138	136	-0.5247917185134786	-0.6427565263152536	-0.38251569838842325	3.916423042763511e-11	5.789276626033755e-10	True
Brain-Caudate_basalganglia_v_SmallIntestine-TerminalIleum	unproductive	147	145	-0.5102645278770523	-0.6271618504991789	-0.3708865161480295	4.0573543292710524e-11	5.92168296411332e-10	True
Brain-Anteriorcingulatecortex_BA24_v_Skin-SunExposed_Lowerleg	unproductive	198	196	-0.4438582699685167	-0.5539984004456989	-0.31844800205981266	5.7686383645766627e-11	8.314050042946115e-10	True
Brain-Caudate_basalganglia_v_WholeBlood	unproductive	202	200	-0.4391035603817715	-0.5487570269117589	-0.3145962272248734	6.269141217341443e-11	8.923851634067511e-10	True
Brain-Hypothalamus_v_SmallIntestine-TerminalIleum	unproductive	167	165	-0.4745766642274831	-0.5898239502602466	-0.3403831941737389	9.221066788897687e-11	1.2965719521462235e-09	True
Adipose-Visceral_Omentum_v_Brain-FrontalCortex_BA9	unproductive	152	150	-0.4943240454076367	-0.6118414664504427	-0.35545491714473704	9.649599244081474e-11	1.34048047330433e-09	True
MinorSalivaryGland_v_Brain-Anteriorcingulatecortex_BA24	unproductive	153	151	-0.4926152279093455	-0.6100298168401742	-0.35403244124783007	9.926874468413969e-11	1.3625816978668222e-09	True
Brain-Cortex_v_Liver	unproductive	212	210	-0.4227430216639189	-0.5317115740611656	-0.300005932523764	1.3406789222202076e-10	1.8185915262587051e-09	True
Brain-Cortex_v_Artery-Coronary	unproductive	130	128	-0.5193980526840458	-0.6415435372605318	-0.3715650578309	2.4244850018008023e-10	3.2505014035771222e-09	True
Vagina_v_Brain-Anteriorcingulatecortex_BA24	unproductive	169	167	-0.4623489632539407	-0.5785901966920611	-0.32769944190493466	2.480400574653659e-10	3.287243520201918e-09	True
Heart-AtrialAppendage_v_Cells-EBV-transformedlymphocytes	unproductive	146	144	-0.4922233040594604	-0.6122637755900118	-0.3500019945599652	2.7890734562535897e-10	3.654320108023169e-09	True
Brain-Cortex_v_Skin-NotSunExposed_Suprapubic	unproductive	189	187	-0.4367070157663663	-0.5501260162991917	-0.30746840799845787	3.3386894611973476e-10	4.325290953663531e-09	True
Brain-Nucleusaccumbens_basalganglia_v_Lung	unproductive	166	164	-0.4617599412347266	-0.5790538991697808	-0.3257386114411228	3.8030822458605815e-10	4.8721709216413895e-09	True
Brain-Hypothalamus_v_Spleen	unproductive	199	197	-0.4251636972742501	-0.5371673557888132	-0.29842625163818004	3.8636048690794387e-10	4.895314740712739e-09	True
Brain-Nucleusaccumbens_basalganglia_v_Stomach	unproductive	114	112	-0.5417508758429356	-0.667291642254813	-0.3862766467937884	4.834051381322601e-10	5.955895413753889e-09	True
Brain-Putamen_basalganglia_v_SmallIntestine-TerminalIleum	unproductive	143	141	-0.4908688729111264	-0.6122709737278993	-0.34685362112496027	4.846961857853127e-10	5.955895413753889e-09	True
Kidney-Cortex_v_Cells-EBV-transformedlymphocytes	unproductive	140	138	-0.495379501869629	-0.6172754579165634	-0.35025756388559787	4.893617669167042e-10	5.955895413753889e-09	True
Brain-Putamen_basalganglia_v_Adipose-Subcutaneous	unproductive	147	145	-0.4847788800822069	-0.6055549476188649	-0.34217379766637085	4.907285900317602e-10	5.955895413753889e-09	True
Brain-Nucleusaccumbens_basalganglia_v_Ovary	unproductive	155	153	-0.472711159807934	-0.5922832592730004	-0.3327664853978598	5.281411335909106e-10	6.343195073232499e-09	True
Brain-Nucleusaccumbens_basalganglia_v_Vagina	unproductive	158	156	-0.4684700445266589	-0.5875716409257156	-0.3295003300356682	5.387115558222854e-10	6.403447668691701e-09	True
Brain-Cortex_v_Skin-SunExposed_Lowerleg	unproductive	204	202	-0.4154794297870536	-0.5272319251892238	-0.2895985258898868	6.434983630461766e-10	7.570955230533077e-09	True
Brain-Amygdala_v_Lung	unproductive	152	150	-0.470280688085621	-0.5912868177567905	-0.3285652489005755	9.76617780703152e-10	1.130354763400879e-08	True
Liver_v_Brain-FrontalCortex_BA9	unproductive	211	209	-0.4050395370524137	-0.5161122989452487	-0.2805692692605648	9.80359725412731e-10	1.130354763400879e-08	True
Esophagus-Mucosa_v_Brain-Putamen_basalganglia	unproductive	127	125	-0.5085477596550431	-0.6338424272010941	-0.3572455567918415	1.033945755842104e-09	1.1803360955306395e-08	True
Esophagus-GastroesophagealJunction_v_Brain-FrontalCortex_BA9	unproductive	144	142	-0.4744996382927418	-0.5979584343227	-0.329047553307926	1.8768162889127873e-09	2.1215384128592587e-08	True
Brain-Nucleusaccumbens_basalganglia_v_MinorSalivaryGland	unproductive	159	157	-0.4533406973967041	-0.5741457018842441	-0.31321755201317414	1.965584255342426e-09	2.2003093654464244e-08	True
Brain-Amygdala_v_WholeBlood	unproductive	194	192	-0.4137278991506863	-0.5283568469235962	-0.2842857176017683	2.020291230955524e-09	2.23980364354973e-08	True
Brain-Nucleusaccumbens_basalganglia_v_Breast-MammaryTissue	unproductive	159	157	-0.4513643420109864	-0.5724327035677704	-0.31103512717116494	2.3546380770370913e-09	2.5856168598321585e-08	True
Artery-Coronary_v_Brain-FrontalCortex_BA9	unproductive	152	150	-0.4593969340960503	-0.5819276317306612	-0.31647136401087916	2.6289200898326703e-09	2.859570626016103e-08	True
Cells-Culturedfibroblasts_v_Brain-Anteriorcingulatecortex_BA24	unproductive	159	157	-0.4494387389539049	-0.5707626530527987	-0.30891019486025756	2.8045487031757687e-09	2.995679752711408e-08	True
Ovary_v_Brain-FrontalCortex_BA9	unproductive	165	163	-0.4419442737691342	-0.5621546000189351	-0.303446357518902	2.8060139921321086e-09	2.995679752711408e-08	True
Muscle-Skeletal_v_Brain-FrontalCortex_BA9	unproductive	156	154	-0.4503516618988161	-0.5726354145764255	-0.3084643018557626	3.660775586421323e-09	3.8723616982970505e-08	True
Heart-LeftVentricle_v_Cells-EBV-transformedlymphocytes	unproductive	129	127	-0.4880087209302326	-0.6157646696417708	-0.3352507903157093	4.458566431190382e-09	4.673388268329555e-08	True
Testis_v_Brain-Amygdala	unproductive	223	221	-0.378128408677736	-0.4889325853700358	-0.25531605483806713	5.445905360964381e-09	5.656872865938676e-08	True
Brain-Caudate_basalganglia_v_Spleen	unproductive	181	179	-0.4161354299475846	-0.5342988200925898	-0.2820202817159478	5.671452453082322e-09	5.838557748574926e-08	True
Brain-Nucleusaccumbens_basalganglia_v_Colon-Transverse	unproductive	137	135	-0.4701915358336289	-0.5971745973467542	-0.32021646908843765	6.744061234267171e-09	6.88132973726553e-08	True
Brain-Nucleusaccumbens_basalganglia_v_Spleen	unproductive	209	207	-0.3870984278879015	-0.5004924009009515	-0.2606467128450525	7.039911462595625e-09	7.120191154712943e-08	True
Spleen_v_Muscle-Skeletal	unproductive	186	184	-0.4076936346386061	-0.52529660267812	-0.27480773922146556	7.666663609491572e-09	7.686663601516333e-08	True
Pancreas_v_Brain-FrontalCortex_BA9	unproductive	194	192	-0.3996934746253693	-0.5158418500874192	-0.2691162525550629	7.760679309741249e-09	7.694023789694017e-08	True
Brain-Caudate_basalganglia_v_Adipose-Subcutaneous	unproductive	141	139	-0.462412774519457	-0.5888550599076855	-0.31387699992732315	7.807465597521249e-09	7.694023789694017e-08	True
Prostate_v_Brain-FrontalCortex_BA9	unproductive	149	147	-0.4509269000544169	-0.5757734851592842	-0.3055314452854851	7.878439195058458e-09	7.698169823646104e-08	True
Prostate_v_Brain-Cerebellum	unproductive	187	185	-0.4057803192406931	-0.523297524903519	-0.27311670115114617	8.334145734501868e-09	8.075016833513153e-08	True
Adipose-Visceral_Omentum_v_Brain-Hippocampus	unproductive	90	88	-0.559698728238054	-0.6954234455423322	-0.385416874266809	9.756327378771566e-09	9.374204556436345e-08	True
Brain-Hypothalamus_v_WholeBlood	unproductive	210	208	-0.3825852870003531	-0.49616708611861404	-0.2561287174313385	1.0006854484499512e-08	9.535457207130526e-08	True
Brain-Amygdala_v_SmallIntestine-TerminalIleum	unproductive	154	152	-0.4413136515603309	-0.565543451628476	-0.297501117566029	1.0115829519996653e-08	9.560288062750935e-08	True
Esophagus-Mucosa_v_Brain-Caudate_basalganglia	unproductive	141	139	-0.458979408365084	-0.585918239099155	-0.3100560252673367	1.0393581549819154e-08	9.742926444667872e-08	True
Adipose-Visceral_Omentum_v_Brain-Hypothalamus	unproductive	117	115	-0.4980817935230558	-0.6299731476138192	-0.3382649289767637	1.1026103701391613e-08	1.0252498038471395e-07	True
WholeBlood_v_Muscle-Skeletal	unproductive	196	194	-0.3936265330028927	-0.5098510632367386	-0.2632898879208905	1.14563532321245e-08	1.056734022131164e-07	True
Brain-Cortex_v_Muscle-Skeletal	unproductive	159	157	-0.4319351564365895	-0.5555351542328867	-0.28965947925085744	1.308895810814043e-08	1.1977435475147552e-07	True
Brain-Anteriorcingulatecortex_BA24_v_Skin-NotSunExposed_Suprapubic	unproductive	181	179	-0.406204844878878	-0.5254964534807179	-0.2712497253621584	1.3982697622212569e-08	1.2694527841268576e-07	True
Cells-EBV-transformedlymphocytes_v_Brain-Hippocampus	unproductive	204	202	-0.3836668056625509	-0.4987152719549483	-0.25533346423621894	1.474890399365928e-08	1.3184260409789572e-07	True
Brain-Nucleusaccumbens_basalganglia_v_Adipose-Visceral_Omentum	unproductive	131	129	-0.4700475097421662	-0.5997058402199241	-0.31634008560759247	1.47508204064428e-08	1.3184260409789572e-07	True
Prostate_v_Brain-Caudate_basalganglia	unproductive	100	98	-0.5283768376837683	-0.6642216968893856	-0.35874991390500216	1.6037931083100724e-08	1.422441118370395e-07	True
Brain-Nucleusaccumbens_basalganglia_v_Liver	unproductive	179	177	-0.4065218755884753	-0.5264041963652594	-0.2707907175555282	1.6369607320738052e-08	1.4407753618939674e-07	True
Brain-CerebellarHemisphere_v_SmallIntestine-TerminalIleum	unproductive	232	230	-0.3593983343872347	-0.4698125965781623	-0.23791214157774304	1.7607983017817893e-08	1.5380306378442446e-07	True
Brain-Cortex_v_Ovary	unproductive	158	156	-0.429377250482613	-0.5536692026204139	-0.28637112103115087	1.8076306603867653e-08	1.5670662792676244e-07	True
Esophagus-Muscularis_v_Brain-FrontalCortex_BA9	unproductive	140	138	-0.4527607093656383	-0.5810130537594342	-0.3025681368374989	1.948342247049674e-08	1.6764467245136376e-07	True
Brain-Putamen_basalganglia_v_Spleen	unproductive	186	184	-0.3933544377567147	-0.5125240537075785	-0.25931847354885956	2.7919426234302727e-08	2.3845258109741515e-07	True
Brain-Caudate_basalganglia_v_Muscle-Skeletal	unproductive	122	120	-0.476725012474349	-0.6096352835354154	-0.3177426537813273	2.8417351282292465e-08	2.409206325623766e-07	True
Cells-Culturedfibroblasts_v_Brain-Putamen_basalganglia	unproductive	128	126	-0.4657457425379968	-0.5974616090247057	-0.3095586659662496	3.0273664949875223e-08	2.5398730713655583e-07	True
Brain-Putamen_basalganglia_v_Lung	unproductive	130	128	-0.4624260880252359	-0.593707893700096	-0.30716557478298884	3.045741814057319e-08	2.5398730713655583e-07	True
Brain-Cortex_v_Prostate	unproductive	141	139	-0.4456612012500535	-0.5744936168029362	-0.2952806418530845	3.0619458535976805e-08	2.5398730713655583e-07	True
Adipose-Subcutaneous_v_Brain-Hippocampus	unproductive	129	127	-0.4601632379248659	-0.5922578163446697	-0.3039809946929447	4.099012405930111e-08	3.37582950288387e-07	True
Brain-Putamen_basalganglia_v_WholeBlood	unproductive	200	198	-0.3752073801845046	-0.4921872935302241	-0.2449160563999817	4.3925405985047726e-08	3.5919144043092215e-07	True
Esophagus-Mucosa_v_Heart-LeftVentricle	unproductive	66	64	-0.6129422815989981	-0.7542532341927463	-0.4173617480800732	4.48768978481276e-08	3.6438776914712057e-07	True
Testis_v_Brain-Hypothalamus	unproductive	240	238	-0.3436422507335196	-0.4536088163194203	-0.2233684034211507	4.677067843848664e-08	3.7583071195088854e-07	True
Heart-AtrialAppendage_v_WholeBlood	unproductive	119	117	-0.4753311494089162	-0.6099974826413995	-0.31397864821685123	4.6938094120492584e-08	3.7583071195088854e-07	True
Brain-Hypothalamus_v_Colon-Transverse	unproductive	118	116	-0.4756609293000121	-0.6107959356713399	-0.31359968251436626	5.2289138989383806e-08	4.15788808653514e-07	True
Stomach_v_Muscle-Skeletal	unproductive	108	106	-0.4906303885983213	-0.6287504113408617	-0.3224989060331429	7.030465077005305e-08	5.552141256018573e-07	True
Brain-Nucleusaccumbens_basalganglia_v_Skin-NotSunExposed_Suprapubic	unproductive	172	170	-0.3959855951210194	-0.5193462434213355	-0.2564584255582049	7.57941601931288e-08	5.944943313107313e-07	True
Brain-CerebellarHemisphere_v_MinorSalivaryGland	unproductive	219	217	-0.3532532818444595	-0.46730133491220305	-0.22764081862793614	7.788814628893632e-08	6.067907612915106e-07	True
Brain-Caudate_basalganglia_v_Skin-SunExposed_Lowerleg	unproductive	178	176	-0.3881282522403288	-0.510371721691818	-0.2505096821772073	8.643585146122456e-08	6.688626626496102e-07	True
Brain-Caudate_basalganglia_v_Kidney-Cortex	unproductive	111	109	-0.4804492804492805	-0.6186112433679151	-0.3134657022375075	9.474585662901523e-08	7.282798179550304e-07	True
Esophagus-Mucosa_v_Brain-Hypothalamus	unproductive	125	123	-0.4545745007680491	-0.5894609430563316	-0.2950263114781435	1.0081712377670113e-07	7.698155212883206e-07	True
Brain-Cortex_v_Esophagus-Muscularis	unproductive	120	118	-0.4619001319536078	-0.5982021275800036	-0.29962305742787065	1.0942689460417477e-07	8.300605886750889e-07	True
Testis_v_Brain-Hippocampus	unproductive	246	244	-0.3301455192524328	-0.43989768480777447	-0.21067653620620871	1.1508206353788065e-07	8.640984121838626e-07	True
Brain-Hypothalamus_v_Liver	unproductive	157	155	-0.4077611495978019	-0.5351222036504466	-0.2622755738994716	1.1541297092481773e-07	8.640984121838626e-07	True
Brain-CerebellarHemisphere_v_Stomach	unproductive	190	188	-0.3713410926968382	-0.4915963160927034	-0.23718804074099833	1.3302174930953064e-07	9.895101738960568e-07	True
Muscle-Skeletal_v_Brain-Hippocampus	unproductive	139	137	-0.4220966084275436	-0.5550372711329745	-0.2681307649066301	2.273593310670923e-07	1.6704117334784809e-06	True
Brain-Caudate_basalganglia_v_Colon-Transverse	unproductive	108	106	-0.4734916688101974	-0.6145937119594267	-0.30303008742655196	2.2745415624988854e-07	1.6704117334784809e-06	True
WholeBlood_v_Artery-Tibial	unproductive	143	141	-0.4164327456580977	-0.5483704015459715	-0.2642659908682218	2.3030063296691146e-07	1.6806115810813222e-06	True
Prostate_v_Brain-Anteriorcingulatecortex_BA24	unproductive	126	124	-0.4412058492688414	-0.5775988238173946	-0.28084797078518464	2.328525029071511e-07	1.6885467663644353e-06	True
Brain-Anteriorcingulatecortex_BA24_v_Ovary	unproductive	155	153	-0.4006509619412845	-0.529647260070415	-0.2535410249061316	2.394782027979991e-07	1.7257397989130812e-06	True
Esophagus-Mucosa_v_Brain-Hippocampus	unproductive	139	137	-0.4212744090441931	-0.5543255975047671	-0.267228316484495	2.4131833845860974e-07	1.7281990325638325e-06	True
Cells-Culturedfibroblasts_v_Brain-Caudate_basalganglia	unproductive	126	124	-0.4389441319835021	-0.5756704952398043	-0.2783397134382389	2.726647435167881e-07	1.940632402931214e-06	True
Brain-Amygdala_v_Liver	unproductive	156	154	-0.3975849915443093	-0.5265601619990836	-0.2507197953056525	2.756737295383192e-07	1.950011105261853e-06	True
Breast-MammaryTissue_v_Brain-Hippocampus	unproductive	119	117	-0.4501210653753028	-0.588798804802644	-0.2857008752608435	2.8055207180670306e-07	1.9724179194702967e-06	True
Brain-Putamen_basalganglia_v_Liver	unproductive	152	150	-0.4017489184589834	-0.5318006136988377	-0.25318491357800965	2.8972197142898934e-07	2.024542018531059e-06	True
Brain-Cortex_v_Artery-Tibial	unproductive	159	157	-0.3928857176976356	-0.5212639628420653	-0.2471190601226285	3.014830849558924e-07	2.094036126229783e-06	True
Uterus_v_Brain-Anteriorcingulatecortex_BA24	unproductive	171	169	-0.3784289725682195	-0.5040788331701146	-0.23709143043664704	3.336237734660177e-07	2.3034024599180744e-06	True
Artery-Coronary_v_Brain-Anteriorcingulatecortex_BA24	unproductive	127	125	-0.4340668353955755	-0.5710037318655937	-0.2736293725145901	3.426113825869364e-07	2.351374548349629e-06	True
Liver_v_Cells-EBV-transformedlymphocytes	unproductive	127	125	-0.4333286464191976	-0.5703724776540743	-0.2728129656247123	3.604905367545221e-07	2.4594413543074793e-06	True
Lung_v_Brain-Hippocampus	unproductive	133	131	-0.424046887911774	-0.5594810010816431	-0.2665575384516783	3.651335978775109e-07	2.4626032269739926e-06	True
Brain-Nucleusaccumbens_basalganglia_v_Artery-Coronary	unproductive	120	118	-0.4445239252725883	-0.583526897338637	-0.28021516671442326	3.652256303664811e-07	2.4626032269739926e-06	True
Brain-CerebellarHemisphere_v_Spleen	unproductive	241	239	-0.3196872535235417	-0.4313465717521318	-0.19838185707031364	3.96206681139672e-07	2.655966879965359e-06	True
Brain-Cortex_v_Esophagus-GastroesophagealJunction	unproductive	122	120	-0.4398736373219307	-0.5785192006764743	-0.27652379165847	3.990061261511357e-07	2.6592720430766446e-06	True
Cells-Culturedfibroblasts_v_Brain-Substantianigra	unproductive	113	111	-0.4550119768447668	-0.5962526357407014	-0.28644872339783917	4.122761213908214e-07	2.7319216549633166e-06	True
Esophagus-Mucosa_v_Brain-Amygdala	unproductive	130	128	-0.4265495910090265	-0.5630779055092038	-0.26735575223017893	4.185000289344816e-07	2.757317333494042e-06	True
Thyroid_v_Brain-FrontalCortex_BA9	unproductive	188	186	-0.3589317093697569	-0.48103287062681244	-0.22317108899090005	4.232908651353201e-07	2.773036178983091e-06	True
Brain-Amygdala_v_Muscle-Skeletal	unproductive	131	129	-0.4247210804462712	-0.5610197149541046	-0.26600188579547296	4.280376315315834e-07	2.788290334214213e-06	True
Adipose-Visceral_Omentum_v_Cells-EBV-transformedlymphocytes	unproductive	85	83	-0.515516904436193	-0.6643655647553413	-0.3273353989977387	4.44676317805545e-07	2.8804033394932217e-06	True
Cells-Culturedfibroblasts_v_Muscle-Skeletal	unproductive	142	140	-0.4084842337764124	-0.5418906452694389	-0.2549994230758542	4.4985826635714137e-07	2.8976903972613635e-06	True
Cells-EBV-transformedlymphocytes_v_Artery-Tibial	unproductive	124	122	-0.4345239968528717	-0.5729205520196341	-0.2720356392434724	4.595758837611687e-07	2.9438388554257087e-06	True
Muscle-Skeletal_v_Liver	unproductive	145	143	-0.404121398205007	-0.536782771663563	-0.251960349592007	4.634696676278363e-07	2.952378600966272e-06	True
Testis_v_MinorSalivaryGland	unproductive	215	213	-0.3356347653891666	-0.45224181129535085	-0.20774644977487453	4.664167566281666e-07	2.9548270351223962e-06	True
Artery-Aorta_v_Brain-FrontalCortex_BA9	unproductive	163	161	-0.3820390044391241	-0.5101614445479842	-0.2373291089665123	4.848311959882122e-07	3.054701469805512e-06	True
Brain-Caudate_basalganglia_v_Liver	unproductive	155	153	-0.3910573297670072	-0.5212012232651245	-0.24313904912639658	4.878538065561105e-07	3.0570404291260624e-06	True
Brain-Nucleusaccumbens_basalganglia_v_Muscle-Skeletal	unproductive	143	141	-0.4052866147936571	-0.5386654751703911	-0.2520899285997096	5.136065991268249e-07	3.201018425909347e-06	True
Brain-Cortex_v_Thyroid	unproductive	163	161	-0.380861334175714	-0.5091163285839393	-0.2360598367340607	5.291676400324862e-07	3.2802703707390143e-06	True
Vagina_v_Brain-Hypothalamus	unproductive	126	124	-0.4283734533183352	-0.5666376346877313	-0.2666457948920012	5.61693207384485e-07	3.4632741610390975e-06	True
Brain-Cerebellum_v_Spleen	unproductive	244	242	-0.3129772127430206	-0.4244846226607871	-0.19211794092658901	6.048051854944503e-07	3.7092573344420273e-06	True
SmallIntestine-TerminalIleum_v_Brain-Hippocampus	unproductive	154	152	-0.3889910216285928	-0.5197767781505446	-0.24038941750375561	6.173611711781906e-07	3.766229790309279e-06	True
Colon-Transverse_v_Brain-Hippocampus	unproductive	101	99	-0.4718229470005824	-0.6176069707398933	-0.29469345467129426	6.335292804814806e-07	3.844522423132353e-06	True
Brain-Putamen_basalganglia_v_Skin-SunExposed_Lowerleg	unproductive	171	169	-0.3693210454316366	-0.49595139880870015	-0.22730982142166986	6.662364432111308e-07	4.0218357016881355e-06	True
Uterus_v_Brain-FrontalCortex_BA9	unproductive	175	173	-0.3644805194805194	-0.49023721023769307	-0.22385781013308684	7.095988497498979e-07	4.261288925841834e-06	True
WholeBlood_v_Brain-Hippocampus	unproductive	195	193	-0.3455307579018918	-0.4667981598403563	-0.21150917243224152	7.525619131173965e-07	4.495875056084757e-06	True
Artery-Aorta_v_Brain-Anteriorcingulatecortex_BA24	unproductive	148	146	-0.393337454698912	-0.5260634754133044	-0.2419061875316824	7.598464240247544e-07	4.50618377421511e-06	True
Esophagus-GastroesophagealJunction_v_Brain-Anteriorcingulatecortex_BA24	unproductive	118	116	-0.4367812313973829	-0.5780520911702326	-0.2700893337235837	7.621039340606647e-07	4.50618377421511e-06	True
Brain-Cortex_v_Pancreas	unproductive	157	155	-0.3816942551119766	-0.5121435598433633	-0.23403261309253162	8.120724273094217e-07	4.777140350447772e-06	True
Liver_v_Brain-Hippocampus	unproductive	154	152	-0.3848049483723108	-0.5160832224888126	-0.23586309017870202	8.329613919394562e-07	4.875149669574584e-06	True
Kidney-Cortex_v_Muscle-Skeletal	unproductive	137	135	-0.4051608266283346	-0.5412590068543558	-0.24837610392349796	9.05609448430676e-07	5.273574212326108e-06	True
Brain-Caudate_basalganglia_v_Lung	unproductive	137	135	-0.4042227490805906	-0.5404434951257596	-0.24735222278406707	9.649126135202923e-07	5.590674589893955e-06	True
Brain-Putamen_basalganglia_v_Muscle-Skeletal	unproductive	114	112	-0.4395739251939005	-0.5826817551248694	-0.2700258215828167	9.92608773641643e-07	5.722389580044071e-06	True
Brain-Hypothalamus_v_Lung	unproductive	160	158	-0.3750556662369624	-0.5050951938049592	-0.2283650848374442	1.0264663721073123e-06	5.883785033541859e-06	True
Brain-Anteriorcingulatecortex_BA24_v_Muscle-Skeletal	unproductive	137	135	-0.4032426680605596	-0.5395912016485054	-0.24628285924775778	1.0308105609500916e-06	5.883785033541859e-06	True
Brain-Amygdala_v_Breast-MammaryTissue	unproductive	123	121	-0.4237272832802363	-0.5642210893119441	-0.2593845247695058	1.042337629122869e-06	5.920272346692947e-06	True
Brain-Nucleusaccumbens_basalganglia_v_Artery-Tibial	unproductive	126	124	-0.4189006374203225	-0.5585145926265882	-0.25620649162843434	1.051633071906676e-06	5.920488739443412e-06	True
Brain-Substantianigra_v_Kidney-Cortex	unproductive	112	110	-0.4422130727440462	-0.58607917342952	-0.2713163514632531	1.0526454393633126e-06	5.920488739443412e-06	True
Pancreas_v_Brain-Cerebellum	unproductive	202	200	-0.3354609190791882	-0.45561421100405763	-0.2033029875955846	1.0588783601642344e-06	5.926634705191079e-06	True
Brain-Cortex_v_WholeBlood	unproductive	231	229	-0.3143558091084328	-0.4287314639211031	-0.1900621993597972	1.0822996628009624e-06	6.0284614068092256e-06	True
Brain-Amygdala_v_Adipose-Visceral_Omentum	unproductive	97	95	-0.4705186198190615	-0.6192490363861655	-0.28919383618441163	1.1549666291899195e-06	6.402290978153737e-06	True
Brain-Amygdala_v_Spleen	unproductive	184	182	-0.3489953959661728	-0.47332970693679155	-0.21102700780584677	1.2021813396104633e-06	6.632129591248153e-06	True
Testis_v_Kidney-Cortex	unproductive	241	239	-0.3064255341037687	-0.41909147195791285	-0.1844659586983482	1.2381488318678406e-06	6.7980266816362866e-06	True
Stomach_v_Brain-Hypothalamus	unproductive	102	100	-0.4585272347908691	-0.6059672778345357	-0.2806301048928359	1.2568674033980386e-06	6.833475571966318e-06	True
Brain-Amygdala_v_Colon-Transverse	unproductive	101	99	-0.4605358182877111	-0.6082952284659648	-0.2819244417968849	1.2604485352851558e-06	6.833475571966318e-06	True
MinorSalivaryGland_v_Cells-EBV-transformedlymphocytes	unproductive	84	82	-0.500273362356991	-0.6530903546623745	-0.308306266060208	1.262385339834194e-06	6.833475571966318e-06	True
Skin-SunExposed_Lowerleg_v_Brain-Hippocampus	unproductive	168	166	-0.3634700168555535	-0.4917911896807782	-0.2196958231985508	1.2815112308003013e-06	6.904590883704427e-06	True
AdrenalGland_v_Brain-FrontalCortex_BA9	unproductive	144	142	-0.3903986817779921	-0.5252066760902886	-0.2364757909123329	1.316013661282841e-06	7.0575058207400714e-06	True
Brain-Nucleusaccumbens_basalganglia_v_Prostate	unproductive	119	117	-0.4259578407634241	-0.5682954213932697	-0.25886793966085125	1.3672516511918757e-06	7.298338675112188e-06	True
Brain-Cortex_v_Nerve-Tibial	unproductive	137	135	-0.3984122687475497	-0.5353866435719814	-0.24101782373126737	1.4231618689642485e-06	7.561777119427551e-06	True
Brain-Caudate_basalganglia_v_Breast-MammaryTissue	unproductive	126	124	-0.414029246344207	-0.5543269630802597	-0.2508526252831478	1.441215395341712e-06	7.622575003802725e-06	True
MinorSalivaryGland_v_Brain-Caudate_basalganglia	unproductive	124	122	-0.4168623131392603	-0.5578086935227461	-0.252545936161625	1.4641515780563514e-06	7.708524061639146e-06	True
Brain-Nucleusaccumbens_basalganglia_v_Uterus	unproductive	149	147	-0.3825757300925086	-0.5161753801701329	-0.23080084577335477	1.47148606939028e-06	7.711924718213604e-06	True
Brain-Caudate_basalganglia_v_Skin-NotSunExposed_Suprapubic	unproductive	164	162	-0.3646266646715546	-0.49429646653289916	-0.21908361072750623	1.5859857325997896e-06	8.274396152432387e-06	True
Pancreas_v_Brain-CerebellarHemisphere	unproductive	199	197	-0.3318562509517284	-0.45319435983304523	-0.19844432440947207	1.6819060659629075e-06	8.735304928176722e-06	True
MinorSalivaryGland_v_Brain-Amygdala	unproductive	122	120	-0.4153346925692533	-0.5575690753391565	-0.24940957989552748	1.9649836742269338e-06	1.0159758638491725e-05	True
Heart-AtrialAppendage_v_Brain-FrontalCortex_BA9	unproductive	122	120	-0.4141450857673459	-0.5565488444039335	-0.248101644602036	2.1162072712458496e-06	1.0892799034582432e-05	True
Brain-Putamen_basalganglia_v_Breast-MammaryTissue	unproductive	119	117	-0.418807862127902	-0.5621941786544673	-0.25097706129313047	2.1349762937858803e-06	1.0940567407711645e-05	True
Cells-Culturedfibroblasts_v_Cells-EBV-transformedlymphocytes	unproductive	70	68	-0.5315545446592599	-0.6900821467495897	-0.32435480368846614	2.1922494660095893e-06	1.1184352364199366e-05	True
Brain-FrontalCortex_BA9_v_Artery-Tibial	unproductive	155	153	-0.3696045889594276	-0.5022261105475091	-0.21999550452724273	2.212443294027439e-06	1.1237652502262719e-05	True
Brain-Amygdala_v_Adipose-Subcutaneous	unproductive	130	128	-0.4009367873383495	-0.5409783003115592	-0.2392624862098858	2.2775264332124302e-06	1.143619210014679e-05	True
Brain-Nucleusaccumbens_basalganglia_v_Colon-Sigmoid	unproductive	127	125	-0.405318475815523	-0.5463005282189713	-0.24200281746045987	2.27810845022654e-06	1.143619210014679e-05	True
Testis_v_Thyroid	unproductive	267	265	-0.2846040558380691	-0.3933277123962301	-0.16803020294583285	2.2812872359356127e-06	1.143619210014679e-05	True
Stomach_v_Cells-EBV-transformedlymphocytes	unproductive	81	79	-0.496680216802168	-0.6527643501680916	-0.30014466926691	2.404484329972358e-06	1.2001603603714842e-05	True
Brain-Nucleusaccumbens_basalganglia_v_Nerve-Tibial	unproductive	125	123	-0.4069800307219661	-0.5487806435518056	-0.24241469840047306	2.47723371566783e-06	1.2311424457607794e-05	True
Brain-Hypothalamus_v_Adipose-Subcutaneous	unproductive	149	147	-0.3724687103210593	-0.5072542339922024	-0.2198962409601886	2.901031089578948e-06	1.435574612139282e-05	True
Testis_v_Prostate	unproductive	257	255	-0.2861251244231291	-0.39677168804241164	-0.16728279060315437	3.12518845465473e-06	1.539889866759361e-05	True
Brain-Nucleusaccumbens_basalganglia_v_Esophagus-GastroesophagealJunction	unproductive	119	117	-0.4119071357356502	-0.5562909495150067	-0.2433820379519393	3.2510621651957603e-06	1.5901345576539402e-05	True
Esophagus-Muscularis_v_Brain-Anteriorcingulatecortex_BA24	unproductive	116	114	-0.4167992926613617	-0.562190969882294	-0.2464158098754048	3.2547420260739804e-06	1.5901345576539402e-05	True
Artery-Aorta_v_Brain-Nucleusaccumbens_basalganglia	unproductive	133	131	-0.3904316421991206	-0.5303558314977844	-0.22979999113087238	3.385441520782445e-06	1.64701015757897e-05	True
Heart-LeftVentricle_v_Brain-FrontalCortex_BA9	unproductive	124	122	-0.4024988198269079	-0.5454503732373859	-0.23679195917442344	3.583187826376356e-06	1.7358888923579573e-05	True
Lung_v_Cells-EBV-transformedlymphocytes	unproductive	94	92	-0.4564895423183904	-0.6099025628392891	-0.2700977425575164	3.758836787100952e-06	1.8133635211411707e-05	True
Artery-Coronary_v_Brain-Hypothalamus	unproductive	110	108	-0.4245655163086355	-0.5723963323337944	-0.2500040330613197	3.788667860771823e-06	1.8201391847791296e-05	True
Vagina_v_Muscle-Skeletal	unproductive	110	108	-0.4239433762369542	-0.5718698713480413	-0.2493150812562669	3.927957220978683e-06	1.8689058457141268e-05	True
SmallIntestine-TerminalIleum_v_Muscle-Skeletal	unproductive	165	163	-0.3504821948548073	-0.48127411148657717	-0.20442440463770906	3.930172293956402e-06	1.8689058457141268e-05	True
Testis_v_Breast-MammaryTissue	unproductive	262	260	-0.2806805606571805	-0.3906631467553022	-0.16279746357675515	3.938804167463424e-06	1.8689058457141268e-05	True
Brain-CerebellarHemisphere_v_Adipose-Subcutaneous	unproductive	259	257	-0.2817890469053259	-0.39231242783646514	-0.16324482163740847	4.09065384744846e-06	1.933001592667244e-05	True
Brain-Cerebellum_v_Thyroid	unproductive	212	210	-0.3099624303992604	-0.42950989867404277	-0.17973819753878797	4.21996750389073e-06	1.985968380402454e-05	True
Brain-Cortex_v_AdrenalGland	unproductive	134	132	-0.3854686467412312	-0.5255354115627273	-0.22505731499831833	4.238357465323369e-06	1.9865146981779856e-05	True
Heart-LeftVentricle_v_Brain-Anteriorcingulatecortex_BA24	unproductive	94	92	-0.4530361593757902	-0.6070640553095056	-0.26619955146745095	4.541238103421436e-06	2.1198573009088728e-05	True
Brain-Spinalcord_cervicalc-1_v_Cells-EBV-transformedlymphocytes	unproductive	185	183	-0.3294359576968272	-0.4553009968075467	-0.19066145790555653	4.673930195654904e-06	2.173000611125042e-05	True
Thyroid_v_Brain-Hypothalamus	unproductive	133	131	-0.3851215555850277	-0.5257254986517276	-0.2240338051352184	4.70921119009733e-06	2.1740515881610622e-05	True
Muscle-Skeletal_v_Colon-Transverse	unproductive	136	134	-0.3810886885167692	-0.5207333464256763	-0.22158274992709823	4.713901969126327e-06	2.1740515881610622e-05	True
Brain-Hypothalamus_v_Breast-MammaryTissue	unproductive	146	144	-0.3668514358979303	-0.5035905808766943	-0.21218184566463644	5.25360835043471e-06	2.4133109275104466e-05	True
Prostate_v_Cells-EBV-transformedlymphocytes	unproductive	120	118	-0.4015070491006319	-0.5467994426989721	-0.23273999047058636	5.493360712726177e-06	2.5134305165766992e-05	True
Pancreas_v_Brain-Hypothalamus	unproductive	149	147	-0.3618574278976963	-0.49785862431795286	-0.20848601312273882	5.775065024466203e-06	2.6318774597666134e-05	True
AdrenalGland_v_Brain-Anteriorcingulatecortex_BA24	unproductive	120	118	-0.4000972289742343	-0.5455863227574613	-0.2311973329654369	5.9666831292549324e-06	2.7084982866263532e-05	True
Brain-Cortex_v_Uterus	unproductive	153	151	-0.3564291745406296	-0.4913391969964708	-0.20481632457727084	6.124318113574127e-06	2.7691524646866542e-05	True
Kidney-Cortex_v_Artery-Tibial	unproductive	77	75	-0.4886955150113045	-0.6500620901869062	-0.2851546149673693	6.503988563534159e-06	2.9260652715704254e-05	True
Pancreas_v_Brain-Hippocampus	unproductive	144	142	-0.365758379551483	-0.5035175936836457	-0.20986280622111997	6.542430046243444e-06	2.9260652715704254e-05	True
Brain-Hypothalamus_v_Skin-NotSunExposed_Suprapubic	unproductive	164	162	-0.3438439459687402	-0.475700296572269	-0.19687410884807696	6.547483435083866e-06	2.9260652715704254e-05	True
Esophagus-GastroesophagealJunction_v_Cells-EBV-transformedlymphocytes	unproductive	119	117	-0.3991525423728814	-0.5453423276712164	-0.22939705066117363	6.903756946700848e-06	3.073371335732076e-05	True
Testis_v_Muscle-Skeletal	unproductive	224	222	-0.2950843476404015	-0.412655377960334	-0.16784230546991513	7.0510560316296025e-06	3.1268721555649736e-05	True
Pituitary_v_Cells-EBV-transformedlymphocytes	unproductive	183	181	-0.3243089768392691	-0.4513020823167491	-0.18444077040975276	7.507755236076184e-06	3.316644362910284e-05	True
Uterus_v_Brain-Putamen_basalganglia	unproductive	123	121	-0.3915208110304265	-0.5365116292308243	-0.22407790899071295	7.536622170335956e-06	3.3166890696173115e-05	True
Brain-Cerebellum_v_Colon-Transverse	unproductive	199	197	-0.3110293893710979	-0.43417321331764863	-0.17647437875855138	7.771804393407652e-06	3.407182686539552e-05	True
Muscle-Skeletal_v_Skin-NotSunExposed_Suprapubic	unproductive	122	120	-0.3921704045654465	-0.537627257150835	-0.22404654912343785	7.918497183590987e-06	3.4484641289218726e-05	True
MinorSalivaryGland_v_Brain-Hippocampus	unproductive	124	122	-0.3891738788355625	-0.5339313133354542	-0.22225219047770078	7.925784858320003e-06	3.4484641289218726e-05	True
Brain-CerebellarHemisphere_v_Colon-Transverse	unproductive	194	192	-0.3136132603041421	-0.4380466240253222	-0.17738803476354423	8.477724570796237e-06	3.674743018845136e-05	True
Brain-Putamen_basalganglia_v_Colon-Transverse	unproductive	101	99	-0.426476412347117	-0.57994160893048	-0.2437798258434206	8.708300609342622e-06	3.760550787480165e-05	True
Brain-Cortex_v_Heart-AtrialAppendage	unproductive	126	124	-0.3842549681289839	-0.5285806598742949	-0.21833865075093575	8.911485309517572e-06	3.8339337917439405e-05	True
Prostate_v_Brain-Putamen_basalganglia	unproductive	95	93	-0.4381298992161254	-0.5940075423324919	-0.2505430763374974	8.97650165534371e-06	3.835915958524389e-05	True
Pancreas_v_Brain-Anteriorcingulatecortex_BA24	unproductive	159	157	-0.3440440649629807	-0.47783267378067706	-0.19465674297366042	8.982630605391022e-06	3.835915958524389e-05	True
Brain-Amygdala_v_Skin-SunExposed_Lowerleg	unproductive	169	167	-0.3339739446074288	-0.4649448298494069	-0.18869862760887718	9.099862120096909e-06	3.8716387544176146e-05	True
Brain-Hypothalamus_v_Muscle-Skeletal	unproductive	132	130	-0.3744736581217094	-0.516920964649782	-0.21184657473066537	9.711333600877158e-06	4.1166057506659426e-05	True
Testis_v_Pituitary	unproductive	214	212	-0.2972109553648778	-0.41723088528458313	-0.1670014706834629	9.747135295456918e-06	4.116647251158178e-05	True
Brain-CerebellarHemisphere_v_Liver	unproductive	268	266	-0.2664335895394586	-0.3761251997493661	-0.14937709302088856	9.801812726608282e-06	4.124631413788084e-05	True
Vagina_v_Brain-Caudate_basalganglia	unproductive	113	111	-0.4019894869918158	-0.5513353205375616	-0.22768019415400956	1.017846101629279e-05	4.2520889680382554e-05	True
Heart-LeftVentricle_v_Brain-Hypothalamus	unproductive	86	84	-0.4553139299023538	-0.6152916715936232	-0.25931569043049835	1.0591541045384856e-05	4.408681164378606e-05	True
MinorSalivaryGland_v_Muscle-Skeletal	unproductive	105	103	-0.4150632386481443	-0.5675924628822197	-0.23498741657450112	1.0700284897820922e-05	4.437923916254505e-05	True
Esophagus-Muscularis_v_Cells-EBV-transformedlymphocytes	unproductive	120	118	-0.3895687200500034	-0.5365081075515307	-0.21970259435365364	1.093133697857909e-05	4.5175023427604624e-05	True
Brain-Cerebellum_v_Skin-SunExposed_Lowerleg	unproductive	282	280	-0.2583449027592981	-0.36584355921549344	-0.1440435244099333	1.1133695808319208e-05	4.584696881068588e-05	True
Brain-Cerebellum_v_Muscle-Skeletal	unproductive	196	194	-0.3079680290702771	-0.43227141774383454	-0.1721788619495799	1.1273923161077135e-05	4.6259193611110094e-05	True
Brain-Nucleusaccumbens_basalganglia_v_Heart-AtrialAppendage	unproductive	99	97	-0.4249226963512678	-0.5800624120608293	-0.24003533429228277	1.1659235432805809e-05	4.767056189370601e-05	True
Pituitary_v_Brain-Anteriorcingulatecortex_BA24	unproductive	103	101	-0.4166849712252339	-0.5703224749351734	-0.2348787279204303	1.1970757319874696e-05	4.877131869192764e-05	True
Brain-Nucleusaccumbens_basalganglia_v_Heart-LeftVentricle	unproductive	94	92	-0.4339197341328613	-0.5912784566627728	-0.24473224803973098	1.2471645300622997e-05	5.063312335076871e-05	True
Brain-Hypothalamus_v_Artery-Tibial	unproductive	121	119	-0.3851646118412138	-0.5321295376811513	-0.2156681698917222	1.2866740406367873e-05	5.20156849794411e-05	True
Brain-CerebellarHemisphere_v_WholeBlood	unproductive	309	307	-0.2452918519000572	-0.34883224761252546	-0.13583566166732067	1.2936832323971183e-05	5.20156849794411e-05	True
Vagina_v_Brain-Amygdala	unproductive	123	121	-0.3820923243605784	-0.5283418431863476	-0.2138216242842089	1.2947529565567733e-05	5.20156849794411e-05	True
Liver_v_Artery-Tibial	unproductive	116	114	-0.3921116364894476	-0.5410412835498893	-0.21933662758209144	1.3423906929810752e-05	5.374223850719374e-05	True
Vagina_v_Brain-Putamen_basalganglia	unproductive	110	108	-0.4005725491964024	-0.5520059235370195	-0.22355944455342272	1.44928123798311e-05	5.7820805100156605e-05	True
Brain-Hypothalamus_v_Skin-SunExposed_Lowerleg	unproductive	167	165	-0.3285425706246715	-0.4607923754575878	-0.18201930387941181	1.4591719023564038e-05	5.801466218679081e-05	True
Ovary_v_Cells-EBV-transformedlymphocytes	unproductive	124	122	-0.3775483870967741	-0.5238391050332064	-0.20962454234383454	1.541180366149425e-05	6.085551240309203e-05	True
Spleen_v_Brain-Hippocampus	unproductive	180	178	-0.3153389507906622	-0.44415950430172985	-0.17374442608099439	1.6195401221839074e-05	6.373139115624728e-05	True
Heart-AtrialAppendage_v_Kidney-Cortex	unproductive	64	62	-0.510576923076923	-0.6806432285937689	-0.2882972168596777	1.6295125293884225e-05	6.379973914283879e-05	True
Artery-Aorta_v_Cells-EBV-transformedlymphocytes	unproductive	116	114	-0.3885441894437397	-0.5379698979986489	-0.21544475559713164	1.6323437161437505e-05	6.379973914283879e-05	True
Esophagus-Mucosa_v_Muscle-Skeletal	unproductive	118	116	-0.3850828466980012	-0.533793883612549	-0.21326725622153722	1.663849725675162e-05	6.481144370619803e-05	True
Brain-Anteriorcingulatecortex_BA24_v_Colon-Sigmoid	unproductive	127	125	-0.3718480502437195	-0.5172357982141819	-0.2056006286178898	1.6738561446076816e-05	6.49816880381366e-05	True
Stomach_v_Brain-Caudate_basalganglia	unproductive	94	92	-0.4271285626557815	-0.5856410656427112	-0.2371505121795563	1.760053215893765e-05	6.809870328609098e-05	True
Brain-CerebellarHemisphere_v_Adipose-Visceral_Omentum	unproductive	239	237	-0.2736621426813403	-0.3891243327430794	-0.14973429927579132	1.7809055191969588e-05	6.867505229545463e-05	True
Brain-FrontalCortex_BA9_v_Nerve-Tibial	unproductive	154	152	-0.3379465569218891	-0.4744232108451718	-0.18560558954803352	1.8155910928760918e-05	6.977921766953779e-05	True
Ovary_v_Brain-Hippocampus	unproductive	134	132	-0.3600369081908752	-0.5032384463137014	-0.19758978568922417	1.92968123774267e-05	7.367292937474499e-05	True
Brain-Cortex_v_Artery-Aorta	unproductive	149	147	-0.341744966442953	-0.4799686435870121	-0.18696490853177036	1.9941682118476518e-05	7.588369466205751e-05	True
Brain-Anteriorcingulatecortex_BA24_v_Thyroid	unproductive	164	162	-0.3251044033028171	-0.4588392748609058	-0.1769656515129608	2.161836610005655e-05	8.1993342478175e-05	True
Brain-FrontalCortex_BA9_v_Colon-Sigmoid	unproductive	146	144	-0.3433603578417669	-0.48274647568694257	-0.18700804936558044	2.206472428884665e-05	8.341189214767275e-05	True
Brain-Amygdala_v_Skin-NotSunExposed_Suprapubic	unproductive	159	157	-0.3284899689515166	-0.4638730053714752	-0.17811409869557765	2.364787480841885e-05	8.877470587269148e-05	True
MinorSalivaryGland_v_Brain-Putamen_basalganglia	unproductive	121	119	-0.3741024251456441	-0.5225346631802579	-0.20366114348263506	2.368822344702869e-05	8.877470587269148e-05	True
Pancreas_v_Muscle-Skeletal	unproductive	121	119	-0.3740821026961115	-0.5225170034904406	-0.20363912977256282	2.3714318654630508e-05	8.877470587269148e-05	True
Brain-Caudate_basalganglia_v_Adipose-Visceral_Omentum	unproductive	105	103	-0.3996060543230355	-0.5544916672275217	-0.21796262211697517	2.4100397749574792e-05	8.99280213762451e-05	True
Kidney-Cortex_v_WholeBlood	unproductive	125	123	-0.3676620583717357	-0.5146703718343116	-0.19965351598397285	2.4647872919729037e-05	9.167418540789542e-05	True
Pancreas_v_Cells-EBV-transformedlymphocytes	unproductive	103	101	-0.4000351447524491	-0.5562437971289752	-0.2165218854582029	2.832024239992486e-05	0.00010499433918685969	True
Vagina_v_Testis	unproductive	281	279	-0.2467327932157189	-0.35509094053062673	-0.13183254936504052	2.8844794450407092e-05	0.00010659630769653647	True
Brain-Nucleusaccumbens_basalganglia_v_Pancreas	unproductive	153	151	-0.3303814348705989	-0.46806972971704397	-0.17703208844440183	3.035207403337433e-05	0.00011180811936255784	True
Brain-Substantianigra_v_WholeBlood	unproductive	193	191	-0.2953267720741414	-0.42161133335087503	-0.15780418586449427	3.052134767524757e-05	0.00011207361104955557	True
AdrenalGland_v_Brain-Hypothalamus	unproductive	112	110	-0.3817097755150853	-0.5345600788501251	-0.20467871837581175	3.2859698610214205e-05	0.00012027692856373644	True
Esophagus-Muscularis_v_Brain-Nucleusaccumbens_basalganglia	unproductive	118	116	-0.3722203353310033	-0.5226582907117721	-0.1993023678095327	3.3181335586276405e-05	0.00012106987319929334	True
Stomach_v_Brain-Amygdala	unproductive	90	88	-0.4224966045190764	-0.5850024284450669	-0.22737554556225414	3.3523540438019766e-05	0.00012193262500011606	True
Pancreas_v_Artery-Tibial	unproductive	63	61	-0.4963037634408602	-0.6709941825706995	-0.269412746235439	3.523256893101722e-05	0.00012774576093541778	True
Colon-Transverse_v_Cells-EBV-transformedlymphocytes	unproductive	81	79	-0.4419376693766937	-0.6088814768763847	-0.23750709517421956	3.621502692809224e-05	0.00013089631989996977	True
Brain-CerebellarHemisphere_v_Artery-Coronary	unproductive	230	228	-0.2685473630223962	-0.38652622499420386	-0.14192109182111393	3.681840891442765e-05	0.00013266132961979712	True
Brain-Nucleusaccumbens_basalganglia_v_AdrenalGland	unproductive	127	125	-0.3567093175853018	-0.5039844509167567	-0.18927756836941317	3.848026230129763e-05	0.0001382172661476516	True
Lung_v_Muscle-Skeletal	unproductive	144	142	-0.3351659834418455	-0.4763618966574232	-0.177118031941702	4.0195070927870765e-05	0.00014392831298085402	True
Brain-Cerebellum_v_Adipose-Subcutaneous	unproductive	249	247	-0.2538111154294598	-0.3682884085001409	-0.13175245216875953	5.089883575121597e-05	0.00018169150966300933	True
Brain-Anteriorcingulatecortex_BA24_v_Artery-Tibial	unproductive	135	133	-0.3402107111501317	-0.4852210051975522	-0.17698745879161612	5.408410239008153e-05	0.00019246595696223456	True
Heart-LeftVentricle_v_WholeBlood	unproductive	99	97	-0.3935930735930735	-0.5536888357545269	-0.2054382983599613	5.568127704657731e-05	0.00019754003826062658	True
Brain-Spinalcord_cervicalc-1_v_Liver	unproductive	153	151	-0.3187212684116708	-0.4575967630843623	-0.16466599710574553	5.938032952425983e-05	0.0002100169323358024	True
Brain-Cerebellum_v_Skin-NotSunExposed_Suprapubic	unproductive	257	255	-0.2475829393267577	-0.3606959406935329	-0.12729255556047486	6.011669475939976e-05	0.0002119710980354371	True
Brain-CerebellarHemisphere_v_Prostate	unproductive	195	193	-0.2828917768534852	-0.40955217550004885	-0.14553153289253018	6.146035797617164e-05	0.000216048148617457	True
Testis_v_Skin-SunExposed_Lowerleg	unproductive	278	276	-0.237338020581555	-0.34679365514094485	-0.1215049276371051	6.424833608396151e-05	0.00022516210183832103	True
Heart-AtrialAppendage_v_Esophagus-Mucosa	unproductive	69	67	-0.4611983924004385	-0.6366928522668622	-0.2402812814822172	6.655441812376948e-05	0.00023253710332335218	True
Artery-Coronary_v_Brain-Hippocampus	unproductive	94	92	-0.3993136582017845	-0.5623923371034467	-0.20633362232329203	6.695218926717007e-05	0.00023322016382189455	True
Brain-Caudate_basalganglia_v_Ovary	unproductive	118	116	-0.3582914260880362	-0.5105447316446445	-0.18425371556507036	6.785023458041284e-05	0.0002356365074434217	True
Brain-Cortex_v_Colon-Sigmoid	unproductive	132	130	-0.3390659160044454	-0.4857574000912348	-0.17379871420354107	6.979388249518687e-05	0.0002416586982491005	True
Pituitary_v_Brain-FrontalCortex_BA9	unproductive	118	116	-0.3571446831666174	-0.5095449243312008	-0.18301816197553336	7.186129945006436e-05	0.00024807209061653956	True
Heart-AtrialAppendage_v_Spleen	unproductive	115	113	-0.3613982482442989	-0.5150977756886114	-0.18518116268507265	7.241445407756753e-05	0.00024923541955652347	True
Brain-CerebellarHemisphere_v_Breast-MammaryTissue	unproductive	237	235	-0.2546681835145558	-0.3718654587456111	-0.1294797868058348	7.326770566494647e-05	0.0002514216209276288	True
Prostate_v_Brain-Hypothalamus	unproductive	119	117	-0.3547357926221336	-0.5068388374328957	-0.18121171096884156	7.545620673507036e-05	0.00025816322363660576	True
Brain-Cerebellum_v_Artery-Coronary	unproductive	227	225	-0.2593609770009993	-0.3787186095015426	-0.13151725917167453	7.686592618900524e-05	0.0002622083221772871	True
Esophagus-Muscularis_v_Brain-Putamen_basalganglia	unproductive	90	88	-0.4043215211754537	-0.5698857261563011	-0.2072104815415483	7.74178858941258e-05	0.0002633121605779559	True
Pancreas_v_Brain-Amygdala	unproductive	150	148	-0.3167020756478065	-0.4570977296044037	-0.16090754052590092	7.865126732629874e-05	0.00026672032713888957	True
Stomach_v_Brain-Cerebellum	unproductive	180	178	-0.2898093562558515	-0.4208623715503814	-0.1469059842660714	7.942215369114926e-05	0.00026854470148356336	True
Brain-Spinalcord_cervicalc-1_v_Muscle-Skeletal	unproductive	154	152	-0.3118969581967685	-0.45101838597935107	-0.15797857176394547	8.226926332991264e-05	0.0002773580719865183	True
Uterus_v_Cells-EBV-transformedlymphocytes	unproductive	136	134	-0.3310481370163637	-0.47657982363164264	-0.1678565685593681	8.264160179505938e-05	0.0002778010695909722	True
Brain-Anteriorcingulatecortex_BA24_v_Nerve-Tibial	unproductive	137	135	-0.3287751787481098	-0.4740525542311521	-0.1660715182620955	8.760814029147744e-05	0.0002926266275812391	True
Stomach_v_Brain-Hippocampus	unproductive	91	89	-0.3994107341933429	-0.5649358720132288	-0.20298310495620703	8.781336786045856e-05	0.0002926266275812391	True
Brain-Putamen_basalganglia_v_Adipose-Visceral_Omentum	unproductive	104	102	-0.3742024965325937	-0.5335081576712073	-0.18925618751141526	9.10921536766263e-05	0.0003026779630811243	True
Skin-NotSunExposed_Suprapubic_v_Brain-Hippocampus	unproductive	154	152	-0.3093800570081405	-0.4487479139831514	-0.15532062386043605	9.451658860070294e-05	0.00031315409958796115	True
Brain-Caudate_basalganglia_v_Uterus	unproductive	114	112	-0.3570887588343695	-0.5119844119358825	-0.1797022061888786	9.617801990364014e-05	0.0003177457219166105	True
Heart-AtrialAppendage_v_Liver	unproductive	90	88	-0.398147919496234	-0.5647258876101438	-0.20039787688258875	0.0001017711193674	0.000335263144658892	True
Testis_v_Spleen	unproductive	255	253	-0.2405207850856878	-0.3544865434723367	-0.11951381431158174	0.0001048714603415	0.00034449228995370233	True
Skin-NotSunExposed_Suprapubic_v_Cells-EBV-transformedlymphocytes	unproductive	104	102	-0.3685906326683025	-0.5286934532805112	-0.18316185781397432	0.0001181468733228	0.00038590182702886235	True
Brain-Amygdala_v_Heart-LeftVentricle	unproductive	80	78	-0.4165025785278949	-0.5891067989924098	-0.20754941968801263	0.0001216162058521	0.0003961115405295799	True
MinorSalivaryGland_v_Brain-Cerebellum	unproductive	201	199	-0.2674804196837594	-0.39347600576884806	-0.1316219589011357	0.0001236777862686	0.00040169151427519944	True
Brain-Caudate_basalganglia_v_Artery-Tibial	unproductive	106	104	-0.3641131571655289	-0.5234200337737035	-0.1802106275710073	0.0001245950726198	0.0004035340413781725	True
SmallIntestine-TerminalIleum_v_Cells-EBV-transformedlymphocytes	unproductive	96	94	-0.3810770482908301	-0.545397951692601	-0.18854778352112825	0.0001279057374076	0.0004130961210951339	True
Artery-Coronary_v_Cells-EBV-transformedlymphocytes	unproductive	107	105	-0.3618115558690413	-0.5207360628429952	-0.17865051866424003	0.0001285485834221	0.00041401261644045056	True
Brain-Substantianigra_v_Liver	unproductive	150	148	-0.3063478376816748	-0.44777548695944863	-0.14996592282248875	0.0001374692368392	0.00044150983307965905	True
Brain-CerebellarHemisphere_v_Muscle-Skeletal	unproductive	208	206	-0.261249619945272	-0.3856288363486036	-0.12754468853660186	0.0001381284770515	0.000442394816778832	True
Brain-Caudate_basalganglia_v_Artery-Coronary	unproductive	105	103	-0.363166079203815	-0.5233121359133679	-0.17824177693254697	0.0001402909128443	0.00044807596263013265	True
Brain-Cerebellum_v_WholeBlood	unproductive	333	331	-0.2070245702018301	-0.3086956727059397	-0.10067606266959643	0.0001418388852219	0.00045176860403549915	True
Pancreas_v_Brain-Caudate_basalganglia	unproductive	149	147	-0.3061998911663341	-0.4480941368866962	-0.14925699834254857	0.0001459839280932	0.0004636899974971339	True
Brain-CerebellarHemisphere_v_Thyroid	unproductive	228	226	-0.2477976099473816	-0.3676645279793628	-0.11983148272840466	0.0001566879809416	0.0004958692394133956	True
Vagina_v_Liver	unproductive	76	74	-0.4202597402597403	-0.5962566026846042	-0.2057183681322284	0.000157065976595	0.0004958692394133956	True
Spleen_v_Nerve-Tibial	unproductive	85	83	-0.3986710963455149	-0.569610148791406	-0.19467352830309193	0.0001574051531876	0.0004958692394133956	True
Esophagus-GastroesophagealJunction_v_Brain-Putamen_basalganglia	unproductive	93	91	-0.3804870042672554	-0.5473388511355749	-0.18454503359737742	0.0001684295741205	0.0005286066588158318	True
Brain-Cortex_v_Heart-LeftVentricle	unproductive	122	120	-0.3341704640457866	-0.4870099215483862	-0.16147251033945745	0.0001687140073237	0.0005286066588158318	True
Artery-Aorta_v_WholeBlood	unproductive	122	120	-0.3324917966697618	-0.4855306184937049	-0.15968037199759375	0.0001827655967858	0.0005710805774905892	True
Brain-Cerebellum_v_Breast-MammaryTissue	unproductive	243	241	-0.2377157901251294	-0.3545528569529878	-0.11356961923205972	0.0001838214413884	0.0005728273565427708	True
Esophagus-GastroesophagealJunction_v_Brain-Hippocampus	unproductive	87	85	-0.3888240868994677	-0.5595645183690283	-0.18642308641542452	0.0001977846894586	0.0006146451806040707	True
Muscle-Skeletal_v_Artery-Tibial	unproductive	97	95	-0.3691747317483694	-0.5344804579435746	-0.176664873155364	0.0001983070313831	0.0006146451806040707	True
Adipose-Subcutaneous_v_Cells-EBV-transformedlymphocytes	unproductive	100	98	-0.363120312031203	-0.5269656865464941	-0.17325065933861167	0.0002047123215133	0.0006327970689137665	True
Brain-Cerebellum_v_Adipose-Visceral_Omentum	unproductive	249	247	-0.2330788962300816	-0.34881267809110345	-0.11034310365196118	0.0002067256509696	0.0006373119667592214	True
Skin-SunExposed_Lowerleg_v_Cells-EBV-transformedlymphocytes	unproductive	114	112	-0.3393977440716065	-0.4965566893128857	-0.16069289179617868	0.0002206525763317	0.0006784331213612004	True
Brain-Amygdala_v_Ovary	unproductive	131	129	-0.317354401323867	-0.4670172466135823	-0.15001540255143286	0.0002212575279133	0.000678483855542646	True
Brain-Putamen_basalganglia_v_Nerve-Tibial	unproductive	94	92	-0.3718310876711339	-0.5391732873338873	-0.17624366486008192	0.0002242296050129	0.0006857738317768533	True
Brain-Cerebellum_v_Artery-Tibial	unproductive	238	236	-0.2368264926859468	-0.35490422978691116	-0.11131187982555799	0.0002269727805476	0.0006906810302194103	True
Muscle-Skeletal_v_Skin-SunExposed_Lowerleg	unproductive	109	107	-0.3461217681401168	-0.5057616210751757	-0.16356133186968042	0.0002272829360972	0.0006906810302194103	True
Brain-CerebellarHemisphere_v_Cells-EBV-transformedlymphocytes	unproductive	330	328	-0.2015961412117483	-0.30396066840554237	-0.09462981526356186	0.0002276312155103	0.0006906810302194103	True
Ovary_v_Muscle-Skeletal	unproductive	134	132	-0.3130637539121436	-0.46158768912038334	-0.14746684322389794	0.0002304607492766	0.0006974310863934902	True
Stomach_v_WholeBlood	unproductive	86	84	-0.3866503136940422	-0.5586614302660844	-0.18274964447159792	0.0002357313447214	0.0007096559803231703	True
Brain-Nucleusaccumbens_basalganglia_v_Thyroid	unproductive	155	153	-0.2910412168476685	-0.431720266836784	-0.1365396994574747	0.000238818035342	0.0007170760279930365	True
AdrenalGland_v_Brain-Caudate_basalganglia	unproductive	99	97	-0.3609276437847866	-0.5258575139703453	-0.1698402637666307	0.0002424603171748	0.0007252158164653826	True
Uterus_v_Brain-Hypothalamus	unproductive	137	135	-0.3086648496275692	-0.4560954448853305	-0.14474422986010374	0.0002427869082009	0.0007252158164653826	True
Brain-Substantianigra_v_Adipose-Subcutaneous	unproductive	117	115	-0.3327638657854905	-0.4888238615979286	-0.1560664620374118	0.0002465772242943	0.000734634469279917	True
Brain-Substantianigra_v_Muscle-Skeletal	unproductive	119	117	-0.329532830081185	-0.4847365920393934	-0.15421078724535028	0.0002526070460834	0.0007506595982839182	True
Esophagus-GastroesophagealJunction_v_Brain-CerebellarHemisphere	unproductive	208	206	-0.2503107114091096	-0.37545803712425246	-0.1161994884586209	0.0002658371030086	0.000785923537869015	True
Pancreas_v_Brain-Putamen_basalganglia	unproductive	136	134	-0.3075568913696865	-0.45561836334432726	-0.14293631061763507	0.0002702293411401	0.0007962811993305936	True
Pancreas_v_Heart-AtrialAppendage	unproductive	77	75	-0.4038067195961933	-0.5817713507909704	-0.18894399550322633	0.0002707217954359	0.0007962811993305936	True
Cells-EBV-transformedlymphocytes_v_Colon-Sigmoid	unproductive	116	114	-0.3311728751009111	-0.4880602668757281	-0.15355490802089306	0.000282063391367	0.000827529491720486	True
Brain-Cerebellum_v_Uterus	unproductive	189	187	-0.2600472813238771	-0.3904069369528215	-0.11946492807243056	0.0003018412849042	0.0008833071103922401	True
Brain-Spinalcord_cervicalc-1_v_Esophagus-Mucosa	unproductive	128	126	-0.3142224409448819	-0.46588619865078923	-0.14462284534817604	0.0003037497590354	0.0008866417016906739	True
Esophagus-Muscularis_v_Testis	unproductive	226	224	-0.2380575156264213	-0.35906259798023754	-0.10918153157997289	0.0003050232563589	0.000888110642883363	True
Brain-CerebellarHemisphere_v_Artery-Tibial	unproductive	224	222	-0.2386429639120222	-0.36013412649151066	-0.10919215872000211	0.0003134678725514	0.0009103991361505396	True
Heart-AtrialAppendage_v_Brain-Amygdala	unproductive	79	77	-0.3944985394352484	-0.5720221366353858	-0.1816707226143125	0.0003212109012933	0.0009305431386712938	True
WholeBlood_v_Nerve-Tibial	unproductive	154	152	-0.2857553578616197	-0.42735902912433915	-0.1304670829834767	0.0003275912917262	0.0009466485197000215	True
Brain-Cerebellum_v_Lung	unproductive	271	269	-0.2165195475484166	-0.3284773382579588	-0.09856161784794974	0.0003299537236269	0.0009510916083545392	True
Brain-Hypothalamus_v_Nerve-Tibial	unproductive	119	117	-0.3234297108673978	-0.4793571087938965	-0.14770781877871605	0.0003333602780139	0.0009585147145885952	True
Stomach_v_Brain-Putamen_basalganglia	unproductive	82	80	-0.385901328892807	-0.5618624430178045	-0.176530874503071	0.0003428185716906	0.0009813082718525955	True
Brain-Cerebellum_v_Liver	unproductive	262	260	-0.2195464686024039	-0.3332008938955465	-0.09960316172835115	0.000342989794932	0.0009813082718525955	True
Brain-Caudate_basalganglia_v_Pituitary	unproductive	88	86	-0.3729703074918108	-0.5453407402583875	-0.17033549043937152	0.0003451844414837	0.0009851427253235298	True
Brain-Substantianigra_v_Colon-Transverse	unproductive	85	83	-0.3791088528434629	-0.5532843796300163	-0.17317178505325578	0.0003462304695584	0.0009856882256810745	True
Esophagus-GastroesophagealJunction_v_Brain-Hypothalamus	unproductive	96	94	-0.3569180683667933	-0.5248143091391927	-0.16229025759755233	0.000357547929019	0.0010154008920170124	True
Brain-CerebellarHemisphere_v_Lung	unproductive	268	266	-0.2161582547144815	-0.32874491199872674	-0.09751375644857063	0.0003647541361251	0.0010311966832546782	True
Testis_v_Skin-NotSunExposed_Suprapubic	unproductive	269	267	-0.2157557935230908	-0.3281592618860402	-0.09732771148664622	0.0003648987396079	0.0010311966832546782	True
Esophagus-GastroesophagealJunction_v_Spleen	unproductive	78	76	-0.3932396717206843	-0.5720267270287713	-0.17878088131419897	0.0003686648381476	0.001039292318787733	True
Esophagus-Muscularis_v_Brain-Hypothalamus	unproductive	100	98	-0.3491029102910291	-0.5149182275734635	-0.15810641116352345	0.0003711033217189	0.0010436149510777847	True
Muscle-Skeletal_v_Nerve-Tibial	unproductive	100	98	-0.3484788478847884	-0.5143804561910594	-0.1574341031933106	0.0003808219970033	0.0010683400548535398	True
Esophagus-Muscularis_v_Spleen	unproductive	76	74	-0.3966643882433356	-0.5769864004980282	-0.17947016267403681	0.0003889937490115	0.0010886160014812122	True
Pancreas_v_Testis	unproductive	148	146	-0.28753558379637	-0.4316916888923522	-0.12905755791826667	0.0003948615351445	0.00110236162232835	True
Brain-CerebellarHemisphere_v_Skin-SunExposed_Lowerleg	unproductive	269	267	-0.213368720215527	-0.3258974309568104	-0.09487869725904059	0.0004252824397916	0.0011844218673423062	True
Nerve-Tibial_v_Cells-EBV-transformedlymphocytes	unproductive	105	103	-0.3367509848641924	-0.5004562871697189	-0.14979633553903923	0.0004438466641606	0.0012331450693425826	True
Heart-AtrialAppendage_v_Brain-Caudate_basalganglia	unproductive	86	84	-0.3698381999150903	-0.5445524926149728	-0.16436224007621197	0.0004571506734211	0.0012670546309003084	True
Ovary_v_Liver	unproductive	119	117	-0.3158239567013247	-0.4726384273974279	-0.139622763446256	0.0004672472740121	0.0012919331101581568	True
Artery-Coronary_v_Brain-Putamen_basalganglia	unproductive	102	100	-0.3399980774776507	-0.5055151506987876	-0.15034535660416487	0.0004718383388758	0.0013015062313966445	True
Prostate_v_Brain-Amygdala	unproductive	94	92	-0.3530036484485063	-0.5231267007191381	-0.15582685317814346	0.0004834524128388	0.0013303595035874377	True
Heart-AtrialAppendage_v_Brain-Anteriorcingulatecortex_BA24	unproductive	108	106	-0.3294463974391951	-0.4919285547962759	-0.14478815951825105	0.0004984438677011	0.0013683470939508768	True
Esophagus-Mucosa_v_Cells-EBV-transformedlymphocytes	unproductive	56	54	-0.4494873547505127	-0.6449192206756935	-0.1988785752131652	0.0005103803039204	0.0013977873881715467	True
MinorSalivaryGland_v_Brain-Hypothalamus	unproductive	125	123	-0.306132104454685	-0.4604077364953019	-0.133906212034587	0.0005165547904385	0.0014113451975724894	True
Brain-Putamen_basalganglia_v_Ovary	unproductive	119	117	-0.3131676399373309	-0.4702880852763818	-0.13680397325977353	0.0005246333821826	0.001430029053561555	True
Brain-Substantianigra_v_SmallIntestine-TerminalIleum	unproductive	141	139	-0.2882700458067553	-0.4357337744553275	-0.1257354444744022	0.0005274125188083	0.0014342137598725706	True
Esophagus-GastroesophagealJunction_v_Brain-Cerebellum	unproductive	195	193	-0.2455129553804074	-0.3749720987689058	-0.10666115139784058	0.0005412573631849	0.001468399387652211	True
Heart-AtrialAppendage_v_Brain-Hypothalamus	unproductive	94	92	-0.3497236571180869	-0.5203196607471603	-0.15228587348015327	0.0005500659413288	0.001488793498479123	True
Testis_v_Uterus	unproductive	289	287	-0.2009500656246271	-0.31021351612585285	-0.08644684933854037	0.0005893570623516	0.00159140209108055	True
Esophagus-Muscularis_v_Brain-Hippocampus	unproductive	92	90	-0.3513401044957847	-0.5234229983102546	-0.1517201441433976	0.0005946887169502	0.0016020469407560295	True
Testis_v_SmallIntestine-TerminalIleum	unproductive	282	280	-0.2026104584756825	-0.3131114555419907	-0.0866969791980311	0.0006196498041627	0.0016653991240083755	True
Brain-Cortex_v_Pituitary	unproductive	97	95	-0.3410740584893751	-0.5103910884620055	-0.14629909887083895	0.0006290692205673	0.0016867832821258065	True
Testis_v_Brain-Substantianigra	unproductive	234	232	-0.2215702113610981	-0.3415410768589697	-0.09449472235433576	0.0006407491132875	0.0017141153773097158	True
Vagina_v_Cells-EBV-transformedlymphocytes	unproductive	86	84	-0.3599886787112599	-0.5362431470954327	-0.1536517796560232	0.0006629925380814	0.0017695148064996624	True
Esophagus-Mucosa_v_Pituitary	unproductive	82	80	-0.3680086198452346	-0.5469189800483193	-0.15695269692664	0.0006701643658221	0.0017845254360112734	True
Cells-Culturedfibroblasts_v_Spleen	unproductive	94	92	-0.3435393562836398	-0.5150178589204522	-0.1456221159974062	0.0006990147780819	0.0018570599979917757	True
Cells-Culturedfibroblasts_v_Kidney-Cortex	unproductive	85	83	-0.3600742622630447	-0.5372761575285514	-0.15242673435197093	0.0007121444093706	0.0018875919632282798	True
Artery-Coronary_v_Muscle-Skeletal	unproductive	106	104	-0.3231730357457742	-0.48788846162252125	-0.13623455250763045	0.0007275902137862	0.0019241089827878178	True
Artery-Aorta_v_Brain-CerebellarHemisphere	unproductive	245	243	-0.2134786901565904	-0.33125025303703565	-0.08915732665316747	0.0007703466591224	0.002027876022758281	True
Spleen_v_Artery-Tibial	unproductive	114	112	-0.3095563070816711	-0.4703274019566524	-0.12889752623187878	0.0008039002409718	0.002105179185021602	True
Liver_v_Nerve-Tibial	unproductive	107	105	-0.3190305452693038	-0.4835346764845189	-0.13275921196443252	0.0008101990437123	0.002113483025792493	True
Heart-LeftVentricle_v_Brain-Hippocampus	unproductive	83	81	-0.3600394609798077	-0.5392175854667854	-0.14967766472745384	0.0008280687197345	0.0021485909569458474	True
Brain-Cerebellum_v_Cells-EBV-transformedlymphocytes	unproductive	327	325	-0.1839852453232699	-0.287564296090283	-0.07615224530397197	0.0008291610891776	0.0021485909569458474	True
Cells-Culturedfibroblasts_v_WholeBlood	unproductive	128	126	-0.2918707654275773	-0.44593048167103416	-0.12101497459523353	0.0008292480276157	0.0021485909569458474	True
Pituitary_v_Muscle-Skeletal	unproductive	154	152	-0.2663561612328216	-0.40969238933567925	-0.11018452338313448	0.0008408302540598	0.0021688529819484325	True
Vagina_v_Brain-Cerebellum	unproductive	204	202	-0.2318550296485289	-0.3594374837616307	-0.09576384706744366	0.0008475196147748	0.0021812279371324654	True
Esophagus-GastroesophagealJunction_v_Brain-Caudate_basalganglia	unproductive	92	90	-0.3412141855339611	-0.5147593086558627	-0.14080692531717628	0.000872988461129	0.0022417721507388354	True
Heart-AtrialAppendage_v_Ovary	unproductive	51	49	-0.4517647058823529	-0.6549368429274038	-0.18768372743680584	0.0008755161980257	0.00224326705849696	True
Brain-Substantianigra_v_Skin-SunExposed_Lowerleg	unproductive	150	148	-0.2681168051913418	-0.4131207122688747	-0.10985386242767844	0.0009091554955908	0.0023242933179959922	True
Breast-MammaryTissue_v_Cells-EBV-transformedlymphocytes	unproductive	92	90	-0.3397345992016398	-0.5134906584608694	-0.13921601758737034	0.0009223744690862	0.002352871156761922	True
Brain-Spinalcord_cervicalc-1_v_WholeBlood	unproductive	195	193	-0.2348524818333359	-0.3650538153862287	-0.09564047986773012	0.0009504535339186	0.002419145528936304	True
WholeBlood_v_Adipose-Subcutaneous	unproductive	115	113	-0.3038664878087272	-0.46463004836084953	-0.12371093614659157	0.0009619182451201	0.002442933340580342	True
Brain-Hippocampus_v_Artery-Tibial	unproductive	112	110	-0.3069925171695083	-0.4694185755724821	-0.12447003229535353	0.0009935952806739	0.00251783595300441	True
Testis_v_Adipose-Subcutaneous	unproductive	250	248	-0.2065411606585704	-0.323533027266258	-0.08332947676305444	0.0010204523344847	0.0025795473526237047	True
Brain-Putamen_basalganglia_v_Skin-NotSunExposed_Suprapubic	unproductive	155	153	-0.2613161032515871	-0.4046405378715946	-0.10546160816256342	0.001022422497961	0.0025795473526237047	True
Brain-Hypothalamus_v_Ovary	unproductive	142	140	-0.2722369030430163	-0.4207247466898334	-0.10954273029941858	0.0010471774952615	0.0026362350481146496	True
Esophagus-Muscularis_v_Brain-Amygdala	unproductive	90	88	-0.3396715643906655	-0.5152325547052523	-0.136752776656982	0.0010554192595852	0.002651194784971102	True
Brain-Putamen_basalganglia_v_Heart-LeftVentricle	unproductive	81	79	-0.3561653116531165	-0.5380017766024517	-0.14265554502391276	0.0011008999998817	0.002759429782312174	True
Uterus_v_Brain-Hippocampus	unproductive	125	123	-0.288479262672811	-0.44464659072075113	-0.11529079000676017	0.0011041720545836	0.002761627720032301	True
Brain-Caudate_basalganglia_v_Nerve-Tibial	unproductive	109	107	-0.3076174589936057	-0.47207092420431274	-0.12247372113190595	0.0011384342603741	0.0028411573640938033	True
Testis_v_Nerve-Tibial	unproductive	251	249	-0.2040705748434832	-0.320965636268566	-0.08105125712477211	0.0011490721512091	0.002855345237810544	True
Muscle-Skeletal_v_Adipose-Subcutaneous	unproductive	103	101	-0.3144137415982077	-0.4824845630740223	-0.12401235295436465	0.0012187855199756	0.003022063880713692	True
Heart-LeftVentricle_v_Spleen	unproductive	80	78	-0.3538677918424754	-0.5371229856960446	-0.13871338889963983	0.0012812490894068	0.0031701291847339923	True
Uterus_v_Brain-Amygdala	unproductive	139	137	-0.2690245319272532	-0.41934034624611555	-0.10435128512218786	0.0013630575287189	0.003358131048318145	True
Testis_v_Artery-Tibial	unproductive	245	243	-0.2025908004145281	-0.3209539290814983	-0.07799656815402273	0.0014328369283172	0.0035225180775047583	True
Spleen_v_Cells-EBV-transformedlymphocytes	unproductive	85	83	-0.3395348837209302	-0.5198682538117959	-0.13023040581842923	0.0014777829179076	0.0036252844773350273	True
Brain-CerebellarHemisphere_v_Uterus	unproductive	201	199	-0.2221693512634845	-0.3513068661109992	-0.0847363642071297	0.0015251230855788	0.003725565503543128	True
Pancreas_v_Skin-SunExposed_Lowerleg	unproductive	56	54	-0.4127819548872181	-0.6165470654350647	-0.15719023873082671	0.0015691486492038	0.0038250071723720533	True
Brain-Amygdala_v_Colon-Sigmoid	unproductive	105	103	-0.3044267053701016	-0.4722031980685167	-0.1153646216386408	0.0015918272815157	0.0038664037403976664	True
AdrenalGland_v_Brain-Putamen_basalganglia	unproductive	101	99	-0.3102271403610949	-0.4803895739559668	-0.1175567684983422	0.0015928376207189	0.0038664037403976664	True
Ovary_v_Spleen	unproductive	99	97	-0.3130241187384044	-0.48444341914958094	-0.11845623139876026	0.0016067835299489	0.003892061785779583	True
AdrenalGland_v_Brain-Amygdala	unproductive	116	114	-0.2892399953869219	-0.4509812147317083	-0.10910596688335117	0.0016379182488298	0.0039591608823915285	True
Kidney-Cortex_v_Ovary	unproductive	55	53	-0.4142857142857143	-0.619377392563284	-0.15626260650008783	0.0016639630690388	0.004013701712555934	True
Testis_v_Liver	unproductive	262	260	-0.1933051556826875	-0.30831923813362305	-0.07272109418531887	0.0016684934547628	0.004016227460003149	True
Brain-Substantianigra_v_Esophagus-Mucosa	unproductive	113	111	-0.2915280457781622	-0.45504141289116684	-0.10899620164614111	0.0017310352794471	0.004158090994171888	True
Artery-Aorta_v_Brain-Hypothalamus	unproductive	124	122	-0.278029897718332	-0.43588144659054223	-0.1035835497816807	0.0017687703416493	0.004231104157513782	True
Heart-AtrialAppendage_v_Skin-SunExposed_Lowerleg	unproductive	93	91	-0.3198352779684282	-0.4954664401032728	-0.11907998113173461	0.0017769235433936	0.004241807133608324	True
Thyroid_v_Cells-EBV-transformedlymphocytes	unproductive	151	149	-0.2521819449285465	-0.3981016504743141	-0.09381543412814862	0.0017855654717785	0.0042536301424806	True
Testis_v_Esophagus-GastroesophagealJunction	unproductive	219	217	-0.2097227141339244	-0.33433276050037186	-0.07790601459938983	0.0018046479820847	0.004288693237993479	True
Brain-Caudate_basalganglia_v_Heart-LeftVentricle	unproductive	85	83	-0.3336134453781512	-0.5148239994720537	-0.12386669534496231	0.0018077232555636	0.004288693237993479	True
MinorSalivaryGland_v_WholeBlood	unproductive	100	98	-0.3081428142814281	-0.4793695863350396	-0.11431678338183252	0.0018149632745334	0.004294888871788371	True
Esophagus-GastroesophagealJunction_v_Brain-Amygdala	unproductive	92	90	-0.3208698734645438	-0.4972549030882117	-0.11901361827856348	0.0018177847089616	0.004294888871788371	True
Uterus_v_Muscle-Skeletal	unproductive	130	128	-0.2708134755356484	-0.4258531754722487	-0.10032407280183754	0.0018308872769046	0.004317000061903893	True
Liver_v_Colon-Sigmoid	unproductive	92	90	-0.3199143072915864	-0.4964295331498292	-0.11799427678040567	0.001879221562415	0.004421923390743867	True
AdrenalGland_v_Muscle-Skeletal	unproductive	125	123	-0.2748018433179723	-0.43237681380970383	-0.10093983151086024	0.0019257592187652	0.004522200365043331	True
Thyroid_v_Muscle-Skeletal	unproductive	165	163	-0.239000347287153	-0.37985182196543166	-0.08731784873399806	0.00199076393916	0.004665347198885122	True
Pituitary_v_WholeBlood	unproductive	156	154	-0.2456133141565646	-0.3898005027665393	-0.08967193610312053	0.0019980628341261	0.004672954255065706	True
Brain-Substantianigra_v_Skin-NotSunExposed_Suprapubic	unproductive	159	157	-0.242999164079293	-0.3860768240953245	-0.08850447907286588	0.0020264910205052	0.004729846450693311	True
Heart-AtrialAppendage_v_Skin-NotSunExposed_Suprapubic	unproductive	85	83	-0.3300957592339261	-0.5118220193312137	-0.12009365040519775	0.0020338660482853	0.004737469805399901	True
Prostate_v_Brain-Hippocampus	unproductive	89	87	-0.3211780728634662	-0.5002881266227307	-0.11570928931929336	0.0021485013827462	0.004984350290354866	True
Esophagus-Muscularis_v_Brain-Cerebellum	unproductive	193	191	-0.2187717002296885	-0.3507052855808186	-0.07832292930767162	0.0022382991808674	0.005182246898674924	True
Cells-Culturedfibroblasts_v_Brain-CerebellarHemisphere	unproductive	220	218	-0.2049531451626536	-0.32956346357243377	-0.07332462747167534	0.0022496563071103	0.005198103651499351	True
Cells-Culturedfibroblasts_v_Brain-Spinalcord_cervicalc-1	unproductive	114	112	-0.2831088880338592	-0.44686903175301185	-0.10099061030874726	0.0022719948619471	0.005239220151650012	True
Kidney-Cortex_v_Nerve-Tibial	unproductive	50	48	-0.421656662665066	-0.6339735478148751	-0.1502323980553751	0.0022903694027902	0.005271049743347507	True
Artery-Aorta_v_Brain-Cerebellum	unproductive	247	245	-0.1931183645126251	-0.31150622490566304	-0.06882702189382836	0.0023002851921206	0.0052833243556076725	True
Brain-Putamen_basalganglia_v_Colon-Sigmoid	unproductive	100	98	-0.3013021302130212	-0.4733832452714029	-0.10706854408320533	0.0023170525822209	0.005311255720279717	True
Esophagus-Muscularis_v_WholeBlood	unproductive	115	113	-0.2811804624003788	-0.44447010633561207	-0.09980574176199757	0.0023341923033218	0.005339928027242134	True
Thyroid_v_Spleen	unproductive	51	49	-0.4167420814479638	-0.6283388529923993	-0.14773016417792315	0.0023496220896781	0.00536438352003216	True
Brain-Substantianigra_v_Breast-MammaryTissue	unproductive	103	101	-0.2965338487897025	-0.4668021196833912	-0.10506712111589395	0.0023541873904044	0.00536438352003216	True
Esophagus-GastroesophagealJunction_v_WholeBlood	unproductive	127	125	-0.2675290588676415	-0.42463415077269173	-0.09478349723935814	0.0023601661428865	0.005367399532047602	True
Vagina_v_Brain-Hippocampus	unproductive	108	106	-0.2887288385873655	-0.4561172067435171	-0.10160853930459877	0.002441815089139	0.0055421511767269034	True
Brain-Amygdala_v_Artery-Tibial	unproductive	108	106	-0.2876427829698857	-0.45515543409647474	-0.10046523782604333	0.0025398517808785	0.00575333812053617	True
Pancreas_v_Brain-Spinalcord_cervicalc-1	unproductive	129	127	-0.2631317084078712	-0.4194910709455291	-0.09160841969907137	0.0025885674165892	0.00585219261044578	True
Brain-Cerebellum_v_Heart-LeftVentricle	unproductive	215	213	-0.2044036320606631	-0.3304502079926973	-0.07119361506568839	0.0025993110733858	0.00586498173701336	True
Heart-LeftVentricle_v_Ovary	unproductive	57	55	-0.3911718952553799	-0.5979274909260388	-0.13561004953316647	0.0026233608491051	0.005907685662144883	True
Esophagus-Muscularis_v_Brain-Caudate_basalganglia	unproductive	85	83	-0.3215751416845808	-0.5045339560479997	-0.11097705462254101	0.0026907500032094	0.006034715794368339	True
Brain-Substantianigra_v_Heart-LeftVentricle	unproductive	61	59	-0.3776837652035959	-0.5808408456174229	-0.13023590747426614	0.0026929283848162	0.006034715794368339	True
Artery-Aorta_v_Brain-Caudate_basalganglia	unproductive	126	124	-0.265145856767904	-0.42308076314674253	-0.09157485174834294	0.0026954714953163	0.006034715794368339	True
Brain-Cerebellum_v_Ovary	unproductive	206	204	-0.2077477718635354	-0.3362471442918212	-0.07165450969761361	0.0027322571532246	0.006105218018736364	True
Artery-Aorta_v_Spleen	unproductive	102	100	-0.2903970008651351	-0.46219077978158396	-0.09759429382361554	0.0030683821093657	0.0068298157762522235	True
Brain-Putamen_basalganglia_v_Thyroid	unproductive	126	124	-0.2603164604424447	-0.41872159115209806	-0.0865378714295474	0.0032415413386033	0.007201343282099431	True
Cells-Culturedfibroblasts_v_Liver	unproductive	102	100	-0.2875923800261237	-0.45971921388387194	-0.09463985288274848	0.0033794971914753	0.007493385118790425	True
Brain-Caudate_basalganglia_v_Colon-Sigmoid	unproductive	95	93	-0.2977183650615901	-0.4744778760940868	-0.09788052401009928	0.0033881304354621	0.007498108238172363	True
Brain-CerebellarHemisphere_v_Colon-Sigmoid	unproductive	196	194	-0.2075130091083681	-0.3391776994024728	-0.0678745092353612	0.0035179282071319	0.007755585512090021	True
Brain-Substantianigra_v_Spleen	unproductive	174	172	-0.2200529627836783	-0.35870384936832966	-0.07190168539236456	0.0035270738851418	0.0077609087587185025	True
Heart-AtrialAppendage_v_Pituitary	unproductive	68	66	-0.3488567393212963	-0.547309677864037	-0.11326251745725807	0.0035499666164212	0.007796402873778368	True
Esophagus-Muscularis_v_Muscle-Skeletal	unproductive	97	95	-0.2924600252472122	-0.46814074383045995	-0.09453878842042336	0.0036503324582788	0.008001584266911513	True
WholeBlood_v_Skin-NotSunExposed_Suprapubic	unproductive	101	99	-0.2866278392545137	-0.45967577966176587	-0.09261048575673951	0.0036613797040974	0.008010570775757689	True
Testis_v_Artery-Coronary	unproductive	255	253	-0.1806522116720704	-0.2978204478604592	-0.05812185461740052	0.003798071992889	0.008293895848107986	True
Brain-Cerebellum_v_Colon-Sigmoid	unproductive	194	192	-0.2067846474341854	-0.33915381205854	-0.06638620435535367	0.0038170633934547	0.0083196107611593	True
Testis_v_Colon-Transverse	unproductive	194	192	-0.2064740131403237	-0.3388626298824304	-0.06606762281691735	0.0038713920448956	0.008406242990140539	True
Brain-Hippocampus_v_Colon-Sigmoid	unproductive	94	92	-0.2942527905212585	-0.4723385620608571	-0.09308522931343337	0.0039927057873579	0.008653364234630938	True
AdrenalGland_v_Brain-CerebellarHemisphere	unproductive	220	218	-0.193248170041079	-0.31851775240358093	-0.06134456511922219	0.0040125207961028	0.0086637387226714	True
Testis_v_Lung	unproductive	361	359	-0.150886375578376	-0.25075899430828724	-0.047835568743103005	0.0040612258036951	0.008752510937683085	True
Vagina_v_Brain-Substantianigra	unproductive	106	104	-0.2767513917928307	-0.4469998423802056	-0.08715478467998795	0.0040806122497623	0.00877788418652226	True
Brain-Putamen_basalganglia_v_Pituitary	unproductive	96	94	-0.290124796527401	-0.466958826566105	-0.09097875998880708	0.0041394068629828	0.00888777674677685	True
Brain-Nucleusaccumbens_basalganglia_v_Pituitary	unproductive	99	97	-0.2847619047619047	-0.4596831990476495	-0.08857096637977285	0.0042799279196765	0.00915539311945641	True
Brain-Caudate_basalganglia_v_Thyroid	unproductive	117	115	-0.2617677471564087	-0.4257472343859886	-0.08114089367372022	0.0043590388116334	0.00929015110871222	True
Esophagus-Muscularis_v_Liver	unproductive	90	88	-0.2970819442729555	-0.47849655590687906	-0.09134414478087238	0.0044625702295833	0.00947438685383214	True
AdrenalGland_v_Brain-Hippocampus	unproductive	106	104	-0.2740710884953522	-0.44461991202672624	-0.08434526631336299	0.0044701356881914	0.00947438685383214	True
AdrenalGland_v_Brain-Substantianigra	unproductive	95	93	-0.2868421052631579	-0.4649617157951083	-0.08640463232703129	0.0048284846380856	0.010215124381124215	True
Testis_v_Esophagus-Mucosa	unproductive	209	207	-0.1936616015563384	-0.322083716356389	-0.0582410788363462	0.0049604600066901	0.010455960489421727	True
Heart-LeftVentricle_v_Pituitary	unproductive	59	57	-0.3608416130917593	-0.5704270154696229	-0.10713795935169924	0.0049905796092288	0.010500252352994174	True
Testis_v_Brain-Spinalcord_cervicalc-1	unproductive	264	262	-0.1719811646850889	-0.28757443851826914	-0.051449520243894147	0.0050785178245891	0.01066581248042119	True
Kidney-Cortex_v_Skin-SunExposed_Lowerleg	unproductive	78	76	-0.3128643508390343	-0.5046359263486432	-0.0916701272478666	0.005288515899	0.011046483390483695	True
Brain-CerebellarHemisphere_v_Skin-NotSunExposed_Suprapubic	unproductive	258	256	-0.172538413512081	-0.2894167539707336	-0.05059076916000692	0.0054561767318973	0.01137607915348569	True
Brain-Spinalcord_cervicalc-1_v_MinorSalivaryGland	unproductive	114	112	-0.2582167230311253	-0.4246109992707823	-0.07494889599729991	0.0055402209431067	0.011516490988203154	True
Esophagus-Mucosa_v_Artery-Tibial	unproductive	58	56	-0.3597465317296748	-0.571193728820595	-0.10352435952167825	0.00554349739675	0.011516490988203154	True
Vagina_v_Brain-CerebellarHemisphere	unproductive	194	192	-0.1980375801752865	-0.3309466369163921	-0.057424202526732776	0.0056403719643281	0.011696670638255935	True
Adipose-Subcutaneous_v_Liver	unproductive	90	88	-0.2889327900563855	-0.4714027559052197	-0.08274096424557527	0.0057464418051051	0.011895237704283987	True
Artery-Aorta_v_Liver	unproductive	101	99	-0.2701106581246359	-0.4450802852233336	-0.07527534972761402	0.0062996437153502	0.012993719505901218	True
Artery-Aorta_v_Brain-Hippocampus	unproductive	112	110	-0.2566029999658318	-0.4245785750229637	-0.07155031575969176	0.0063132495084799	0.01299852979156665	True
Pituitary_v_Brain-Hippocampus	unproductive	85	83	-0.2937072503419972	-0.480534495996215	-0.08137802540584038	0.0063680383788943	0.013064676602962861	True
Artery-Aorta_v_Brain-Putamen_basalganglia	unproductive	116	114	-0.2515203936493292	-0.41720770382937955	-0.06965101118438755	0.0064584461382729	0.013226622375539348	True
Brain-Amygdala_v_Artery-Coronary	unproductive	99	97	-0.2717748917748917	-0.4482256022445521	-0.0749402274725135	0.0065044912489434	0.013297302145446346	True
Muscle-Skeletal_v_Breast-MammaryTissue	unproductive	106	104	-0.2625034637378139	-0.43432500730911744	-0.07224943237504455	0.0065590581735542	0.013385122255058394	True
Artery-Aorta_v_Brain-Amygdala	unproductive	116	114	-0.2507823011571137	-0.416542923367765	-0.06888375275356233	0.0066217426367258	0.013489168304142839	True
Testis_v_Cells-EBV-transformedlymphocytes	unproductive	262	260	-0.167065177247965	-0.28331169106248305	-0.04598051865134106	0.0067216229588538	0.013668485487757374	True
Brain-CerebellarHemisphere_v_Esophagus-Mucosa	unproductive	244	242	-0.172787463497846	-0.2928947367384668	-0.047311922275760754	0.0068192129352194	0.013842522032232338	True
Cells-Culturedfibroblasts_v_Heart-AtrialAppendage	unproductive	62	60	-0.3395784543325527	-0.5483609622125545	-0.09094546230305142	0.0069303225572618	0.01404334254573437	True
Brain-Spinalcord_cervicalc-1_v_Skin-SunExposed_Lowerleg	unproductive	154	152	-0.2164420020207496	-0.36381597325061477	-0.058496522103364444	0.0070150792244358	0.014190151483814872	True
Brain-CerebellarHemisphere_v_Heart-LeftVentricle	unproductive	202	200	-0.1888875381178291	-0.3197380096477427	-0.05096713411428363	0.0070979248260758	0.01433258725825814	True
Cells-Culturedfibroblasts_v_Pituitary	unproductive	134	132	-0.2313470242771107	-0.38773474901522453	-0.06201350432454409	0.0071551806035761	0.014422942720145531	True
Uterus_v_Spleen	unproductive	78	76	-0.2998646922697555	-0.49353254326917506	-0.07786422921576526	0.0076473664790772	0.015388156283378729	True
Esophagus-Mucosa_v_WholeBlood	unproductive	77	75	-0.3014091171985908	-0.49603036831606295	-0.07795191811465628	0.0077252069470309	0.015517706637502834	True
Uterus_v_Kidney-Cortex	unproductive	50	48	-0.3711404561824729	-0.5949646882023687	-0.0938964633160823	0.0079663713556776	0.01594657321718103	True
Pancreas_v_Ovary	unproductive	51	49	-0.3658823529411765	-0.5888289650076298	-0.09119570108020662	0.0082810750968084	0.016547798243708986	True
Brain-Spinalcord_cervicalc-1_v_Kidney-Cortex	unproductive	106	104	-0.2550973625210973	-0.4277136949302851	-0.0645299969001593	0.0083136120371812	0.0165840738388753	True
Pituitary_v_Adipose-Subcutaneous	unproductive	80	78	-0.2929207688701359	-0.48527229700698543	-0.07352576254535276	0.0083683159362462	0.01666436662261117	True
AdrenalGland_v_Brain-Cerebellum	unproductive	213	211	-0.1797519378304742	-0.3077560830264935	-0.04535669280277944	0.0085533767792972	0.017003523149189088	True
Heart-AtrialAppendage_v_Brain-Hippocampus	unproductive	83	81	-0.2851895386423743	-0.47527594661276584	-0.0696671185197161	0.0089670411265493	0.01776460209434939	True
Pancreas_v_Heart-LeftVentricle	unproductive	58	56	-0.3398135900827463	-0.5550742408646322	-0.08189415221830615	0.0090603340214714	0.01788739443873792	True
Brain-Hypothalamus_v_Colon-Sigmoid	unproductive	107	105	-0.2511608769764298	-0.4234178157934628	-0.06137654247458927	0.0090679220290683	0.01788739443873792	True
Brain-Amygdala_v_Thyroid	unproductive	131	129	-0.2271552874606309	-0.38562149247298594	-0.05567180910348446	0.0090755643943293	0.01788739443873792	True
WholeBlood_v_Liver	unproductive	120	118	-0.2365164247517188	-0.4009632665291648	-0.05730271173330885	0.0093006980820491	0.018299837693861114	True
Uterus_v_Liver	unproductive	97	95	-0.2626236061434883	-0.4418564703668125	-0.06322881298463758	0.0093550756514689	0.018375472276224263	True
Heart-LeftVentricle_v_SmallIntestine-TerminalIleum	unproductive	66	64	-0.3170232752322305	-0.5236785373672624	-0.07513183854518855	0.0094984348624471	0.018625332306805284	True
Kidney-Cortex_v_Skin-NotSunExposed_Suprapubic	unproductive	57	55	-0.3403551983406793	-0.5572440179896962	-0.07999011144693588	0.0095825054848141	0.01875828323258176	True
Brain-Putamen_basalganglia_v_Artery-Tibial	unproductive	96	94	-0.2630765056972327	-0.44314389236712287	-0.0626034377485099	0.0096078068413334	0.018775934386537983	True
Cells-Culturedfibroblasts_v_Heart-LeftVentricle	unproductive	80	78	-0.2877871542428504	-0.48084924456025385	-0.06810986795444246	0.0096382264668411	0.01880351119503856	True
Esophagus-GastroesophagealJunction_v_Liver	unproductive	90	88	-0.2713009836605342	-0.45598417882559195	-0.0642172670448309	0.0096952255988331	0.01887893665373853	True
Artery-Aorta_v_Kidney-Cortex	unproductive	62	60	-0.3260305708745687	-0.537219470326382	-0.07637266220371575	0.0097096352434232	0.01887893665373853	True
Artery-Aorta_v_Muscle-Skeletal	unproductive	111	109	-0.2442435942435942	-0.4142010005018851	-0.05782774048880811	0.0097835554656082	0.01899063880782198	True
Testis_v_Adipose-Visceral_Omentum	unproductive	263	261	-0.1586568526820463	-0.2750536152083404	-0.03767638148879447	0.0099641959531074	0.019308769636861903	True
Pancreas_v_Spleen	unproductive	50	48	-0.3579831932773109	-0.5846364055546976	-0.07949535728956023	0.0106950225474276	0.020621005012013416	True
Thyroid_v_Brain-Hippocampus	unproductive	122	120	-0.2301856117057309	-0.39390974624724423	-0.052303667377930275	0.0107519893250372	0.020696233208293644	True
Adipose-Visceral_Omentum_v_Muscle-Skeletal	unproductive	115	113	-0.2365422551881954	-0.4043849979454313	-0.053285824836576644	0.0109230989655747	0.020955629130295556	True
Brain-Substantianigra_v_Stomach	unproductive	81	79	-0.2808717253839204	-0.47374252765022007	-0.06229075940181991	0.0110882292404609	0.021237090223008997	True
Brain-Amygdala_v_Nerve-Tibial	unproductive	92	90	-0.2620409043971456	-0.4459156829084556	-0.056944776913872404	0.0116259010416755	0.02222995671816228	True
Brain-CerebellarHemisphere_v_Ovary	unproductive	209	207	-0.1734554918765445	-0.3029891437199828	-0.03762891513552072	0.0120169626804228	0.022939665514118357	True
Heart-AtrialAppendage_v_SmallIntestine-TerminalIleum	unproductive	72	70	-0.2941346710399383	-0.4960760424033601	-0.06200562346467554	0.0121458194849058	0.0231473220927213	True
Brain-Substantianigra_v_Lung	unproductive	134	132	-0.2155064277609446	-0.37321960084660705	-0.04568732682465048	0.0123929531947133	0.023579331738456163	True
Pituitary_v_Spleen	unproductive	84	82	-0.27164118659512	-0.462423519094144	-0.05681893089776993	0.0124362183687911	0.023622668499532352	True
Kidney-Cortex_v_Adipose-Subcutaneous	unproductive	53	51	-0.3402676987582648	-0.5645496687373505	-0.06919346958189247	0.0126668840070353	0.023981801740741708	True
Artery-Coronary_v_Liver	unproductive	75	73	-0.2856899004267425	-0.48501162511897267	-0.05815110318216014	0.012969321037497	0.024514142879072196	True
Artery-Coronary_v_WholeBlood	unproductive	115	113	-0.2295904679239327	-0.39809318237459673	-0.04610054181463916	0.0135774588260694	0.025538026144303453	True
Testis_v_WholeBlood	unproductive	343	341	-0.1330872268473747	-0.2361049332547972	-0.027111186537055562	0.0136328365432699	0.025600424323111066	True
Adipose-Visceral_Omentum_v_WholeBlood	unproductive	85	83	-0.26624975571624	-0.45664753529919705	-0.052530435081661934	0.0137784253558579	0.025789812394974285	True
Brain-Substantianigra_v_MinorSalivaryGland	unproductive	124	122	-0.2197639653815892	-0.38313180866557617	-0.043064384056492586	0.0141881833363476	0.026470833959237515	True
WholeBlood_v_Skin-SunExposed_Lowerleg	unproductive	120	118	-0.2231404958677685	-0.38881155106727	-0.04349087871646824	0.0142948376080858	0.0266267330567414	True
Esophagus-Muscularis_v_Pituitary	unproductive	51	49	-0.3375565610859728	-0.5663791573908435	-0.060415197117432796	0.0154164709421653	0.028577477486039535	True
WholeBlood_v_Colon-Sigmoid	unproductive	129	127	-0.212449686940966	-0.373343178622167	-0.03914871687076039	0.0156430603891414	0.028950960880706315	True
Pancreas_v_Brain-Substantianigra	unproductive	133	131	-0.208465532896012	-0.3673224581259071	-0.037790840247320816	0.0160416860765813	0.0296411282793241	True
Esophagus-Muscularis_v_Brain-CerebellarHemisphere	unproductive	206	204	-0.1648824415639681	-0.29578649942183305	-0.02789993275233693	0.0178680687512798	0.03296301323236098	True
Brain-Spinalcord_cervicalc-1_v_Breast-MammaryTissue	unproductive	115	113	-0.2200505010652568	-0.3894375819561761	-0.03626554841857602	0.0181256268504259	0.03338474082834036	True
Brain-Spinalcord_cervicalc-1_v_Spleen	unproductive	185	183	-0.1732743262196277	-0.31078039289400333	-0.028663904212708043	0.0183399827476668	0.0337256780032852	True
Heart-LeftVentricle_v_Skin-NotSunExposed_Suprapubic	unproductive	70	68	-0.2793631353337416	-0.48619553752561573	-0.04288998216004891	0.0191769396913783	0.03515264143745497	True
Artery-Aorta_v_Pancreas	unproductive	52	50	-0.3234013489285409	-0.5529799493497515	-0.04818115199128504	0.0193551253102323	0.035422951559837844	True
Spleen_v_Colon-Sigmoid	unproductive	85	83	-0.252843462966582	-0.4448987699336969	-0.038555154193994724	0.0195612731887582	0.03574349918643139	True
AdrenalGland_v_Cells-EBV-transformedlymphocytes	unproductive	86	84	-0.2504363413368555	-0.44171494509872383	-0.03737970204547919	0.0200367559805005	0.03655439817328651	True
Pancreas_v_WholeBlood	unproductive	100	98	-0.2313111311131113	-0.41133979836030515	-0.03391271847074623	0.0205841115189646	0.037394349908836465	True
Artery-Aorta_v_Brain-Substantianigra	unproductive	99	97	-0.2324551638837353	-0.4132345306894932	-0.03404788958852346	0.0205944598370435	0.037394349908836465	True
Prostate_v_Muscle-Skeletal	unproductive	111	109	-0.2182607932607932	-0.3907286430188283	-0.030988753397610678	0.0213741886253158	0.038627648095594234	True
Esophagus-GastroesophagealJunction_v_Muscle-Skeletal	unproductive	97	95	-0.2300257731958762	-0.4128385703189223	-0.02939671702405754	0.0234142177393291	0.04205076799602251	True
Ovary_v_WholeBlood	unproductive	154	152	-0.1805580883379744	-0.3304682744567561	-0.021761765419128665	0.0250350182470241	0.04468324464213435	True
Brain-Spinalcord_cervicalc-1_v_Skin-NotSunExposed_Suprapubic	unproductive	134	132	-0.1932667489619571	-0.35273412662290704	-0.0228899437271304	0.0252600110331576	0.04501513558150033	True
Brain-CerebellarHemisphere_v_Nerve-Tibial	unproductive	213	211	-0.1532158920725907	-0.2825708309351134	-0.018388111425171855	0.0253403860209697	0.04508868068237356	True
Brain-Cerebellum_v_Nerve-Tibial	unproductive	206	204	-0.1554489390398336	-0.2868317563467035	-0.0183264321834431	0.025673452927406	0.045609108641513206	True
Heart-AtrialAppendage_v_Brain-Putamen_basalganglia	unproductive	81	79	-0.2478093947606142	-0.4449460875905022	-0.027766892204021055	0.0257119866582685	0.045609108641513206	True
WholeBlood_v_Colon-Transverse	unproductive	98	96	-0.2250380939629835	-0.4074707767425723	-0.025333221728204326	0.0258912873187457	0.045856611794952054	True
Nerve-Tibial_v_Brain-Hippocampus	unproductive	99	97	-0.2235745207173778	-0.40526938710828697	-0.02488810705403111	0.0261131234776599	0.04617857572046298	True
Prostate_v_Liver	unproductive	60	58	-0.2852459016393443	-0.5066518307382399	-0.02854402762335776	0.0271646316439012	0.04796450273417777	True
Spleen_v_Liver	unproductive	70	68	-0.263686466625842	-0.4727769358268396	-0.02648565565916401	0.0274098584936931	0.04832349670218371	True
Testis_v_Stomach	unproductive	182	180	-0.1617437901289001	-0.30100685056052423	-0.015725931442248466	0.0291543748557581	0.051164374746863146	True
Brain-Substantianigra_v_Artery-Tibial	unproductive	97	95	-0.2208999579213128	-0.40465933770526175	-0.019993257891552818	0.0296792573567369	0.05192744117195394	True
Brain-Spinalcord_cervicalc-1_v_Colon-Transverse	unproductive	102	100	-0.2140276277770552	-0.394075275693847	-0.018159676141038403	0.0307704455544055	0.05367371213953032	True
Adipose-Visceral_Omentum_v_Liver	unproductive	72	70	-0.2543571933886424	-0.46196289465030155	-0.020325183612718224	0.0310745546367848	0.054122298332647846	True
Muscle-Skeletal_v_Colon-Sigmoid	unproductive	96	94	-0.217430819316332	-0.4024631527465274	-0.015329795306774446	0.033337044739641	0.057714133010219326	True
Uterus_v_WholeBlood	unproductive	136	134	-0.1824245026477744	-0.3415516475553646	-0.013130226638158876	0.0335323407758418	0.057878426518780834	True
Heart-LeftVentricle_v_Skin-SunExposed_Lowerleg	unproductive	69	67	-0.2553891121666058	-0.46707823799444975	-0.01601095933128164	0.0341814852913396	0.058822764986439645	True
Testis_v_Colon-Sigmoid	unproductive	228	226	-0.1401743687460576	-0.26586404240185174	-0.00979857395034047	0.0343951506418138	0.05901429864585017	True
Brain-Substantianigra_v_Esophagus-GastroesophagealJunction	unproductive	83	81	-0.2316233575416649	-0.42841553761099543	-0.013853046869480221	0.0351236298423938	0.059996363271526	True
Esophagus-Mucosa_v_Liver	unproductive	58	56	-0.2771232581746594	-0.5034158544071207	-0.015254419736926579	0.0352039734499993	0.06004464702344556	True
Pituitary_v_Colon-Transverse	unproductive	51	49	-0.29420814479638	-0.5314188599336658	-0.014212654328845995	0.0361171583922218	0.06142047732482556	True
Skin-SunExposed_Lowerleg_v_Liver	unproductive	113	111	-0.1945655066870716	-0.36765898864229596	-0.008442246772414357	0.0389190450355113	0.06579715385035854	True
SmallIntestine-TerminalIleum_v_Liver	unproductive	70	68	-0.246855043303298	-0.45827788554895055	-0.008992576289162628	0.039384189226934	0.06648604711369678	True
Pituitary_v_Ovary	unproductive	64	62	-0.2565476190476191	-0.47573157329602545	-0.007365749585298652	0.0407252576275472	0.06864944743357006	True
Pancreas_v_Nerve-Tibial	unproductive	56	54	-0.2729323308270676	-0.5036756480250312	-0.00583973366614677	0.0418316515639711	0.07030888375110596	True
Brain-Spinalcord_cervicalc-1_v_Adipose-Subcutaneous	unproductive	119	117	-0.1864834069220909	-0.3559536304114817	-0.005137949036790553	0.0422883880620089	0.07097308797015467	True
Prostate_v_Spleen	unproductive	52	50	-0.2814821138905489	-0.5188597156510718	-0.0038038382033552145	0.0432248397354517	0.07233416576919566	True
Pituitary_v_Artery-Tibial	unproductive	89	87	-0.2132788559754852	-0.4056072863400801	-0.0028656635388464545	0.0447732823150269	0.07481680363655945	True
Cells-Culturedfibroblasts_v_Testis	unproductive	128	126	0.1771424647500457	0.0023566295161217953	0.3414256623188298	0.0454649879690577	0.0758627078557504	True
Vagina_v_Brain-Spinalcord_cervicalc-1	unproductive	99	97	-0.2010265924551638	-0.3849441415687506	-0.0017533007195554607	0.046020630006096	0.07645790547122289	True
Cells-Culturedfibroblasts_v_Skin-NotSunExposed_Suprapubic	unproductive	69	67	-0.2397880891487029	-0.45361899151704305	0.00014899235362014692	0.0472005052378229	0.07830529861756806	True
Esophagus-Muscularis_v_Brain-Substantianigra	unproductive	79	77	-0.2230769230769231	-0.42558682748915155	0.0007112477919992339	0.048140568834623	0.07963568990863747	True
Brain-Substantianigra_v_Prostate	unproductive	81	79	-0.2180894308943089	-0.4187661003969732	0.002896280471902866	0.050475730469363	0.08314073890167935	True
Thyroid_v_WholeBlood	unproductive	143	141	-0.163547719885748	-0.32012013087811264	0.001721424117371808	0.0509686427664585	0.08371671048970186	True
Brain-Spinalcord_cervicalc-1_v_SmallIntestine-TerminalIleum	unproductive	147	145	-0.1612970252891974	-0.3159191779804319	0.0016711463273175518	0.0509706251203562	0.08371671048970186	True
Esophagus-Mucosa_v_Brain-Cerebellum	unproductive	242	240	-0.1255139093690584	-0.2481657001001958	0.0010985491381253184	0.0511585392358983	0.0839058260867578	True
Lung_v_WholeBlood	unproductive	59	57	-0.2524254821741671	-0.4808215449884096	0.008048801308186295	0.0537565523007501	0.08779221643451114	True
Testis_v_Ovary	unproductive	259	257	-0.1194618078339008	-0.23829815096007123	0.0028990003985683134	0.0548404675198046	0.08930940543832584	True
Brain-Substantianigra_v_Artery-Coronary	unproductive	84	82	-0.2094968107725018	-0.4076547101096398	0.007505130705428836	0.0558016361995256	0.09061871343387749	True
Pituitary_v_Liver	unproductive	106	104	-0.1853691714739148	-0.3647120349491725	0.007235539847420853	0.0571207366432649	0.09250029403045566	True
Cells-Culturedfibroblasts_v_Uterus	unproductive	81	79	0.2095528455284552	-0.011641142101977482	0.4111952858528446	0.0604405066125596	0.09760210661664036	True
WholeBlood_v_Breast-MammaryTissue	unproductive	99	97	-0.189325912183055	-0.3743396634712274	0.010184301152220597	0.0605376848585721	0.09762230859011696	True
Brain-Substantianigra_v_Adipose-Visceral_Omentum	unproductive	82	80	-0.2070177729889748	-0.40775605261362063	0.012808982692828165	0.0620250175886398	0.0996357972519044	True
Cells-Culturedfibroblasts_v_Ovary	unproductive	53	51	-0.2581035316884373	-0.4973919259916746	0.017681861412171342	0.0620455354959821	0.0996357972519044	True
Colon-Transverse_v_Liver	unproductive	61	59	-0.2399259650978318	-0.46661061334024495	0.016336237319416844	0.0625439493132212	0.10016924549868265	False
Heart-AtrialAppendage_v_Brain-Cerebellum	unproductive	226	224	-0.1240533832339219	-0.2509707722192048	0.0070570796019633454	0.062632978142346	0.10016924549868265	False
Heart-AtrialAppendage_v_Brain-Spinalcord_cervicalc-1	unproductive	80	78	-0.2088138771683075	-0.4117453925678699	0.01384857678963192	0.0630495694525288	0.10054793026108674	False
Heart-LeftVentricle_v_Lung	unproductive	60	58	-0.2407891080855793	-0.4691276400217716	0.017726126015540886	0.0638422680136594	0.10167145720959847	False
Vagina_v_WholeBlood	unproductive	102	100	-0.1814691463435321	-0.36453010009838893	0.015096299320566615	0.067948566699891	0.10776437057080374	False
Spleen_v_WholeBlood	unproductive	82	80	-0.201945995363568	-0.4032387339529044	0.0179876852517806	0.0688474523726676	0.10889041506952776	False
Brain-Spinalcord_cervicalc-1_v_Lung	unproductive	132	130	-0.1561206973018945	-0.31943836090806277	0.0162041282743783	0.0738392523029495	0.11624627261420725	False
Artery-Coronary_v_Pituitary	unproductive	63	61	-0.2267665130568356	-0.4518644032834111	0.025478959271893083	0.0739015766055628	0.11624627261420725	False
Lung_v_Liver	unproductive	73	71	-0.2099531037887202	-0.42185814174112957	0.023701274607249807	0.0746177044067832	0.11721282449730384	False
Artery-Coronary_v_Spleen	unproductive	70	68	-0.2128772635814889	-0.4287209361388158	0.025956167051119	0.0768386778568393	0.12021030606368484	False
Brain-Amygdala_v_Pituitary	unproductive	90	88	-0.186895501502243	-0.38086888595678964	0.02283488129097804	0.0777590856299885	0.12148540072002267	False
Prostate_v_WholeBlood	unproductive	123	121	-0.1592330809611639	-0.3280572990581191	0.019447796205802843	0.0785450300197434	0.12254725252065514	False
Testis_v_Heart-AtrialAppendage	unproductive	238	236	-0.1137317805147587	-0.23784884511998783	0.014039816901541447	0.0799430232591395	0.12455987272674034	False
Brain-Substantianigra_v_Colon-Sigmoid	unproductive	82	80	-0.19387033227762	-0.39602956643785725	0.026214020403401747	0.0809468635696715	0.12578400767632242	False
Brain-Substantianigra_v_Brain-Cerebellum	unproductive	103	101	0.1721433905899925	-0.023564030290685288	0.35514378856536344	0.082079111379782	0.12737175695947325	False
Brain-Substantianigra_v_Nerve-Tibial	unproductive	82	80	-0.19204188025816	-0.39439451730546693	0.02807326873205627	0.0839087212572168	0.12968733995921042	False
Esophagus-Mucosa_v_Ovary	unproductive	58	56	-0.2285828539788981	-0.46243568562340476	0.03500343089154374	0.0843707109646971	0.1302268135773705	False
Pituitary_v_Adipose-Visceral_Omentum	unproductive	56	54	-0.2320574162679426	-0.4693099582144257	0.036443090268658385	0.0852560982416378	0.13141748833236414	False
Esophagus-Muscularis_v_Skin-SunExposed_Lowerleg	unproductive	51	49	-0.2383710407239818	-0.48533002064657277	0.04381251541234104	0.0920878722793963	0.14156975565085858	False
Brain-Spinalcord_cervicalc-1_v_Heart-LeftVentricle	unproductive	88	86	-0.179176499594942	-0.3760225904411306	0.03314350438792251	0.0948524128430547	0.1452155474414918	False
Esophagus-Muscularis_v_Brain-Spinalcord_cervicalc-1	unproductive	101	99	-0.1670588235294118	-0.3522431663775075	0.03071368724287586	0.0949631593849825	0.1452155474414918	False
Heart-AtrialAppendage_v_Muscle-Skeletal	unproductive	55	53	-0.2243145743145743	-0.46477948179891987	0.046966613878233414	0.0996800692048838	0.15202529073178705	False
Brain-CerebellarHemisphere_v_Brain-Putamen_basalganglia	unproductive	78	76	-0.1875972129136685	-0.39536672186812155	0.03843513149076757	0.1000313315091963	0.1521956055226508	False
Vagina_v_Cells-Culturedfibroblasts	unproductive	62	60	-0.2107980156631664	-0.43980656189175127	0.04394997059206689	0.1000557406645007	0.1521956055226508	False
Vagina_v_Pituitary	unproductive	58	56	-0.2176320403580547	-0.4530740341836421	0.0461905567999643	0.1007782935673974	0.15289127958317	False
Skin-NotSunExposed_Suprapubic_v_Nerve-Tibial	unproductive	52	50	-0.2295739776316912	-0.47569067005708343	0.04987897004732125	0.1015913915100059	0.15392230540215088	False
Brain-Substantianigra_v_Heart-AtrialAppendage	unproductive	65	63	-0.2018356643356643	-0.42688669895950043	0.046758394984711384	0.1068926131162656	0.16068733106004465	False
Pituitary_v_Skin-SunExposed_Lowerleg	unproductive	116	114	-0.1503094606542882	-0.3246832636095601	0.033946303876483584	0.1072856286938873	0.16085868645520424	False
AdrenalGland_v_WholeBlood	unproductive	113	111	-0.1473650941513075	-0.32419975020345787	0.039420660113683725	0.1193252913210732	0.1763872575553813	False
Brain-CerebellarHemisphere_v_Brain-Caudate_basalganglia	unproductive	80	78	-0.1754102203469292	-0.3819266685907952	0.04779051887144413	0.1196325934826002	0.17661508359211017	False
Ovary_v_SmallIntestine-TerminalIleum	unproductive	58	56	-0.2061890553385216	-0.4432462120363211	0.0578231565492879	0.1204604336570834	0.17760982098032885	False
Brain-Spinalcord_cervicalc-1_v_Uterus	unproductive	115	113	-0.145435177148268	-0.32089963126231996	0.0396812955121927	0.1209403932179312	0.17808974888923967	False
Pituitary_v_Skin-NotSunExposed_Suprapubic	unproductive	89	87	-0.1651515151515151	-0.3622407487522854	0.04607388079259169	0.1219471041710886	0.17895917009048765	False
Spleen_v_Adipose-Subcutaneous	unproductive	55	53	-0.2095959595959596	-0.4522424080138629	0.06193884768768084	0.1245832313978576	0.18252155756255375	False
Kidney-Cortex_v_Spleen	unproductive	52	50	-0.2152309399812174	-0.4635856811664896	0.06447939064454669	0.1254373563706662	0.18330706197132843	False
Brain-Substantianigra_v_Pituitary	unproductive	94	92	-0.1589639851172199	-0.3514328719203564	0.04639697048151475	0.1259325304142285	0.18379773109823477	False
Cells-Culturedfibroblasts_v_Skin-SunExposed_Lowerleg	unproductive	72	70	-0.1781465045983665	-0.3951466644719413	0.05768472373994552	0.1343485170962567	0.1955856568333131	False
Esophagus-GastroesophagealJunction_v_Brain-Spinalcord_cervicalc-1	unproductive	103	101	-0.148288889865132	-0.3332335344116987	0.04764442597594101	0.134946068125453	0.1962078392795048	False
Brain-CerebellarHemisphere_v_Heart-AtrialAppendage	unproductive	239	237	-0.0961921170141696	-0.22067736487317666	0.03137681207340454	0.1381440373569226	0.2006046285548259	False
Cells-Culturedfibroblasts_v_AdrenalGland	unproductive	51	49	-0.2066063348416289	-0.4585890992661444	0.07612811029573255	0.1457709474700873	0.2100923780412633	False
Uterus_v_Pituitary	unproductive	54	52	-0.198399085191538	-0.4448032355518288	0.0759255400933474	0.1503897417690271	0.21620869359063374	False
Skin-NotSunExposed_Suprapubic_v_Liver	unproductive	80	78	-0.1610876699484294	-0.3690355141976215	0.062219334603303214	0.1534424811212886	0.21950270562387814	False
Thyroid_v_Skin-SunExposed_Lowerleg	unproductive	64	62	0.1797619047619047	-0.07110999660283016	0.4092445707086783	0.1552123206735413	0.22148490808984297	False
Pancreas_v_Pituitary	unproductive	62	60	-0.1819395129812898	-0.4146853325719192	0.07314976803562749	0.1569859339952955	0.2226381081138693	False
Skin-NotSunExposed_Suprapubic_v_Artery-Tibial	unproductive	52	50	-0.1978143942627849	-0.44878482207667364	0.08207869248691756	0.1598077464115368	0.2263615867475454	False
Prostate_v_Skin-SunExposed_Lowerleg	unproductive	60	58	-0.1826618505140317	-0.41901371575704494	0.07687304975779875	0.1624397787510782	0.22980744159508365	False
Ovary_v_Skin-SunExposed_Lowerleg	unproductive	66	64	-0.1734056987788331	-0.40025911079715076	0.07347314819690248	0.1637977043380508	0.23144455036981934	False
Brain-Spinalcord_cervicalc-1_v_Adipose-Visceral_Omentum	unproductive	83	81	-0.1486083707652911	-0.35403915097996275	0.07050291607321761	0.1799813262655478	0.2530713038831422	False
Cells-Culturedfibroblasts_v_Brain-Cerebellum	unproductive	185	183	-0.0981520791478716	-0.23936535758701977	0.04712763793673101	0.1837899666941932	0.25759508116184765	False
Cells-Culturedfibroblasts_v_Colon-Sigmoid	unproductive	52	50	-0.1862887390079398	-0.43892888934037816	0.09364867968107692	0.1860680062836418	0.2600441348424715	False
Pituitary_v_Brain-Hypothalamus	unproductive	75	73	-0.1512091038406827	-0.3667632512638596	0.07975319295852068	0.1953288171716662	0.2703650974777084	False
SmallIntestine-TerminalIleum_v_Artery-Tibial	unproductive	62	60	-0.1619450530079826	-0.3971129110354989	0.09317856267007958	0.2085632405137211	0.2849211093747872	False
Cells-Culturedfibroblasts_v_Artery-Tibial	unproductive	60	58	-0.1639899972214504	-0.4026664596875531	0.09556633854420707	0.2105566866118984	0.28730397593315843	False
Thyroid_v_Skin-NotSunExposed_Suprapubic	unproductive	59	57	0.1636469900642899	-0.09820954131119647	0.4043101446826812	0.2155416105576378	0.293065420958675	False
Cells-Culturedfibroblasts_v_Artery-Coronary	unproductive	56	54	-0.1677375256322625	-0.4140145747583348	0.10142115631138096	0.2165704929340756	0.2941175245618247	False
Cells-Culturedfibroblasts_v_Lung	unproductive	68	66	-0.1516204145512845	-0.3776323800774792	0.09144206461000057	0.2171045241160556	0.29449187099937074	False
Brain-Spinalcord_cervicalc-1_v_Artery-Tibial	unproductive	112	110	-0.1166586940923224	-0.296392865520337	0.07105591755757959	0.2205991002367743	0.29811636044838824	False
Brain-Substantianigra_v_Uterus	unproductive	118	116	-0.1134800726027047	-0.28886367173282335	0.06927292671027088	0.2211245113668278	0.2981948088958508	False
Brain-Substantianigra_v_Ovary	unproductive	120	118	-0.1120355580248628	-0.28606413506973927	0.06914804283672932	0.2231169131850493	0.3002760588023121	False
Brain-Spinalcord_cervicalc-1_v_Stomach	unproductive	86	84	-0.1320345299306571	-0.3353814445722806	0.0830678035101243	0.2255758265353634	0.3027810570375716	False
Testis_v_AdrenalGland	unproductive	184	182	-0.0869179942594055	-0.2289638694102454	0.05875225157333078	0.2407156150815656	0.3212327594780615	False
Artery-Aorta_v_Pituitary	unproductive	70	68	-0.1407575890123348	-0.3647285423226663	0.09861090759601593	0.2451318671569483	0.3252440078618658	False
Vagina_v_Spleen	unproductive	62	60	-0.149303719372466	-0.3859325363980927	0.10575847898016512	0.2467827467319956	0.32668255681055214	False
Brain-Substantianigra_v_Thyroid	unproductive	122	120	-0.1046820941045069	-0.277736924313287	0.0749533053328587	0.2511732318137133	0.3317328021548814	False
Brain-Spinalcord_cervicalc-1_v_Ovary	unproductive	118	116	-0.1022755908099876	-0.27833779059606756	0.0804363037782845	0.270434152327746	0.3544706881628579	False
Cells-Culturedfibroblasts_v_Adipose-Subcutaneous	unproductive	51	49	-0.1551131221719456	-0.4144468097758552	0.12751953591764187	0.2770978628014868	0.3618276736241384	False
Ovary_v_Skin-NotSunExposed_Suprapubic	unproductive	62	60	-0.140036765631689	-0.3777020194243949	0.1149401979781813	0.2776690972067907	0.36216342656044087	False
Heart-LeftVentricle_v_Liver	unproductive	70	68	-0.1293850056862916	-0.35448325549842685	0.109887861927415	0.2857388446740493	0.3710100089067329	False
Brain-Caudate_basalganglia_v_Brain-Cerebellum	unproductive	59	57	-0.14114552893045	-0.3844803354719023	0.12052942849357065	0.2862826727184637	0.3712979995999872	False
Artery-Aorta_v_Testis	unproductive	252	250	-0.0665660340006434	-0.18872022859290988	0.057616688041558735	0.2925163857183885	0.37881169442479773	False
Pituitary_v_Nerve-Tibial	unproductive	58	56	-0.1385154880187025	-0.38418306469990265	0.12546972160804187	0.299760295049582	0.3853106133691952	False
Testis_v_Heart-LeftVentricle	unproductive	172	170	-0.0785594177674324	-0.22576314227718378	0.0721516707906903	0.3056612902519247	0.39202165479473766	False
Cells-Culturedfibroblasts_v_SmallIntestine-TerminalIleum	unproductive	51	49	-0.145972850678733	-0.4065094657875116	0.13651859811949868	0.3067342137871145	0.39296060944060335	False
Brain-CerebellarHemisphere_v_Brain-Hypothalamus	unproductive	78	76	-0.1140757976201014	-0.32892893024445796	0.11200576512469058	0.3199915905073632	0.40722991595473484	False
Artery-Aorta_v_Thyroid	unproductive	60	58	0.128035565434843	-0.13116313797691706	0.37084931736016735	0.3296016016356546	0.41899740538689056	False
Brain-Spinalcord_cervicalc-1_v_Nerve-Tibial	unproductive	92	90	-0.1005810458825886	-0.2997117209044095	0.10694767926282578	0.3400983700466277	0.4304428327812972	False
Cells-Culturedfibroblasts_v_Nerve-Tibial	unproductive	56	54	-0.1296650717703349	-0.38059066034576533	0.13904519880938507	0.3408594422374669	0.43093304484627115	False
Artery-Aorta_v_Skin-SunExposed_Lowerleg	unproductive	60	58	-0.1249791608780216	-0.36812408660182305	0.13416547678182109	0.3413723422063764	0.43110877389260893	False
Brain-Spinalcord_cervicalc-1_v_Artery-Coronary	unproductive	90	88	-0.0999218010453965	-0.30126510125270867	0.10995136690092443	0.3487387508559539	0.43896919185252714	False
Brain-Cerebellum_v_Pituitary	unproductive	151	149	-0.0764621819449285	-0.23356330120831859	0.08452944052923263	0.3507465581906699	0.44101502900091866	False
Brain-Cerebellum_v_Brain-FrontalCortex_BA9	unproductive	78	76	0.1046421932497881	-0.1213088145321337	0.32028307534948836	0.3618948558085526	0.4520745056850067	False
Brain-Nucleusaccumbens_basalganglia_v_Brain-Spinalcord_cervicalc-1	unproductive	55	53	-0.1216450216450216	-0.37570745329429933	0.1494240807430315	0.3763107706025699	0.4675499121818568	False
Breast-MammaryTissue_v_Liver	unproductive	65	63	-0.1103583916083916	-0.3456386284393887	0.13797697250721927	0.3814915599182099	0.472459472165087	False
Skin-SunExposed_Lowerleg_v_Nerve-Tibial	unproductive	69	67	-0.1066130800146145	-0.33545223590454276	0.13410692894270523	0.3832604169373992	0.4737024132929254	False
Brain-Cerebellum_v_Brain-Hippocampus	unproductive	113	111	0.0818999933461973	-0.10471916558611634	0.2629474810225264	0.3884790800330844	0.4795678578995142	False
Artery-Aorta_v_Brain-Spinalcord_cervicalc-1	unproductive	113	111	-0.07948798988622	-0.2606691679415096	0.10710179201187643	0.402649164327604	0.492316528599923	False
Brain-Spinalcord_cervicalc-1_v_Pituitary	unproductive	111	109	-0.079097929097929	-0.2619080556132222	0.10919178204373468	0.409253029114944	0.49880416762106805	False
Brain-CerebellarHemisphere_v_Brain-Amygdala	unproductive	102	100	-0.0811587155288915	-0.2716510054706446	0.11545316497784	0.4174232464175818	0.5071538494409608	False
Thyroid_v_Artery-Tibial	unproductive	70	68	0.0974367946811302	-0.14131630254116642	0.32547818838954207	0.4222937470944703	0.5125312530525519	False
Brain-CerebellarHemisphere_v_Pituitary	unproductive	155	153	-0.0623860010956785	-0.2180385283202598	0.09636162217270133	0.4406097524057567	0.530295453573943	False
Pituitary_v_SmallIntestine-TerminalIleum	unproductive	76	74	-0.0886944634313055	-0.3083991072592062	0.1399935468449817	0.4461143155271979	0.5346879478200199	False
SmallIntestine-TerminalIleum_v_WholeBlood	unproductive	101	99	-0.0764356435643564	-0.2681414871804278	0.12109305873956208	0.4474222861935992	0.5356987497208929	False
Skin-SunExposed_Lowerleg_v_Colon-Sigmoid	unproductive	59	57	-0.1005844535359439	-0.3482919335180339	0.1602537103942805	0.4484518898399178	0.535818682886451	False
AdrenalGland_v_Artery-Tibial	unproductive	54	52	-0.1051648561082523	-0.3633697166410355	0.16804337082488	0.4491575131480473	0.5361062242854022	False
AdrenalGland_v_Brain-Spinalcord_cervicalc-1	unproductive	91	89	-0.0760949195731804	-0.27796692539977635	0.13221421407103415	0.4734327592546539	0.5615925631899341	False
Pancreas_v_Cells-Culturedfibroblasts	unproductive	70	68	-0.0849794418686029	-0.31407907046904465	0.153472448720867	0.4842683860007752	0.5720916486259159	False
Pituitary_v_Breast-MammaryTissue	unproductive	57	55	-0.0940497796214674	-0.3466533990000826	0.17127306240188844	0.4865077756682919	0.573305268678217	False
Brain-Spinalcord_cervicalc-1_v_Prostate	unproductive	100	98	-0.0703030303030303	-0.26331693790735233	0.128122685920816	0.4870226082957966	0.573305268678217	False
Cells-Culturedfibroblasts_v_Thyroid	unproductive	55	53	-0.0947330447330447	-0.3517375040636112	0.1755517444081361	0.4914705892705655	0.5758796640538232	False
Heart-AtrialAppendage_v_Thyroid	unproductive	64	62	-0.0843864468864468	-0.32388526635792675	0.16527634806007588	0.5073496960379882	0.5908830298301014	False
Esophagus-GastroesophagealJunction_v_Skin-SunExposed_Lowerleg	unproductive	54	52	-0.0899942824471126	-0.3498241819123067	0.18269231653944373	0.5175275832625191	0.6003111705248336	False
Brain-Cerebellum_v_Brain-Anteriorcingulatecortex_BA24	unproductive	56	54	0.08215994531784	-0.18516916909070316	0.3381668894764032	0.5471869283416472	0.629647233910099	False
Brain-Spinalcord_cervicalc-1_v_Brain-Cerebellum	unproductive	161	159	0.0437485622268231	-0.1117556788728792	0.19716143831017433	0.5816023828456185	0.6636024287858303	False
Esophagus-Mucosa_v_Spleen	unproductive	60	58	-0.072520144484579	-0.3208481931786872	0.1851371588160756	0.5818751565502813	0.6636024287858303	False
Cells-Culturedfibroblasts_v_Esophagus-GastroesophagealJunction	unproductive	59	57	-0.0700759789596727	-0.32069677787512113	0.18971500879611758	0.5979185231287198	0.6785433633537539	False
AdrenalGland_v_Skin-SunExposed_Lowerleg	unproductive	66	64	0.0633545558918693	-0.18170020899574393	0.3010005166396613	0.6132997351248584	0.6921614663886474	False
Brain-CerebellarHemisphere_v_Brain-Spinalcord_cervicalc-1	unproductive	160	158	0.0380083206375249	-0.11790109529284878	0.19208897542121148	0.6332379820994598	0.7088576634569682	False
Brain-Cerebellum_v_Brain-Putamen_basalganglia	unproductive	64	62	-0.0603021978021977	-0.30184758224925196	0.1885181342941399	0.6359701504373103	0.7112255901592811	False
Brain-Substantianigra_v_Brain-CerebellarHemisphere	unproductive	119	117	0.0431206380857427	-0.13802853969203688	0.22147822730681757	0.6414716385570489	0.7159891570728726	False
Brain-CerebellarHemisphere_v_Brain-Hippocampus	unproductive	106	104	-0.0408847016147315	-0.22992396006099647	0.15112758072287458	0.6773245013486289	0.7487585331303634	False
Brain-CerebellarHemisphere_v_Brain-FrontalCortex_BA9	unproductive	85	83	0.0436974789915966	-0.17111957882607953	0.2545484625805836	0.6912969900739172	0.7634726336735888	False
Spleen_v_Skin-NotSunExposed_Suprapubic	unproductive	83	81	-0.0395869191049913	-0.2531953333044528	0.1777020979413184	0.7223470459331058	0.7909460056608462	False
Brain-Cerebellum_v_Brain-Amygdala	unproductive	84	82	0.0337754378859977	-0.18199724864966924	0.24644479352449494	0.7603618285521085	0.8216468494101041	False
Pituitary_v_Lung	unproductive	79	77	-0.0331791626095423	-0.25249553969903127	0.18937978854708326	0.7716003146327363	0.8314534231509766	False
Artery-Aorta_v_SmallIntestine-TerminalIleum	unproductive	52	50	-0.0397848544352428	-0.3094268920916114	0.23577886922251115	0.7794549118279096	0.8383502922925185	False
Brain-Spinalcord_cervicalc-1_v_Thyroid	unproductive	131	129	0.0230395558639833	-0.14909754151468924	0.19382130584152898	0.7939327955869144	0.8515390821504302	False
Heart-LeftVentricle_v_Thyroid	unproductive	53	51	-0.0362844702467344	-0.3036835343011269	0.23641323238534387	0.7964524436714839	0.8526552159268532	False
Brain-Cerebellum_v_Brain-Hypothalamus	unproductive	62	60	-0.026869129460351	-0.27483575245487984	0.22444879843413132	0.83577596163175	0.8865222481705685	False
AdrenalGland_v_Spleen	unproductive	51	49	0.0289592760180995	-0.24866410508387343	0.302185614585932	0.840131127372195	0.8895052248486142	False
Uterus_v_Skin-SunExposed_Lowerleg	unproductive	64	62	-0.0244047619047619	-0.2686373858070339	0.22277623252071535	0.8481976688346095	0.8947592974989063	False
Spleen_v_Skin-SunExposed_Lowerleg	unproductive	95	93	0.0182530795072788	-0.18398314378470365	0.21900667160774798	0.8606330157533213	0.9037430484185606	False
Esophagus-Muscularis_v_Cells-Culturedfibroblasts	unproductive	56	54	-0.0195488721804511	-0.28102889206206905	0.24463298505711342	0.8862866431306563	0.91834444855438	False
Brain-Nucleusaccumbens_basalganglia_v_Brain-CerebellarHemisphere	unproductive	70	68	0.017373808065786	-0.2185093906399796	0.25133876235027525	0.886485144181288	0.91834444855438	False
Artery-Aorta_v_Skin-NotSunExposed_Suprapubic	unproductive	53	51	0.0180616029672633	-0.25349078468235664	0.28697526352171754	0.8978597821370153	0.9281369027027567	False
Brain-CerebellarHemisphere_v_Brain-Anteriorcingulatecortex_BA24	unproductive	76	74	0.0109364319890635	-0.21505589561016794	0.23581701951139164	0.925296419374376	0.9474838113131931	False
Artery-Coronary_v_Skin-SunExposed_Lowerleg	unproductive	53	51	0.0092726979519432	-0.261682518994534	0.27887306417480384	0.94745908599189	0.9633336209423713	False
Brain-Spinalcord_cervicalc-1_v_Colon-Sigmoid	unproductive	94	92	-0.0043420149550265	-0.20677799104376843	0.1984504689444305	0.966869929384415	0.9770385877127349	False
Thyroid_v_Liver	unproductive	85	83	-0.0019933554817275	-0.21502629350975278	0.21122066609417958	0.9855545032024386	0.9900804077119459	False
WholeBlood_v_Cells-EBV-transformedlymphocytes	unproductive	112	110	0.0014008952062049	-0.1842028514747059	0.18690817368380064	0.9883039371701696	0.9916076468566404	False
Cells-Culturedfibroblasts_v_Prostate	unproductive	53	51	-0.0019351717464925	-0.2720869050154823	0.26849932348173533	0.9890275749220612	0.9916076468566404	False
Pancreas_v_Heart-LeftVentricle	productive	416	414	0.2027517637995205	0.10775105244559838	0.2940832655374674	3.0965355045260654e-05	0.03570305436718554	True
Ovary_v_Muscle-Skeletal	productive	629	627	0.1582595724567617	0.08060093461540384	0.23400843709236258	6.708793504422227e-05	0.03671725830611507	True
AdrenalGland_v_Muscle-Skeletal	productive	634	632	0.1543300202998245	0.07693262477592039	0.22987856465471834	9.55349305449655e-05	0.03671725830611507	True
Heart-AtrialAppendage_v_Brain-Cerebellum	productive	788	786	0.1316988268865303	0.06213134556517128	0.19999280702505787	0.0002095200392744	0.04511200004517159	True
Pituitary_v_Muscle-Skeletal	productive	783	781	0.1319793168928815	0.06219045360643466	0.20048386145412164	0.0002127503729679	0.04511200004517159	True
Cells-Culturedfibroblasts_v_Brain-Cerebellum	productive	665	663	0.1411008354707471	0.06540073015969189	0.21518612915474117	0.0002621563314534	0.04511200004517159	True
Pancreas_v_Heart-AtrialAppendage	productive	445	443	0.171508903196565	0.07914595571238911	0.2609522135767412	0.000278222451705	0.04511200004517159	True
Brain-Cortex_v_Heart-AtrialAppendage	productive	652	650	0.139931580822441	0.06345938422808889	0.2147701132731152	0.0003385735341391	0.04511200004517159	True
Muscle-Skeletal_v_Brain-Hippocampus	productive	761	759	0.1286802117685684	0.05784975618818766	0.19822165520058252	0.0003725928396779	0.04511200004517159	True
Artery-Coronary_v_Muscle-Skeletal	productive	596	594	0.1447841523795256	0.06481100143607023	0.2229093665682757	0.0003912575892903	0.04511200004517159	True
Brain-Cortex_v_MinorSalivaryGland	productive	784	782	0.1219435258433391	0.052112900871794585	0.19058744439020184	0.0006221987579032	0.0652177425329445	True
Brain-CerebellarHemisphere_v_Brain-Amygdala	productive	417	415	-0.1637073052527453	-0.2563184387514102	-0.06811786724041452	0.000791848359732	0.07023085836699969	True
Brain-Anteriorcingulatecortex_BA24_v_Skin-SunExposed_Lowerleg	productive	827	825	0.1148655792534672	0.04683707598033487	0.18183349656462117	0.0009355565025905	0.07704976053477475	True
Brain-Putamen_basalganglia_v_Muscle-Skeletal	productive	748	746	0.1181506159140898	0.0466135500603887	0.18848194853295477	0.0012066138998635	0.08695161415891346	True
Esophagus-Mucosa_v_Pituitary	productive	459	457	0.1485263283922335	0.05728188456745628	0.2373100585693962	0.0014172699668398	0.09100498247496427	True
Kidney-Cortex_v_Muscle-Skeletal	productive	698	696	0.1199565820881869	0.045892075114700295	0.192709465707641	0.0014983294141248	0.09100498247496427	True
Heart-AtrialAppendage_v_Brain-Caudate_basalganglia	productive	533	531	0.1344089801356781	0.04966732815837671	0.21722926856022054	0.001871445394041	0.10542832648128878	False
Muscle-Skeletal_v_Skin-SunExposed_Lowerleg	productive	628	626	0.1235668671010579	0.045472962392656156	0.20015963856543337	0.0019202036913331	0.10542832648128878	False
Heart-AtrialAppendage_v_Brain-Hippocampus	productive	552	550	0.1306754442338652	0.04738588651550568	0.21216043804856433	0.0020950291138276	0.10979857128378286	False
Adipose-Visceral_Omentum_v_Muscle-Skeletal	productive	619	617	0.1211790254654808	0.04249327592092878	0.19837078025412253	0.0025282392075583	0.12674173070933564	False
Heart-AtrialAppendage_v_Liver	productive	434	432	0.1434328906482389	0.04949588422570203	0.2348545806093991	0.0027446980192624	0.13185986734206445	False
MinorSalivaryGland_v_Muscle-Skeletal	productive	655	653	0.116292472050687	0.039782809523413454	0.19144643573767786	0.0028758695791143	0.1326351049887515	False
Pancreas_v_Muscle-Skeletal	productive	622	620	0.1181498238922728	0.03963142509682111	0.19521806525793414	0.0031668204107664	0.1404363051389869	False
Esophagus-Mucosa_v_Heart-LeftVentricle	productive	408	406	0.1425872931156112	0.04564866703627404	0.23686556186346538	0.0039011526277839	0.1655202846901174	False
Heart-LeftVentricle_v_Brain-Hypothalamus	productive	463	461	0.132198368542131	0.041171188639891096	0.22104911557615595	0.0043802307640174	0.1669647751707209	False
Cells-Culturedfibroblasts_v_Brain-CerebellarHemisphere	productive	731	729	0.1049886623797565	0.03252451098404389	0.17635481579994605	0.0044890789508173	0.1669647751707209	False
Esophagus-Mucosa_v_Brain-FrontalCortex_BA9	productive	846	844	0.0969087395890279	0.02954217910684631	0.16339891960764213	0.0047848808445067	0.16864004028498486	False
Heart-AtrialAppendage_v_Brain-Amygdala	productive	514	512	0.1232214943428195	0.03680205898694518	0.20781159928447324	0.0051501177704553	0.16864004028498486	False
Heart-AtrialAppendage_v_Brain-FrontalCortex_BA9	productive	634	632	0.1106958716330262	0.032875922845278696	0.18718172162554111	0.0052654305726448	0.16864004028498486	False
Muscle-Skeletal_v_Colon-Sigmoid	productive	534	532	0.1197237976320564	0.03492714816803171	0.20280892468192993	0.0056036165664057	0.1742774581376661	False
Uterus_v_Muscle-Skeletal	productive	625	623	0.1103657475213379	0.031979906238084485	0.18740225023237123	0.0057437497044504	0.1742774581376661	False
Muscle-Skeletal_v_Cells-EBV-transformedlymphocytes	productive	820	818	0.0951703455731377	0.02672733006128022	0.1627252462262691	0.0063855098440883	0.18006255626032436	False
AdrenalGland_v_Brain-Cerebellum	productive	828	826	0.0946790977612047	0.026567343150015073	0.1619158215619397	0.0064029183058745	0.18006255626032436	False
Vagina_v_Muscle-Skeletal	productive	627	625	0.1079030238930937	0.029626670298300264	0.1848639983767048	0.0068428562383408	0.18740779888904122	False
Brain-Putamen_basalganglia_v_Heart-LeftVentricle	productive	493	491	0.1212113703844845	0.032931594856860355	0.20761445859087657	0.0070507317523722	0.18740779888904122	False
MinorSalivaryGland_v_Brain-FrontalCortex_BA9	productive	823	821	0.0935136223481868	0.025187936473821018	0.16096969833271982	0.007263323387557	0.18740779888904122	False
Heart-AtrialAppendage_v_Brain-Putamen_basalganglia	productive	527	525	0.1167154572907831	0.03132703932074132	0.20041255985551837	0.0073142679531716	0.18740779888904122	False
Lung_v_Muscle-Skeletal	productive	685	683	0.1018435731596759	0.026946109911142616	0.17560397973987954	0.0076401464679658	0.19150193212096886	False
Heart-AtrialAppendage_v_Brain-Anteriorcingulatecortex_BA24	productive	568	566	0.110874598069397	0.028615169614050567	0.191642407236836	0.0081743020976993	0.19635354830515192	False
Brain-Amygdala_v_Muscle-Skeletal	productive	774	772	0.0939015268758919	0.023432891591860683	0.16344166531034696	0.0089495233816629	0.21058776447055763	False
Cells-Culturedfibroblasts_v_Muscle-Skeletal	productive	752	750	0.0949593311453431	0.023465213994905806	0.16548710367383246	0.0091715723094195	0.21149645745521364	False
Heart-AtrialAppendage_v_Skin-SunExposed_Lowerleg	productive	446	444	0.122343720347293	0.029482620943147915	0.21311106983175637	0.0097036934550095	0.21516074141588373	False
Heart-AtrialAppendage_v_Pituitary	productive	441	439	0.120823803247379	0.027418210386985428	0.21213779228192975	0.0111040266232844	0.2415649565405078	False
Thyroid_v_Muscle-Skeletal	productive	664	662	0.0979139777403407	0.02180897537971226	0.1728907482506662	0.0115902232564846	0.24231986631848654	False
Brain-Nucleusaccumbens_basalganglia_v_Heart-AtrialAppendage	productive	558	556	0.1067050945852505	0.02367612092795383	0.18827211774732122	0.0116642517535226	0.24231986631848654	False
Heart-AtrialAppendage_v_Esophagus-Mucosa	productive	434	432	0.1205477074291718	0.02638015190678667	0.2125946711480519	0.0119621548965567	0.24231986631848654	False
Muscle-Skeletal_v_Liver	productive	667	665	0.0972458202936743	0.02130992293619283	0.17206615422269253	0.0119793862794048	0.24231986631848654	False
Brain-Hypothalamus_v_Muscle-Skeletal	productive	764	762	0.0894049915489815	0.018451783495060967	0.15946221184916645	0.0134318539569651	0.2550434650853965	False
Thyroid_v_Skin-SunExposed_Lowerleg	productive	316	314	0.1385277414808213	0.028102868462249523	0.24561238774410193	0.0137143927452685	0.2550434650853965	False
Brain-CerebellarHemisphere_v_Heart-AtrialAppendage	productive	823	821	0.0852796428585714	0.016916429410629326	0.15284922449765015	0.0143954402327671	0.26345940616476926	False
Brain-Anteriorcingulatecortex_BA24_v_Muscle-Skeletal	productive	783	781	0.0867225003168629	0.016629568018461643	0.15596722669119942	0.0152083786877366	0.2676442957206762	False
WholeBlood_v_Muscle-Skeletal	productive	713	711	0.0907779468503594	0.017319291886957692	0.16326186210682275	0.0153204887402989	0.2676442957206762	False
Pituitary_v_Lung	productive	390	388	0.1223028917028033	0.022911772445815173	0.21930004192895663	0.0156656002215534	0.2695886127679264	False
Brain-Caudate_basalganglia_v_Heart-LeftVentricle	productive	491	489	0.1084513913947548	0.01989308078682127	0.19532119980117704	0.0162126985628641	0.27490060945562217	False
Spleen_v_Muscle-Skeletal	productive	695	693	0.0903575649649891	0.015944759525852448	0.16377496150469115	0.0171875548290364	0.27812532435601983	False
Brain-Anteriorcingulatecortex_BA24_v_Skin-NotSunExposed_Suprapubic	productive	792	790	0.0846250409359558	0.014925437782931953	0.1535062149584171	0.0172155132581739	0.27812532435601983	False
Brain-Substantianigra_v_Heart-AtrialAppendage	productive	473	471	0.1091545612036493	0.0189136575159728	0.19763141620896815	0.0175597338112619	0.27812532435601983	False
Brain-Cortex_v_Pancreas	productive	780	778	0.0849760095475474	0.014740233994329931	0.1543773359717443	0.0176089754362441	0.27812532435601983	False
AdrenalGland_v_Brain-CerebellarHemisphere	productive	818	816	0.0823390506530122	0.013754212250901331	0.1501527445059047	0.0185050803298845	0.28819315111427635	False
Brain-Substantianigra_v_Muscle-Skeletal	productive	735	733	0.0866656345754338	0.014304368525323666	0.15812385531768788	0.0187731190365958	0.28819315111427635	False
Testis_v_Brain-Cerebellum	productive	1217	1215	0.0672301848725095	0.011015677509597142	0.12302107519808934	0.018996252805451	0.28819315111427635	False
Brain-Amygdala_v_Heart-LeftVentricle	productive	478	476	0.1066930897632342	0.016914230458943073	0.19476527244847752	0.0196371536594367	0.2902774124273143	False
Artery-Aorta_v_Pituitary	productive	403	401	0.1156484470925198	0.017840989620640884	0.2112635245036943	0.0202215355872053	0.2914428816505964	False
Stomach_v_Muscle-Skeletal	productive	571	569	0.0960340776662841	0.013902397193633498	0.17687857476382737	0.0217290846273363	0.2977938946999797	False
Brain-Cortex_v_Ovary	productive	683	681	0.0875653114985091	0.012484377862221951	0.16166438996942703	0.0220990463035664	0.2977938946999797	False
MinorSalivaryGland_v_Brain-Cerebellum	productive	824	822	0.0796242726874293	0.011281161967004728	0.1472269326125649	0.0222655523000622	0.2977938946999797	False
Cells-Culturedfibroblasts_v_Artery-Tibial	productive	345	343	0.122921443539954	0.017162231184609023	0.2259605240109935	0.0223983055489299	0.2977938946999797	False
Prostate_v_Muscle-Skeletal	productive	574	572	0.0950245414204083	0.013104474975537943	0.17567749386485826	0.0227971268008137	0.29818798537403146	False
MinorSalivaryGland_v_Brain-Anteriorcingulatecortex_BA24	productive	740	738	0.0831017072049408	0.010972621879908637	0.15437047413921998	0.0237778007600623	0.29818798537403146	False
Brain-Cortex_v_Esophagus-Mucosa	productive	810	808	0.0791455000390984	0.010209065100119373	0.14733317963249096	0.0242858826008636	0.29818798537403146	False
Brain-Substantianigra_v_Heart-LeftVentricle	productive	427	425	0.1086092743136673	0.013573988905531137	0.2016999109546181	0.0248090106843493	0.29818798537403146	False
Esophagus-Muscularis_v_Muscle-Skeletal	productive	543	541	0.0961841902045832	0.011943623028261373	0.17906904769805793	0.0250032580788223	0.29818798537403146	False
Cells-Culturedfibroblasts_v_Uterus	productive	331	329	0.123180214309046	0.015177152375705473	0.22834205270949595	0.0250175872028061	0.29818798537403146	False
Vagina_v_Brain-FrontalCortex_BA9	productive	740	738	0.0823549205529908	0.010222999569297606	0.1536342011142514	0.0250704521632997	0.29818798537403146	False
Heart-LeftVentricle_v_Brain-Hippocampus	productive	484	482	0.1017526820058795	0.012507713012199963	0.18938935696934642	0.025183017473166	0.29818798537403146	False
Heart-AtrialAppendage_v_Thyroid	productive	344	342	0.1206808476709931	0.014747067336082123	0.22393555711976984	0.0251991589692946	0.29818798537403146	False
Testis_v_Stomach	productive	609	607	0.0906303031057151	0.01109779919546717	0.16902332506227372	0.0253139819178842	0.29818798537403146	False
Brain-Cerebellum_v_Liver	productive	915	913	0.0739233455776212	0.009068697771243459	0.1381586856229924	0.0253446856605855	0.29818798537403146	False
Uterus_v_Pituitary	productive	305	303	0.1274477817714633	0.014903213940951152	0.2368034542560097	0.0260326550121799	0.2996775244184318	False
Heart-AtrialAppendage_v_SmallIntestine-TerminalIleum	productive	384	382	0.11344576521018	0.013200918697671104	0.2114328667969585	0.0262152895882436	0.2996775244184318	False
Pancreas_v_Brain-Cerebellum	productive	766	764	0.0798759514230744	0.008977690308077116	0.14997516154334953	0.0270617537489072	0.30293400070378645	False
Brain-Spinalcord_cervicalc-1_v_Muscle-Skeletal	productive	774	772	0.0789064073945344	0.008374424087311462	0.14865714145588793	0.028155044749422	0.30552191163171977	False
AdrenalGland_v_WholeBlood	productive	489	487	0.0985659409806677	0.009765256109888959	0.18582414647134524	0.0293054084062969	0.30552191163171977	False
MinorSalivaryGland_v_Brain-Amygdala	productive	677	675	0.0836991639315981	0.008268156808803927	0.15818302623269112	0.029436953985472	0.30552191163171977	False
Pituitary_v_Nerve-Tibial	productive	355	353	0.1152186596755516	0.010919616466803886	0.21703762212097955	0.0299718103686783	0.30552191163171977	False
Heart-LeftVentricle_v_Thyroid	productive	341	339	0.1173922286550378	0.010960905762690803	0.22119347742507814	0.0302100204510302	0.30552191163171977	False
Brain-Cerebellum_v_Skin-SunExposed_Lowerleg	productive	905	903	0.071974404668445	0.006754848956299742	0.13658422683616342	0.0303848088925607	0.30552191163171977	False
Brain-Cortex_v_Skin-NotSunExposed_Suprapubic	productive	817	815	0.0754384478673048	0.00678756976828896	0.14338155482438236	0.0310801785779538	0.30552191163171977	False
Heart-AtrialAppendage_v_Ovary	productive	313	311	0.1218156919424336	0.010692573965524706	0.2299667254950633	0.0311973137180216	0.30552191163171977	False
Heart-LeftVentricle_v_Brain-FrontalCortex_BA9	productive	628	626	0.0858183699625886	0.00748707008846737	0.1631029064536522	0.0315326170721376	0.30552191163171977	False
Brain-CerebellarHemisphere_v_Thyroid	productive	783	781	0.0763625416071832	0.006231212087569669	0.14574635512196601	0.0326391993160501	0.3059823645209417	False
Skin-SunExposed_Lowerleg_v_Brain-FrontalCortex_BA9	productive	909	907	0.0707911439473465	0.00571272205396578	0.13527244583013756	0.0328372518979426	0.3059823645209417	False
Heart-AtrialAppendage_v_Kidney-Cortex	productive	367	365	0.11129289457111	0.008707973469085504	0.21155961732255307	0.0330547673791167	0.3059823645209417	False
Brain-Cortex_v_Prostate	productive	619	617	0.0856623505575363	0.0067587697506969425	0.16350585369206544	0.0331002917210861	0.3059823645209417	False
Brain-Cortex_v_Colon-Sigmoid	productive	621	619	0.085440686716036	0.006664341844552083	0.16316308459308765	0.03327287211276	0.3059823645209417	False
Cells-Culturedfibroblasts_v_Brain-Hypothalamus	productive	682	680	0.0814529380080523	0.006292542207510303	0.15569819809591764	0.0334377952555409	0.3059823645209417	False
Brain-Cortex_v_Heart-LeftVentricle	productive	599	597	0.0867272275732695	0.0065114888518373135	0.16583395138045665	0.0338234947593822	0.30707472013832815	False
Vagina_v_Brain-CerebellarHemisphere	productive	788	786	0.0745841617408036	0.004671558109560746	0.14377119518270634	0.0363250830719966	0.3246730293179231	False
Brain-Anteriorcingulatecortex_BA24_v_Colon-Sigmoid	productive	603	601	0.0847208195919501	0.004765713190332472	0.1635995727418778	0.0375408469508254	0.3268647130421054	False
Skin-SunExposed_Lowerleg_v_Colon-Sigmoid	productive	375	373	0.1070549714761602	0.005556585284461244	0.20637003862260353	0.038251639544335	0.3291353760792407	False
Brain-Nucleusaccumbens_basalganglia_v_Ovary	productive	586	584	0.0849974179847005	0.0038830873006448327	0.16500055613130518	0.0396958708158381	0.33428778016091926	False
Brain-Cerebellum_v_Cells-EBV-transformedlymphocytes	productive	927	925	0.0675631021799234	0.003114556703809994	0.1314527016493149	0.0397202306002133	0.33428778016091926	False
MinorSalivaryGland_v_Brain-Hippocampus	productive	647	645	0.0803682493784865	0.0031839328602704547	0.15660065256693556	0.0409914931596877	0.33616394495481017	False
Esophagus-GastroesophagealJunction_v_Brain-CerebellarHemisphere	productive	718	716	0.0762236578350749	0.0029669000573154455	0.14866665898526646	0.0411648978291328	0.33616394495481017	False
Pancreas_v_Ovary	productive	325	323	0.1131907058298764	0.004104024154339352	0.21961510646067564	0.0414230582300278	0.33616394495481017	False
Muscle-Skeletal_v_Brain-FrontalCortex_BA9	productive	836	834	0.0701263770296689	0.0022495025907966217	0.13736002939357334	0.0426549768906606	0.33616394495481017	False
Brain-CerebellarHemisphere_v_Stomach	productive	739	737	0.0744969630870988	0.002289836041589995	0.1459312805663935	0.0429133458612246	0.33616394495481017	False
Skin-NotSunExposed_Suprapubic_v_Brain-FrontalCortex_BA9	productive	876	874	0.0683945737171669	0.002089256131996759	0.13410114188483566	0.0429933846256146	0.33616394495481017	False
Pituitary_v_Breast-MammaryTissue	productive	350	348	0.10719179142721	0.002087006783905052	0.2099541439351401	0.0450723956819812	0.34189784356134423	False
Brain-FrontalCortex_BA9_v_Colon-Sigmoid	productive	657	655	0.0780008164337476	0.001402443499371885	0.15368921661585724	0.0456563870638619	0.3440641456511946	False
Heart-LeftVentricle_v_Pituitary	productive	421	419	0.0969064119952293	0.001121704919061271	0.19092910633481355	0.0469090392575557	0.3454536479817739	False
Cells-Culturedfibroblasts_v_Testis	productive	516	514	0.0874957266381412	0.0010200500680689515	0.1726725214013284	0.0469765215927161	0.3454536479817739	False
Testis_v_Prostate	productive	771	769	0.0715465372925958	0.0008544353597245767	0.14152710500125334	0.0470392217980386	0.3454536479817739	False
Muscle-Skeletal_v_Skin-NotSunExposed_Suprapubic	productive	642	640	0.0780917397632992	0.0005979706554172927	0.15465318124045038	0.047947697298428	0.34989680370308535	False
Brain-Nucleusaccumbens_basalganglia_v_Heart-LeftVentricle	productive	496	494	0.0886649499844462	0.00045274192651896197	0.17550793844077747	0.048430848597753	0.3511998014667246	False
Brain-Cortex_v_Muscle-Skeletal	productive	844	842	0.0676188218368055	5.9987801471831034e-05	0.1345632092050759	0.049555980430275	0.3548946921497334	False
Brain-Hypothalamus_v_Skin-SunExposed_Lowerleg	productive	785	783	0.0699168241218487	-0.00014268511398261654	0.13929333535994795	0.0502072091220833	0.35733896368988916	False
Vagina_v_Brain-Hippocampus	productive	579	577	0.0811653712507573	-0.00045524091358022865	0.16171170483209513	0.0509339134581732	0.3602871301673233	False
Vagina_v_Brain-Amygdala	productive	587	585	0.0804019566300579	-0.0006589705421982034	0.16041315871873355	0.0515364153388633	0.36232613954700843	False
Heart-AtrialAppendage_v_WholeBlood	productive	626	624	0.0773271292540597	-0.001159784472500001	0.15486717411756143	0.0531434435543705	0.3713599419284193	False
Pancreas_v_Pituitary	productive	376	374	0.0991785628268738	-0.002226653422044679	0.19856482018597466	0.0546711909209488	0.37973423573406	False
MinorSalivaryGland_v_Brain-Hypothalamus	productive	664	662	0.0743426276564666	-0.0018589782934020141	0.14968584661807777	0.0555286999338732	0.3821234756428857	False
Brain-Cerebellum_v_Breast-MammaryTissue	productive	844	842	0.0657131234479265	-0.001849928062690665	0.13267896896626896	0.0563511503669162	0.3821234756428857	False
Brain-Cerebellum_v_Skin-NotSunExposed_Suprapubic	productive	857	855	0.0650602489447636	-0.0019872400494453683	0.13152541416413	0.0569300109548697	0.3821234756428857	False
Brain-Caudate_basalganglia_v_Artery-Tibial	productive	605	603	0.0774328066029545	-0.0024136903219153724	0.1562982127222977	0.0569733724169459	0.3821234756428857	False
Brain-Anteriorcingulatecortex_BA24_v_Colon-Transverse	productive	647	645	0.0748654977118502	-0.002335701155967949	0.1511795784940926	0.0570036754645068	0.3821234756428857	False
Esophagus-Mucosa_v_Cells-EBV-transformedlymphocytes	productive	488	486	-0.0856386502423264	-0.1732442181123532	0.0033114611299147824	0.0586988437608344	0.3867415248928118	False
Brain-CerebellarHemisphere_v_Brain-FrontalCortex_BA9	productive	299	297	-0.1091691454548858	-0.22019922296816605	0.004653516123134344	0.0593700716727535	0.38894143544707266	False
Vagina_v_Brain-Substantianigra	productive	561	559	0.0793047429896068	-0.003630602106406431	0.16115656745082688	0.0604995493019922	0.3941015838711695	False
Testis_v_Spleen	productive	802	800	0.0660540217734419	-0.0032637803317508035	0.13474007909649288	0.0615187615099384	0.3962633073796591	False
Brain-Cortex_v_Testis	productive	977	975	0.0590286184593197	-0.0037586397992115865	0.12135228780918964	0.0651388765340909	0.4123458567875914	False
Brain-CerebellarHemisphere_v_MinorSalivaryGland	productive	856	854	0.0626173129680131	-0.004474262547732056	0.1291476873173014	0.0670789412051297	0.41252555606528984	False
Testis_v_Ovary	productive	805	803	0.0645500919017126	-0.004640786091800789	0.13312585013026304	0.0671733655171302	0.41252555606528984	False
Heart-LeftVentricle_v_Skin-SunExposed_Lowerleg	productive	450	448	0.0863268749557499	-0.006333299287420341	0.17751722086010155	0.0673108298138809	0.41252555606528984	False
Esophagus-GastroesophagealJunction_v_Liver	productive	389	387	0.0927209825651281	-0.006985534642187742	0.19060200780084188	0.0677305144612712	0.41252555606528984	False
Stomach_v_Brain-FrontalCortex_BA9	productive	694	692	0.0693639683826442	-0.0051745925868746856	0.14313599567561608	0.0678168221559562	0.41252555606528984	False
Spleen_v_Skin-SunExposed_Lowerleg	productive	364	362	0.0957730266386782	-0.0073246725014352	0.19685606284807555	0.0679790595424155	0.41252555606528984	False
Heart-LeftVentricle_v_Spleen	productive	400	398	0.0902259056456938	-0.008095645481063417	0.1868195963242957	0.0714590892529413	0.42740872270649694	False
Brain-CerebellarHemisphere_v_SmallIntestine-TerminalIleum	productive	851	849	0.0614947778810115	-0.005796504665374783	0.1282316412119199	0.0729761058207591	0.4310296144529253	False
Brain-Anteriorcingulatecortex_BA24_v_Ovary	productive	652	650	0.070197168891956	-0.006717121040796451	0.14628576029734103	0.0732603189623412	0.4310296144529253	False
Cells-Culturedfibroblasts_v_Liver	productive	419	417	0.0874913743867821	-0.008563004733493813	0.18194592840762785	0.073617143836147	0.4310296144529253	False
Esophagus-Muscularis_v_Brain-Putamen_basalganglia	productive	514	512	0.0789701125998617	-0.007703732012133733	0.16446623171508098	0.0736451292690601	0.4310296144529253	False
Muscle-Skeletal_v_Artery-Tibial	productive	598	596	0.07293904130641	-0.007388549105706111	0.15233133418225267	0.0747008634360808	0.43500048253434936	False
Esophagus-Muscularis_v_Brain-Hypothalamus	productive	512	510	0.078479647661906	-0.008365977626140098	0.1641502404641407	0.0760319578670501	0.43969511530676336	False
Brain-Cerebellum_v_Ovary	productive	718	716	0.0662012876545077	-0.007080390287875038	0.13877569942196866	0.0762697511373397	0.43969511530676336	False
Testis_v_MinorSalivaryGland	productive	797	795	0.0626527500641537	-0.006889713284873931	0.13159210478922861	0.0771073219947949	0.44068150208647333	False
Brain-Hypothalamus_v_Skin-NotSunExposed_Suprapubic	productive	757	755	0.0642674881672638	-0.007095034660753179	0.13497871653520216	0.0772052588217412	0.44068150208647333	False
Brain-Cortex_v_Uterus	productive	670	668	0.0681979257221972	-0.007674196776118754	0.14328932305674846	0.0777290411135408	0.44148563745769726	False
Vagina_v_Brain-Anteriorcingulatecortex_BA24	productive	674	672	0.0675973527022075	-0.008049185845526777	0.14247460554876148	0.079485677605379	0.4460905344836002	False
Artery-Aorta_v_Spleen	productive	424	422	-0.0850086986621323	-0.17896145977178096	0.010480471456394417	0.0803887651709969	0.4460905344836002	False
Spleen_v_Nerve-Tibial	productive	359	357	0.0923368595414093	-0.011497924872713712	0.19420153485065464	0.0806084480713395	0.4460905344836002	False
Artery-Aorta_v_Skin-NotSunExposed_Suprapubic	productive	378	376	-0.0899447439288611	-0.18929424320202595	0.011227648627449993	0.0807283655500284	0.4460905344836002	False
Heart-LeftVentricle_v_Liver	productive	356	354	0.092649247201186	-0.01162573990220879	0.19493083851387732	0.0808611636661513	0.4460905344836002	False
Artery-Aorta_v_Muscle-Skeletal	productive	592	590	0.0717084118620515	-0.009030711443426176	0.15151860844757528	0.0812815534193976	0.4462744337741211	False
Testis_v_Artery-Tibial	productive	790	788	0.0619001952238199	-0.007952458414562144	0.1311516734284209	0.0820809134565847	0.44795222968923437	False
Vagina_v_Pituitary	productive	304	302	0.0996945593967024	-0.013223199395738183	0.21010159687582647	0.0826701701456473	0.44795222968923437	False
Testis_v_Muscle-Skeletal	productive	805	803	0.061182608378935	-0.008014177749067833	0.1297962407618601	0.0827704043410069	0.44795222968923437	False
Brain-Cortex_v_Vagina	productive	687	685	0.0661563455719321	-0.008769709830896259	0.14034369913142844	0.0831411770628761	0.44795222968923437	False
Brain-Cortex_v_Cells-Culturedfibroblasts	productive	831	829	0.0600449274541443	-0.008057403080965255	0.12759282538125838	0.0836526268736418	0.44861152923399533	False
Pituitary_v_Liver	productive	455	453	0.0804408741066388	-0.011722371520383837	0.17124890494835493	0.0865432444811341	0.4564500680634576	False
Brain-Cortex_v_Kidney-Cortex	productive	657	655	0.0668861323914359	-0.009739873556525598	0.14273119972758175	0.0866978013060687	0.4564500680634576	False
Prostate_v_Cells-EBV-transformedlymphocytes	productive	611	609	-0.0690086023531389	-0.147613676333596	0.010462770310696253	0.0883208782511363	0.45871158839441506	False
Esophagus-Muscularis_v_Brain-Cerebellum	productive	730	728	0.0629523653806614	-0.009726992995804026	0.134970090901956	0.0891966738582075	0.45979710402838087	False
Brain-Anteriorcingulatecortex_BA24_v_Thyroid	productive	696	694	0.0644476485945586	-0.009992713066527239	0.13817761965188352	0.0893274512596334	0.45979710402838087	False
Brain-CerebellarHemisphere_v_Heart-LeftVentricle	productive	774	772	0.0608220684950566	-0.009754084097080026	0.13079525843982096	0.0908457995328432	0.46444998954814476	False
Brain-Hypothalamus_v_Artery-Tibial	productive	611	609	0.0683816752317116	-0.011090887372674748	0.1469957721789319	0.0912572882149647	0.46444998954814476	False
Vagina_v_Brain-Hypothalamus	productive	590	588	0.0694930174236581	-0.011388277926046186	0.14947088899858155	0.0917112663537319	0.46444998954814476	False
Pancreas_v_Artery-Tibial	productive	405	403	0.0835822245416897	-0.014146074116219955	0.17972875621872278	0.092995988661123	0.4650394611713194	False
Brain-Caudate_basalganglia_v_Colon-Sigmoid	productive	509	507	0.0741267488837826	-0.01298693776426685	0.16012365686516966	0.0948080398491135	0.46885774643398276	False
Spleen_v_Liver	productive	319	317	-0.0935978884653994	-0.2015718729557159	0.01662361271348603	0.0951541306726383	0.46885774643398276	False
Brain-Nucleusaccumbens_basalganglia_v_Vagina	productive	627	625	0.0661040716961145	-0.012345782631783589	0.1437451213319963	0.0981783084697115	0.4764329531265367	False
Esophagus-Mucosa_v_Ovary	productive	372	370	0.0858622154868303	-0.016143971301056128	0.1860995093262153	0.0982226414888225	0.4764329531265367	False
Heart-AtrialAppendage_v_Brain-Hypothalamus	productive	521	519	0.0724951570780905	-0.013605546537768048	0.15752871305783148	0.0983443563262062	0.4764329531265367	False
Heart-LeftVentricle_v_Brain-Anteriorcingulatecortex_BA24	productive	534	532	0.071420601569001	-0.013620334282971651	0.1554357436452026	0.0992179126952033	0.47865377965510214	False
Testis_v_Adipose-Subcutaneous	productive	859	857	0.0558650184754059	-0.011118734765625993	0.1223496366194306	0.1017925333894259	0.4849867396611903	False
Brain-CerebellarHemisphere_v_Artery-Coronary	productive	797	795	-0.0579058716535191	-0.12689772156936804	0.01164355237545599	0.1023519747117202	0.4856453779531415	False
Brain-Putamen_basalganglia_v_Colon-Sigmoid	productive	516	514	0.0717303546977929	-0.014790924650989856	0.15718544512871452	0.1036212164790434	0.48965271557515183	False
Brain-Caudate_basalganglia_v_Muscle-Skeletal	productive	782	780	0.0580554465916568	-0.012160740521105006	0.12770189539931143	0.1047500006394664	0.4916159874427913	False
Artery-Aorta_v_Pancreas	productive	364	362	0.0851332809570477	-0.018000942976059676	0.18647492222397252	0.1048894474509338	0.4916159874427913	False
Pituitary_v_SmallIntestine-TerminalIleum	productive	378	376	0.0833308242327774	-0.017861242143961148	0.18283306736139499	0.1057520428516448	0.4936522486151679	False
Testis_v_Brain-CerebellarHemisphere	productive	1264	1262	0.0451672797130952	-0.010023606791502625	0.10008381220907613	0.1084822192303994	0.5043548337606876	False
Esophagus-GastroesophagealJunction_v_Muscle-Skeletal	productive	530	528	0.0685395855939281	-0.01682877848816757	0.15291589877624187	0.1150193502299271	0.5226754208091178	False
Brain-Cortex_v_Skin-SunExposed_Lowerleg	productive	848	846	0.054068092845667	-0.01335240368100317	0.1209991911330274	0.1156458727549112	0.5226754208091178	False
Brain-Nucleusaccumbens_basalganglia_v_Muscle-Skeletal	productive	740	738	0.0577158160815224	-0.014475258109224336	0.1293083065386486	0.1167193560427964	0.5226754208091178	False
SmallIntestine-TerminalIleum_v_Muscle-Skeletal	productive	655	653	0.0612823164954174	-0.015469706794869696	0.13731638465615256	0.1171442612921422	0.5226754208091178	False
Muscle-Skeletal_v_Colon-Transverse	productive	592	590	0.0643514101560286	-0.016400542746075497	0.14426932202304005	0.1178059328817717	0.5226754208091178	False
Brain-Nucleusaccumbens_basalganglia_v_Brain-Spinalcord_cervicalc-1	productive	319	317	0.0871093044048282	-0.023130778925351366	0.1952564460579114	0.1205026710248585	0.5226754208091178	False
Esophagus-Muscularis_v_Brain-Hippocampus	productive	520	518	0.0681336370208022	-0.018057773086236815	0.15331986281149232	0.1207219037859251	0.5226754208091178	False
Brain-Nucleusaccumbens_basalganglia_v_Thyroid	productive	657	655	0.0605433917661438	-0.016091938000802594	0.1364715520953946	0.1210656513879792	0.5226754208091178	False
Brain-Amygdala_v_Lung	productive	680	678	0.0595067318037043	-0.01581575119285508	0.13415763691206617	0.121077970414211	0.5226754208091178	False
Prostate_v_Brain-Cerebellum	productive	714	712	0.0580082767296562	-0.015491488008342352	0.13088451384648578	0.1214743748769046	0.5226754208091178	False
Uterus_v_WholeBlood	productive	613	611	0.0624206775521045	-0.016930328388103433	0.14099030568349888	0.1226332294471943	0.5226754208091178	False
Testis_v_Adipose-Visceral_Omentum	productive	808	806	0.0542966893585534	-0.014779330695402267	0.12285690497363735	0.1230370932801713	0.5226754208091178	False
Thyroid_v_Brain-Hippocampus	productive	596	594	0.0631423162834559	-0.017338087352577806	0.14280978340176065	0.1236088592707611	0.5226754208091178	False
AdrenalGland_v_Skin-SunExposed_Lowerleg	productive	412	410	0.0759662519766148	-0.020937749571652113	0.1714562072769199	0.1236854553850257	0.5226754208091178	False
Brain-CerebellarHemisphere_v_Ovary	productive	740	738	0.0565484105392572	-0.015643815909349847	0.12815412151517047	0.1243147269362001	0.5226754208091178	False
Heart-AtrialAppendage_v_Skin-NotSunExposed_Suprapubic	productive	453	451	0.0721637365466257	-0.02022164427450574	0.16332720337750117	0.1251096709755976	0.5226754208091178	False
Pituitary_v_Brain-Hippocampus	productive	457	455	0.07184139596745	-0.020136181997233292	0.16261314771210353	0.1251355481043044	0.5226754208091178	False
Vagina_v_Liver	productive	299	297	0.0887796921637058	-0.02512550811214994	0.20040925533776519	0.1255865524361398	0.5226754208091178	False
Kidney-Cortex_v_Brain-FrontalCortex_BA9	productive	689	687	0.0583469115415092	-0.01648068337297781	0.13252458054061952	0.1260019359736366	0.5226754208091178	False
Colon-Transverse_v_Brain-FrontalCortex_BA9	productive	725	723	0.0566422036785508	-0.016296449790403067	0.1289812096587328	0.1275762171574724	0.5245896410159862	False
Esophagus-Mucosa_v_Brain-Cerebellum	productive	838	836	0.0526408266467738	-0.015183624460854415	0.11998307275719097	0.1278488197098804	0.5245896410159862	False
Liver_v_Colon-Sigmoid	productive	413	411	0.0747865983767474	-0.02200092578451392	0.1701852851624617	0.1291752085912841	0.5251871148518016	False
Cells-Culturedfibroblasts_v_Colon-Sigmoid	productive	321	319	0.084842987011747	-0.025054244768295944	0.19271405211855638	0.1292936154592513	0.5251871148518016	False
Brain-Caudate_basalganglia_v_Skin-SunExposed_Lowerleg	productive	758	756	0.0549434583390519	-0.016383892804731532	0.12571443106828487	0.1307024621453155	0.5287717152756097	False
Thyroid_v_Brain-FrontalCortex_BA9	productive	777	775	0.0539133801306059	-0.01653341106587611	0.1238275516953101	0.1332280885871264	0.537095557973728	False
Cells-Culturedfibroblasts_v_Brain-Putamen_basalganglia	productive	701	699	0.0566651018187663	-0.017517597949940185	0.130227361146766	0.1339216006271187	0.537095557973728	False
Brain-Nucleusaccumbens_basalganglia_v_Colon-Sigmoid	productive	569	567	0.0628716475895677	-0.019507642796514797	0.14440303179756708	0.1341574333880604	0.537095557973728	False
Esophagus-Mucosa_v_Muscle-Skeletal	productive	661	659	0.0579957959189532	-0.018408542987031394	0.13372672256488133	0.1363560191303787	0.5418118272905105	False
Brain-Cerebellum_v_Colon-Sigmoid	productive	733	731	0.0550200508151398	-0.017518936903782863	0.1269828728976648	0.1366990827894762	0.5418118272905105	False
Brain-Cerebellum_v_Heart-LeftVentricle	productive	745	743	0.0545383308259947	-0.017411765117919146	0.1259264955833242	0.1369582661501599	0.5418118272905105	False
Brain-Amygdala_v_Adipose-Subcutaneous	productive	644	642	-0.0585181014865854	-0.13523168319974987	0.018892884848210705	0.1379656955886596	0.5418118272905105	False
Esophagus-Muscularis_v_Brain-CerebellarHemisphere	productive	721	719	0.0552855206208203	-0.017857227658056397	0.12783969025722947	0.138059888302745	0.5418118272905105	False
Esophagus-Muscularis_v_Brain-Amygdala	productive	541	539	0.0638041419267436	-0.020692113522063484	0.14739539694761927	0.1383072132292649	0.5418118272905105	False
Brain-Cortex_v_Thyroid	productive	714	712	0.0554630463194692	-0.0180389186710534	0.12836875605339268	0.1387241608240509	0.5418118272905105	False
Esophagus-Muscularis_v_Liver	productive	397	395	0.074369095323031	-0.02436651170882766	0.17166784974260255	0.1390947969453522	0.5418118272905105	False
Brain-CerebellarHemisphere_v_Skin-NotSunExposed_Suprapubic	productive	936	934	0.048230145103468	-0.0159347013085959	0.11199938053003462	0.1403618071194157	0.5449062747767216	False
Brain-CerebellarHemisphere_v_Brain-Hippocampus	productive	431	429	-0.0708891146504474	-0.1643610908650024	0.023844641678167845	0.1417592348602931	0.5484845563554294	False
Esophagus-GastroesophagealJunction_v_Brain-Cerebellum	productive	689	687	0.0559249269874681	-0.018904667947791953	0.130131488207183	0.1425270630405655	0.5486754588631726	False
Esophagus-Mucosa_v_Brain-Hippocampus	productive	669	667	0.0566397008432532	-0.01930516365863789	0.1319347184062711	0.1433516387618946	0.5486754588631726	False
Brain-Nucleusaccumbens_basalganglia_v_SmallIntestine-TerminalIleum	productive	716	714	0.0546663736460543	-0.018732927431363643	0.12747960098594935	0.1439305190637273	0.5486754588631726	False
Brain-Cortex_v_Esophagus-Muscularis	productive	620	618	0.0581344754033539	-0.020768731930003503	0.13631799539354542	0.1482224771524378	0.5548718057037688	False
AdrenalGland_v_Brain-Hypothalamus	productive	543	541	0.0616273391328383	-0.02271402176832305	0.14509767877072377	0.1515390211207874	0.5587345635982046	False
Prostate_v_Brain-Anteriorcingulatecortex_BA24	productive	575	573	0.0597771572193792	-0.02217124183704866	0.1409276506278373	0.1522677701246043	0.5587345635982046	False
AdrenalGland_v_Brain-Anteriorcingulatecortex_BA24	productive	634	632	0.0568015998522863	-0.021221850472718226	0.13413734942866537	0.1531310686010691	0.5587345635982046	False
Esophagus-Mucosa_v_Brain-Caudate_basalganglia	productive	716	714	0.0533792882437425	-0.02002074643085441	0.12620700812069205	0.15362193325661	0.5587573786904458	False
WholeBlood_v_Brain-FrontalCortex_BA9	productive	889	887	0.0478110916064292	-0.018034368929236783	0.11324362623760996	0.1543453771367947	0.5596233328261769	False
Muscle-Skeletal_v_Breast-MammaryTissue	productive	578	576	0.0590163592301992	-0.02271835863221126	0.13996738298608144	0.1564790460694093	0.563923971844226	False
Lung_v_Cells-EBV-transformedlymphocytes	productive	517	515	-0.0622754140992067	-0.147799646829753	0.02417326503128487	0.1573792725390722	0.563923971844226	False
Muscle-Skeletal_v_Adipose-Subcutaneous	productive	530	528	0.061263493258704	-0.024112458455236588	0.1457522899764676	0.1590171956381411	0.5676372339652529	False
Artery-Coronary_v_Brain-Hypothalamus	productive	530	528	0.0610824449109183	-0.024293608330489363	0.14557395511922938	0.1602549094843614	0.568535109647596	False
Brain-Cortex_v_Colon-Transverse	productive	673	671	0.0541214785990758	-0.021597669171783115	0.12922327887913276	0.1607807448446564	0.568650916582481	False
Uterus_v_Spleen	productive	312	310	0.0792312617109969	-0.03226441829809148	0.1887792336341222	0.1626899885892747	0.5720959252892381	False
Brain-Spinalcord_cervicalc-1_v_Brain-Cerebellum	productive	578	576	0.0581073570082255	-0.023627826697110797	0.139070876428072	0.1629704855096875	0.5720959252892381	False
Kidney-Cortex_v_Brain-Anteriorcingulatecortex_BA24	productive	600	598	0.0566797123823841	-0.02353551237472459	0.13616979218904832	0.1655688417089704	0.5784874984558875	False
Ovary_v_Brain-FrontalCortex_BA9	productive	715	713	0.0513961967565967	-0.022056145634936682	0.12429665789604694	0.1698112331669448	0.5880397693175187	False
Brain-Caudate_basalganglia_v_Adipose-Visceral_Omentum	productive	585	583	-0.0562380499323008	-0.13674279307631876	0.025004668624350638	0.1743422348849232	0.5955342464893936	False
Brain-Cortex_v_Artery-Tibial	productive	740	738	0.0499872460486296	-0.022208691063496523	0.12166453828024698	0.1743524582125071	0.5955342464893936	False
Brain-Anteriorcingulatecortex_BA24_v_Artery-Tibial	productive	666	664	0.0526364600778431	-0.023481929112529706	0.1281480780668346	0.1748521510383451	0.5955342464893936	False
Brain-Nucleusaccumbens_basalganglia_v_Esophagus-Mucosa	productive	723	721	0.0504040030607712	-0.022639301139883994	0.12291204531190034	0.1757964862083484	0.5955342464893936	False
Uterus_v_Liver	productive	494	492	0.0609459382365363	-0.027505529099387253	0.14845045690979902	0.1762419540013075	0.5955342464893936	False
Muscle-Skeletal_v_Nerve-Tibial	productive	559	557	0.05722901353609	-0.025891615816039246	0.1395637508284945	0.1766458909795079	0.5955342464893936	False
Artery-Aorta_v_Skin-SunExposed_Lowerleg	productive	376	374	-0.0692206454991929	-0.16929046264001488	0.03226185829727577	0.1804482802896311	0.6029354237260475	False
Vagina_v_Testis	productive	843	841	0.0461392334926444	-0.02148583981526878	0.11334403144544317	0.1807814337362225	0.6029354237260475	False
Brain-CerebellarHemisphere_v_Colon-Sigmoid	productive	725	723	0.0495264862098722	-0.023415701441418597	0.12194415943014321	0.1828411503274175	0.6029354237260475	False
Brain-Amygdala_v_Skin-SunExposed_Lowerleg	productive	735	733	0.0491670849890715	-0.023275154973549903	0.12109569642204056	0.1830246299255131	0.6029354237260475	False
Esophagus-Mucosa_v_Brain-Putamen_basalganglia	productive	693	691	0.0502570434083218	-0.02435741474536546	0.12431467740312872	0.1863486736835459	0.605685703753162	False
Artery-Aorta_v_Brain-Hypothalamus	productive	575	573	0.054770622319902	-0.02717946293208466	0.1359894196527827	0.1896956580221575	0.605685703753162	False
Brain-Hypothalamus_v_Nerve-Tibial	productive	505	503	0.0583807356795065	-0.0290965660562463	0.14497058584041678	0.1902600756792182	0.605685703753162	False
Brain-CerebellarHemisphere_v_Prostate	productive	731	729	0.0484186728873375	-0.024222357910105085	0.12055110551178308	0.1910012377185123	0.605685703753162	False
Pancreas_v_Brain-Hypothalamus	productive	645	643	0.0513564599117424	-0.025997055066501736	0.12809863017268341	0.1927038264729048	0.605685703753162	False
Liver_v_Artery-Tibial	productive	515	513	0.057476690988748	-0.029142133985702076	0.14323874192803893	0.1928271843503136	0.605685703753162	False
Brain-CerebellarHemisphere_v_Muscle-Skeletal	productive	778	776	0.0466915269719179	-0.023712398183216653	0.11663460432536885	0.1932700738586182	0.605685703753162	False
Thyroid_v_Skin-NotSunExposed_Suprapubic	productive	287	285	0.0770118237545075	-0.039289928376160306	0.19125490482240948	0.1932919866599801	0.605685703753162	False
Brain-Cortex_v_Esophagus-GastroesophagealJunction	productive	628	626	0.0519502445634244	-0.0264482127919904	0.1297135559796399	0.1935482780835896	0.605685703753162	False
Esophagus-Muscularis_v_Pituitary	productive	356	354	0.0688970914492477	-0.035420837112917256	0.17172981098052664	0.194659588592387	0.605685703753162	False
Brain-Nucleusaccumbens_basalganglia_v_Skin-SunExposed_Lowerleg	productive	818	816	0.0452465490028603	-0.023407932517918183	0.11347626629007132	0.1960919487976235	0.605685703753162	False
Brain-Cortex_v_SmallIntestine-TerminalIleum	productive	780	778	0.0463040573938851	-0.024009187374329638	0.11616144302162916	0.1964191684267937	0.605685703753162	False
Testis_v_Uterus	productive	891	889	0.0433032061951716	-0.02246882513573097	0.10870200779381191	0.1965734680999319	0.605685703753162	False
Thyroid_v_Brain-Hypothalamus	productive	604	602	0.0525339526375265	-0.0274145085763289	0.13181461192729693	0.1972896673993371	0.605685703753162	False
Brain-Amygdala_v_Skin-NotSunExposed_Suprapubic	productive	696	694	0.0488428880437465	-0.025609881012451863	0.12275679745327564	0.1980887280455029	0.605685703753162	False
Esophagus-Muscularis_v_Brain-FrontalCortex_BA9	productive	648	646	0.0502787668787181	-0.026894577904619594	0.12685633597052678	0.2011697996624398	0.6120020554374488	False
Heart-LeftVentricle_v_WholeBlood	productive	508	506	0.0565847865117959	-0.030632157570194874	0.1429465753872863	0.202934709316349	0.6157466311625011	False
Brain-Substantianigra_v_Prostate	productive	501	499	-0.0567871625069775	-0.14374468589862635	0.031040566229709476	0.2044703559924981	0.6187777439877961	False
Adipose-Visceral_Omentum_v_Liver	productive	304	302	0.0727665664939577	-0.04020280209214386	0.18389910283910296	0.2058069687574529	0.6211922381605843	False
Brain-Caudate_basalganglia_v_Brain-Cerebellum	productive	270	268	0.0771102454104117	-0.042836163101194986	0.19486536746337568	0.2065699580655217	0.6218672627925497	False
Brain-Amygdala_v_WholeBlood	productive	783	781	0.0449271612923877	-0.025250577575396473	0.11466426440410278	0.2091944095557242	0.6261361999842638	False
Kidney-Cortex_v_Skin-NotSunExposed_Suprapubic	productive	327	325	0.0694747459065953	-0.03941092777167803	0.1767298217492841	0.2101965161952899	0.6261361999842638	False
Cells-Culturedfibroblasts_v_Brain-FrontalCortex_BA9	productive	877	875	0.0423229526300284	-0.02397360800720606	0.1082488906741818	0.2105213169180428	0.6261361999842638	False
Brain-Nucleusaccumbens_basalganglia_v_Breast-MammaryTissue	productive	660	658	0.048782241011579	-0.02768288862586658	0.12467980288300821	0.2107127157436978	0.6261361999842638	False
Brain-Nucleusaccumbens_basalganglia_v_Brain-CerebellarHemisphere	productive	307	305	0.0713647181260011	-0.041045364234281914	0.1819908046132553	0.2124340015954836	0.6280420611271605	False
Brain-Caudate_basalganglia_v_Breast-MammaryTissue	productive	612	610	0.0502677639816795	-0.02915347287350441	0.1290582918715317	0.2143108737703994	0.6297701736487069	False
Brain-Nucleusaccumbens_basalganglia_v_Colon-Transverse	productive	617	615	0.050025340937736	-0.029071851698413424	0.12849994882765783	0.2146571363780935	0.6297701736487069	False
Brain-Amygdala_v_Spleen	productive	686	684	0.0473361039937083	-0.027659373036085916	0.12180168897575154	0.2156265159480202	0.6310085606296124	False
Liver_v_Nerve-Tibial	productive	456	454	0.0578896127901608	-0.0341965105310225	0.14900107041717764	0.2172678193633521	0.6324472482113345	False
Brain-Putamen_basalganglia_v_Lung	productive	683	681	0.0472203485572623	-0.027940307652782374	0.12185008231237977	0.2177637099218558	0.6324472482113345	False
Pancreas_v_Brain-Caudate_basalganglia	productive	658	656	0.0477765569619909	-0.028804890006437135	0.12380041929792217	0.2209863141981349	0.6385895244873421	False
Brain-Spinalcord_cervicalc-1_v_Uterus	productive	587	585	-0.0502889245957007	-0.13073398988911422	0.03081400757380282	0.2237652053591138	0.6418726248764133	False
Brain-Substantianigra_v_Colon-Transverse	productive	551	549	0.0517225550612318	-0.032001805748729205	0.13472610411621253	0.2254519354147602	0.6418726248764133	False
Pituitary_v_Skin-NotSunExposed_Suprapubic	productive	479	477	0.0554489798471078	-0.034384353872790756	0.14439348596113213	0.2257721980045644	0.6418726248764133	False
Brain-Putamen_basalganglia_v_Thyroid	productive	597	595	0.0496418279658887	-0.030775437432501693	0.1294205568580877	0.2258446433528215	0.6418726248764133	False
Prostate_v_WholeBlood	productive	527	525	0.0527412204100523	-0.032878885669275076	0.13759285829987913	0.2267707318958798	0.6418726248764133	False
Brain-CerebellarHemisphere_v_Colon-Transverse	productive	769	767	0.0436315773153666	-0.02718407742013964	0.11401148302470919	0.2268365283050497	0.6418726248764133	False
Cells-Culturedfibroblasts_v_Artery-Coronary	productive	260	258	0.0751790060349594	-0.04707587661351004	0.1952148479443909	0.2270109226179111	0.6418726248764133	False
Brain-Amygdala_v_Cells-EBV-transformedlymphocytes	productive	966	964	0.0388189673141851	-0.024339454071392153	0.10166874039833414	0.2280463433288492	0.6418726248764133	False
Brain-CerebellarHemisphere_v_Uterus	productive	709	707	0.0453072647334937	-0.028456073837846728	0.11857983978519367	0.22824611986065	0.6418726248764133	False
Brain-Caudate_basalganglia_v_Ovary	productive	540	538	0.0518240657503258	-0.032753203059361136	0.1356643879235282	0.2292473868888851	0.6420205730279065	False
Pancreas_v_Cells-Culturedfibroblasts	productive	413	411	-0.0592679826909227	-0.1549597078003235	0.03752553290528629	0.2294123816890698	0.6420205730279065	False
Brain-Substantianigra_v_Pituitary	productive	491	489	0.0542402312604551	-0.03448144037788779	0.14211366355406388	0.2302546472473113	0.6428174534531476	False
Cells-EBV-transformedlymphocytes_v_Colon-Sigmoid	productive	621	619	0.0480184208634641	-0.03082160440027244	0.12626463206144078	0.232129483209774	0.6459873936401112	False
Vagina_v_Brain-Putamen_basalganglia	productive	598	596	0.0488374431998134	-0.03151182353774667	0.12855954661437938	0.2330709069855041	0.6459873936401112	False
Brain-CerebellarHemisphere_v_WholeBlood	productive	919	917	0.0392583510339822	-0.025499912512674448	0.10368850698378623	0.2344569855246411	0.6478423588325168	False
Brain-Cerebellum_v_Spleen	productive	843	841	0.0409578306448056	-0.02666645715776719	0.10820895563339736	0.2348639254050235	0.6478423588325168	False
Brain-CerebellarHemisphere_v_Spleen	productive	842	840	0.0405853872404175	-0.02707901498475703	0.10787957495013674	0.2394306929472232	0.6560981829976983	False
Lung_v_Brain-FrontalCortex_BA9	productive	830	828	0.0408667695194276	-0.02728675769858845	0.10864212734226292	0.2395640373304692	0.6560981829976983	False
MinorSalivaryGland_v_Brain-Putamen_basalganglia	productive	649	647	0.0460780595952945	-0.03103399167278187	0.12264484299620465	0.2411085880540958	0.6583551152630849	False
Kidney-Cortex_v_Spleen	productive	254	252	-0.0737494463186427	-0.19522502478313863	0.04995472454464226	0.2415301073341586	0.6583551152630849	False
Esophagus-Mucosa_v_Brain-Anteriorcingulatecortex_BA24	productive	790	788	0.0415536291174253	-0.02831018563931521	0.11101344937488249	0.2433720068358874	0.6584135477265269	False
AdrenalGland_v_Cells-EBV-transformedlymphocytes	productive	561	559	0.0492807182116524	-0.033688828289018515	0.1315756514982403	0.2438813527133358	0.6584135477265269	False
Cells-Culturedfibroblasts_v_Brain-Hippocampus	productive	694	692	0.0442658986461196	-0.030292943139449066	0.1183348640133233	0.2441792119072911	0.6584135477265269	False
Brain-FrontalCortex_BA9_v_Cells-EBV-transformedlymphocytes	productive	1087	1085	0.035250721868794	-0.024278051292840882	0.09453039673738235	0.2455488512770222	0.6584135477265269	False
Testis_v_Breast-MammaryTissue	productive	837	835	0.0397785548297947	-0.02808789870341007	0.10727997312300441	0.2503224174386182	0.6662902320035825	False
Brain-Amygdala_v_Thyroid	productive	615	613	0.0463408906512401	-0.03288340576164694	0.12498647736581765	0.2511769962383285	0.6662902320035825	False
Brain-Cerebellum_v_Colon-Transverse	productive	733	731	0.042414139083532	-0.030125420427116006	0.11450926848559842	0.251433046653007	0.6662902320035825	False
Adipose-Subcutaneous_v_Brain-FrontalCortex_BA9	productive	799	797	-0.040575851518851	-0.10965312990836586	0.028891484803276628	0.2519536349987528	0.6662902320035825	False
Brain-Anteriorcingulatecortex_BA24_v_Spleen	productive	801	799	0.0401675475654881	-0.029212468128004144	0.10916238869868135	0.2561647944732035	0.6727972848009195	False
SmallIntestine-TerminalIleum_v_Cells-EBV-transformedlymphocytes	productive	496	494	0.0508699759230968	-0.03739805304960707	0.13835035913925192	0.2581384742742131	0.6746809753485027	False
Cells-Culturedfibroblasts_v_Thyroid	productive	312	310	-0.0641305641749338	-0.17404181696157836	0.047358884106356865	0.2587342770816908	0.6746809753485027	False
Vagina_v_Cells-Culturedfibroblasts	productive	312	310	0.0641295593769768	-0.047359887210178565	0.1740408350955976	0.2587417539833218	0.6746809753485027	False
Heart-AtrialAppendage_v_Muscle-Skeletal	productive	387	385	0.0574770676858625	-0.04253539733396994	0.15634904900187085	0.2593274686982724	0.6746809753485027	False
Brain-Caudate_basalganglia_v_Skin-NotSunExposed_Suprapubic	productive	722	720	0.0417209711799349	-0.03137062302229637	0.11436872111377437	0.2628885223967408	0.6758896782900952	False
Brain-Nucleusaccumbens_basalganglia_v_AdrenalGland	productive	599	597	0.0457797433874818	-0.0344998434197743	0.12547233094070173	0.2632760668039363	0.6758896782900952	False
Pituitary_v_Artery-Tibial	productive	511	509	0.0495666977109197	-0.037387949203535276	0.13577637747662807	0.2633901718575908	0.6758896782900952	False
AdrenalGland_v_Artery-Tibial	productive	374	372	0.057876199836437	-0.04387230390562092	0.1584363623103805	0.2642244914034866	0.6758896782900952	False
Stomach_v_Cells-EBV-transformedlymphocytes	productive	483	481	-0.0508092840333086	-0.13945576135201332	0.03864509546082569	0.2650752431583267	0.6758896782900952	False
Brain-Cerebellum_v_Brain-Amygdala	productive	333	331	-0.0611391266102827	-0.16761209981281985	0.04674367828255542	0.2659102688719149	0.6758896782900952	False
AdrenalGland_v_Brain-Substantianigra	productive	521	519	-0.0488044096218609	-0.13419597467908703	0.03730660174575654	0.2661517304800386	0.6758896782900952	False
AdrenalGland_v_Spleen	productive	247	245	0.0709393884443298	-0.05451873685699085	0.194192530524859	0.2667214255177739	0.6758896782900952	False
Brain-Nucleusaccumbens_basalganglia_v_MinorSalivaryGland	productive	715	713	0.0413955552736212	-0.03205400658107369	0.11440041467184067	0.2689720323880555	0.6786099635523589	False
Brain-CerebellarHemisphere_v_Esophagus-Mucosa	productive	924	922	0.0362527732404179	-0.0283279765417298	0.10053214119390078	0.2709580016971775	0.6797039122721033	False
Brain-CerebellarHemisphere_v_Brain-Anteriorcingulatecortex_BA24	productive	281	279	-0.0658585916993166	-0.18159567095012127	0.05167808827318599	0.2712166681811633	0.6797039122721033	False
Artery-Aorta_v_Brain-Anteriorcingulatecortex_BA24	productive	643	641	0.0434479505701895	-0.034022475696945394	0.12039937071702438	0.271286446759623	0.6797039122721033	False
Thyroid_v_Artery-Tibial	productive	338	336	0.0598730346839938	-0.04720036523499161	0.16558614506314592	0.2723531721333146	0.6797039122721033	False
Esophagus-Muscularis_v_Brain-Substantianigra	productive	472	470	0.0503816037981732	-0.04011430621786847	0.14005770716169752	0.2746748366888496	0.6825471727199085	False
Brain-Hippocampus_v_Artery-Tibial	productive	624	622	0.0433765103472314	-0.03526925177516121	0.12148832984823392	0.2793051601068761	0.69107049271079	False
Colon-Transverse_v_Liver	productive	273	271	0.0653269750357025	-0.05393426974570747	0.18275068720644566	0.2821171798110646	0.6950451032524733	False
Pancreas_v_Brain-Putamen_basalganglia	productive	651	649	0.0419300635088709	-0.0350594536082247	0.118424833734398	0.2854091708147963	0.6954499257978592	False
Brain-CerebellarHemisphere_v_Liver	productive	915	913	0.0353164269390382	-0.029581372917857795	0.09991772999100511	0.2859004898770037	0.6954499257978592	False
Esophagus-Muscularis_v_WholeBlood	productive	558	556	0.0451055160664361	-0.0380835723871921	0.12767370226502253	0.2874937804761448	0.6978533239768315	False
Adipose-Visceral_Omentum_v_Cells-EBV-transformedlymphocytes	productive	518	516	-0.0467301647520581	-0.13239587985031787	0.039628480696076135	0.2884304285491937	0.6986560590697906	False
Brain-Substantianigra_v_Kidney-Cortex	productive	513	511	-0.046861101788237	-0.13294018047694384	0.03991962300339778	0.289429659144755	0.6996067022932966	False
Brain-Hypothalamus_v_Colon-Sigmoid	productive	511	509	0.0466397702499454	-0.040311128321094104	0.13288959391194735	0.2926632147875516	0.7044690744259853	False
WholeBlood_v_Colon-Sigmoid	productive	568	566	-0.0440896060004088	-0.1259422883073479	0.03835932743639434	0.2941910395914918	0.7061905448866301	False
Testis_v_Pituitary	productive	686	684	0.0400727545948648	-0.034917612573831	0.11461439540361947	0.2946033409284207	0.7061905448866301	False
Prostate_v_Brain-Hippocampus	productive	506	504	-0.0464239161773564	-0.13310040601122516	0.04095731252422241	0.2972913833207381	0.7111555289809358	False
Stomach_v_Brain-Cerebellum	productive	692	690	0.0395308785864842	-0.035131892391501315	0.11375482211086047	0.2990741026444015	0.7139387998943993	False
Testis_v_Brain-Hypothalamus	productive	834	832	0.035685484925787	-0.032300155134414366	0.10334242133801294	0.3033174059344098	0.7195987017332809	False
Testis_v_AdrenalGland	productive	686	684	0.0391977804241801	-0.03579156977178763	0.11374818687057965	0.3052809190668883	0.7220519356825897	False
Brain-Putamen_basalganglia_v_Ovary	productive	589	587	0.0421741364577477	-0.03878273077526494	0.12258096156500194	0.3068670224401054	0.7220519356825897	False
Testis_v_Heart-LeftVentricle	productive	705	703	0.0384890039389278	-0.03547854092418561	0.11203715359300527	0.3074826543106258	0.7220519356825897	False
Brain-Amygdala_v_Colon-Sigmoid	productive	543	541	0.0435423942217204	-0.040790798945296955	0.12725958883823232	0.3111639469807475	0.7237185104782237	False
Brain-Substantianigra_v_Artery-Tibial	productive	588	586	0.0418071930162318	-0.039218237274156936	0.12228643053749269	0.3115113574507912	0.7237185104782237	False
Brain-Cerebellum_v_Muscle-Skeletal	productive	743	741	0.0371424770116809	-0.034900801857518614	0.10880172501969546	0.3119805800960206	0.7237185104782237	False
Brain-Spinalcord_cervicalc-1_v_Kidney-Cortex	productive	561	559	-0.0426970662049727	-0.12507434414423022	0.04026487638774498	0.3127332287399061	0.7237185104782237	False
Kidney-Cortex_v_Skin-SunExposed_Lowerleg	productive	367	365	0.0527239360695339	-0.049986825842868225	0.15433115997370492	0.3137904123994921	0.7237185104782237	False
Testis_v_Brain-Putamen_basalganglia	productive	802	800	0.0355935124039199	-0.03373913330904758	0.1045852117918469	0.3140592470259309	0.7237185104782237	False
Brain-Spinalcord_cervicalc-1_v_Prostate	productive	526	524	0.0439685452693256	-0.04172350346490016	0.1290184581830981	0.31417860981507	0.7237185104782237	False
Brain-CerebellarHemisphere_v_Adipose-Visceral_Omentum	productive	793	791	0.0357721585280464	-0.03395420750071453	0.10515197811852639	0.314374150993618	0.7237185104782237	False
Spleen_v_Cells-EBV-transformedlymphocytes	productive	395	393	0.0506310887366615	-0.048344416456870765	0.14862195874904713	0.3155098264451193	0.7243596753498948	False
Brain-Nucleusaccumbens_basalganglia_v_Pituitary	productive	446	444	-0.0475859950244702	-0.13987233649691852	0.045519958956162995	0.316004264267994	0.7243596753498948	False
Pituitary_v_Colon-Transverse	productive	326	324	0.0554873494023841	-0.053543565222323106	0.16321081985064265	0.3179053535853718	0.7272715727855826	False
Brain-Amygdala_v_Pituitary	productive	479	477	0.0453405276837503	-0.04447995509359801	0.13443384904593814	0.3220555898126921	0.7324337596761493	False
Pancreas_v_Brain-CerebellarHemisphere	productive	791	789	0.0352331160944085	-0.03458099053958946	0.10470502829179434	0.3223394474077786	0.7324337596761493	False
MinorSalivaryGland_v_Cells-EBV-transformedlymphocytes	productive	555	553	-0.0420535117090622	-0.1248814756276442	0.04135655063375205	0.322702818660437	0.7324337596761493	False
Brain-Substantianigra_v_WholeBlood	productive	765	763	0.0357502608475123	-0.03524457936611829	0.10638608289926778	0.3233965396874869	0.7325662284080008	False
Pancreas_v_Brain-FrontalCortex_BA9	productive	821	819	0.0344120476581842	-0.034109939504726766	0.10261202487837681	0.3247217564490412	0.7339989113564938	False
Heart-LeftVentricle_v_Lung	productive	324	322	0.0548163385012445	-0.054551118477506245	0.16288413067677535	0.325302206160597	0.7339989113564938	False
Esophagus-Mucosa_v_WholeBlood	productive	431	429	0.0473749305880474	-0.04734573192370214	0.1412511801995723	0.3264823560302112	0.7352229619195967	False
Brain-Anteriorcingulatecortex_BA24_v_WholeBlood	productive	840	838	0.0337760482995108	-0.03396361508110928	0.10120679909816435	0.328200889054422	0.7368845219475041	False
Cells-Culturedfibroblasts_v_Skin-NotSunExposed_Suprapubic	productive	372	370	-0.0508007491659897	-0.1517605265192877	0.05120810821542843	0.3284983905299368	0.7368845219475041	False
Brain-Cortex_v_Artery-Aorta	productive	700	698	0.0366285494546387	-0.0376011468351849	0.11045624231403857	0.3331976601983391	0.7426411014369109	False
Artery-Aorta_v_Brain-Spinalcord_cervicalc-1	productive	560	558	0.0407007912219948	-0.04233212320084065	0.12317533435873657	0.3363496749594451	0.7426411014369109	False
Cells-Culturedfibroblasts_v_Cells-EBV-transformedlymphocytes	productive	486	484	0.0436567859929646	-0.045507924782175906	0.13213138113927078	0.3368482684771153	0.7426411014369109	False
Nerve-Tibial_v_Brain-Hippocampus	productive	475	473	-0.0440174264218798	-0.13350250480202036	0.046179585892700464	0.3384289930140848	0.7444399546230479	False
Esophagus-Muscularis_v_Testis	productive	795	793	0.0338897546501716	-0.0357463064953695	0.10319831033352367	0.3399229670377371	0.7444399546230479	False
Brain-Putamen_basalganglia_v_Artery-Tibial	productive	616	614	0.0384651386434465	-0.04068487935238185	0.11713542090659046	0.3405427959517432	0.7444399546230479	False
Brain-Nucleusaccumbens_basalganglia_v_Liver	productive	678	676	0.0365800763684011	-0.0388483146675275	0.11159395969199519	0.3415796887252937	0.7444399546230479	False
Brain-Nucleusaccumbens_basalganglia_v_Artery-Coronary	productive	589	587	0.0392054305682618	-0.04174665881102261	0.11964613469206485	0.3421970303124158	0.7444399546230479	False
Brain-Hypothalamus_v_SmallIntestine-TerminalIleum	productive	691	689	-0.0359429330593056	-0.11025542757165191	0.03876919124776598	0.3454652031305716	0.7501344241234444	False
Ovary_v_Cells-EBV-transformedlymphocytes	productive	603	601	-0.0383251019896838	-0.11783843314993747	0.04167653340989277	0.347471083495891	0.7530717279525608	False
Heart-AtrialAppendage_v_Brain-Spinalcord_cervicalc-1	productive	544	542	0.0402425087380155	-0.04400684798582818	0.12392351993241811	0.3488465027800456	0.7537811952212892	False
Spleen_v_Skin-NotSunExposed_Suprapubic	productive	345	343	0.0505430386495055	-0.05540743010785488	0.15536794500617088	0.3492801297118754	0.7537811952212892	False
Cells-Culturedfibroblasts_v_Skin-SunExposed_Lowerleg	productive	403	401	-0.0466913624342956	-0.14377381685055862	0.05128123490477802	0.3498289857279514	0.7537811952212892	False
Brain-Putamen_basalganglia_v_Skin-SunExposed_Lowerleg	productive	741	739	0.0340232859765575	-0.038113253233155266	0.10580705584011352	0.3550372772610072	0.7611450718830624	False
Brain-CerebellarHemisphere_v_Breast-MammaryTissue	productive	826	824	0.0318851496145989	-0.036425327783258965	0.09989904474689645	0.3600703516344277	0.7611450718830624	False
Heart-AtrialAppendage_v_Cells-EBV-transformedlymphocytes	productive	676	674	0.035202936599824	-0.04033507797374607	0.11034084789962097	0.3607874057747355	0.7611450718830624	False
Brain-Hypothalamus_v_Ovary	productive	564	562	0.0383801664281734	-0.04435206769062764	0.12058955522756994	0.3629324781030733	0.7622484300499424	False
Brain-Substantianigra_v_Liver	productive	608	606	-0.0369594855662748	-0.11616066842233284	0.04270875058067569	0.3629439619231729	0.7622484300499424	False
Pancreas_v_WholeBlood	productive	474	472	0.0417543105051812	-0.04853296637291204	0.131364765535965	0.3643797824280133	0.7629712824426719	False
Esophagus-Mucosa_v_Brain-Hypothalamus	productive	701	699	0.0342236532962382	-0.039949153632587955	0.10802135519779262	0.3655887034778341	0.7629712824426719	False
Uterus_v_Brain-Hypothalamus	productive	605	603	0.0368247988261445	-0.04304117907390578	0.11622311394254038	0.3658873543063016	0.7629712824426719	False
Esophagus-Muscularis_v_Brain-Caudate_basalganglia	productive	520	518	0.0396634625501712	-0.04651513988220154	0.12525600809327536	0.3667144801608644	0.763216237591113	False
Lung_v_WholeBlood	productive	380	378	0.0463272879733732	-0.054582651818599254	0.14630049110112647	0.3678044696067314	0.7638402168530811	False
Brain-Substantianigra_v_Brain-Cerebellum	productive	395	393	0.0453837150660592	-0.05357782346629475	0.1434624446216169	0.3683392546143218	0.7638402168530811	False
Artery-Aorta_v_Brain-Cerebellum	productive	792	790	0.0318257904768244	-0.037939470763108996	0.10128230558813085	0.3710709575769032	0.7681235441403401	False
Pancreas_v_Brain-Anteriorcingulatecortex_BA24	productive	729	727	0.032879726024361	-0.039848049550962175	0.10526096090787339	0.3753649169960731	0.7728495523151291	False
Brain-Spinalcord_cervicalc-1_v_Stomach	productive	506	504	0.0392862220068463	-0.04808063412585525	0.12605651168547657	0.3778435414342069	0.7752457269915701	False
Brain-Amygdala_v_Colon-Transverse	productive	591	589	0.0361547913444956	-0.04465369008771762	0.11649322260524482	0.3802874437377705	0.7757130347432888	False
WholeBlood_v_Skin-NotSunExposed_Suprapubic	productive	516	514	0.0386913706050995	-0.04781970833593737	0.12462629871574328	0.3804345235264592	0.7757130347432888	False
Esophagus-Mucosa_v_Spleen	productive	313	311	0.0497074120847236	-0.06156085871677062	0.15975534867726662	0.3807923483648755	0.7757130347432888	False
Brain-Nucleusaccumbens_basalganglia_v_Nerve-Tibial	productive	551	549	-0.0371442120068101	-0.12032983367118646	0.04655938986459293	0.38417974750854	0.7778524767453692	False
Artery-Aorta_v_Thyroid	productive	317	315	0.0490035682129694	-0.06155278537295138	0.15837202790712085	0.3845411203337905	0.7778524767453692	False
Kidney-Cortex_v_Brain-Hypothalamus	productive	547	545	0.0371239284550457	-0.04688631112418936	0.12061268153179051	0.3861786913159909	0.7784336207820587	False
Brain-Cerebellum_v_Pituitary	productive	545	543	0.0368726804679188	-0.04729156434684396	0.12051706100998508	0.3902758785125636	0.7841409314405948	False
Kidney-Cortex_v_Cells-EBV-transformedlymphocytes	productive	626	624	-0.0342955968313227	-0.11237973137067479	0.044209497010863956	0.3916590326084593	0.7851432139935192	False
Esophagus-Mucosa_v_Artery-Tibial	productive	397	395	0.043056087280084	-0.05564704209074494	0.14092582383620786	0.3922311285865282	0.7851432139935192	False
Testis_v_Brain-Substantianigra	productive	786	784	-0.0304289861847505	-0.10016101658023811	0.03960050730022456	0.3942489204485487	0.7866732152843524	False
Brain-Amygdala_v_Artery-Coronary	productive	534	532	-0.036792980968263	-0.12129343617495944	0.04823691083666634	0.3961465816500145	0.7866732152843524	False
Esophagus-Muscularis_v_Cells-Culturedfibroblasts	productive	363	361	0.0445781917760533	-0.058675248024228785	0.14688792319442223	0.3970952706563897	0.7866732152843524	False
Heart-LeftVentricle_v_Ovary	productive	356	354	0.0449006336910738	-0.05937017323300993	0.14820220673706258	0.3983174306844251	0.7866732152843524	False
Brain-Anteriorcingulatecortex_BA24_v_Breast-MammaryTissue	productive	673	671	0.0325944358140702	-0.04310740606752714	0.10792413646435664	0.3985435516918216	0.7866732152843524	False
Brain-CerebellarHemisphere_v_Adipose-Subcutaneous	productive	892	890	0.0282031450171841	-0.03751990527355848	0.09368325463608199	0.4001733156007799	0.7866732152843524	False
Brain-Amygdala_v_Nerve-Tibial	productive	469	467	-0.0387464432960247	-0.12887285516987765	0.05201481241230774	0.402489145991444	0.7866732152843524	False
Brain-Nucleusaccumbens_basalganglia_v_Esophagus-GastroesophagealJunction	productive	558	556	0.0354700959646958	-0.04770079052812749	0.11815252845070275	0.4030088124972045	0.7866732152843524	False
Cells-Culturedfibroblasts_v_Brain-Amygdala	productive	731	729	0.030970867983921	-0.04165362418345894	0.10326981201883785	0.4030832923558335	0.7866732152843524	False
Brain-Caudate_basalganglia_v_Adipose-Subcutaneous	productive	653	651	-0.0327617984418363	-0.10923268177090918	0.0440945989758832	0.4032612706074293	0.7866732152843524	False
SmallIntestine-TerminalIleum_v_Artery-Tibial	productive	342	340	0.0451890353658545	-0.06120851823809913	0.15057116030855486	0.4048121142347168	0.7866732152843524	False
Artery-Aorta_v_Kidney-Cortex	productive	343	341	-0.045007612265735	-0.15023986063648626	0.06123304391175806	0.4060126319048218	0.7866732152843524	False
Brain-CerebellarHemisphere_v_Cells-EBV-transformedlymphocytes	productive	993	991	0.0263524294867464	-0.03592855445517976	0.08842950317841476	0.4068140129190538	0.7866732152843524	False
Esophagus-GastroesophagealJunction_v_Brain-FrontalCortex_BA9	productive	656	654	0.032425264290434	-0.044253916888747656	0.10872463337501628	0.4070330386395899	0.7866732152843524	False
Brain-Cortex_v_Artery-Coronary	productive	646	644	0.0326685648025883	-0.04460424425123851	0.1095527873459707	0.4071413406540168	0.7866732152843524	False
Brain-Amygdala_v_Liver	productive	648	646	0.0326052899529919	-0.04454765975017187	0.10937160282309988	0.4073234254334418	0.7866732152843524	False
Brain-CerebellarHemisphere_v_Skin-SunExposed_Lowerleg	productive	957	955	0.0265620795521569	-0.0368823022752477	0.08979319489832295	0.4117716610471253	0.7926088901291077	False
Cells-Culturedfibroblasts_v_Adipose-Subcutaneous	productive	240	238	0.0531260925222991	-0.07409096215063334	0.17864173887905227	0.4126108473069357	0.7929005115748281	False
Pancreas_v_Nerve-Tibial	productive	343	341	0.0442068841375995	-0.062030430735979955	0.14945369671145625	0.4144238958242801	0.7948788907113341	False
Brain-Anteriorcingulatecortex_BA24_v_Liver	productive	724	722	0.0300450416437597	-0.042928856685592605	0.10270005931137906	0.4195427700268206	0.8022103048771545	False
Esophagus-Mucosa_v_Brain-Amygdala	productive	702	700	0.0302825143986395	-0.043829764878892175	0.10406331628427021	0.4230751114413716	0.8076251713442076	False
Brain-Nucleusaccumbens_basalganglia_v_Artery-Tibial	productive	650	648	0.0313715422866405	-0.045659481629428095	0.10803169012576512	0.4245933904344342	0.808176137457335	False
Skin-SunExposed_Lowerleg_v_Brain-Hippocampus	productive	737	735	0.0293170941795139	-0.043007091076673123	0.10133560996301712	0.426780556448466	0.808176137457335	False
Testis_v_Kidney-Cortex	productive	776	774	0.0285669180007594	-0.041910129100940025	0.09876108871981161	0.4268103662355267	0.808176137457335	False
Brain-Amygdala_v_Kidney-Cortex	productive	553	551	0.033845060555996	-0.049698104988965874	0.11691790650768233	0.4270059733634709	0.808176137457335	False
Brain-CerebellarHemisphere_v_Pituitary	productive	605	603	0.032345164515498	-0.047510810671249994	0.11179030349833821	0.4271090911027749	0.808176137457335	False
Pancreas_v_Cells-EBV-transformedlymphocytes	productive	478	476	0.0362895196593768	-0.053602030703055296	0.12559763389499734	0.4286004296335489	0.808176137457335	False
Prostate_v_Spleen	productive	237	235	-0.0514718114347723	-0.17781847706549386	0.07654432984749723	0.4302686839294426	0.808176137457335	False
Brain-Cortex_v_Spleen	productive	805	803	0.0276254120275353	-0.04156553227595206	0.09655265610851453	0.433783308300201	0.808176137457335	False
WholeBlood_v_Breast-MammaryTissue	productive	506	504	0.0348003842250185	-0.052554022897781986	0.12162625569968892	0.4347343487142702	0.808176137457335	False
Brain-Substantianigra_v_Esophagus-GastroesophagealJunction	productive	482	480	0.0356094243769134	-0.05390463600265354	0.12455572430014572	0.435388183673159	0.808176137457335	False
Artery-Coronary_v_Skin-SunExposed_Lowerleg	productive	350	348	-0.041734517213889	-0.14597074375576183	0.06341818642187114	0.4363760298381429	0.808176137457335	False
Pituitary_v_Skin-SunExposed_Lowerleg	productive	532	530	0.0338120977537036	-0.05136992807808092	0.11850569905158298	0.4364107961054863	0.808176137457335	False
Cells-Culturedfibroblasts_v_Heart-LeftVentricle	productive	489	487	0.035215645327423	-0.05365155026451305	0.12352939604091671	0.4371683664857542	0.808176137457335	False
Pituitary_v_Brain-Hypothalamus	productive	405	403	-0.0386531206950012	-0.13562219676303644	0.05904946058278529	0.4378879201349368	0.808176137457335	False
Brain-Spinalcord_cervicalc-1_v_SmallIntestine-TerminalIleum	productive	636	634	-0.0307155678843746	-0.10821971357852023	0.04715970518295366	0.4393591802853041	0.8092350397267661	False
Vagina_v_Brain-Cerebellum	productive	760	758	0.0279097666199165	-0.043305854545851216	0.0988431918033835	0.4423075578059185	0.8120710416404842	False
Testis_v_Nerve-Tibial	productive	842	840	0.0263762408623255	-0.041271421969063964	0.0937831889986894	0.4446517933219088	0.8141352618712864	False
Brain-CerebellarHemisphere_v_Lung	productive	935	933	-0.0249716989409703	-0.08895192515211317	0.03921375278969906	0.4456564477334693	0.8141352618712864	False
Brain-Cerebellum_v_Uterus	productive	685	683	0.0291630096472447	-0.04586337634937029	0.1038622343065374	0.4460378661923909	0.8141352618712864	False
Testis_v_Cells-EBV-transformedlymphocytes	productive	780	778	-0.0273109160095444	-0.09733498942799945	0.04298221831280913	0.4462562753709046	0.8141352618712864	False
Brain-Cerebellum_v_WholeBlood	productive	1008	1006	0.0239725314024882	-0.037838815319271045	0.08560113372761595	0.4470937101479066	0.8143744830972137	False
AdrenalGland_v_Brain-Putamen_basalganglia	productive	546	544	0.0325370908225027	-0.051538079041190926	0.11615429585287135	0.4480074593161318	0.8147517359487381	False
Brain-Anteriorcingulatecortex_BA24_v_Lung	productive	767	765	0.027190687999386	-0.043696877734728946	0.0978058335250372	0.4520807844569069	0.8170153185433464	False
Brain-Putamen_basalganglia_v_Colon-Transverse	productive	580	578	-0.0312824953230887	-0.11242968779335405	0.050279189264933834	0.4520865335912012	0.8170153185433464	False
Brain-CerebellarHemisphere_v_Brain-Spinalcord_cervicalc-1	productive	631	629	0.0296552370569491	-0.04852619246168986	0.10747549814062635	0.4571078726646268	0.8207114658293977	False
Testis_v_Esophagus-GastroesophagealJunction	productive	763	761	0.0269472764137243	-0.04412579719025151	0.09774895055908887	0.4573215424794606	0.8207114658293977	False
Pancreas_v_Brain-Amygdala	productive	658	656	0.0289434281099185	-0.047610629389529445	0.10515945312026391	0.4585804949659113	0.8207415341909527	False
Brain-Cortex_v_Liver	productive	805	803	0.0260886677244642	-0.043099204565983665	0.09502749865676147	0.4597995820099997	0.8207415341909527	False
Brain-Hypothalamus_v_Liver	productive	641	639	0.0291228114591389	-0.048443171433229966	0.10633964192591175	0.4617016837944814	0.8207415341909527	False
Brain-Nucleusaccumbens_basalganglia_v_Pancreas	productive	679	677	0.0282815914996803	-0.047074348539228525	0.10331744481059564	0.4618886129122832	0.8207415341909527	False
Vagina_v_Brain-Spinalcord_cervicalc-1	productive	539	537	0.0316995234138343	-0.05291918479590969	0.11586624440679347	0.4626903705326273	0.8207415341909527	False
Liver_v_Cells-EBV-transformedlymphocytes	productive	511	509	-0.0323961995699775	-0.1188256528758675	0.05452049613414907	0.4649474490892165	0.8209562156200101	False
Breast-MammaryTissue_v_Brain-Hippocampus	productive	581	579	0.0301687812989397	-0.051319239148715716	0.11125774127087834	0.4679701619188054	0.8250299643614414	False
Brain-Cortex_v_Nerve-Tibial	productive	616	614	0.0285850285540723	-0.05054244736637648	0.10735587563284427	0.4788425091840947	0.8377927360990307	False
Brain-Anteriorcingulatecortex_BA24_v_Nerve-Tibial	productive	556	554	0.0299980733770423	-0.05330723843925218	0.11288872476082407	0.4802434157263081	0.8388653980384623	False
Prostate_v_Brain-Hypothalamus	productive	524	522	0.0308573748787902	-0.054965390407657126	0.11622754351233008	0.4809106921972451	0.8388653980384623	False
Vagina_v_Spleen	productive	268	266	0.0430432429444439	-0.07723142360015309	0.16208308043457875	0.4828788397685922	0.841026136334119	False
Brain-Substantianigra_v_Skin-SunExposed_Lowerleg	productive	733	731	0.0257182844111724	-0.04679535643390031	0.0979622874071567	0.4869156948016441	0.8428431841203972	False
AdrenalGland_v_Brain-Amygdala	productive	564	562	0.0292884367618089	-0.05341977123884722	0.1115975322608899	0.487577106511973	0.8428431841203972	False
Esophagus-GastroesophagealJunction_v_WholeBlood	productive	550	548	0.0295687776664861	-0.05418978717648678	0.11291414855982675	0.4889229137079393	0.8437142112648969	False
Stomach_v_Brain-Anteriorcingulatecortex_BA24	productive	614	612	0.0278858276684792	-0.05136875478900951	0.10679136366533308	0.4903767882749665	0.8438872192254274	False
Heart-LeftVentricle_v_Cells-EBV-transformedlymphocytes	productive	636	634	0.0272301332126378	-0.0506358042951025	0.10476702382340625	0.4930322196102755	0.8459317696587019	False
Prostate_v_Brain-FrontalCortex_BA9	productive	655	653	0.0267010215677283	-0.050022637702166105	0.10311138890841376	0.4951284600267044	0.847326072800549	False
Artery-Aorta_v_Brain-FrontalCortex_BA9	productive	705	703	0.025722493591533	-0.048220712738428324	0.09938530054066151	0.495314634056869	0.847326072800549	False
Artery-Aorta_v_Cells-EBV-transformedlymphocytes	productive	644	642	-0.0267528735100947	-0.10381168055628306	0.05062519872057309	0.4979529328151426	0.8497172530139612	False
Brain-Putamen_basalganglia_v_Skin-NotSunExposed_Suprapubic	productive	686	684	0.0257457583500454	-0.0492171173549087	0.10042020308552078	0.500817206718943	0.8516847188007983	False
Artery-Aorta_v_Brain-Hippocampus	productive	570	568	0.028151208731151	-0.05411548921901737	0.11003831999643489	0.5023744243396306	0.8530746852188426	False
Brain-CerebellarHemisphere_v_Kidney-Cortex	productive	819	817	0.0233869420941018	-0.0451998180290758	0.09175425512140657	0.5039033024936797	0.85360673069163	False
Brain-Nucleusaccumbens_basalganglia_v_Uterus	productive	620	618	0.0268747225892199	-0.051991307527551975	0.10540761075991842	0.5041684159592368	0.85360673069163	False
Spleen_v_Colon-Sigmoid	productive	348	346	0.035815375043228	-0.06961127937803527	0.14045082954580324	0.5054513782617152	0.8545241043046299	False
Brain-Caudate_basalganglia_v_Nerve-Tibial	productive	478	476	0.0304627163722865	-0.059407993211539264	0.11984357437399426	0.5064194592630611	0.854907227716412	False
Artery-Coronary_v_Liver	productive	364	362	0.0347841081454026	-0.06828262943815946	0.13711621834445312	0.5082557340195235	0.8562696732255393	False
Brain-Spinalcord_cervicalc-1_v_MinorSalivaryGland	productive	630	628	0.0263664479420533	-0.051867875885277664	0.10427911769040502	0.5088732580000904	0.8562696732255393	False
Brain-Anteriorcingulatecortex_BA24_v_Adipose-Visceral_Omentum	productive	649	647	0.0258143691136947	-0.051261520188692414	0.10258456070817241	0.511518514607155	0.8562696732255393	False
Skin-NotSunExposed_Suprapubic_v_Artery-Tibial	productive	370	368	0.0342335903502937	-0.0679872417173845	0.13574314658803865	0.5115278205153888	0.8562696732255393	False
Brain-Caudate_basalganglia_v_Colon-Transverse	productive	594	592	0.0267547318797721	-0.05382338806718652	0.10698666862443401	0.5151676053613399	0.8608525347559781	False
Brain-CerebellarHemisphere_v_Brain-Caudate_basalganglia	productive	368	366	0.0337349606259341	-0.06876193870294099	0.13552711856051564	0.5188424511421995	0.8644874944609191	False
Brain-FrontalCortex_BA9_v_Artery-Tibial	productive	735	733	0.0236577711254854	-0.04875162453756761	0.09581979476229299	0.5219248921517307	0.8647359195845755	False
Brain-CerebellarHemisphere_v_Nerve-Tibial	productive	772	770	-0.0230291093886704	-0.09344722120696906	0.04761825693285907	0.5228820422147996	0.8647359195845755	False
Brain-Cortex_v_Lung	productive	777	775	0.0229285667021296	-0.0474903725620996	0.0931207214846889	0.5233550114842579	0.8647359195845755	False
Brain-Cerebellum_v_Adipose-Subcutaneous	productive	872	870	0.0216121065566928	-0.04484940786531307	0.08788315208896909	0.5238924291405579	0.8647359195845755	False
Brain-Cortex_v_AdrenalGland	productive	689	687	0.0243158753186381	-0.05047922185131261	0.09883973778980067	0.5239958312652558	0.8647359195845755	False
Testis_v_Skin-SunExposed_Lowerleg	productive	883	881	0.021437506032521	-0.044607549440891334	0.08729598545483302	0.5246506354991427	0.8647359195845755	False
Esophagus-Muscularis_v_Brain-Nucleusaccumbens_basalganglia	productive	581	579	0.0263525000618231	-0.05512336959147961	0.10747975212881684	0.5261191581618914	0.8647359195845755	False
Artery-Coronary_v_Brain-FrontalCortex_BA9	productive	656	654	0.0247633758265608	-0.0518959716847689	0.10113259528948246	0.5266426400804556	0.8647359195845755	False
Skin-NotSunExposed_Suprapubic_v_Brain-Hippocampus	productive	683	681	0.024252784273504	-0.05087074834712474	0.09910340746050911	0.526889814373003	0.8647359195845755	False
Testis_v_Brain-Caudate_basalganglia	productive	843	841	0.0218046691112599	-0.04579304423208247	0.08920360319839056	0.5272414149765452	0.8647359195845755	False
Brain-Cortex_v_Stomach	productive	689	687	0.0240545013654657	-0.05073984304261099	0.0985805249196255	0.5284677284259656	0.8655160381749123	False
Brain-Substantianigra_v_Adipose-Subcutaneous	productive	628	626	-0.0250185622885084	-0.10306730976691106	0.05333637913276852	0.5314380945575661	0.866205752243669	False
Ovary_v_Liver	productive	458	456	-0.0292971273731687	-0.12061962821778927	0.06251709100750531	0.5317040972446161	0.866205752243669	False
Heart-AtrialAppendage_v_Spleen	productive	510	508	0.0277500099121159	-0.05923524804980503	0.11431702763599821	0.531796390245111	0.866205752243669	False
Brain-Amygdala_v_Breast-MammaryTissue	productive	596	594	0.0256554576108359	-0.05478332404459729	0.10576338503838688	0.5318939051071272	0.866205752243669	False
Kidney-Cortex_v_Artery-Tibial	productive	435	433	-0.0298070561425143	-0.12350191900310364	0.06441455290771274	0.5352417007465731	0.8690172621919314	False
Brain-Caudate_basalganglia_v_Cells-EBV-transformedlymphocytes	productive	950	948	-0.0201091774427938	-0.08361292797728527	0.04355724395520554	0.5358814166682249	0.8690172621919314	False
Ovary_v_Spleen	productive	381	379	0.0316173244516009	-0.06909671368823987	0.13169337878257337	0.5383753852303974	0.8706293694648616	False
Brain-CerebellarHemisphere_v_Artery-Tibial	productive	795	793	0.0218517093984778	-0.047761046419347586	0.09125322305351959	0.5384033529324757	0.8706293694648616	False
Brain-Substantianigra_v_Artery-Coronary	productive	494	492	0.0276436005510324	-0.060743312548153565	0.11560036967901202	0.5398959229552264	0.8706293694648616	False
SmallIntestine-TerminalIleum_v_WholeBlood	productive	485	483	0.0276523360247448	-0.06155367352250601	0.11642007400354296	0.5435030126443023	0.8729299126886425	False
Pancreas_v_Brain-Spinalcord_cervicalc-1	productive	604	602	0.0246936362607899	-0.05520594154719415	0.10427897693165557	0.5447032431927276	0.8729299126886425	False
Testis_v_Thyroid	productive	841	839	0.0208945524683326	-0.046781455747180956	0.08837962146272185	0.5451080113927342	0.8729299126886425	False
Vagina_v_Brain-Caudate_basalganglia	productive	599	597	0.0244501897585434	-0.05578222029762948	0.10436885972296785	0.5503438709115576	0.8773461449120573	False
Brain-Substantianigra_v_Cells-EBV-transformedlymphocytes	productive	906	904	-0.0198011092873988	-0.0848292479479841	0.04539499204673967	0.5516792954757096	0.8773461449120573	False
Brain-Cerebellum_v_Kidney-Cortex	productive	766	764	-0.0214943510103889	-0.09219872852142477	0.049425686841722424	0.5525188495203597	0.8773461449120573	False
MinorSalivaryGland_v_Brain-Caudate_basalganglia	productive	661	659	0.0231319749258469	-0.05323110619965205	0.09922608246874168	0.5527294879953923	0.8773461449120573	False
Brain-Substantianigra_v_Brain-CerebellarHemisphere	productive	482	480	-0.0270574076805892	-0.11610743587728053	0.06242414138238228	0.553450260933632	0.8773461449120573	False
Esophagus-Muscularis_v_Spleen	productive	360	358	0.0312942605218814	-0.07232669118595561	0.1342468604466078	0.5539531600138575	0.8773461449120573	False
Brain-Caudate_basalganglia_v_Spleen	productive	704	702	0.0221432385030374	-0.05184251323354534	0.0958872444344509	0.5575030275035018	0.8792061877146846	False
Artery-Coronary_v_Brain-Hippocampus	productive	531	529	-0.0251515723865258	-0.11001969364942954	0.06008064691876277	0.5630586693073978	0.8792061877146846	False
Cells-Culturedfibroblasts_v_Lung	productive	324	322	0.0322293494442531	-0.07702951310973188	0.14072332866541265	0.5632395804789339	0.8792061877146846	False
Brain-Cerebellum_v_Brain-FrontalCortex_BA9	productive	257	255	-0.0361397030543351	-0.1578438476646252	0.08664596318227097	0.5641234075838308	0.8792061877146846	False
Brain-Spinalcord_cervicalc-1_v_WholeBlood	productive	775	773	-0.020738253146183	-0.09103670584992046	0.04976585925958422	0.5643052034803209	0.8792061877146846	False
Adipose-Subcutaneous_v_Liver	productive	431	429	0.0277989043462121	-0.06685081376993622	0.12195277178954399	0.564915686102174	0.8792061877146846	False
Brain-Nucleusaccumbens_basalganglia_v_Skin-NotSunExposed_Suprapubic	productive	775	773	0.0207026491179983	-0.049801364348498696	0.09100135581432227	0.5649743068232196	0.8792061877146846	False
Brain-Caudate_basalganglia_v_Artery-Coronary	productive	540	538	0.0247850008167512	-0.05973041282099176	0.10894760445606178	0.565490812782742	0.8792061877146846	False
Brain-Hypothalamus_v_WholeBlood	productive	811	809	0.0202068900182779	-0.048710110197119766	0.08893239800043998	0.5655455139917444	0.8792061877146846	False
Vagina_v_Cells-EBV-transformedlymphocytes	productive	500	498	0.0257468028086668	-0.06209846755103639	0.11319623590716138	0.5657172560644479	0.8792061877146846	False
Brain-Putamen_basalganglia_v_WholeBlood	productive	793	791	0.0204160803796109	-0.049280784934783155	0.0899150778566904	0.565917067083471	0.8792061877146846	False
Pancreas_v_Brain-Hippocampus	productive	644	642	0.0225907031075623	-0.054774374543078805	0.09968615884637437	0.5671546072633586	0.8792061877146846	False
Brain-Nucleusaccumbens_basalganglia_v_Adipose-Visceral_Omentum	productive	627	625	-0.0228665013601673	-0.10099658149973297	0.05554389535553904	0.5676549030306894	0.8792061877146846	False
Cells-Culturedfibroblasts_v_Heart-AtrialAppendage	productive	425	423	0.0277674905524762	-0.06755028564362621	0.12258297645044432	0.5680907284019429	0.8792061877146846	False
Brain-Cerebellum_v_SmallIntestine-TerminalIleum	productive	871	869	0.0191638383794682	-0.04733004572258683	0.08548862793433745	0.5721986222913265	0.8843766910213129	False
Pancreas_v_Spleen	productive	277	275	0.0335505420714909	-0.08467270353420679	0.15084227461220764	0.5781945815877589	0.8881391883969858	False
Brain-Substantianigra_v_Breast-MammaryTissue	productive	532	530	-0.0241415838178253	-0.10894045195290436	0.06100611276984729	0.5784844149923125	0.8881391883969858	False
Brain-Putamen_basalganglia_v_Pituitary	productive	464	462	-0.0257184859529286	-0.11649258785479222	0.06548172479616311	0.5805440127796626	0.8889339266068406	False
Brain-Spinalcord_cervicalc-1_v_Heart-LeftVentricle	productive	515	513	0.0242040335386555	-0.062341959199911735	0.11038874170159278	0.5836764302554454	0.8903043403694684	False
Brain-Caudate_basalganglia_v_SmallIntestine-TerminalIleum	productive	659	657	0.0213472237499375	-0.05512604486501649	0.09757150783735584	0.5843605628454378	0.8903043403694684	False
Esophagus-GastroesophagealJunction_v_Cells-EBV-transformedlymphocytes	productive	614	612	0.0218907925610277	-0.05734388464915783	0.10085142246010995	0.5882374188213413	0.891915792898635	False
Brain-Caudate_basalganglia_v_Lung	productive	676	674	0.020802981002184	-0.05469860053443985	0.09606802888147445	0.5892418999504757	0.891915792898635	False
Brain-Cerebellum_v_Adipose-Visceral_Omentum	productive	800	798	0.0191134442057703	-0.050273635576528065	0.08831689805478696	0.5893254203432037	0.891915792898635	False
Adipose-Visceral_Omentum_v_Brain-Hippocampus	productive	538	536	0.0231443813667328	-0.06152166906490831	0.10747973708503089	0.5921983507263937	0.8928764471011407	False
Pituitary_v_WholeBlood	productive	670	668	-0.0207186375861026	-0.09632031216899158	0.05512072306897636	0.5924115195423874	0.8928764471011407	False
Uterus_v_Brain-FrontalCortex_BA9	productive	751	749	0.0194059164293757	-0.05221424549506515	0.09082747236519273	0.5954387022646757	0.8950988575113051	False
Brain-Caudate_basalganglia_v_WholeBlood	productive	828	826	0.0184288626877197	-0.049770873658112516	0.08645753812984955	0.596434941909404	0.8954290208613839	False
Brain-Hypothalamus_v_Cells-EBV-transformedlymphocytes	productive	970	968	-0.0168929244752439	-0.07975745328382108	0.04610544675156586	0.5992452180176805	0.8955358328831795	False
Spleen_v_Adipose-Subcutaneous	productive	305	303	-0.0301760258636215	-0.1420274064523547	0.08243623215224227	0.5996128907075582	0.8955358328831795	False
Brain-Spinalcord_cervicalc-1_v_Skin-SunExposed_Lowerleg	productive	728	726	0.0194200222093554	-0.05332500301261134	0.09196001416078843	0.6008839456338451	0.8959927737265067	False
Artery-Coronary_v_WholeBlood	productive	520	518	0.0227860779650679	-0.06333539108987635	0.10857068973748393	0.6041656773224742	0.8959927737265067	False
Skin-SunExposed_Lowerleg_v_Cells-EBV-transformedlymphocytes	productive	656	654	-0.0202434460679344	-0.09665073897387387	0.05640104329509002	0.604772692402707	0.8959927737265067	False
Testis_v_Liver	productive	857	855	-0.0175898378139544	-0.08446370452916395	0.04944177634711229	0.6070960819272353	0.8973023884489394	False
Brain-Cortex_v_WholeBlood	productive	901	899	0.0169100332313927	-0.0484598881184393	0.08213571142175095	0.6122149141062552	0.8974794706416358	False
AdrenalGland_v_Brain-Caudate_basalganglia	productive	559	557	0.0214269321909553	-0.06162213823585228	0.10418134656109308	0.6131902305817076	0.8974794706416358	False
Artery-Coronary_v_Brain-Putamen_basalganglia	productive	541	539	-0.0217356833907716	-0.10585112049009907	0.06268860658074257	0.6139456523858727	0.8974794706416358	False
Artery-Aorta_v_Brain-Nucleusaccumbens_basalganglia	productive	610	608	0.0204527790120269	-0.059036441175878335	0.09968426617196796	0.6141468363714229	0.8974794706416358	False
Brain-Putamen_basalganglia_v_Cells-EBV-transformedlymphocytes	productive	943	941	-0.0162707975660072	-0.0800319102832294	0.04762292259092548	0.6177660473157345	0.8976394769645507	False
Pancreas_v_Skin-SunExposed_Lowerleg	productive	341	339	0.0270426303917143	-0.07941069275409537	0.13288610783353938	0.6187437273170788	0.8976394769645507	False
Brain-Nucleusaccumbens_basalganglia_v_Cells-Culturedfibroblasts	productive	755	753	-0.0180706288562434	-0.08931234772945426	0.05335505446260715	0.6200713640373754	0.8976394769645507	False
Brain-Substantianigra_v_MinorSalivaryGland	productive	604	602	0.0201799687360082	-0.059702940808462626	0.09980605368278132	0.6206182956520421	0.8976394769645507	False
Brain-Putamen_basalganglia_v_Nerve-Tibial	productive	485	483	0.0225121665949221	-0.06667020719489263	0.11133769157239293	0.6209090327640368	0.8976394769645507	False
Uterus_v_Kidney-Cortex	productive	286	284	0.0293335565748668	-0.08697057211784838	0.14484881956559637	0.6212996508190519	0.8976394769645507	False
Spleen_v_Artery-Tibial	productive	455	453	0.0230941788921569	-0.06899317218401996	0.114791300650524	0.6231957866427025	0.8976394769645507	False
Prostate_v_Brain-Putamen_basalganglia	productive	516	514	-0.0216057967358534	-0.10773404523337882	0.06484434688468893	0.6243771557030092	0.8976394769645507	False
Esophagus-Muscularis_v_Brain-Spinalcord_cervicalc-1	productive	520	518	-0.0213924559773672	-0.107191303570797	0.06472265598249104	0.6264675425337805	0.8995231339245938	False
Testis_v_Colon-Transverse	productive	603	601	-0.0197642818255656	-0.0994599418590943	0.06018333199568239	0.6281210839599394	0.8996566581438635	False
Artery-Aorta_v_Brain-CerebellarHemisphere	productive	791	789	0.0168633430451723	-0.05291138750600876	0.08647421379511411	0.6358133648863732	0.9085993587658991	False
Cells-Culturedfibroblasts_v_Ovary	productive	286	284	-0.0280774032049708	-0.1436157270955926	0.08821603152058562	0.636323259052648	0.9085993587658991	False
Stomach_v_WholeBlood	productive	438	436	0.0224008659251558	-0.07145825181194573	0.11586675749871939	0.6401176150578003	0.9085993587658991	False
Brain-Nucleusaccumbens_basalganglia_v_Lung	productive	732	730	0.0171791246404635	-0.05535914332740893	0.0895370027077612	0.642626465815491	0.9085993587658991	False
Testis_v_Colon-Sigmoid	productive	730	728	0.0171741550709612	-0.0554635788205736	0.08963105685775478	0.6431786566629882	0.9085993587658991	False
Skin-SunExposed_Lowerleg_v_Liver	productive	451	449	-0.0217309046984116	-0.11384910144015133	0.07075775676804882	0.6453241138625396	0.9085993587658991	False
Brain-CerebellarHemisphere_v_Brain-Putamen_basalganglia	productive	371	369	-0.0239146922558478	-0.12543982489436495	0.07810612518798345	0.6461330750195675	0.9085993587658991	False
Artery-Coronary_v_Pituitary	productive	335	333	0.0251293934371184	-0.0822629732043255	0.13194486885725445	0.646739336999063	0.9085993587658991	False
Brain-Substantianigra_v_Spleen	productive	663	661	0.017809912925799	-0.05841915382818357	0.09383249265130096	0.6471287564501713	0.9085993587658991	False
Brain-Spinalcord_cervicalc-1_v_Ovary	productive	560	558	0.0192480193128504	-0.06371719521240929	0.10194900288788905	0.6494577570445148	0.9085993587658991	False
Brain-Substantianigra_v_Skin-NotSunExposed_Suprapubic	productive	690	688	0.0173278740340751	-0.05739016221667898	0.09185287658030905	0.6495590405111377	0.9085993587658991	False
Skin-NotSunExposed_Suprapubic_v_Cells-EBV-transformedlymphocytes	productive	611	609	0.0183510079382753	-0.061064587954051314	0.09753572539737651	0.6507524930934377	0.9085993587658991	False
Spleen_v_Brain-FrontalCortex_BA9	productive	855	853	0.0154967013786912	-0.051607459582120284	0.08246155629847302	0.650913330737756	0.9085993587658991	False
Artery-Aorta_v_Brain-Putamen_basalganglia	productive	583	581	-0.0186345347599267	-0.09969455962174269	0.06267120263476757	0.6534233642669931	0.9089241139415626	False
Brain-Cortex_v_Cells-EBV-transformedlymphocytes	productive	1057	1055	0.0136747369466583	-0.04666423605669704	0.07391428170093708	0.6569837187263183	0.9103018629625855	False
Cells-Culturedfibroblasts_v_Pituitary	productive	513	511	-0.0191735453480237	-0.10557761257106223	0.06751786602981946	0.6648318842093951	0.9149743745578434	False
Uterus_v_Skin-SunExposed_Lowerleg	productive	344	342	0.0234287357414057	-0.08253138534960347	0.12886507543706924	0.6650030580047465	0.9149743745578434	False
Testis_v_Brain-Hippocampus	productive	814	812	-0.0150518328960007	-0.0836843378464435	0.053722798832637655	0.6680662509721169	0.9170004611557748	False
Brain-Spinalcord_cervicalc-1_v_Colon-Transverse	productive	569	567	-0.0179233340942264	-0.09998015358928877	0.06437564263566381	0.6696471691513615	0.9178560197057394	False
Testis_v_Brain-Anteriorcingulatecortex_BA24	productive	834	832	0.0145419140422269	-0.05340020706639082	0.08235001684851108	0.6749610260544154	0.9206008226357126	False
Brain-Spinalcord_cervicalc-1_v_Artery-Tibial	productive	608	606	0.017009123263184	-0.06259691447869659	0.09640010342228589	0.6755287291878493	0.9206008226357126	False
Brain-Spinalcord_cervicalc-1_v_Thyroid	productive	597	595	0.0170648027572792	-0.06327305040207286	0.09718291613288813	0.677328985631027	0.9206008226357126	False
Brain-Spinalcord_cervicalc-1_v_Breast-MammaryTissue	productive	553	551	-0.0177190197733828	-0.1009554865133046	0.06576377661517002	0.6775787390062595	0.9206008226357126	False
Prostate_v_Liver	productive	308	306	0.0236984811833405	-0.08830940622999381	0.13511454686313976	0.6786736333394239	0.9206008226357126	False
Testis_v_Heart-AtrialAppendage	productive	828	826	0.0143645279362363	-0.05382312665579785	0.08241883886903907	0.6798000507954068	0.9209031069962819	False
Uterus_v_Brain-Putamen_basalganglia	productive	606	604	-0.0166662630850932	-0.09619091939557281	0.06306981296682544	0.6822051397852109	0.9211887253426815	False
Brain-Putamen_basalganglia_v_Liver	productive	622	620	0.0164443142714766	-0.06225651214093039	0.0949419055243589	0.682302837331006	0.9211887253426815	False
Brain-Spinalcord_cervicalc-1_v_Skin-NotSunExposed_Suprapubic	productive	683	681	0.0155427190785728	-0.05955120950446313	0.09046171990637925	0.6851261454232571	0.9224780385035292	False
Adipose-Subcutaneous_v_Cells-EBV-transformedlymphocytes	productive	590	588	-0.0166882621117552	-0.09728316394047834	0.06412408368221659	0.6858266941993738	0.9224780385035292	False
Brain-Cerebellum_v_Brain-Putamen_basalganglia	productive	253	251	-0.0252381658303753	-0.14812445620561523	0.09841561918733518	0.6895149956801626	0.9255073224903696	False
Spleen_v_WholeBlood	productive	296	294	0.023242358764904	-0.09101863445920896	0.1368993491009847	0.690454384171123	0.925573414287649	False
Esophagus-GastroesophagealJunction_v_Brain-Amygdala	productive	545	543	-0.0170214739348753	-0.10087263743637531	0.06706980110879851	0.6917460379622704	0.925573414287649	False
WholeBlood_v_Brain-Hippocampus	productive	787	785	-0.0141107609026098	-0.0839160826985493	0.05583237718453277	0.692660615193817	0.925573414287649	False
Brain-Substantianigra_v_Stomach	productive	500	498	-0.0175441103685256	-0.1050797381551629	0.07026129206298565	0.6955411470677311	0.9260495872622332	False
WholeBlood_v_Liver	productive	473	471	0.0179876959955316	-0.07229771108753193	0.10798070641210339	0.6963864352894382	0.9261056054079843	False
Brain-Amygdala_v_Ovary	productive	560	558	0.016419699469771	-0.06653233010345519	0.0991463131319585	0.6982240444760981	0.9274796351162916	False
Artery-Aorta_v_Brain-Substantianigra	productive	544	542	0.0164295264494223	-0.06773623274803736	0.10036309569413791	0.7022066107870997	0.9304763532163941	False
Brain-Substantianigra_v_Lung	productive	632	630	-0.0151866597321277	-0.09307107544990738	0.06288247958857011	0.7031640130515212	0.9304763532163941	False
Brain-Nucleusaccumbens_basalganglia_v_Cells-EBV-transformedlymphocytes	productive	975	973	-0.0122115748312321	-0.0749396392930065	0.05061275191613005	0.7033283888087355	0.9304763532163941	False
Ovary_v_WholeBlood	productive	598	596	0.0155163506450056	-0.06474722351335115	0.09558045347047865	0.7049356590374687	0.9304763532163941	False
Cells-Culturedfibroblasts_v_Brain-Caudate_basalganglia	productive	718	716	0.0141473299460046	-0.059084990410522106	0.08722819033616955	0.7051011331957723	0.9304763532163941	False
Pancreas_v_Testis	productive	566	564	-0.0159288724093114	-0.09822039973232233	0.06657901434088787	0.705322057858741	0.9304763532163941	False
Artery-Aorta_v_Testis	productive	809	807	-0.0131127515011202	-0.08196893339124833	0.05586801645420701	0.7095918250856612	0.9322072369269065	False
Brain-Substantianigra_v_Adipose-Visceral_Omentum	productive	513	511	-0.0163369090136538	-0.10276871312363205	0.07033974024565201	0.7120197355326763	0.9322072369269065	False
Artery-Aorta_v_Brain-Caudate_basalganglia	productive	571	569	0.0154729518567413	-0.06666995284665964	0.09740753009904217	0.7121669071364263	0.9322072369269065	False
Adipose-Visceral_Omentum_v_Brain-FrontalCortex_BA9	productive	722	720	-0.0136474531646676	-0.08652909526070963	0.059379488312805435	0.7142982813557144	0.9322072369269065	False
Brain-Spinalcord_cervicalc-1_v_Spleen	productive	694	692	-0.0138931777215988	-0.08822820906468717	0.060595740155013525	0.7148441382094934	0.9322072369269065	False
Brain-Putamen_basalganglia_v_Adipose-Subcutaneous	productive	642	640	-0.0143969749532263	-0.09167880760229027	0.06305724837764808	0.7157874559030757	0.9322072369269065	False
Brain-Nucleusaccumbens_basalganglia_v_Testis	productive	840	838	0.0125617236912699	-0.055130597434812134	0.08013910023632143	0.7161974022014649	0.9322072369269065	False
Kidney-Cortex_v_Brain-Hippocampus	productive	553	551	-0.0153519447359204	-0.09860971935008861	0.06811926075365753	0.7186826672062706	0.9322072369269065	False
Brain-Substantianigra_v_Thyroid	productive	587	585	0.0148951496018703	-0.06611554419407328	0.09571076514039471	0.7187486788689381	0.9322072369269065	False
Ovary_v_Skin-NotSunExposed_Suprapubic	productive	381	379	-0.0183778435771353	-0.11863675466006013	0.0822520224208749	0.7206631042955707	0.9322072369269065	False
Brain-Substantianigra_v_Uterus	productive	572	570	-0.0149295527480009	-0.09679717409084208	0.06713872873724193	0.7216146013886191	0.9322072369269065	False
Brain-Hypothalamus_v_Colon-Transverse	productive	591	589	0.0145933068304585	-0.06614081212519751	0.09513759438062355	0.7233102374566016	0.9322072369269065	False
Brain-Substantianigra_v_Esophagus-Mucosa	productive	633	631	0.01406692813095	-0.0639355092548495	0.0918985295340882	0.7239124886706065	0.9322072369269065	False
Cells-Culturedfibroblasts_v_Esophagus-GastroesophagealJunction	productive	342	340	-0.019142291719315	-0.12494861408783065	0.08709452729335196	0.7242838895943181	0.9322072369269065	False
Esophagus-Muscularis_v_Cells-EBV-transformedlymphocytes	productive	639	637	-0.0139377340377333	-0.09140420211239011	0.06369641087378006	0.7250995975675703	0.9322072369269065	False
Artery-Aorta_v_Liver	productive	440	438	0.0164415848530181	-0.07716734016346352	0.10976317358457278	0.7309036062713024	0.9322072369269065	False
AdrenalGland_v_Brain-FrontalCortex_BA9	productive	683	681	0.0130374363098695	-0.06204640093590208	0.08797453664722692	0.7337705183905148	0.9322072369269065	False
Esophagus-GastroesophagealJunction_v_Spleen	productive	348	346	-0.0182728331970972	-0.12317590183439422	0.08703409097521606	0.7340996264224409	0.9322072369269065	False
WholeBlood_v_Skin-SunExposed_Lowerleg	productive	572	570	0.0142242772881995	-0.06784052056644582	0.09609789228217724	0.7342570296490444	0.9322072369269065	False
Brain-CerebellarHemisphere_v_Brain-Hypothalamus	productive	341	339	-0.0181174157406676	-0.12409320643125904	0.08826702693293792	0.738863718935141	0.9322072369269065	False
Brain-Cerebellum_v_Thyroid	productive	771	769	0.0119955987887557	-0.05866304562453013	0.08253464921776031	0.7394724955979922	0.9322072369269065	False
Esophagus-GastroesophagealJunction_v_Brain-Hypothalamus	productive	530	528	0.0144460869226136	-0.0708159984155399	0.09949860954832153	0.7400357638184006	0.9322072369269065	False
Brain-Putamen_basalganglia_v_Breast-MammaryTissue	productive	585	583	0.0137434968729003	-0.06740025407959224	0.09470663371007537	0.7401040724210304	0.9322072369269065	False
Testis_v_Lung	productive	1106	1104	-0.009843374732436	-0.06875120895175041	0.049132861077680286	0.7436718839467231	0.9322072369269065	False
Brain-Substantianigra_v_Ovary	productive	547	545	0.0139854236461632	-0.06993617925834668	0.0977104554513022	0.7441525791857364	0.9322072369269065	False
Stomach_v_Brain-Amygdala	productive	557	555	-0.0137506301042401	-0.09672299350750195	0.06941153231377105	0.7460797734177055	0.9322072369269065	False
Testis_v_SmallIntestine-TerminalIleum	productive	858	856	0.010898273234329	-0.05607375810946578	0.0777726724764145	0.7498991526748447	0.9322072369269065	False
Brain-Anteriorcingulatecortex_BA24_v_SmallIntestine-TerminalIleum	productive	759	757	0.011470200070381	-0.059743608822018075	0.08256784335988415	0.7523873287273729	0.9322072369269065	False
WholeBlood_v_Adipose-Subcutaneous	productive	537	535	0.0136257142359702	-0.07107327824304359	0.09812962123615852	0.7527380633327256	0.9322072369269065	False
Esophagus-Muscularis_v_Brain-Anteriorcingulatecortex_BA24	productive	590	588	0.012976932247592	-0.06781785750275904	0.09360262651864286	0.7531007902653974	0.9322072369269065	False
Brain-Cerebellum_v_Nerve-Tibial	productive	764	762	-0.0113761371654727	-0.08224139221906196	0.059603576538801314	0.753568135734677	0.9322072369269065	False
Kidney-Cortex_v_Adipose-Subcutaneous	productive	294	292	-0.018326826579702	-0.1324508546331167	0.09627675649858031	0.7543359514768464	0.9322072369269065	False
Breast-MammaryTissue_v_Cells-EBV-transformedlymphocytes	productive	578	576	0.0129359209664114	-0.06869456286576486	0.09439434144449117	0.7563021356587503	0.9336363623282002	False
Testis_v_Brain-Spinalcord_cervicalc-1	productive	881	879	-0.0104036380664023	-0.07640220026732142	0.055685691150454984	0.7578030837096192	0.9338510783040599	False
Cells-Culturedfibroblasts_v_WholeBlood	productive	641	639	-0.0121878995609172	-0.0895465977923611	0.06531696977235484	0.7580959317368604	0.9338510783040599	False
Pituitary_v_Brain-Anteriorcingulatecortex_BA24	productive	521	519	-0.0133660932009109	-0.0991596774065152	0.07262474193220518	0.7608478766983291	0.9352426458775835	False
Brain-Nucleusaccumbens_basalganglia_v_Stomach	productive	598	596	0.0123814248624099	-0.06786722450004923	0.09247089720538028	0.7625347295672589	0.9360037035599824	False
Uterus_v_Brain-Hippocampus	productive	581	579	-0.0125317033257887	-0.09378290676299114	0.068885326394182	0.7630906169526309	0.9360037035599824	False
Liver_v_Brain-Hippocampus	productive	616	614	0.0121221455289422	-0.06694210409791217	0.09103510808527177	0.7639760328779233	0.936093906384958	False
Adipose-Visceral_Omentum_v_Brain-Hypothalamus	productive	566	564	0.0125562917950788	-0.06993458864469437	0.0948766139296095	0.7656459144501816	0.9371440969862627	False
Pituitary_v_Adipose-Visceral_Omentum	productive	364	362	0.0156160099208584	-0.08732203986955256	0.11822409801824525	0.7665216002705028	0.9372210022395436	False
Brain-Putamen_basalganglia_v_Adipose-Visceral_Omentum	productive	559	557	-0.0123470873764243	-0.09518285270028036	0.0706584968109785	0.7708356008692403	0.9410026020068205	False
Nerve-Tibial_v_Cells-EBV-transformedlymphocytes	productive	591	589	0.0119472419107966	-0.06877388748906225	0.0925129548081723	0.7719395902199144	0.9410026020068205	False
Brain-Caudate_basalganglia_v_Uterus	productive	585	583	0.011912309452857	-0.06922224664532332	0.0928903128649161	0.7737185684439896	0.9410311280758649	False
Brain-Cortex_v_Breast-MammaryTissue	productive	737	735	-0.0105265561135487	-0.08268334054714302	0.061740022443679064	0.7754180764257401	0.9413921148787506	False
Brain-Spinalcord_cervicalc-1_v_Pituitary	productive	543	541	0.0121142652287921	-0.07210629814075234	0.09616329797127154	0.7782112995276496	0.9413921148787506	False
Brain-Spinalcord_cervicalc-1_v_Lung	productive	587	585	-0.0116333018214946	-0.0924754884505284	0.0693612499522133	0.778509965993665	0.9413921148787506	False
Kidney-Cortex_v_Brain-Putamen_basalganglia	productive	541	539	-0.0120620922536338	-0.09626675650219617	0.07231399589380254	0.7795401367074295	0.9413921148787506	False
Brain-Spinalcord_cervicalc-1_v_Esophagus-Mucosa	productive	652	650	-0.0109567325943469	-0.08766914984524636	0.06588487358628879	0.7800576328139883	0.9413921148787506	False
Brain-Hypothalamus_v_Lung	productive	664	662	0.0107539448839395	-0.06538817686363914	0.0867715614994154	0.7820906026295209	0.9413921148787506	False
Thyroid_v_Liver	productive	371	369	0.0143420518480166	-0.08760723680609085	0.11599401606882444	0.7830631859810395	0.9413921148787506	False
Brain-Spinalcord_cervicalc-1_v_Artery-Coronary	productive	501	499	0.012185318339227	-0.07550146755321004	0.09968509095443664	0.7855657693389925	0.9413921148787506	False
Cells-Culturedfibroblasts_v_Brain-Substantianigra	productive	631	629	-0.0108435431268866	-0.0888226450591324	0.06726767130032747	0.7857338191801906	0.9413921148787506	False
Brain-Spinalcord_cervicalc-1_v_Cells-EBV-transformedlymphocytes	productive	829	827	-0.0093962732722782	-0.07743857183431592	0.058733149261244746	0.7870536031488237	0.9413921148787506	False
Testis_v_Brain-FrontalCortex_BA9	productive	927	925	-0.0088584098203804	-0.07320678816709161	0.05556341830586406	0.7876599776309454	0.9413921148787506	False
Artery-Aorta_v_WholeBlood	productive	570	568	-0.0112934684106516	-0.09333487233450756	0.0709002651910528	0.7878953953668641	0.9413921148787506	False
Brain-Cerebellum_v_Brain-Hypothalamus	productive	241	239	0.0169264903529005	-0.10968353668397923	0.14299601257370503	0.7937668260410115	0.944180460722766	False
SmallIntestine-TerminalIleum_v_Brain-Hippocampus	productive	675	673	-0.0099737791138469	-0.08537490140071824	0.06554093375668625	0.7959033389669702	0.944180460722766	False
Brain-Nucleusaccumbens_basalganglia_v_Spleen	productive	766	764	-0.0093426511673573	-0.08012778224311026	0.06153623545409263	0.7962856168612997	0.944180460722766	False
Brain-Amygdala_v_Adipose-Visceral_Omentum	productive	578	576	0.0107002509396053	-0.07091857483855268	0.09217674674353231	0.7974088777180586	0.944180460722766	False
Prostate_v_Brain-Amygdala	productive	533	531	0.011007471908592	-0.07399456716466273	0.09585072328375915	0.7998522865038991	0.944180460722766	False
Brain-Caudate_basalganglia_v_Thyroid	productive	576	574	0.0105346831763232	-0.0712250591332319	0.09215381065238931	0.8008167878835598	0.944180460722766	False
Cells-Culturedfibroblasts_v_AdrenalGland	productive	321	319	0.0139684997650304	-0.09565194749425189	0.12325419793156953	0.8031271043814923	0.944180460722766	False
Skin-NotSunExposed_Suprapubic_v_Liver	productive	403	401	0.0122755509536208	-0.08551634225439536	0.1098331828658703	0.8059347795186477	0.944180460722766	False
Adipose-Visceral_Omentum_v_WholeBlood	productive	451	449	0.0115457997144554	-0.08087931568156181	0.1037740512986759	0.8068257301881823	0.944180460722766	False
Brain-Cortex_v_Pituitary	productive	502	500	0.0109261369913493	-0.07666535070021874	0.09835026851775687	0.8070751426996028	0.944180460722766	False
Ovary_v_Skin-SunExposed_Lowerleg	productive	400	398	0.0121454934202411	-0.08601225367768815	0.11006972058257813	0.8086572622411865	0.944180460722766	False
Esophagus-GastroesophagealJunction_v_Brain-Spinalcord_cervicalc-1	productive	534	532	0.0104810826368823	-0.07443811471581517	0.0952493682128064	0.8090587030996259	0.944180460722766	False
Cells-Culturedfibroblasts_v_SmallIntestine-TerminalIleum	productive	285	283	0.0143730395703644	-0.10199029634252639	0.13034835908022077	0.8090971507719985	0.944180460722766	False
Brain-Nucleusaccumbens_basalganglia_v_Prostate	productive	549	547	-0.0102471314740491	-0.09385139146626766	0.07350063765863388	0.8106736948098343	0.944180460722766	False
Brain-Putamen_basalganglia_v_Spleen	productive	696	694	0.0090042232603641	-0.0653566217294366	0.08326561502686923	0.8125593928565428	0.945389485331578	False
Brain-Cerebellum_v_Brain-Anteriorcingulatecortex_BA24	productive	177	175	0.0178581594448952	-0.129996484349483	0.164935864048052	0.8134925605104855	0.9455210909965622	False
Ovary_v_SmallIntestine-TerminalIleum	productive	291	289	0.0137376808196636	-0.10140910444192339	0.12852125678544157	0.8154899070932607	0.9468880794345715	False
Cells-Culturedfibroblasts_v_Brain-Anteriorcingulatecortex_BA24	productive	733	731	0.008340626788193	-0.06411389700838965	0.08070767934371496	0.8216428808173547	0.9521025835826712	False
Uterus_v_Brain-Anteriorcingulatecortex_BA24	productive	696	694	-0.0084878303987716	-0.08275257417706829	0.06587066337357594	0.8231262464788203	0.9521025835826712	False
MinorSalivaryGland_v_WholeBlood	productive	507	505	0.0095308352133849	-0.07761815544521616	0.09653528049301865	0.8304864320617004	0.9559358150459621	False
Pituitary_v_Cells-EBV-transformedlymphocytes	productive	784	782	-0.0076250013549912	-0.07760284862086954	0.06242760776529364	0.8312002285367489	0.9559358150459621	False
Brain-Spinalcord_cervicalc-1_v_Nerve-Tibial	productive	461	459	-0.0099297319914479	-0.10116813158186116	0.08147430307982566	0.8316180543901177	0.9559358150459621	False
Cells-EBV-transformedlymphocytes_v_Brain-Hippocampus	productive	931	929	0.0069448732917716	-0.05733182112159122	0.07116423073244475	0.832402045365261	0.9559358150459621	False
Kidney-Cortex_v_Ovary	productive	314	312	-0.0116979587034897	-0.12222746618839668	0.09911815172788141	0.8364248013529376	0.9585747703708039	False
Stomach_v_Brain-Caudate_basalganglia	productive	553	551	0.0086746544859105	-0.07476009642622197	0.0919887961634612	0.8387168895309788	0.9585747703708039	False
Cells-EBV-transformedlymphocytes_v_Artery-Tibial	productive	671	669	-0.0075711938060166	-0.08321284090660996	0.06815719719801222	0.8447989376000342	0.9609730261454422	False
Uterus_v_Brain-Amygdala	productive	612	610	-0.0078692874243618	-0.08707137994109054	0.07143166207298536	0.8459563066241318	0.9609730261454422	False
Pituitary_v_Ovary	productive	295	293	-0.011269993233932	-0.12531017895937324	0.1030641215781346	0.8471525678294058	0.9613847546331742	False
Brain-Cortex_v_Adipose-Visceral_Omentum	productive	688	686	-0.0072377646046218	-0.08194111016624615	0.06754645463920671	0.8496993424895757	0.9614360568110705	False
Heart-LeftVentricle_v_SmallIntestine-TerminalIleum	productive	335	333	0.010232446988828	-0.09703076393029049	0.11726069236847893	0.8519825861563802	0.962331627839173	False
Brain-Anteriorcingulatecortex_BA24_v_Adipose-Subcutaneous	productive	743	741	-0.0067702358943852	-0.07865804764854435	0.06518762248186138	0.8538293627749123	0.962331627839173	False
Brain-Putamen_basalganglia_v_SmallIntestine-TerminalIleum	productive	665	663	-0.0070534616498634	-0.08303903133845161	0.06901365015207485	0.8559344269471395	0.9627997768034376	False
Brain-Nucleusaccumbens_basalganglia_v_WholeBlood	productive	829	827	0.0062619677322058	-0.06185541808137887	0.07432129001469649	0.857131727051125	0.9627997768034376	False
Heart-LeftVentricle_v_Skin-NotSunExposed_Suprapubic	productive	420	418	0.0087822363514798	-0.08697889543044356	0.10438255658588608	0.8575848835881443	0.9627997768034376	False
Esophagus-GastroesophagealJunction_v_Brain-Anteriorcingulatecortex_BA24	productive	598	596	-0.0070565072192702	-0.08718638629702982	0.07316409578148261	0.8632793597167242	0.9673091367865725	False
Brain-Amygdala_v_Artery-Tibial	productive	604	602	0.0068024227849792	-0.07301681700790512	0.08653507461768699	0.8675000688032343	0.9701528412513377	False
Testis_v_Esophagus-Mucosa	productive	755	753	0.006006954794514	-0.06537278492661765	0.07732553308049613	0.8691150310373175	0.9710110804859114	False
Skin-SunExposed_Lowerleg_v_Nerve-Tibial	productive	305	303	0.0093841033032562	-0.10303441018664804	0.12156590425180533	0.8703475996244867	0.9710110804859114	False
WholeBlood_v_Artery-Tibial	productive	606	604	0.0065456318734657	-0.0731401921502423	0.08614841166339578	0.8722483306527961	0.9710110804859114	False
Pancreas_v_Brain-Substantianigra	productive	602	600	0.0064116135147435	-0.07353808626528363	0.08627942839440791	0.875254301951267	0.9710110804859114	False
Thyroid_v_WholeBlood	productive	602	600	-0.0063952147546305	-0.08626314684520055	0.07355439281065497	0.8755707636343151	0.9710110804859114	False
Lung_v_Liver	productive	357	355	0.0082613442739162	-0.09561813980602524	0.1119628262624751	0.876388740680327	0.9710110804859114	False
Lung_v_Brain-Hippocampus	productive	655	653	0.0060745198957102	-0.07056674295972772	0.08264448446696666	0.8766877131170325	0.9710110804859114	False
Thyroid_v_Spleen	productive	269	267	-0.0093696404125704	-0.12882580452631268	0.11035455254384	0.8784288270365077	0.9710110804859114	False
Stomach_v_Brain-Putamen_basalganglia	productive	554	552	-0.0064972922140809	-0.08975335850610025	0.07684894834722253	0.8787261118748118	0.9710110804859114	False
Brain-Substantianigra_v_SmallIntestine-TerminalIleum	productive	641	639	-0.0059893450414022	-0.0833917122257757	0.07148485717072305	0.8797047639559474	0.9710110804859114	False
Brain-Cortex_v_Adipose-Subcutaneous	productive	793	791	-0.0053606603981894	-0.07495276739825556	0.06428341088115133	0.8801961821384752	0.9710110804859114	False
Esophagus-Mucosa_v_Liver	productive	294	292	0.0087331088852046	-0.10576692258840162	0.12300459338784794	0.8814695478911643	0.9710110804859114	False
SmallIntestine-TerminalIleum_v_Liver	productive	306	304	-0.0085282519021894	-0.12053856200943139	0.10369647963012202	0.8818885091703768	0.9710110804859114	False
Testis_v_WholeBlood	productive	1002	1000	0.0046716382972642	-0.05727642525022749	0.06658386639554982	0.8825842258015917	0.9710110804859114	False
Artery-Coronary_v_Cells-EBV-transformedlymphocytes	productive	568	566	0.0061058880978989	-0.07620309151569402	0.08833221575464292	0.884552263157921	0.9715022180111494	False
Stomach_v_Brain-Hippocampus	productive	537	535	0.0062491427224275	-0.0784062766988553	0.09081508385866867	0.88512383853993	0.9715022180111494	False
Stomach_v_Brain-Hypothalamus	productive	549	547	0.0059227342198677	-0.07779910988194907	0.08956162867430484	0.889877661411941	0.9744481713502982	False
Brain-Caudate_basalganglia_v_Pituitary	productive	433	431	-0.0066452087890806	-0.10082050186177915	0.08764810974468042	0.8903355391614285	0.9744481713502982	False
Brain-Spinalcord_cervicalc-1_v_Colon-Sigmoid	productive	530	528	-0.0059033428623215	-0.09102884069480639	0.07930779941337521	0.8921489999114844	0.9744481713502982	False
Brain-FrontalCortex_BA9_v_Nerve-Tibial	productive	647	645	-0.0053247387776359	-0.08237167519612175	0.07178546910214835	0.8924694440120684	0.9744481713502982	False
Brain-Caudate_basalganglia_v_Kidney-Cortex	productive	533	531	0.0057638280502429	-0.07920594907561525	0.09065045576074164	0.8943855660110696	0.9756164215806653	False
Artery-Coronary_v_Brain-Anteriorcingulatecortex_BA24	productive	609	607	0.0053086926280029	-0.07417343544187613	0.08472380100472446	0.8959815513287823	0.9758739582874693	False
Esophagus-GastroesophagealJunction_v_Skin-SunExposed_Lowerleg	productive	342	340	-0.006951762793017	-0.11292014002475668	0.09917297919065438	0.8980765611216375	0.976103299627772	False
Brain-Nucleusaccumbens_basalganglia_v_Kidney-Cortex	productive	574	572	-0.0052539891338491	-0.0870556157783824	0.07661801414792009	0.9000461066608939	0.976103299627772	False
Prostate_v_Brain-Caudate_basalganglia	productive	511	509	-0.0055300777759506	-0.09222730496219188	0.081250364403709	0.9007579451898954	0.976103299627772	False
Brain-Hypothalamus_v_Spleen	productive	718	716	-0.0044914412681903	-0.0776338052869219	0.06869901199031421	0.9043711156853448	0.9781800153707341	False
Brain-Amygdala_v_SmallIntestine-TerminalIleum	productive	673	671	-0.0045602613634717	-0.08010867535667514	0.07104024556397616	0.9060010173578708	0.9784623016460814	False
Liver_v_Brain-FrontalCortex_BA9	productive	776	774	0.0041777816030598	-0.0662204554371424	0.07453463283064693	0.9075000364592696	0.9784623016460814	False
Vagina_v_WholeBlood	productive	494	492	0.0052252266137564	-0.08303563132991998	0.09340474854663196	0.9077769343482512	0.9784623016460814	False
Testis_v_Artery-Coronary	productive	840	838	0.0039507044608603	-0.06370939822465589	0.07157465413296368	0.90897443211285	0.9784623016460814	False
Artery-Coronary_v_Spleen	productive	330	328	-0.0062039863540693	-0.11409241214408264	0.10182906632681941	0.9106058031389364	0.9784623016460814	False
Brain-Cerebellum_v_Artery-Tibial	productive	815	813	0.0039340929059496	-0.06475665903103041	0.0725877389227433	0.9107129206852408	0.9784623016460814	False
Colon-Transverse_v_Cells-EBV-transformedlymphocytes	productive	512	510	0.0049411257320136	-0.08175039072239094	0.09155843468810874	0.9111942339565476	0.9784623016460814	False
Brain-Hippocampus_v_Colon-Sigmoid	productive	512	510	0.004881043144518	-0.08181006018551469	0.09149884129545703	0.9122697088200672	0.9784623016460814	False
Cells-Culturedfibroblasts_v_Prostate	productive	306	304	0.0060520955479775	-0.10614450272973877	0.11809652641744901	0.9160297599207994	0.9795114230446165	False
Colon-Transverse_v_Brain-Hippocampus	productive	578	576	-0.0043336187186203	-0.08585826775509423	0.07724867691948367	0.9171993417276924	0.9795114230446165	False
Breast-MammaryTissue_v_Brain-FrontalCortex_BA9	productive	750	748	-0.0038000991973434	-0.07536851205493666	0.06780726391194151	0.9172512509430382	0.9795114230446165	False
Pituitary_v_Brain-FrontalCortex_BA9	productive	570	568	0.0043500884405167	-0.07780346008461357	0.08644495851374268	0.9174634223002716	0.9795114230446165	False
Cells-Culturedfibroblasts_v_Brain-Spinalcord_cervicalc-1	productive	604	602	0.0040122163163625	-0.07579105837937686	0.08376441879340105	0.9216130770524482	0.9820886116834314	False
Brain-Hypothalamus_v_Adipose-Subcutaneous	productive	667	665	0.003688145368562	-0.07224735257475055	0.07958113337787272	0.924256867528554	0.9826579683348877	False
Brain-Substantianigra_v_Nerve-Tibial	productive	440	438	-0.0045184104627246	-0.09796153391218776	0.08900368734941627	0.924704159274374	0.9826579683348877	False
Uterus_v_Cells-EBV-transformedlymphocytes	productive	628	626	-0.0036714671023794	-0.08188653978566783	0.07458855311805228	0.9268381065489908	0.98326596628219	False
Thyroid_v_Cells-EBV-transformedlymphocytes	productive	644	642	0.0034539690601348	-0.07382560884581332	0.08069231336009865	0.9302884835215502	0.9840971469562985	False
Brain-Cerebellum_v_Brain-Hippocampus	productive	391	389	-0.0041533954651234	-0.10328628722444826	0.09506119856110623	0.9347536797464132	0.9848308665836772	False
Brain-Nucleusaccumbens_basalganglia_v_Adipose-Subcutaneous	productive	731	729	-0.0029906915668525	-0.07548808050647869	0.06953814867301862	0.9356637037169296	0.9848308665836772	False
AdrenalGland_v_Brain-Hippocampus	productive	566	564	-0.003375235056322	-0.08576688435468041	0.07906226504824367	0.9361401485968296	0.9848308665836772	False
AdrenalGland_v_Brain-Spinalcord_cervicalc-1	productive	558	556	-0.0033939191037356	-0.0863742441984659	0.07963317212175725	0.9362438674785248	0.9848308665836772	False
Brain-Cerebellum_v_Lung	productive	904	902	-0.0026177283699899	-0.06780949370383307	0.06259629522785554	0.9373528494633228	0.9848308665836772	False
Prostate_v_Skin-SunExposed_Lowerleg	productive	288	286	-0.0046144035067874	-0.12013036573465853	0.1110248413988894	0.9378528113693648	0.9848308665836772	False
Brain-Anteriorcingulatecortex_BA24_v_Cells-EBV-transformedlymphocytes	productive	1025	1023	0.0022345529443399	-0.059005672674031166	0.06345802228570163	0.94303691417463	0.9884741473121348	False
Testis_v_Brain-Amygdala	productive	764	762	-0.002381853343957	-0.07329890103873699	0.0685591603485821	0.9475943537357078	0.9893738908694583	False
WholeBlood_v_Nerve-Tibial	productive	620	618	0.0025573646900182	-0.0761999385072221	0.08128295525697932	0.949328968164714	0.9893738908694583	False
Esophagus-GastroesophagealJunction_v_Brain-Caudate_basalganglia	productive	526	524	0.0027475928561843	-0.08276603414107649	0.08822105443714055	0.949873692064822	0.9893738908694583	False
Brain-Hypothalamus_v_Breast-MammaryTissue	productive	595	593	0.0025431201610793	-0.07785316133203964	0.08290653964935944	0.9506400624120664	0.9893738908694583	False
WholeBlood_v_Colon-Transverse	productive	510	508	0.0026704867891527	-0.084175063220745	0.08947577276646278	0.9520280368339192	0.9893738908694583	False
Esophagus-GastroesophagealJunction_v_Brain-Putamen_basalganglia	productive	525	523	0.002629026095142	-0.08296526268591721	0.0881848094394359	0.9520799110574736	0.9893738908694583	False
Artery-Aorta_v_Brain-Amygdala	productive	577	575	-0.002282512901907	-0.08389229524597819	0.07935768471847694	0.9563702861968416	0.991122076228794	False
Pituitary_v_Spleen	productive	397	395	-0.0027312118224035	-0.10112610934101975	0.09571659929027188	0.9567379625695124	0.991122076228794	False
Brain-Cerebellum_v_Artery-Coronary	productive	783	781	0.0015419680731646	-0.06852846391095001	0.07159726158110052	0.96563883412576	0.9920740246990227	False
Breast-MammaryTissue_v_Liver	productive	352	350	-0.0022622680023654	-0.1067683736538406	0.10229327611684431	0.9662651310323012	0.9920740246990227	False
Ovary_v_Brain-Hippocampus	productive	553	551	-0.0017737213567387	-0.08514031088385518	0.08161753022665295	0.9668045008657956	0.9920740246990227	False
Brain-Spinalcord_cervicalc-1_v_Liver	productive	641	639	-0.0015678567154725	-0.07899866677331842	0.07588175821947113	0.9683980689927836	0.9920740246990227	False
Cells-Culturedfibroblasts_v_Kidney-Cortex	productive	365	363	0.0018365363956327	-0.10083313413952338	0.10446750331063134	0.9721063281885984	0.9920740246990227	False
Cells-Culturedfibroblasts_v_Spleen	productive	414	412	0.0016259790716194	-0.09476674686901072	0.09798849864458498	0.9736875287403656	0.9920740246990227	False
Cells-Culturedfibroblasts_v_Nerve-Tibial	productive	253	251	-0.0020120518624577	-0.12530905439794304	0.12134615632039801	0.9745955047542784	0.9920740246990227	False
Brain-Caudate_basalganglia_v_Liver	productive	644	642	0.001174552233935	-0.07609202711449028	0.07842710966246663	0.976267314266299	0.9920740246990227	False
Adipose-Subcutaneous_v_Brain-Hippocampus	productive	616	614	0.0011552739658093	-0.0778491095560415	0.08014523837056745	0.9771717150878708	0.9920740246990227	False
Brain-Substantianigra_v_Colon-Sigmoid	productive	505	503	0.0011766913848828	-0.08608719716922397	0.08842266261635574	0.978956374348586	0.9920740246990227	False
Skin-NotSunExposed_Suprapubic_v_Nerve-Tibial	productive	299	297	0.0015289005100085	-0.11192089574626068	0.11493935380522413	0.9789969660734732	0.9920740246990227	False
Brain-Spinalcord_cervicalc-1_v_Adipose-Subcutaneous	productive	605	603	0.0010675766499706	-0.07865182653963794	0.08077341284292067	0.9790941345688816	0.9920740246990227	False
Artery-Aorta_v_SmallIntestine-TerminalIleum	productive	289	287	0.0014789595179136	-0.11391952665720777	0.11683806900011712	0.9800283534451756	0.9920740246990227	False
WholeBlood_v_Cells-EBV-transformedlymphocytes	productive	488	486	0.0011303642164326	-0.08764161064593413	0.08988452704278002	0.9801295165457956	0.9920740246990227	False
Testis_v_Skin-NotSunExposed_Suprapubic	productive	875	873	-0.0008278188116864	-0.0670996108913989	0.06545124554930384	0.9804919030999236	0.9920740246990227	False
SmallIntestine-TerminalIleum_v_Brain-FrontalCortex_BA9	productive	807	805	0.0008303772900078	-0.0681862645324295	0.0698391093465491	0.98120949228214	0.9920740246990227	False
Kidney-Cortex_v_WholeBlood	productive	506	504	-0.000946453859031	-0.0881078867207406	0.08622936202693184	0.9830563565272614	0.9920740246990227	False
Spleen_v_Brain-Hippocampus	productive	679	677	0.0007425447127704	-0.07450239034046605	0.07597907242117133	0.984591168964398	0.9923370785104466	False
Brain-Spinalcord_cervicalc-1_v_Adipose-Visceral_Omentum	productive	516	514	0.0007714444838471	-0.08555343760090856	0.08708483050706244	0.9860526078594036	0.992942058394666	False
Pituitary_v_Adipose-Subcutaneous	productive	480	478	-0.0006941367181827	-0.09018899919692562	0.08881184628822128	0.9878980519011376	0.9938432837885799	False
Esophagus-GastroesophagealJunction_v_Brain-Hippocampus	productive	533	531	-0.0004997585542023	-0.08542643957362446	0.08443413213729185	0.9908159651015837	0.9938432837885799	False
Esophagus-Muscularis_v_Skin-SunExposed_Lowerleg	productive	339	337	-0.0005332843883482	-0.10704638014445143	0.10599191301095932	0.9921947860936896	0.9938432837885799	False
Kidney-Cortex_v_Nerve-Tibial	productive	305	303	0.0005291360164521	-0.11178498573656363	0.11282990981996643	0.9926571565175246	0.9938432837885799	False
