clu	intron_length	meanUnprod	intron_length_bin
clu_10	307	0.236689785522788	<1kb
clu_10002	5299	0.0516264075067024	5-20kb
clu_1001	5424	0.00234203753351206	5-20kb
clu_10013	36657	0.172960080428954	20-50kb
clu_10024	24885	0.0624551206434316	20-50kb
clu_10025	97	0.0290351206434316	<1kb
clu_10026	2053	0.0124656836461126	1-5kb
clu_10031	178	0.035036273458445	<1kb
clu_10032	3987	0.151722922252011	1-5kb
clu_10033	710	0.266969517426273	<1kb
clu_10034	301	0.207749973190349	<1kb
clu_10037	3786	0.13143745308311	1-5kb
clu_10038	4777	0.0211399463806971	1-5kb
clu_10047	2727	0.0641065683646113	1-5kb
clu_1005	2930	0.00174075067024129	1-5kb
clu_10053	6163	0.131985415549598	5-20kb
clu_10054	14275	0.0751059785522788	5-20kb
clu_10057	16276	0.0092812600536193	5-20kb
clu_100573	7096	0.298408632707775	5-20kb
clu_100581	2789	0.0143262198391421	1-5kb
clu_100582	1548	0.018239490616622	1-5kb
clu_100583	923	0.00344257372654156	<1kb
clu_100591	548	0.00961396782841823	<1kb
clu_100594	1811	0.132195040214477	1-5kb
clu_100595	155	0.0574141018766756	<1kb
clu_100598	164	0.0740935924932976	<1kb
clu_100599	1653	0.040859436997319	1-5kb
clu_10060	1543	0.019856890080429	1-5kb
clu_100605	1637	0.14910018766756	1-5kb
clu_100606	455	0.0868711260053619	<1kb
clu_100616	9997	0.00674316353887399	5-20kb
clu_100618	25353	0.0204931367292225	20-50kb
clu_100625	4656	0.0301050402144772	1-5kb
clu_100626	1640	0.0149844504021448	1-5kb
clu_100627	3341	0.00695139410187668	1-5kb
clu_100634	3901	0.109211394101877	1-5kb
clu_100638	16422	0.0226762466487936	5-20kb
clu_100640	1597	0.0509001340482574	1-5kb
clu_100643	4000	0.0342385254691689	1-5kb
clu_100651	4965	0.01084418230563	1-5kb
clu_100652	6373	0.0101604021447721	5-20kb
clu_100654	4106	0.00889552278820375	1-5kb
clu_100657	3702	0.188209142091153	1-5kb
clu_100671	141	0.0572811260053619	<1kb
clu_100674	225	0.00697571045576408	<1kb
clu_100683	923	0.0246955495978552	<1kb
clu_100684	6422	0.00955753351206434	5-20kb
clu_100686	271	0.0248648793565684	<1kb
clu_100689	128	0.00138595174262735	<1kb
clu_100690	2154	0.00467868632707775	1-5kb
clu_100699	2041	0.0140550134048257	1-5kb
clu_100700	271	0.0140054423592493	<1kb
clu_100701	2126	0.00562227882037534	1-5kb
clu_100727	179	0.00881292225201072	<1kb
clu_100729	4686	0.0105227613941019	1-5kb
clu_100730	235	0.00975892761394102	<1kb
clu_100736	124	0.0539125201072386	<1kb
clu_100744	112	0.00185319034852547	<1kb
clu_100759	140	0.0366443431635389	<1kb
clu_100766	2249	0.019894235924933	1-5kb
clu_100767	9749	0.0519046648793566	5-20kb
clu_100776	3735	0.00183991957104558	1-5kb
clu_100799	5032	0.128047158176944	5-20kb
clu_100800	475	0.000793056300268097	<1kb
clu_100859	2989	0.00421319034852547	1-5kb
clu_100860	4861	0.0166542627345845	1-5kb
clu_100878	1894	0.12157109919571	1-5kb
clu_100880	2758	0.00200538873994638	1-5kb
clu_100883	1599	0.00085828418230563	1-5kb
clu_100885	1916	0.11223745308311	1-5kb
clu_100886	3096	0.00145329758713137	1-5kb
clu_100892	73298	0.428468042895442	>50kb
clu_10091	5702	0.194459383378016	5-20kb
clu_10092	11249	0.0245923324396783	5-20kb
clu_100926	13331	0.0181583914209115	5-20kb
clu_100928	40653	0.0890582037533512	20-50kb
clu_100929	21880	0.106265040214477	20-50kb
clu_100945	1575	0.251453753351206	1-5kb
clu_100946	1215	0.721325174262735	1-5kb
clu_100953	1852	0.0190965951742627	1-5kb
clu_100978	40116	0.261852010723861	20-50kb
clu_100983	622	0.0141599195710456	<1kb
clu_100986	488	0.00470962466487936	<1kb
clu_100987	90	0.00544699731903485	<1kb
clu_100988	5406	0.0123803485254692	5-20kb
clu_100996	1361	0.000102654155495979	1-5kb
clu_101035	4004	0.00270493297587131	1-5kb
clu_101037	220	0.00290895442359249	<1kb
clu_101039	5288	0.0220590080428954	5-20kb
clu_10104	1893	0.00292466487935657	1-5kb
clu_101040	7365	0.00782804289544236	5-20kb
clu_10105	3895	0.00981943699731904	1-5kb
clu_101056	2651	0.00185152815013405	1-5kb
clu_101057	7338	0.0301319571045576	5-20kb
clu_10106	5501	0.0101585790884719	5-20kb
clu_101078	47105	0.00790868632707775	20-50kb
clu_101079	11061	0.00564804289544236	5-20kb
clu_101084	707	0.0577244772117962	<1kb
clu_101087	54986	0.0181518498659517	>50kb
clu_101096	3676	0.0795930563002681	1-5kb
clu_101106	15522	0.0625454155495979	5-20kb
clu_101114	279	0.016132091152815	<1kb
clu_101115	202	0.0243343967828418	<1kb
clu_101120	601	0.00442160857908847	<1kb
clu_101121	2126	0.00715750670241287	1-5kb
clu_101122	2663	0.000828954423592493	1-5kb
clu_101141	1303	0.00197528150134048	1-5kb
clu_101151	15488	0.041957399463807	5-20kb
clu_101154	11188	0.0229508847184987	5-20kb
clu_101163	9401	0.00428855227882037	5-20kb
clu_101168	1060	0.00684815013404826	1-5kb
clu_101170	419	0.0117687667560322	<1kb
clu_101172	6038	0.0150688471849866	5-20kb
clu_101174	2483	0.00385160857908847	1-5kb
clu_101175	1095	0.0202108310991957	1-5kb
clu_101177	1073	0.0726159517426273	1-5kb
clu_101197	27799	0.0130102680965147	20-50kb
clu_10120	19286	0.194502520107239	5-20kb
clu_101201	6619	0.0107113404825737	5-20kb
clu_101204	7717	0.0203908579088472	5-20kb
clu_101218	2573	0.00461211796246649	1-5kb
clu_101219	3043	0.010735254691689	1-5kb
clu_101232	1677	0.0111111260053619	1-5kb
clu_101233	7935	0.0670364879356568	5-20kb
clu_101234	8039	0.0594799731903485	5-20kb
clu_101238	30488	0.0661658713136729	20-50kb
clu_101268	5693	0.0716512600536193	5-20kb
clu_101269	6532	0.0378317694369973	5-20kb
clu_101270	3195	0.0392660321715818	1-5kb
clu_101276	34533	0.169053243967828	20-50kb
clu_101281	57042	0.0785717158176944	>50kb
clu_101294	75833	0.210428284182306	>50kb
clu_101302	1002	0.0407760589812332	1-5kb
clu_101303	1648	0.0113791689008043	1-5kb
clu_101306	1755	0.0538703217158177	1-5kb
clu_101313	353	0.0233672654155496	<1kb
clu_101315	943	0.00587426273458445	<1kb
clu_101318	9972	0.0286674798927614	5-20kb
clu_101320	8648	0.0502060053619303	5-20kb
clu_101323	10039	0.0318496514745308	5-20kb
clu_101326	382	0.0170473190348525	<1kb
clu_101327	1674	0.00503091152815013	1-5kb
clu_101336	3389	0.00895329758713137	1-5kb
clu_101339	9147	0.00352946380697051	5-20kb
clu_10134	610	0.00099313672922252	<1kb
clu_101340	3744	0.0869177211796247	1-5kb
clu_101344	1123	0.00462391420911528	1-5kb
clu_10135	105	0.000874879356568365	<1kb
clu_10136	3702	0.000509785522788204	1-5kb
clu_101380	280	0.0037771581769437	<1kb
clu_101387	1364	0.146142332439678	1-5kb
clu_101394	342	0.0220553619302949	<1kb
clu_101400	13790	0.0145513672922252	5-20kb
clu_101412	1246	0.0277693565683646	1-5kb
clu_101413	7382	0.149483378016086	5-20kb
clu_101420	632	0.0718488739946381	<1kb
clu_101423	7073	0.240206756032172	5-20kb
clu_101426	7073	0.0601146112600536	5-20kb
clu_101437	303	0.0337833243967828	<1kb
clu_101448	703	0.00825528150134048	<1kb
clu_101449	1623	0.0456902144772118	1-5kb
clu_101453	284	0.00318219839142091	<1kb
clu_101454	1763	0.00449731903485255	1-5kb
clu_101456	3833	0.00458067024128686	1-5kb
clu_101460	1580	0.00173723860589812	1-5kb
clu_101462	546	0.0189786058981233	<1kb
clu_101475	1235	0.00823182305630027	1-5kb
clu_101511	1999	0.0624624128686327	1-5kb
clu_101512	627	0.0956518230563003	<1kb
clu_101514	148	0.0105392225201072	<1kb
clu_101515	1003	0.0712960857908847	1-5kb
clu_101516	603	0.0315877211796247	<1kb
clu_101527	113	0.00415865951742627	<1kb
clu_101529	2630	0.0551708310991957	1-5kb
clu_101531	409	0.00158252010723861	<1kb
clu_101539	266	0.00973847184986595	<1kb
clu_101542	675	0.00274504021447721	<1kb
clu_101544	750	0.00324268096514745	<1kb
clu_101546	317	0.033959490616622	<1kb
clu_101547	325	0.00953560321715818	<1kb
clu_101548	182	0.00488214477211796	<1kb
clu_101549	4775	0.0176330294906166	1-5kb
clu_101569	3851	0.121426648793566	1-5kb
clu_101570	102	0.0108320107238606	<1kb
clu_101571	1658	0.0286848525469169	1-5kb
clu_101572	23043	0.0180732707774799	20-50kb
clu_101576	15952	0.0267700268096515	5-20kb
clu_101583	2201	0.0196524396782842	1-5kb
clu_101591	2735	0.0239930294906166	1-5kb
clu_101592	2321	0.00465809651474531	1-5kb
clu_101595	873	0.020568471849866	<1kb
clu_101599	526	0.176885040214477	<1kb
clu_10160	2581	0.0115921179624665	1-5kb
clu_101600	4304	0.358818873994638	1-5kb
clu_101605	3320	0.0287383378016086	1-5kb
clu_101606	3451	0.0348724396782842	1-5kb
clu_101609	2305	0.0280118498659517	1-5kb
clu_10161	3533	0.0142943967828418	1-5kb
clu_101615	3282	0.0233156032171582	1-5kb
clu_101617	3576	0.00762246648793566	1-5kb
clu_10163	16116	0.0095541018766756	5-20kb
clu_10164	1946	0.0520412600536193	1-5kb
clu_101648	4981	0.00805310991957105	1-5kb
clu_10165	15543	0.0111685254691689	5-20kb
clu_101654	282	0.191940294906166	<1kb
clu_101655	8682	0.361064021447721	5-20kb
clu_101657	85	0.0881949329758713	<1kb
clu_10166	3580	0.0881501608579088	1-5kb
clu_101660	222	0.00635613941018767	<1kb
clu_101662	152	0.00507793565683646	<1kb
clu_101666	358	0.0154621983914209	<1kb
clu_10167	7454	0.0458029490616622	5-20kb
clu_101673	85	0.00366651474530831	<1kb
clu_101677	650	0.129714021447721	<1kb
clu_10168	11100	0.0559781769436997	5-20kb
clu_101692	5921	0.0506081769436997	5-20kb
clu_101704	1637	0.0115769705093834	1-5kb
clu_101705	861	0.0212910991957105	<1kb
clu_10171	1464	0.00288088471849866	1-5kb
clu_101713	856	0.017561528150134	<1kb
clu_101715	5825	0.0113248793565684	5-20kb
clu_101716	22315	0.0668819034852547	20-50kb
clu_101721	1708	0.00774026809651475	1-5kb
clu_10174	574	0.0563701340482574	<1kb
clu_101748	1769	0.00103750670241287	1-5kb
clu_101750	10777	0.0135591957104558	5-20kb
clu_101755	9977	0.0273209651474531	5-20kb
clu_10178	12694	0.0507752278820375	5-20kb
clu_101782	224	0.0045101072386059	<1kb
clu_101783	13937	0.019880563002681	5-20kb
clu_101789	1031	0.0152377479892761	1-5kb
clu_101807	490	0.00524581769436997	<1kb
clu_101808	991	0.0515514745308311	<1kb
clu_101812	244	0.00429664879356568	<1kb
clu_101813	847	0.0159283109919571	<1kb
clu_101815	1998	0.0111541554959786	1-5kb
clu_101816	3389	0.00393801608579088	1-5kb
clu_101819	174	0.00935474530831099	<1kb
clu_101831	298	0.0169882573726542	<1kb
clu_101832	1030	0.0116043967828418	1-5kb
clu_101833	466	0.0392820643431635	<1kb
clu_101836	864	0.0242762466487936	<1kb
clu_101837	800	0.0144944504021448	<1kb
clu_101839	3436	0.0386336193029491	1-5kb
clu_101841	593	0.049384745308311	<1kb
clu_101842	126	0.0208637533512064	<1kb
clu_101843	133	0.00639686327077748	<1kb
clu_101844	303	0.0431965147453083	<1kb
clu_101849	207	0.0122724932975871	<1kb
clu_101851	363	0.0312975871313673	<1kb
clu_101854	1573	0.0185719839142091	1-5kb
clu_101856	103	0.0386495710455764	<1kb
clu_101858	101	0.0174681769436997	<1kb
clu_101860	412	0.00350005361930295	<1kb
clu_101864	155	0.0367057104557641	<1kb
clu_101865	120	0.00205892761394102	<1kb
clu_101866	125	0.01545581769437	<1kb
clu_101868	216	0.00294072386058981	<1kb
clu_101871	108	0.0216123056300268	<1kb
clu_101874	143	0.00341109919571046	<1kb
clu_101876	94	0.0101411796246649	<1kb
clu_101889	343	0.130104798927614	<1kb
clu_101890	104	0.0319103485254692	<1kb
clu_101895	320	0.00405281501340483	<1kb
clu_101896	3002	0.00618479892761394	1-5kb
clu_101902	1787	0.00986343163538874	1-5kb
clu_101904	2265	7.70241286863271e-05	1-5kb
clu_101906	4008	0.00161892761394102	1-5kb
clu_101907	14932	0.00866790884718499	5-20kb
clu_101915	71	0.00456203753351206	<1kb
clu_101916	4005	0.00979769436997319	1-5kb
clu_10192	3745	0.00226155495978552	1-5kb
clu_101943	2173	0.0301929490616622	1-5kb
clu_101944	726	0.0609509919571046	<1kb
clu_101945	1367	0.0768644504021448	1-5kb
clu_101953	194	0.00439018766756032	<1kb
clu_101954	332	0.00128517426273458	<1kb
clu_101961	293	0.00632520107238606	<1kb
clu_101962	179	0.00438670241286863	<1kb
clu_101963	339	0.0188956568364611	<1kb
clu_101964	2731	0.0661411260053619	1-5kb
clu_101974	246	0.020297855227882	<1kb
clu_101975	171	0.00338796246648794	<1kb
clu_101978	197	0.0276754959785523	<1kb
clu_101987	106	0.00435329758713137	<1kb
clu_101989	649	0.00228592493297587	<1kb
clu_102009	1046	0.00576670241286863	1-5kb
clu_102011	689	0.0114325201072386	<1kb
clu_102022	93	0.0362309383378016	<1kb
clu_102035	176	0.00896646112600536	<1kb
clu_102038	1857	0.00713662198391421	1-5kb
clu_102060	1172	0.26484471849866	1-5kb
clu_102070	8561	0.0686651474530831	5-20kb
clu_102079	17876	0.147020241286863	5-20kb
clu_102087	3202	0.00643348525469169	1-5kb
clu_102089	1300	0.00338777479892761	1-5kb
clu_102098	4329	0.022191528150134	1-5kb
clu_102107	2200	0.00934806970509383	1-5kb
clu_102117	13835	0.0491304021447721	5-20kb
clu_10213	3704	0.00730764075067024	1-5kb
clu_102131	267	0.00656485254691689	<1kb
clu_102132	3998	0.0132820107238606	1-5kb
clu_10214	8820	0.015401581769437	5-20kb
clu_102158	29818	0.359614504021448	20-50kb
clu_102165	94	0.0163876675603217	<1kb
clu_102166	3636	7.1313672922252e-05	1-5kb
clu_102167	7091	0.000282278820375335	5-20kb
clu_102168	374	0.0838543699731903	<1kb
clu_102174	7797	0.0111190080428954	5-20kb
clu_10218	2553	0.00289399463806971	1-5kb
clu_102183	1437	0.00550796246648794	1-5kb
clu_102184	5110	0.0832906166219839	5-20kb
clu_102191	16916	0.0318585254691689	5-20kb
clu_102192	7466	0.0176419839142091	5-20kb
clu_102193	68521	0.0298098659517426	>50kb
clu_102195	4511	0.00471906166219839	1-5kb
clu_102196	1683	0.021740509383378	1-5kb
clu_10221	87	0.408519678284182	<1kb
clu_102212	2311	0.181638981233244	1-5kb
clu_102213	953	0.155788766756032	<1kb
clu_102220	1162	0.037077345844504	1-5kb
clu_10223	47194	0.0474470241286863	20-50kb
clu_102239	72	0.0311772117962466	<1kb
clu_10226	1998	0.0195076675603217	1-5kb
clu_102262	3903	0.0288596246648794	1-5kb
clu_102263	2675	0.00238335120643432	1-5kb
clu_102266	229	0.0172686863270777	<1kb
clu_102270	2959	0.00420163538873995	1-5kb
clu_102277	940	0.00146276139410188	<1kb
clu_102292	10842	0.0205515013404826	5-20kb
clu_102293	2513	0.106744772117962	1-5kb
clu_10231	3615	0.00968756032171582	1-5kb
clu_102314	178	0.000209678284182306	<1kb
clu_10232	436	0.0243922788203753	<1kb
clu_102325	2806	0.0685058445040214	1-5kb
clu_102326	18682	0.0933017962466488	5-20kb
clu_102328	1652	0.042684235924933	1-5kb
clu_102329	32129	0.198143914209115	20-50kb
clu_102332	21807	0.0506332707774799	20-50kb
clu_102333	2188	0.328860160857909	1-5kb
clu_102343	22549	0.00527002680965147	20-50kb
clu_102345	2746	0.032135254691689	1-5kb
clu_102346	5609	0.0567799731903485	5-20kb
clu_102347	87	0.0164602144772118	<1kb
clu_102349	1416	0.00597195710455764	1-5kb
clu_10235	887	0.00731565683646113	<1kb
clu_102350	4592	0.00715611260053619	1-5kb
clu_10236	380	0.0675522252010724	<1kb
clu_102362	36098	0.040240563002681	20-50kb
clu_10237	2274	0.00774554959785523	1-5kb
clu_102373	773	0.00391887399463807	<1kb
clu_102374	4039	0.00385064343163539	1-5kb
clu_102377	1844	0.000919490616621984	1-5kb
clu_102385	2147	0.00326193029490617	1-5kb
clu_102386	10691	0.00432203753351206	5-20kb
clu_102387	10493	0.0292027077747989	5-20kb
clu_102399	19955	0.0060543163538874	5-20kb
clu_102401	1840	0.0035898927613941	1-5kb
clu_102408	1341	0.0198700536193029	1-5kb
clu_102410	4434	0.0790930831099196	1-5kb
clu_102423	92	0.103227694369973	<1kb
clu_102425	1087	0.032385254691689	1-5kb
clu_102427	4484	0.00160445040214477	1-5kb
clu_102428	2897	0.00653772117962466	1-5kb
clu_102435	4180	0.00370967828418231	1-5kb
clu_102436	3672	0.017829490616622	1-5kb
clu_102437	8994	0.00667002680965147	5-20kb
clu_102439	410	0.0119445576407507	<1kb
clu_102443	12781	0.0868577747989276	5-20kb
clu_102445	15128	0.0747075067024129	5-20kb
clu_102447	8262	0.0105492225201072	5-20kb
clu_102449	6130	0.0087055764075067	5-20kb
clu_102454	2687	0.0271332439678284	1-5kb
clu_102466	32608	0.194967479892761	20-50kb
clu_102473	2218	0.0979650938337802	1-5kb
clu_102497	1680	0.369402788203753	1-5kb
clu_102498	2690	0.00444319034852547	1-5kb
clu_102505	39134	0.10694490616622	20-50kb
clu_102513	1510	0.0118942627345844	1-5kb
clu_102515	6015	0.0261514745308311	5-20kb
clu_102518	594	0.112165308310992	<1kb
clu_102526	1685	0.142449785522788	1-5kb
clu_102530	209	0.048851528150134	<1kb
clu_102559	1394	0.0144115549597855	1-5kb
clu_102561	1714	0.00720171581769437	1-5kb
clu_102570	489	0.00617836461126005	<1kb
clu_102572	3938	0.043507855227882	1-5kb
clu_102573	660	0.00257560321715818	<1kb
clu_102576	1888	0.0155811260053619	1-5kb
clu_102581	3041	0.00812402144772118	1-5kb
clu_102583	2687	0.0927955227882038	1-5kb
clu_102586	1501	0.0360758445040214	1-5kb
clu_102587	1089	0.0473089544235925	1-5kb
clu_102591	4304	0.0187898123324397	1-5kb
clu_102595	315	0.255553002680965	<1kb
clu_102596	2785	0.0209958981233244	1-5kb
clu_102599	2881	0.0321579892761394	1-5kb
clu_102601	21530	0.00460455764075067	20-50kb
clu_102602	1023	0.0242828418230563	1-5kb
clu_102603	831	0.00931847184986595	<1kb
clu_102605	1775	0.034990563002681	1-5kb
clu_102608	4412	0.0206318230563003	1-5kb
clu_102612	5903	0.630236273458445	5-20kb
clu_102616	352	0.00992286863270777	<1kb
clu_102620	1714	0.00140193029490617	1-5kb
clu_102622	2780	0.0153803485254692	1-5kb
clu_102623	2502	0.000729356568364611	1-5kb
clu_102625	1548	0.0436636997319035	1-5kb
clu_102626	5934	0.00726227882037533	5-20kb
clu_102627	5825	0.0167800804289544	5-20kb
clu_102630	202	0.0136490080428954	<1kb
clu_102631	10751	0.00383045576407507	5-20kb
clu_102637	12748	0.031542654155496	5-20kb
clu_102638	381	0.0195709383378016	<1kb
clu_102641	1451	0.0316035656836461	1-5kb
clu_102645	3080	0.00781034852546917	1-5kb
clu_102646	4963	0.0119688203753351	1-5kb
clu_102649	329	0.00433190348525469	<1kb
clu_102650	5054	0.129720402144772	5-20kb
clu_102653	3579	0.0106579892761394	1-5kb
clu_102656	5114	0.224889865951743	5-20kb
clu_102657	730	0.0105593565683646	<1kb
clu_102659	2610	0.0156316890080429	1-5kb
clu_102661	367	0.054376327077748	<1kb
clu_102662	2318	0.010966273458445	1-5kb
clu_102663	2186	0.0190260589812332	1-5kb
clu_102668	1585	0.0419464343163539	1-5kb
clu_102669	2228	0.513273351206434	1-5kb
clu_10267	3277	0.00162353887399464	1-5kb
clu_102674	1594	0.0430797855227882	1-5kb
clu_102679	7153	0.0310458981233244	5-20kb
clu_102680	1330	0.0376152010723861	1-5kb
clu_102681	388	0.0503935656836461	<1kb
clu_102685	1991	0.021057855227882	1-5kb
clu_10269	2008	0.0652337533512064	1-5kb
clu_102695	2157	0.125943914209115	1-5kb
clu_10270	3918	0.238632922252011	1-5kb
clu_102709	62209	0.160553699731903	>50kb
clu_102710	476	8.96782841823056e-05	<1kb
clu_102716	1208	0.10115308310992	1-5kb
clu_102732	934	0.00841383378016086	<1kb
clu_102734	116	0.00358340482573727	<1kb
clu_102735	1651	0.0387495442359249	1-5kb
clu_102743	11374	0.0368305898123324	5-20kb
clu_10275	342	0.170807828418231	<1kb
clu_102769	1046	0.00306302949061662	1-5kb
clu_102770	2540	0.00655252010723861	1-5kb
clu_10279	6186	0.0511400536193029	5-20kb
clu_102795	1869	0.0164346380697051	1-5kb
clu_102798	7647	0.00104300268096515	5-20kb
clu_10280	6041	0.0573262466487936	5-20kb
clu_102800	9513	0.0133869705093834	5-20kb
clu_102803	309	0.0104513136729223	<1kb
clu_102805	2655	0.00321941018766756	1-5kb
clu_10281	5110	0.0202294101876676	5-20kb
clu_10282	3900	0.0174576407506702	1-5kb
clu_102829	1068	0.00913530831099196	1-5kb
clu_10283	31087	0.19930509383378	20-50kb
clu_102830	9109	0.0408777747989276	5-20kb
clu_102833	2401	0.00797605898123324	1-5kb
clu_102834	92159	0.0786280428954424	>50kb
clu_102842	1557	0.582318069705094	1-5kb
clu_102848	7053	0.0174715013404826	5-20kb
clu_10285	106	0.00631361930294906	<1kb
clu_102858	7402	0.00943461126005362	5-20kb
clu_102869	431	0.00305951742627346	<1kb
clu_102870	2268	0.00337329758713137	1-5kb
clu_102875	87	0.0042011528150134	<1kb
clu_102877	894	0.00707356568364611	<1kb
clu_102878	201	0.0174701608579088	<1kb
clu_102881	98	0.0161649061662198	<1kb
clu_102882	1868	0.0302748525469169	1-5kb
clu_102883	3331	0.00578659517426273	1-5kb
clu_102884	244	0.00528434316353887	<1kb
clu_102886	128	0.00896222520107239	<1kb
clu_102889	1091	0.000939276139410188	1-5kb
clu_102892	1261	0.0151033243967828	1-5kb
clu_102896	6349	0.0331390884718499	5-20kb
clu_102898	41239	0.0575519302949062	20-50kb
clu_102899	1270	0.0114786327077748	1-5kb
clu_102900	1504	0.0107441554959786	1-5kb
clu_102901	84	0.00265458445040214	<1kb
clu_102902	5033	0.00322525469168901	5-20kb
clu_102903	6576	0.00808281501340483	5-20kb
clu_102906	101	0.0130399463806971	<1kb
clu_102908	1192	0.00977691689008043	1-5kb
clu_102919	3365	0.0120012332439678	1-5kb
clu_102923	4514	0.00769225201072386	1-5kb
clu_102925	3110	0.0246841286863271	1-5kb
clu_102926	76	0.0429235656836461	<1kb
clu_102927	2085	0.00773369973190348	1-5kb
clu_102929	9387	0.0121708042895442	5-20kb
clu_102930	41234	0.108723029490617	20-50kb
clu_102931	7582	0.0301408847184987	5-20kb
clu_102932	11705	0.0355507506702413	5-20kb
clu_102934	218	0.00481825737265416	<1kb
clu_10294	1141	0.125040026809651	1-5kb
clu_102945	1615	0.863062654155496	1-5kb
clu_102946	94	0.621140857908847	<1kb
clu_102949	1396	0.00158662198391421	1-5kb
clu_102953	3991	0.0124379624664879	1-5kb
clu_102961	41962	0.190987372654155	20-50kb
clu_102962	247	0.0111421983914209	<1kb
clu_102963	1897	0.0194281501340483	1-5kb
clu_102965	998	0.0030483109919571	<1kb
clu_102968	1127	0.0110609115281501	1-5kb
clu_102969	2661	0.494379034852547	1-5kb
clu_102970	3916	0.15712	1-5kb
clu_102974	2327	0.0700680965147453	1-5kb
clu_10299	5821	0.00415627345844504	5-20kb
clu_10300	635	0.612225442359249	<1kb
clu_103002	3872	0.0331720375335121	1-5kb
clu_103004	815	0.0440207506702413	<1kb
clu_103005	3136	0.01787	1-5kb
clu_103006	304	0.0851224664879357	<1kb
clu_103007	165	0.322635067024129	<1kb
clu_103008	4581	0.0195204825737265	1-5kb
clu_10301	2635	0.0220821715817694	1-5kb
clu_103010	2644	0.298935683646113	1-5kb
clu_10302	5389	0.0114727345844504	5-20kb
clu_103022	2176	0.0395722252010724	1-5kb
clu_103023	14259	0.209459731903485	5-20kb
clu_103024	4496	0.0193267024128686	1-5kb
clu_103025	7122	0.0350215549597855	5-20kb
clu_103043	3211	0.0854527613941019	1-5kb
clu_103044	662	0.138597050938338	<1kb
clu_103045	1120	0.0611350134048257	1-5kb
clu_103046	2825	0.010641528150134	1-5kb
clu_103050	254	0.0160605361930295	<1kb
clu_103051	5319	0.144799195710456	5-20kb
clu_103052	1381	0.354410321715818	1-5kb
clu_103055	7238	0.0168559785522788	5-20kb
clu_103056	40196	0.0493461394101877	20-50kb
clu_103060	3545	0.00301477211796247	1-5kb
clu_103061	45887	0.0212871313672922	20-50kb
clu_103064	1140	0.2657781769437	1-5kb
clu_103065	228	0.00621576407506702	<1kb
clu_10307	3748	0.0514050938337802	1-5kb
clu_103072	139	0.00584957104557641	<1kb
clu_103073	1309	0.00483584450402145	1-5kb
clu_103074	90	0.0230911796246649	<1kb
clu_103079	2819	0.0348068096514745	1-5kb
clu_103088	4902	0.038063726541555	1-5kb
clu_103089	469	0.134152091152815	<1kb
clu_10309	2054	0.0282719839142091	1-5kb
clu_103090	8327	0.0482633243967828	5-20kb
clu_103098	6396	0.0998848525469169	5-20kb
clu_103112	1540	0.0975379356568365	1-5kb
clu_103113	4252	0.0450682305630027	1-5kb
clu_103114	8657	0.0337917158176944	5-20kb
clu_103124	336	0.00970820375335121	<1kb
clu_103126	80	0.0172062198391421	<1kb
clu_103128	254	0.173112439678284	<1kb
clu_103132	305	0.026116273458445	<1kb
clu_10314	606	0.016519436997319	<1kb
clu_103140	650	0.00492884718498659	<1kb
clu_103142	155	0.0399728418230563	<1kb
clu_103145	2348	0.0487563538873995	1-5kb
clu_10315	5510	0.0105857104557641	5-20kb
clu_103156	2319	0.00745707774798928	1-5kb
clu_103161	304	0.0657878016085791	<1kb
clu_103165	341	0.0390271313672922	<1kb
clu_103168	1777	0.0131577211796247	1-5kb
clu_103172	1515	0.0402244235924933	1-5kb
clu_103173	830	0.0483012064343164	<1kb
clu_103174	1668	0.115772949061662	1-5kb
clu_103175	117	0.0031445308310992	<1kb
clu_103176	6484	0.188208525469169	5-20kb
clu_103182	2239	0.0108001072386059	1-5kb
clu_103185	1639	0.0177540482573727	1-5kb
clu_103187	2908	0.0115583109919571	1-5kb
clu_103188	954	0.00837378016085791	<1kb
clu_103192	4757	0.0114980697050938	1-5kb
clu_103194	6491	0.00890353887399464	5-20kb
clu_103195	943	0.0100433780160858	<1kb
clu_103196	485	0.0392810991957105	<1kb
clu_103197	2893	0.36142	1-5kb
clu_103198	2894	0.0569109383378016	1-5kb
clu_103200	1501	0.00247798927613941	1-5kb
clu_103201	5160	0.0859359785522788	5-20kb
clu_103202	5872	0.101213887399464	5-20kb
clu_103203	12465	0.667331072386059	5-20kb
clu_103204	10445	0.0903876675603217	5-20kb
clu_10322	2583	0.0683487935656836	1-5kb
clu_10336	49815	0.0200443967828418	20-50kb
clu_1034	8944	0.00451332439678284	5-20kb
clu_10346	2184	0.0260413672922252	1-5kb
clu_10355	4447	0.00499630026809652	1-5kb
clu_10358	2394	0.0112041554959786	1-5kb
clu_10359	23146	0.0127512868632708	20-50kb
clu_1036	7591	0.00106128686327078	5-20kb
clu_10362	5667	0.00547260053619303	5-20kb
clu_10363	3785	0.0369559517426273	1-5kb
clu_10364	5941	0.00742166219839142	5-20kb
clu_10365	2683	0.0250899195710456	1-5kb
clu_10367	23117	0.0234014209115282	20-50kb
clu_10368	655	0.0367635656836461	<1kb
clu_10369	630	0.0295416621983914	<1kb
clu_10370	267	0.105166380697051	<1kb
clu_10372	1940	0.0806906434316354	1-5kb
clu_10373	1213	0.00149994638069705	1-5kb
clu_1038	366	0.0112563806970509	<1kb
clu_10380	1385	0.0141664611260054	1-5kb
clu_10382	2205	0.0297163538873995	1-5kb
clu_10384	2695	0.0161443967828418	1-5kb
clu_104	241	0.00247187667560322	<1kb
clu_1040	2154	0.0267101072386059	1-5kb
clu_1041	3428	0.00660316353887399	1-5kb
clu_10421	19330	0.0997630294906166	5-20kb
clu_10426	3693	0.0814918230563003	1-5kb
clu_10438	14873	0.0973808310991957	5-20kb
clu_10439	1780	0.0378074530831099	1-5kb
clu_10441	1111	0.0299681233243968	1-5kb
clu_10463	1411	0.00685788203753351	1-5kb
clu_10464	3645	0.108546166219839	1-5kb
clu_10481	2430	0.0197498659517426	1-5kb
clu_10482	5454	0.028304691689008	5-20kb
clu_105091	80	0.00413246648793566	<1kb
clu_105092	2408	0.0637150670241287	1-5kb
clu_105093	1201	0.00389922252010724	1-5kb
clu_105094	842	0.0158707774798928	<1kb
clu_105099	6993	0.0565000268096515	5-20kb
clu_105100	4000	0.020068418230563	1-5kb
clu_105102	1490	0.0214771313672922	1-5kb
clu_105103	1479	0.0129521715817694	1-5kb
clu_105104	2305	0.0416165415549598	1-5kb
clu_105105	14625	0.0472369705093834	5-20kb
clu_105106	650	0.0183975067024129	<1kb
clu_105109	1099	0.0147400804289544	1-5kb
clu_105116	9870	0.0280705898123324	5-20kb
clu_105120	7067	0.0511281233243968	5-20kb
clu_105121	238	0.036567908847185	<1kb
clu_105124	5809	0.00300664879356568	5-20kb
clu_105156	2122	0.045262144772118	1-5kb
clu_105174	1298	0.00226335120643432	1-5kb
clu_105175	3858	0.0072716890080429	1-5kb
clu_105179	11429	0.00534394101876676	5-20kb
clu_105181	28933	0.0163470509383378	20-50kb
clu_105182	8024	0.0229195978552279	5-20kb
clu_105183	2331	0.00958364611260054	1-5kb
clu_105185	118	0.257562439678284	<1kb
clu_105195	376	6.60857908847185e-05	<1kb
clu_105196	829	0.0299792761394102	<1kb
clu_105198	2153	0.0131074530831099	1-5kb
clu_105199	2677	0.0200379892761394	1-5kb
clu_105200	566	0.00673804289544236	<1kb
clu_105201	2109	0.0201711796246649	1-5kb
clu_105204	17232	0.00636225201072386	5-20kb
clu_105210	19249	0.0982093833780161	5-20kb
clu_105211	5256	0.0913718498659517	5-20kb
clu_105212	4259	0.0220435120643432	1-5kb
clu_105213	5165	0.0150543967828418	5-20kb
clu_105214	3035	0.0172223860589812	1-5kb
clu_105224	3707	0.0685776139410188	1-5kb
clu_105225	4770	0.00846935656836461	1-5kb
clu_105226	4168	0.00894605898123324	1-5kb
clu_105235	99069	0.076583726541555	>50kb
clu_105286	11084	0.125962815013405	5-20kb
clu_105294	2173	0.0482477211796247	1-5kb
clu_105300	5569	0.143227506702413	5-20kb
clu_105304	14543	0.0427013404825737	5-20kb
clu_105305	1964	0.0392928418230563	1-5kb
clu_105308	62160	0.0222971581769437	>50kb
clu_105309	2487	0.0189016085790885	1-5kb
clu_10531	43822	0.0360571849865952	20-50kb
clu_10532	37605	0.029653163538874	20-50kb
clu_105320	2427	0.0611832439678284	1-5kb
clu_105321	2068	0.218811769436997	1-5kb
clu_105323	2866	0.0143874530831099	1-5kb
clu_105325	1804	0.00243731903485255	1-5kb
clu_105328	886	0.0192176139410188	<1kb
clu_10535	94436	0.0285528686327078	>50kb
clu_105403	3484	0.0159892761394102	1-5kb
clu_105411	23397	0.030897855227882	20-50kb
clu_105413	5802	0.0322433243967828	5-20kb
clu_105414	974	0.0312999195710456	<1kb
clu_105416	968	0.0087556836461126	<1kb
clu_105418	4408	0.00275632707774799	1-5kb
clu_105425	3087	0.103058766756032	1-5kb
clu_105428	5279	0.535644262734584	5-20kb
clu_105430	961	0.0684494638069705	<1kb
clu_105433	8352	0.0371821983914209	5-20kb
clu_105436	78497	0.029362600536193	>50kb
clu_105449	2812	0.0253127345844504	1-5kb
clu_105451	962	0.0521324128686327	<1kb
clu_105457	3193	0.0331802144772118	1-5kb
clu_105458	1350	0.0335568096514745	1-5kb
clu_105461	4437	0.629495174262735	1-5kb
clu_105462	3587	0.00703123324396783	1-5kb
clu_105467	6603	0.138086595174263	5-20kb
clu_105474	1174	0.0386908042895442	1-5kb
clu_105475	14562	0.042123109919571	5-20kb
clu_105477	6072	0.00930045576407507	5-20kb
clu_105480	1235	0.0514398391420912	1-5kb
clu_105482	55592	0.0192089544235925	>50kb
clu_105483	45365	0.0030102144772118	20-50kb
clu_105492	10990	0.294601796246649	5-20kb
clu_105493	939	0.0367444504021448	<1kb
clu_105497	2498	0.0256564879356568	1-5kb
clu_105499	3921	0.0254812600536193	1-5kb
clu_105506	96497	0.0159297319034853	>50kb
clu_105507	18684	0.0116959517426273	5-20kb
clu_105508	10623	0.00356812332439678	5-20kb
clu_105509	16541	0.0320726273458445	5-20kb
clu_105513	4543	0.00949552278820375	1-5kb
clu_10552	1155	0.184290375335121	1-5kb
clu_105532	68999	0.0107364879356568	>50kb
clu_105535	3291	0.00481938337801609	1-5kb
clu_105538	2381	0.00347107238605898	1-5kb
clu_105541	3225	0.105360348525469	1-5kb
clu_105544	7966	0.273331126005362	5-20kb
clu_105548	8197	0.0917324664879357	5-20kb
clu_10555	1737	0.0176044235924933	1-5kb
clu_105550	6701	0.0187803485254692	5-20kb
clu_105551	6302	0.0109623324396783	5-20kb
clu_105552	1102	0.0199497319034853	1-5kb
clu_105553	2170	0.136492252010724	1-5kb
clu_105554	2052	0.00432659517426273	1-5kb
clu_105555	1814	0.0907290616621984	1-5kb
clu_105562	8321	0.012133672922252	5-20kb
clu_105563	4399	0.01056418230563	1-5kb
clu_105569	28352	0.0154071849865952	20-50kb
clu_105571	3942	0.211411367292225	1-5kb
clu_105574	3381	0.0342293029490617	1-5kb
clu_105578	2727	0.00520351206434316	1-5kb
clu_105581	4428	0.0432098391420912	1-5kb
clu_105582	776	0.0337457104557641	<1kb
clu_105583	3399	0.014733726541555	1-5kb
clu_105590	8486	0.0060485254691689	5-20kb
clu_105592	17611	0.0123124932975871	5-20kb
clu_105593	32291	0.0502316085790885	20-50kb
clu_105596	2956	0.0787327882037533	1-5kb
clu_105599	8725	0.0617082305630027	5-20kb
clu_1056	515	0.0106013404825737	<1kb
clu_105603	7328	0.0177335120643432	5-20kb
clu_105604	18688	0.0327105361930295	5-20kb
clu_105606	34006	0.0306413136729223	20-50kb
clu_105611	5813	0.0249780428954424	5-20kb
clu_105613	25407	0.0022626273458445	20-50kb
clu_105614	9778	0.00904243967828418	5-20kb
clu_105615	13776	0.0638117426273458	5-20kb
clu_105616	33833	0.0161165683646113	20-50kb
clu_105625	426	0.00277662198391421	<1kb
clu_105633	673	0.0377641286863271	<1kb
clu_10564	2508	0.0137681233243968	1-5kb
clu_105668	3318	0.0282541018766756	1-5kb
clu_10567	830	0.0138550402144772	<1kb
clu_105670	6759	0.0814977211796247	5-20kb
clu_105679	31889	0.0300187131367292	20-50kb
clu_10568	6807	0.0300792225201072	5-20kb
clu_105680	32391	0.0247056300268097	20-50kb
clu_105690	29420	0.00327959785522788	20-50kb
clu_105692	2354	0.0109863806970509	1-5kb
clu_105698	876	0.000568230563002681	<1kb
clu_1057	1899	0.0966139946380697	1-5kb
clu_105722	37487	0.0211949865951743	20-50kb
clu_105723	69472	0.0546538069705094	>50kb
clu_105724	22250	0.018681018766756	20-50kb
clu_105725	27221	0.00779718498659517	20-50kb
clu_105734	4530	0.0191075603217158	1-5kb
clu_105735	20255	0.025967345844504	20-50kb
clu_105747	4193	0.0176787935656836	1-5kb
clu_10575	9807	0.0103404289544236	5-20kb
clu_10576	143	0.0101923860589812	<1kb
clu_105760	9179	0.0420464343163539	5-20kb
clu_105761	2221	0.0430418230563003	1-5kb
clu_105762	689	0.0463048793565684	<1kb
clu_105764	7569	0.00273396782841823	5-20kb
clu_105765	9357	0.155717882037534	5-20kb
clu_105768	9405	0.0429720375335121	5-20kb
clu_105772	5763	0.0302513941018767	5-20kb
clu_105775	315	0.00775024128686327	<1kb
clu_105776	2563	0.0059585254691689	1-5kb
clu_105777	3940	0.00865372654155496	1-5kb
clu_105778	860	0.0162577211796247	<1kb
clu_105779	1963	0.000947104557640751	1-5kb
clu_10578	2426	0.00755512064343164	1-5kb
clu_105785	105	0.00879072386058981	<1kb
clu_105786	88	0.0269468096514745	<1kb
clu_1058	5470	0.12087908847185	5-20kb
clu_10580	8885	0.01110581769437	5-20kb
clu_10584	611	0.0336730563002681	<1kb
clu_105846	6568	0.0040543163538874	5-20kb
clu_105847	691	0.0564537801608579	<1kb
clu_10585	10849	0.0121292225201072	5-20kb
clu_105853	7676	0.0013814745308311	5-20kb
clu_105854	23253	0.0188499195710456	20-50kb
clu_105856	2598	0.0112045308310992	1-5kb
clu_105858	2783	0.0773874530831099	1-5kb
clu_105859	12304	0.0112867828418231	5-20kb
clu_10586	2005	0.0654341286863271	1-5kb
clu_105861	1458	0.002581581769437	1-5kb
clu_105862	2823	0.0872311260053619	1-5kb
clu_10587	6317	0.0456850134048257	5-20kb
clu_10588	3543	0.0107902144772118	1-5kb
clu_105882	1772	0.016803672922252	1-5kb
clu_105884	2275	0.254344986595174	1-5kb
clu_1059	1868	0.023002091152815	1-5kb
clu_105916	8927	0.00367734584450402	5-20kb
clu_105918	1249	0.00527436997319035	1-5kb
clu_105920	7018	0.006861581769437	5-20kb
clu_105922	3036	0.00313916890080429	1-5kb
clu_105923	846	0.00970131367292225	<1kb
clu_105924	554	0.00400402144772118	<1kb
clu_105927	1615	0.0106285790884719	1-5kb
clu_105928	923	0.0844537533512064	<1kb
clu_105929	972	0.0271759249329759	<1kb
clu_105935	1375	0.0360538873994638	1-5kb
clu_105936	1117	0.00506608579088472	1-5kb
clu_105942	976	0.0120171045576408	<1kb
clu_105944	930	0.0250648793565684	<1kb
clu_105945	2135	0.0413077747989276	1-5kb
clu_105947	4859	0.0447424932975871	1-5kb
clu_105948	2763	0.0277919302949062	1-5kb
clu_106	1360	0.0228232171581769	1-5kb
clu_1060	46453	0.0818417962466488	20-50kb
clu_1061	400	0.0166150402144772	<1kb
clu_10628	2326	0.0206159517426273	1-5kb
clu_10649	1976	0.00808495978552279	1-5kb
clu_1065	727	0.0288668632707775	<1kb
clu_10651	2134	0.0302638069705094	1-5kb
clu_10653	502	0.029506836461126	<1kb
clu_106553	3950	0.0662692225201072	1-5kb
clu_106554	1925	0.24974345844504	1-5kb
clu_106563	20639	0.278020884718499	20-50kb
clu_106565	240	0.0532861126005362	<1kb
clu_106571	18714	0.0146229758713137	5-20kb
clu_106572	7296	0.00405962466487936	5-20kb
clu_106574	2624	0.113814235924933	1-5kb
clu_106576	423	0.0422444504021448	<1kb
clu_106578	6466	0.00759482573726542	5-20kb
clu_106584	6951	0.0243819839142091	5-20kb
clu_106585	5737	0.215715764075067	5-20kb
clu_106591	542	0.00656235924932976	<1kb
clu_106600	4087	0.0261369705093834	1-5kb
clu_106601	7288	0.0308226273458445	5-20kb
clu_106604	733	0.00615058981233244	<1kb
clu_106605	36994	0.00731206434316354	20-50kb
clu_106610	6684	0.0134457372654155	5-20kb
clu_106615	3477	0.00376702412868633	1-5kb
clu_106616	45732	0.0395449865951743	20-50kb
clu_106619	17371	0.0181834316353887	5-20kb
clu_106622	4545	0.0206800268096515	1-5kb
clu_106623	2625	0.0268003753351206	1-5kb
clu_106625	2918	0.0231566219839142	1-5kb
clu_106631	77	0.0468969436997319	<1kb
clu_106632	812	0.0284627077747989	<1kb
clu_106633	3645	0.153894048257373	1-5kb
clu_106634	6551	0.0609942091152815	5-20kb
clu_106644	2156	0.0195124128686327	1-5kb
clu_106646	420	0.00711120643431635	<1kb
clu_106652	2918	0.00995112600536193	1-5kb
clu_106653	850	0.00808490616621984	<1kb
clu_106656	4041	0.0222090348525469	1-5kb
clu_106657	9900	0.0143920643431635	5-20kb
clu_106658	54995	0.00543471849865952	>50kb
clu_106665	1222	0.00164391420911528	1-5kb
clu_106670	3428	0.0269066487935657	1-5kb
clu_1067	1779	0.0022958981233244	1-5kb
clu_106711	2128	0.141818016085791	1-5kb
clu_106715	4000	0.0246816353887399	1-5kb
clu_106723	1836	0.024304235924933	1-5kb
clu_106733	6284	0.00513139410187668	5-20kb
clu_106734	17558	0.0453697050938338	5-20kb
clu_106735	41555	0.0688328150134048	20-50kb
clu_106743	14360	0.00921241286863271	5-20kb
clu_106768	306	0.00394662198391421	<1kb
clu_106769	20131	0.0537500536193029	20-50kb
clu_106772	2246	0.022628471849866	1-5kb
clu_106773	37219	0.336411260053619	20-50kb
clu_106774	3369	0.00164828418230563	1-5kb
clu_106777	870	0.00819026809651474	<1kb
clu_106779	7817	0.0076654691689008	5-20kb
clu_106802	12153	0.00405278820375335	5-20kb
clu_106808	12975	0.0309501340482574	5-20kb
clu_106809	3743	0.00907707774798928	1-5kb
clu_106810	1316	0.0172048257372654	1-5kb
clu_106811	2382	0.00683654155495979	1-5kb
clu_106812	4947	0.00981734584450402	1-5kb
clu_106813	1954	0.17687600536193	1-5kb
clu_106814	1553	0.00158482573726542	1-5kb
clu_106817	1065	0.0170425737265416	1-5kb
clu_106825	595	0.0298369436997319	<1kb
clu_106826	4781	0.00866646112600536	1-5kb
clu_106827	3001	0.00337871313672922	1-5kb
clu_106836	2780	0.0233950938337802	1-5kb
clu_106837	3951	0.0173681501340483	1-5kb
clu_106839	1581	0.00501549597855228	1-5kb
clu_106840	36945	0.0520574798927614	20-50kb
clu_106844	7321	0.154628445040214	5-20kb
clu_106859	428	0.0185989008042895	<1kb
clu_106861	16780	0.0148953887399464	5-20kb
clu_106870	37767	0.00974965147453083	20-50kb
clu_106874	5201	0.0065955764075067	5-20kb
clu_106875	8711	0.00106785522788204	5-20kb
clu_106901	6269	0.00458697050938338	5-20kb
clu_106904	527	1.06702412868633e-05	<1kb
clu_106905	1601	0.103042922252011	1-5kb
clu_106911	3974	0.0713649329758713	1-5kb
clu_106913	14041	0.177212332439678	5-20kb
clu_106916	21606	0.028475254691689	20-50kb
clu_106922	1683	0.517925147453083	1-5kb
clu_106926	3125	0.00358093833780161	1-5kb
clu_106928	2670	0.00860042895442359	1-5kb
clu_106937	14037	0.026291528150134	5-20kb
clu_106938	4530	0.00583742627345844	1-5kb
clu_106939	7861	0.0111028418230563	5-20kb
clu_106940	22357	0.386124048257373	20-50kb
clu_106941	2532	0.0113612332439678	1-5kb
clu_106942	4535	0.00221761394101877	1-5kb
clu_106949	5939	0.249184959785523	5-20kb
clu_106950	3299	0.0111949865951743	1-5kb
clu_106951	998	0.0767688739946381	<1kb
clu_106966	6613	0.0120419302949062	5-20kb
clu_106967	669	0.0178739678284182	<1kb
clu_106970	1677	0.0204192225201072	1-5kb
clu_106977	1848	0.00505018766756032	1-5kb
clu_106980	3140	0.00336016085790885	1-5kb
clu_106983	45444	0.00377766756032172	20-50kb
clu_106984	6317	0.0463776943699732	5-20kb
clu_106985	2932	0.0124392493297587	1-5kb
clu_106996	2456	0.00914018766756032	1-5kb
clu_106997	5855	0.0471508847184987	5-20kb
clu_107001	3025	0.167111286863271	1-5kb
clu_107024	4117	0.0434408579088472	1-5kb
clu_10704	339	0.0141528686327078	<1kb
clu_107040	2292	0.0309512600536193	1-5kb
clu_107041	120	0.00517672922252011	<1kb
clu_107042	6442	0.13037581769437	5-20kb
clu_107054	21958	0.011287399463807	20-50kb
clu_107072	8606	0.0202804825737265	5-20kb
clu_107078	124	0.00261447721179625	<1kb
clu_107080	2465	0.00392879356568365	1-5kb
clu_107081	19696	0.0394142627345845	5-20kb
clu_107085	97607	0.0332288203753351	>50kb
clu_107092	3470	0.00613528150134048	1-5kb
clu_107095	260	0.0174396514745308	<1kb
clu_107099	3474	0.0154202412868633	1-5kb
clu_107102	3019	0.0395319571045576	1-5kb
clu_107103	2790	0.0353967828418231	1-5kb
clu_107111	1074	0.0154744235924933	1-5kb
clu_107112	2025	0.0253838605898123	1-5kb
clu_107115	12653	0.0150389008042895	5-20kb
clu_107116	4516	0.0369190348525469	1-5kb
clu_107126	493	0.0284147721179625	<1kb
clu_107131	7601	0.12588855227882	5-20kb
clu_107138	6315	0.00732632707774799	5-20kb
clu_10715	1451	0.0702675067024129	1-5kb
clu_107153	17987	0.0227324128686327	5-20kb
clu_107155	2648	0.0234417426273458	1-5kb
clu_107156	1638	0.152621394101877	1-5kb
clu_10716	1164	0.015619490616622	1-5kb
clu_107162	437	0.169387613941019	<1kb
clu_107163	679	0.0188688471849866	<1kb
clu_107164	5448	0.00749281501340483	5-20kb
clu_107172	1904	0.0227586327077748	1-5kb
clu_107173	1297	0.0273706166219839	1-5kb
clu_107174	2143	0.111447319034853	1-5kb
clu_107175	8942	0.0406443163538874	5-20kb
clu_107179	7588	0.00828428954423593	5-20kb
clu_107180	32631	0.0199050134048257	20-50kb
clu_107183	6293	0.00936351206434316	5-20kb
clu_107184	203	0.0238656568364611	<1kb
clu_107187	53487	0.218183726541555	>50kb
clu_10719	979	0.00530882037533512	<1kb
clu_107193	1424	0.0715893029490617	1-5kb
clu_107197	5278	0.0503077747989276	5-20kb
clu_10720	556	0.128538391420912	<1kb
clu_107203	3120	0.155131903485255	1-5kb
clu_10721	5129	0.0867149597855228	5-20kb
clu_107210	31114	0.125939463806971	20-50kb
clu_107213	1682	0.00598563002680965	1-5kb
clu_107217	3211	0.225015335120643	1-5kb
clu_107220	5502	0.0268350402144772	5-20kb
clu_107223	9587	0.0530302680965147	5-20kb
clu_107225	6945	0.138672439678284	5-20kb
clu_107229	3540	0.00985691689008043	1-5kb
clu_10724	2886	0.0682149597855228	1-5kb
clu_107249	8314	0.0149099195710456	5-20kb
clu_10725	1189	0.0656376139410188	1-5kb
clu_10727	1119	0.0141009919571046	1-5kb
clu_10728	4497	0.172927238605898	1-5kb
clu_107293	4743	0.0523599463806971	1-5kb
clu_107296	11104	0.0254921715817694	5-20kb
clu_107301	1336	0.0613045308310992	1-5kb
clu_107304	1040	0.0536912064343164	1-5kb
clu_107313	1910	0.0348748525469169	1-5kb
clu_10732	635	0.123200509383378	<1kb
clu_107326	2300	0.155943592493298	1-5kb
clu_107327	7915	0.00968616621983914	5-20kb
clu_107330	3241	0.0374452010723861	1-5kb
clu_10734	472	0.0121408042895442	<1kb
clu_107386	1483	0.0353701072386059	1-5kb
clu_107387	3794	0.0242398659517426	1-5kb
clu_107388	3821	0.0486995442359249	1-5kb
clu_107389	13419	0.0533130831099196	5-20kb
clu_107391	3585	0.0536375335120643	1-5kb
clu_107392	9234	0.282562305630027	5-20kb
clu_107393	3954	0.099005308310992	1-5kb
clu_107395	9347	0.021433672922252	5-20kb
clu_107397	842	0.0204279624664879	<1kb
clu_107399	704	0.00848855227882037	<1kb
clu_107400	1046	0.00663764075067024	1-5kb
clu_107401	1971	0.0104934316353887	1-5kb
clu_107404	18645	0.028379436997319	5-20kb
clu_107410	678	0.0173672654155496	<1kb
clu_107411	3115	0.0107095442359249	1-5kb
clu_107412	997	0.0177006434316354	<1kb
clu_107413	4095	0.0226802949061662	1-5kb
clu_107418	2162	0.0196364611260054	1-5kb
clu_107424	4349	0.102769758713137	1-5kb
clu_107432	6320	0.425573619302949	5-20kb
clu_10745	11381	0.0377069973190349	5-20kb
clu_10746	15839	0.232038579088472	5-20kb
clu_107460	10957	0.00974876675603217	5-20kb
clu_107461	21564	0.0411845576407507	20-50kb
clu_10747	8510	0.0577028954423593	5-20kb
clu_10748	3574	0.0264498391420912	1-5kb
clu_10749	9992	0.0645771045576407	5-20kb
clu_10754	524	0.00675729222520107	<1kb
clu_10767	1316	0.0669791957104558	1-5kb
clu_10768	994	0.568533726541555	<1kb
clu_10769	1165	0.0368200536193029	1-5kb
clu_1077	93	0.00135418230563003	<1kb
clu_10772	18899	0.35604654155496	5-20kb
clu_10773	903	0.0258332171581769	<1kb
clu_10775	5487	0.00716439678284182	5-20kb
clu_10776	1170	0.0399630831099196	1-5kb
clu_10777	2366	0.0342870241286863	1-5kb
clu_10778	1118	0.00377713136729223	1-5kb
clu_1078	458	0.0293158713136729	<1kb
clu_10781	1374	0.0170847721179625	1-5kb
clu_10782	1102	0.0930779356568365	1-5kb
clu_10783	835	0.0129575603217158	<1kb
clu_10789	2526	0.00647053619302949	1-5kb
clu_10795	2704	0.00721428954423593	1-5kb
clu_10798	4839	0.00557139410187668	1-5kb
clu_10799	4540	0.00776093833780161	1-5kb
clu_108095	1737	0.00824758713136729	1-5kb
clu_108096	561	0.0809165147453083	<1kb
clu_108097	361	0.00314171581769437	<1kb
clu_108106	183	0.00205026809651475	<1kb
clu_108116	1525	0.208085871313673	1-5kb
clu_108120	73	0.0035958981233244	<1kb
clu_108142	9886	0.00871506702412869	5-20kb
clu_108143	896	0.0140779624664879	<1kb
clu_108157	162	0.0291785790884719	<1kb
clu_108160	258	0.00543471849865952	<1kb
clu_108162	179	0.00365364611260054	<1kb
clu_108177	109	0.00973439678284182	<1kb
clu_108178	316	0.0139481233243968	<1kb
clu_108190	360	0.00059402144772118	<1kb
clu_108193	4193	0.00468600536193029	1-5kb
clu_108268	87	0.0053556836461126	<1kb
clu_108269	321	0.0141142627345844	<1kb
clu_108270	274	0.0211059785522788	<1kb
clu_108271	254	0.00267241286863271	<1kb
clu_108273	221	0.00712184986595174	<1kb
clu_108275	74	0.00846914209115282	<1kb
clu_108280	85	0.011236327077748	<1kb
clu_108283	529	0.033537345844504	<1kb
clu_108284	149	0.0182990080428954	<1kb
clu_108291	278	0.00398083109919571	<1kb
clu_10830	2682	0.0404547721179625	1-5kb
clu_108303	167	0.0193952278820375	<1kb
clu_108304	332	0.0350129758713137	<1kb
clu_108307	103	0.02758418230563	<1kb
clu_108309	2138	0.0419022520107239	1-5kb
clu_10831	825	0.0320425737265416	<1kb
clu_108316	754	0.149263056300268	<1kb
clu_108317	649	0.0117683646112601	<1kb
clu_108319	4303	0.222360134048257	1-5kb
clu_108322	1846	0.022867855227882	1-5kb
clu_108324	324	0.0293417694369973	<1kb
clu_108342	3170	0.0724903753351206	1-5kb
clu_108343	2075	0.0341315013404826	1-5kb
clu_108344	2838	0.0280781769436997	1-5kb
clu_108348	6122	0.00848675603217158	5-20kb
clu_108355	2468	0.0242483109919571	1-5kb
clu_108356	966	0.00541112600536193	<1kb
clu_108367	73975	0.0668396514745308	>50kb
clu_108371	8916	0.0208792225201072	5-20kb
clu_108372	28975	0.00521361930294906	20-50kb
clu_10839	4408	0.000288981233243968	1-5kb
clu_108394	1710	0.00837721179624665	1-5kb
clu_108401	1985	0.00116426273458445	1-5kb
clu_108402	4751	0.0324182573726542	1-5kb
clu_108403	27666	0.00677337801608579	20-50kb
clu_108407	2144	0.0170701340482574	1-5kb
clu_108424	3609	0.00412865951742627	1-5kb
clu_108439	1197	0.00808455764075067	1-5kb
clu_108440	1120	0.00325369973190349	1-5kb
clu_108450	1098	0.0263050134048257	1-5kb
clu_108453	2645	0.0592179624664879	1-5kb
clu_108454	1426	0.234659034852547	1-5kb
clu_108455	11309	0.0158871313672922	5-20kb
clu_108456	1674	0.104858820375335	1-5kb
clu_108457	3068	0.0128966756032172	1-5kb
clu_108458	5523	0.0280194101876676	5-20kb
clu_108459	798	0.00274544235924933	<1kb
clu_10846	5433	0.196181152815013	5-20kb
clu_108462	658	0.667745040214477	<1kb
clu_108463	313	0.611107184986595	<1kb
clu_108464	328	0.0136677747989276	<1kb
clu_108465	1500	0.00443308310991957	1-5kb
clu_108472	4453	0.11936235924933	1-5kb
clu_108477	3166	0.0677515013404826	1-5kb
clu_108487	235	0.0545190616621984	<1kb
clu_108495	1492	0.0265353619302949	1-5kb
clu_108534	2284	0.0231049061662198	1-5kb
clu_108535	2774	0.0442123324396783	1-5kb
clu_108536	4203	0.0116686327077748	1-5kb
clu_108537	707	0.0124743967828418	<1kb
clu_108538	91	0.0107589544235925	<1kb
clu_108552	2694	0.0141923056300268	1-5kb
clu_108555	7455	0.0415713404825737	5-20kb
clu_108557	676	0.122017533512064	<1kb
clu_108558	157	0.326450348525469	<1kb
clu_108565	15480	0.055307855227882	5-20kb
clu_108567	916	0.0393524128686327	<1kb
clu_108568	8069	0.00266903485254692	5-20kb
clu_108578	1184	0.00107761394101877	1-5kb
clu_108581	5212	0.00151469168900804	5-20kb
clu_108585	150	0.0264880428954424	<1kb
clu_108586	3398	0.00599034852546917	1-5kb
clu_10859	7392	0.131200455764075	5-20kb
clu_108599	1577	0.131276970509383	1-5kb
clu_108602	1155	0.127919758713137	1-5kb
clu_108603	3679	0.112228659517426	1-5kb
clu_108604	1555	0.0825421715817694	1-5kb
clu_108606	5305	0.0336198123324397	5-20kb
clu_108617	5008	0.00376096514745308	5-20kb
clu_108618	1506	0.00552404825737265	1-5kb
clu_108619	4409	0.0165468632707775	1-5kb
clu_108620	4286	0.0334854691689008	1-5kb
clu_108621	2949	0.00312072386058981	1-5kb
clu_108630	514	0.0107092225201072	<1kb
clu_108632	217	0.051141528150134	<1kb
clu_108633	1684	0.0196297855227882	1-5kb
clu_108639	1670	0.0496403753351206	1-5kb
clu_108640	10248	0.0693117962466488	5-20kb
clu_108653	6507	0.00472790884718499	5-20kb
clu_108654	27443	0.0927381769436997	20-50kb
clu_10866	5913	0.0317074530831099	5-20kb
clu_108676	3502	0.0230244235924933	1-5kb
clu_108677	2586	0.00838627345844504	1-5kb
clu_108682	257	0.0085141018766756	<1kb
clu_108685	2268	0.0111567560321716	1-5kb
clu_108688	385	0.0631348257372654	<1kb
clu_108689	8146	0.019596327077748	5-20kb
clu_108691	33006	0.00976243967828418	20-50kb
clu_108692	1482	0.00337423592493298	1-5kb
clu_108693	998	0.0263871313672922	<1kb
clu_108694	61265	0.0188518766756032	>50kb
clu_108698	31100	0.0274450938337802	20-50kb
clu_108699	1150	0.0799897050938338	1-5kb
clu_108701	4627	0.560150670241287	1-5kb
clu_10871	9256	0.235001903485255	5-20kb
clu_108713	4882	0.00973662198391421	1-5kb
clu_108715	127	0.012232144772118	<1kb
clu_10873	55758	0.0071887399463807	>50kb
clu_10875	8050	0.0133538873994638	5-20kb
clu_10876	30687	0.0367416353887399	20-50kb
clu_108768	600	0.0173396246648794	<1kb
clu_108769	5448	0.0190115013404826	5-20kb
clu_108787	1256	0.00544879356568365	1-5kb
clu_108793	5794	0.00648002680965147	5-20kb
clu_108798	695	0.0177985790884718	<1kb
clu_108799	938	0.00374179624664879	<1kb
clu_1088	10652	0.0141155227882038	5-20kb
clu_108804	144	0.00150646112600536	<1kb
clu_108807	16540	0.04694418230563	5-20kb
clu_108828	1883	0.00263477211796247	1-5kb
clu_108830	4828	0.263075871313673	1-5kb
clu_108831	6491	0.0175794638069705	5-20kb
clu_108835	54211	0.0133213136729223	>50kb
clu_108838	39636	0.0720970777479893	20-50kb
clu_108839	2125	0.00393554959785523	1-5kb
clu_108841	95278	0.0280223056300268	>50kb
clu_108842	55372	0.0233780965147453	>50kb
clu_108843	1255	0.00639584450402145	1-5kb
clu_108899	9397	0.546713217158177	5-20kb
clu_1089	340	0.00100882037533512	<1kb
clu_108905	1014	0.0126016621983914	1-5kb
clu_108913	24628	0.0961267024128686	20-50kb
clu_108914	1502	0.038453163538874	1-5kb
clu_108915	2496	0.113232278820375	1-5kb
clu_108916	46684	0.0144323056300268	20-50kb
clu_108917	44681	0.0140566219839142	20-50kb
clu_108922	1215	0.0279643431635389	1-5kb
clu_108923	88	0.102020563002681	<1kb
clu_108941	25028	0.0204857908847185	20-50kb
clu_108945	15102	0.0302169705093834	5-20kb
clu_108948	7831	0.0116057908847185	5-20kb
clu_108949	1767	0.0352626809651475	1-5kb
clu_108955	1680	0.0176596246648794	1-5kb
clu_108956	3491	0.0586011796246649	1-5kb
clu_108959	11910	0.00737742627345844	5-20kb
clu_108960	12647	0.00606949061662198	5-20kb
clu_108966	92766	0.245529571045576	>50kb
clu_108969	58200	0.104534932975871	>50kb
clu_108970	29386	0.00433997319034853	20-50kb
clu_108971	5160	0.0105690080428954	5-20kb
clu_108972	7823	0.00224997319034853	5-20kb
clu_108974	13349	0.0119283646112601	5-20kb
clu_108976	13982	0.0118728954423592	5-20kb
clu_108977	1464	0.00145487935656836	1-5kb
clu_108987	1427	0.355908042895442	1-5kb
clu_108991	3765	0.0571034048257373	1-5kb
clu_108996	2787	0.0175695442359249	1-5kb
clu_108999	2111	0.12850654155496	1-5kb
clu_1090	6738	0.0067614745308311	5-20kb
clu_109002	8753	0.0219174798927614	5-20kb
clu_109003	3441	0.00206504021447721	1-5kb
clu_109006	372	0.0313342895442359	<1kb
clu_109008	22702	0.0175085254691689	20-50kb
clu_109018	428	0.229441554959786	<1kb
clu_109019	252	0.0882762198391421	<1kb
clu_109021	3771	0.0135809919571046	1-5kb
clu_109030	1317	0.0545572922252011	1-5kb
clu_109031	1144	0.0500364343163539	1-5kb
clu_109040	13365	0.116885227882038	5-20kb
clu_109041	2783	0.0851414209115282	1-5kb
clu_109042	749	0.0338642895442359	<1kb
clu_109045	2383	0.00306514745308311	1-5kb
clu_109047	1188	0.00435316353887399	1-5kb
clu_109051	166	0.0136466219839142	<1kb
clu_109052	190	0.0158559517426273	<1kb
clu_109059	6238	0.0113095710455764	5-20kb
clu_109061	97683	0.122309597855228	>50kb
clu_109068	14084	0.0270822520107239	5-20kb
clu_109074	3118	0.0143976675603217	1-5kb
clu_109078	547	0.00548190348525469	<1kb
clu_109080	962	0.00186678284182306	<1kb
clu_109087	965	0.017598927613941	<1kb
clu_109096	23304	0.0558831903485255	20-50kb
clu_109098	2338	0.0669861126005362	1-5kb
clu_109099	21273	0.0144682305630027	20-50kb
clu_109100	4502	0.0195833512064343	1-5kb
clu_109105	12022	0.107328445040214	5-20kb
clu_109118	1289	0.0301842627345845	1-5kb
clu_109124	26906	0.0261613672922252	20-50kb
clu_109126	3044	0.0815544772117962	1-5kb
clu_109127	22921	0.00297340482573727	20-50kb
clu_10913	3191	0.00773343163538874	1-5kb
clu_109135	5718	0.124054852546917	5-20kb
clu_10914	5469	0.013514745308311	5-20kb
clu_109179	553	0.00451340482573727	<1kb
clu_109183	568	0.00311182305630027	<1kb
clu_109184	2629	0.00195573726541555	1-5kb
clu_109190	11850	0.0308233512064343	5-20kb
clu_109191	5556	0.0290975335120643	5-20kb
clu_1092	98	0.000817828418230563	<1kb
clu_109217	20507	0.143268820375335	20-50kb
clu_109225	1685	0.0219283914209115	1-5kb
clu_109226	2044	0.0110129222520107	1-5kb
clu_109227	1903	0.00489260053619303	1-5kb
clu_109240	6307	0.0154111528150134	5-20kb
clu_109241	4724	0.00695656836461126	1-5kb
clu_109242	3883	0.0338270509383378	1-5kb
clu_109243	25832	0.0208469973190349	20-50kb
clu_109244	9855	0.00139635388739946	5-20kb
clu_109250	219	0.00811785522788204	<1kb
clu_109257	7520	0.00665388739946381	5-20kb
clu_109258	7204	0.0802972922252011	5-20kb
clu_109260	4800	0.0162779624664879	1-5kb
clu_109261	9127	0.430787855227882	5-20kb
clu_109292	37929	0.11773	20-50kb
clu_109293	10252	0.0466523056300268	5-20kb
clu_109294	17005	0.0158249061662198	5-20kb
clu_109299	8477	0.0071685254691689	5-20kb
clu_109307	476	0.00872329758713137	<1kb
clu_109346	501	0.0135435924932976	<1kb
clu_109374	8562	0.0062702144772118	5-20kb
clu_109379	4106	0.223851903485255	1-5kb
clu_109386	2458	0.00570450402144772	1-5kb
clu_109399	227	0.0249501072386059	<1kb
clu_109400	2061	0.000651769436997319	1-5kb
clu_109422	793	0.00742648793565684	<1kb
clu_109430	25880	0.0590456300268097	20-50kb
clu_109431	3377	0.0314505361930295	1-5kb
clu_109435	1907	0.00285404825737265	1-5kb
clu_109448	46649	0.0489304289544236	20-50kb
clu_109449	12667	0.0310777211796247	5-20kb
clu_109484	3693	0.0107374530831099	1-5kb
clu_109490	136	0.00600605898123324	<1kb
clu_109500	54765	0.123005040214477	>50kb
clu_109503	2977	0.0282160053619303	1-5kb
clu_109506	30397	0.0252400804289544	20-50kb
clu_10951	3938	0.00723209115281501	1-5kb
clu_109510	3413	0.0291140750670241	1-5kb
clu_109519	449	0.0601058981233244	<1kb
clu_109526	39712	0.0130628686327078	20-50kb
clu_109527	9663	0.0155271849865952	5-20kb
clu_109540	2358	0.0354558445040214	1-5kb
clu_109543	987	0.00331788203753351	<1kb
clu_109547	457	0.00998474530831099	<1kb
clu_10955	8373	0.00532611260053619	5-20kb
clu_109552	841	0.00817847184986595	<1kb
clu_109553	5176	0.0129761662198391	5-20kb
clu_109554	10847	0.00293659517426273	5-20kb
clu_109558	1860	0.10509890080429	1-5kb
clu_109559	601	0.0101650402144772	<1kb
clu_10956	1988	0.0204097587131367	1-5kb
clu_109564	903	0.00888927613941019	<1kb
clu_109565	107	0.00406265415549598	<1kb
clu_109599	74	0.00272426273458445	<1kb
clu_109605	214	0.00803080428954424	<1kb
clu_109606	135	0.0104627345844504	<1kb
clu_109607	596	0.0124994638069705	<1kb
clu_109608	3938	0.0235991420911528	1-5kb
clu_109661	381	0.0166469168900804	<1kb
clu_109662	852	0.0682571045576408	<1kb
clu_109663	6867	0.0131085790884719	5-20kb
clu_109666	802	0.035774235924933	<1kb
clu_109676	3959	0.0322780697050938	1-5kb
clu_109677	307	0.00310142091152815	<1kb
clu_109678	268	0.0988904825737265	<1kb
clu_10968	1781	0.00924592493297587	1-5kb
clu_109688	866	0.00148790884718499	<1kb
clu_10969	1855	0.1133681769437	1-5kb
clu_109693	639	0.00516487935656836	<1kb
clu_1097	668	0.0205132707774799	<1kb
clu_10970	2560	0.0485745576407507	1-5kb
clu_10974	8617	0.0401235924932976	5-20kb
clu_10976	39406	0.391634932975871	20-50kb
clu_1098	23011	0.331679865951743	20-50kb
clu_1099	1062	0.291914235924933	1-5kb
clu_10997	7597	0.285157479892761	5-20kb
clu_10998	2557	0.631010268096515	1-5kb
clu_110	6816	0.10433436997319	5-20kb
clu_11014	1467	0.00335321715817694	1-5kb
clu_11016	4311	0.0652452278820375	1-5kb
clu_11017	519	0.0208906434316354	<1kb
clu_11020	80	0.0508799731903485	<1kb
clu_11022	571	0.0131723056300268	<1kb
clu_11050	4250	0.00521418230563003	1-5kb
clu_11051	816	0.00583710455764075	<1kb
clu_11052	131	0.00150144772117962	<1kb
clu_11053	5013	0.0223955495978552	5-20kb
clu_11085	1047	0.123160080428954	1-5kb
clu_110920	2425	0.122758954423592	1-5kb
clu_110922	2380	0.00335139410187668	1-5kb
clu_110924	97	0.0136544772117962	<1kb
clu_110927	1100	0.115460536193029	1-5kb
clu_110941	151	0.162643136729223	<1kb
clu_110957	647	0.00476793565683646	<1kb
clu_110963	213	0.003731581769437	<1kb
clu_110964	152	0.0624416085790885	<1kb
clu_110965	2707	0.0716111260053619	1-5kb
clu_110966	179	0.0211007774798928	<1kb
clu_110967	2120	0.0241945844504021	1-5kb
clu_110969	458	0.00462587131367292	<1kb
clu_110980	578	0.00519034852546917	<1kb
clu_110992	10431	0.00188246648793566	5-20kb
clu_110993	1293	0.0290582305630027	1-5kb
clu_110994	4770	0.00332662198391421	1-5kb
clu_110995	399	0.00114042895442359	<1kb
clu_111015	4589	0.0117271313672922	1-5kb
clu_111016	6114	0.0820471581769437	5-20kb
clu_111018	655	0.00919713136729223	<1kb
clu_111019	168	0.00543327077747989	<1kb
clu_111020	692	0.0320391689008043	<1kb
clu_111021	598	0.0135640750670241	<1kb
clu_111022	7242	0.0581425469168901	5-20kb
clu_111031	13713	0.0111959785522788	5-20kb
clu_111040	1878	0.0103128418230563	1-5kb
clu_111043	548	0.00356313672922252	<1kb
clu_111046	1732	0.00434906166219839	1-5kb
clu_11105	2069	0.360858713136729	1-5kb
clu_111053	2300	0.0131712332439678	1-5kb
clu_111068	1009	0.00187981233243968	1-5kb
clu_11107	3924	0.0160461662198391	1-5kb
clu_111081	3467	0.163853941018767	1-5kb
clu_111083	8533	0.00894174262734584	5-20kb
clu_111084	553	0.01158581769437	<1kb
clu_111088	8725	0.168324343163539	5-20kb
clu_111089	483	0.0981427882037534	<1kb
clu_111164	87	0.00261042895442359	<1kb
clu_111165	221	0.0148860857908847	<1kb
clu_111166	786	0.276354986595174	<1kb
clu_111167	77	0.0162295442359249	<1kb
clu_111168	173	0.204145656836461	<1kb
clu_111169	171	0.00850756032171582	<1kb
clu_111170	117	0.0324009383378016	<1kb
clu_111171	424	0.0304077747989276	<1kb
clu_111185	388	0.0176010991957105	<1kb
clu_111187	80	0.0128032975871314	<1kb
clu_111188	100	0.00523592493297587	<1kb
clu_111189	76	0.00421675603217158	<1kb
clu_111190	115	0.00290487935656836	<1kb
clu_111205	1517	0.0191535120643432	1-5kb
clu_111207	412	0.00791662198391421	<1kb
clu_111208	646	0.0216644235924933	<1kb
clu_111210	158	0.109106809651475	<1kb
clu_111211	909	0.000359302949061662	<1kb
clu_111212	13818	0.0428675871313673	5-20kb
clu_111214	363	0.00140332439678284	<1kb
clu_111227	258	0.00741592493297587	<1kb
clu_111233	317	0.0420265415549598	<1kb
clu_111234	558	0.0287791420911528	<1kb
clu_111235	3724	0.0503043431635389	1-5kb
clu_111240	558	0.0325920107238606	<1kb
clu_111262	208	0.184305227882038	<1kb
clu_111267	747	0.0223214209115281	<1kb
clu_111304	1341	0.0415961662198391	1-5kb
clu_111312	226	0.0320607774798928	<1kb
clu_111314	4737	0.010731072386059	1-5kb
clu_111318	1196	0.00757206434316354	1-5kb
clu_11132	1042	0.136043351206434	1-5kb
clu_111322	10994	0.0226289544235925	5-20kb
clu_111348	3938	0.741936085790885	1-5kb
clu_111354	26791	0.00251281501340483	20-50kb
clu_111355	8110	0.00626109919571046	5-20kb
clu_111356	3968	0.0126884450402145	1-5kb
clu_111360	4629	0.00873798927613941	1-5kb
clu_111361	2124	0.0271555227882038	1-5kb
clu_111362	2312	0.000890241286863271	1-5kb
clu_111365	117	0.149715335120643	<1kb
clu_111367	2483	0.0064397855227882	1-5kb
clu_111369	3396	0.00527281501340483	1-5kb
clu_111370	35887	0.0135942895442359	20-50kb
clu_111374	3840	0.0139475871313673	1-5kb
clu_111375	593	0.0201401608579088	<1kb
clu_111376	5980	0.00379506702412869	5-20kb
clu_11138	102	0.279534664879357	<1kb
clu_111380	107	0.00403281501340483	<1kb
clu_111383	9796	0.0066783109919571	5-20kb
clu_111384	5445	0.0257698391420912	5-20kb
clu_111386	1657	0.0245312332439678	1-5kb
clu_111397	31684	0.117827077747989	20-50kb
clu_11140	462	0.0306318766756032	<1kb
clu_111412	233	0.0253746648793566	<1kb
clu_111415	5702	0.0114128150134048	5-20kb
clu_111419	2371	0.0336471045576408	1-5kb
clu_111420	10464	0.0544271045576408	5-20kb
clu_111422	1388	0.00306745308310992	1-5kb
clu_111426	10471	0.174137292225201	5-20kb
clu_111428	3548	0.0122185254691689	1-5kb
clu_111431	5463	0.045698418230563	5-20kb
clu_111433	5657	0.0139490348525469	5-20kb
clu_111437	1963	0.010337908847185	1-5kb
clu_111439	2904	0.0188357908847185	1-5kb
clu_111440	166	0.0703851742627346	<1kb
clu_111441	576	0.0354630294906166	<1kb
clu_111442	3110	0.0148988471849866	1-5kb
clu_111447	87	0.00500672922252011	<1kb
clu_111448	1397	0.00580230563002681	1-5kb
clu_111449	2395	0.00812005361930295	1-5kb
clu_111450	3530	0.0482602949061662	1-5kb
clu_111451	2726	0.0126038069705094	1-5kb
clu_111452	703	0.0209436193029491	<1kb
clu_111453	11009	0.109197077747989	5-20kb
clu_111456	246	0.122534343163539	<1kb
clu_111458	1145	0.0253052815013405	1-5kb
clu_111459	3689	0.0376484986595174	1-5kb
clu_111473	1434	0.0130224932975871	1-5kb
clu_111474	157	0.304852520107239	<1kb
clu_111477	2839	0.0111095174262735	1-5kb
clu_111480	5316	0.038523163538874	5-20kb
clu_111481	10081	0.0268942627345845	5-20kb
clu_111482	8993	0.0624077747989276	5-20kb
clu_111483	4325	0.0128030026809651	1-5kb
clu_111487	36551	0.706926487935657	20-50kb
clu_111488	2730	0.0111383914209115	1-5kb
clu_111489	5133	0.0164012868632708	5-20kb
clu_111490	83	0.169356702412869	<1kb
clu_111494	168	0.0107088739946381	<1kb
clu_111498	7683	0.0324932439678284	5-20kb
clu_111499	6070	0.0244154423592493	5-20kb
clu_1115	1422	0.0516475871313673	1-5kb
clu_111501	2005	0.0081655764075067	1-5kb
clu_111502	3161	0.030831072386059	1-5kb
clu_111505	289	0.0358055495978552	<1kb
clu_111507	20164	0.0211709919571046	20-50kb
clu_111508	2254	0.0127786595174263	1-5kb
clu_111510	3456	0.00352056300268097	1-5kb
clu_111512	1430	0.00654313672922252	1-5kb
clu_111513	1914	0.00399857908847185	1-5kb
clu_111514	383	0.025799436997319	<1kb
clu_111517	339	0.00551458445040214	<1kb
clu_111518	832	0.00483184986595174	<1kb
clu_111520	13907	0.0435470509383378	5-20kb
clu_111550	12862	0.148166434316354	5-20kb
clu_111551	11549	0.100267721179625	5-20kb
clu_111561	3852	0.00576721179624665	1-5kb
clu_111562	1379	0.00167573726541555	1-5kb
clu_111564	2220	0.019312600536193	1-5kb
clu_111585	9391	0.0124598659517426	5-20kb
clu_111586	1383	0.0256694638069705	1-5kb
clu_111596	2419	0.0190017426273458	1-5kb
clu_111602	36884	0.159296434316354	20-50kb
clu_111603	2641	0.00430777479892761	1-5kb
clu_111604	4862	0.0561209115281501	1-5kb
clu_111605	98	0.00436418230563003	<1kb
clu_111609	4689	0.00834758713136729	1-5kb
clu_111613	2325	0.0108343163538874	1-5kb
clu_111614	3715	0.0214728954423592	1-5kb
clu_111624	2498	0.0298169973190349	1-5kb
clu_111625	1271	0.0279348793565684	1-5kb
clu_111627	4947	0.0678344235924933	1-5kb
clu_111635	170	0.00399512064343164	<1kb
clu_111640	9004	0.370727533512064	5-20kb
clu_111643	2421	0.0402025469168901	1-5kb
clu_111648	1674	0.00143241286863271	1-5kb
clu_111651	1348	0.140983726541555	1-5kb
clu_111657	9024	0.00325217158176944	5-20kb
clu_111668	5947	0.0029169436997319	5-20kb
clu_111672	24954	0.00623983914209115	20-50kb
clu_111673	11912	0.030105764075067	5-20kb
clu_111674	7355	0.0953368900804289	5-20kb
clu_111682	2303	0.0399528150134048	1-5kb
clu_111683	8900	0.0974214745308311	5-20kb
clu_111707	15671	0.00185029490616622	5-20kb
clu_111721	24463	0.263346353887399	20-50kb
clu_111728	2462	0.00644345844504021	1-5kb
clu_111729	6071	0.0909441554959785	5-20kb
clu_111732	2554	0.0459935388739946	1-5kb
clu_111733	340	0.00231383378016086	<1kb
clu_111751	3432	0.0417792225201072	1-5kb
clu_111754	952	0.0174390884718499	<1kb
clu_111788	6772	0.0102356032171582	5-20kb
clu_111789	16262	0.0220665683646113	5-20kb
clu_111790	24478	0.0238732439678284	20-50kb
clu_111792	2986	0.00660270777479893	1-5kb
clu_111795	1965	0.0746582037533512	1-5kb
clu_11180	1278	0.00736359249329759	1-5kb
clu_111802	2724	0.0182769705093834	1-5kb
clu_111803	13421	0.0298496246648794	5-20kb
clu_111804	28293	0.0238649329758713	20-50kb
clu_111806	307	0.00425501340482574	<1kb
clu_111807	915	0.012547345844504	<1kb
clu_11181	1047	0.269197560321716	1-5kb
clu_111831	626	0.00536970509383378	<1kb
clu_111837	5065	0.00321994638069705	5-20kb
clu_111838	1575	0.0389751742627346	1-5kb
clu_111839	11130	0.00213040214477212	5-20kb
clu_111843	1188	0.0106884986595174	1-5kb
clu_111847	7012	0.0310850670241287	5-20kb
clu_111854	950	0.0316452815013405	<1kb
clu_111861	4673	0.128679383378016	1-5kb
clu_111863	1344	0.0121678820375335	1-5kb
clu_111864	2213	0.00600895442359249	1-5kb
clu_111871	320	0.00626986595174263	<1kb
clu_111872	717	0.0997394101876676	<1kb
clu_111873	172	0.0337194638069705	<1kb
clu_111883	87	0.0084014745308311	<1kb
clu_111884	172	0.00924099195710456	<1kb
clu_111886	1587	0.0135781769436997	1-5kb
clu_111887	6543	0.00612544235924933	5-20kb
clu_111890	20604	0.212982144772118	20-50kb
clu_111899	413	0.0884727345844504	<1kb
clu_111908	102	0.0121494101876676	<1kb
clu_111909	1365	0.0533401340482574	1-5kb
clu_111911	1498	0.184381769436997	1-5kb
clu_111913	9810	0.0290379892761394	5-20kb
clu_111914	2331	0.0196150402144772	1-5kb
clu_111915	2628	0.00713474530831099	1-5kb
clu_111916	1668	0.0135834316353887	1-5kb
clu_111923	2197	0.0299867292225201	1-5kb
clu_111924	2881	0.00690892761394102	1-5kb
clu_111928	11777	0.0094697855227882	5-20kb
clu_111933	2996	0.033059436997319	1-5kb
clu_111940	1222	0.238651260053619	1-5kb
clu_111944	2503	0.011823726541555	1-5kb
clu_111963	1748	0.0074997855227882	1-5kb
clu_111964	1536	0.0283127882037534	1-5kb
clu_111965	5507	0.0443898391420912	5-20kb
clu_111967	2525	0.045010053619303	1-5kb
clu_111971	6288	0.208443699731903	5-20kb
clu_111972	531	0.0040785254691689	<1kb
clu_111975	955	0.0105672386058981	<1kb
clu_111976	1466	0.0241552278820375	1-5kb
clu_111978	4152	0.00746053619302949	1-5kb
clu_111986	5249	0.00304991957104558	5-20kb
clu_111988	4030	0.066867908847185	1-5kb
clu_111989	9468	0.071285308310992	5-20kb
clu_11199	3904	0.0223351206434316	1-5kb
clu_111990	7710	0.0077911528150134	5-20kb
clu_112	89	0.00811351206434316	<1kb
clu_112013	12308	0.0405616353887399	5-20kb
clu_112016	4484	0.00327402144772118	1-5kb
clu_112019	2014	0.00523174262734584	1-5kb
clu_11202	463	0.0156270509383378	<1kb
clu_112033	1994	0.0141653887399464	1-5kb
clu_112039	5716	0.0646389008042896	5-20kb
clu_11204	7543	0.0544116085790885	5-20kb
clu_11205	1349	0.0675713672922252	1-5kb
clu_112050	90500	0.100018847184987	>50kb
clu_112053	61125	0.01901418230563	>50kb
clu_112057	6863	0.28938855227882	5-20kb
clu_112064	809	0.015682091152815	<1kb
clu_112066	4034	0.0456615281501341	1-5kb
clu_112103	9117	0.470825415549598	5-20kb
clu_112108	1877	0.00637436997319035	1-5kb
clu_112111	1366	0.00815225201072386	1-5kb
clu_112117	15984	0.0063726273458445	5-20kb
clu_112118	48947	0.320225576407507	20-50kb
clu_112121	495	0.059669436997319	<1kb
clu_112122	5417	0.313767533512064	5-20kb
clu_112135	1951	0.0478864343163539	1-5kb
clu_112147	821	0.00479613941018767	<1kb
clu_112148	12094	0.0610561930294906	5-20kb
clu_112150	3724	0.00622209115281501	1-5kb
clu_112152	2419	0.0141498391420912	1-5kb
clu_112159	6520	0.0649027077747989	5-20kb
clu_112160	9911	0.144100804289544	5-20kb
clu_112170	3018	0.00464621983914209	1-5kb
clu_112172	88	0.000733270777479893	<1kb
clu_112174	4426	0.00637664879356568	1-5kb
clu_112176	22678	0.0137596782841823	20-50kb
clu_112180	1994	0.0304095174262735	1-5kb
clu_112181	2107	0.0787284718498659	1-5kb
clu_112208	2522	0.0103566219839142	1-5kb
clu_112210	944	0.0111811796246649	<1kb
clu_112220	926	0.0135767024128686	<1kb
clu_112229	1901	0.0141381769436997	1-5kb
clu_112238	449	0.0120291420911528	<1kb
clu_112241	3839	0.0479604557640751	1-5kb
clu_112247	872	0.00197329758713137	<1kb
clu_112269	285	0.0199958981233244	<1kb
clu_112277	1032	0.0372390080428954	1-5kb
clu_112293	44344	0.0116890080428954	20-50kb
clu_112305	7313	0.0274387935656836	5-20kb
clu_112318	607	0.000677533512064343	<1kb
clu_112319	2049	0.0292217962466488	1-5kb
clu_112326	5719	0.0038143163538874	5-20kb
clu_112334	3566	0.159407372654155	1-5kb
clu_112354	157	0.0123718766756032	<1kb
clu_112359	3596	0.0306135388739946	1-5kb
clu_112360	3675	0.184485067024129	1-5kb
clu_112361	220	0.0116121179624665	<1kb
clu_112364	807	0.0169029758713137	<1kb
clu_112369	3405	0.0458136997319035	1-5kb
clu_112373	1081	0.000856166219839142	1-5kb
clu_112375	1517	0.00474536193029491	1-5kb
clu_112377	3317	0.0131698123324397	1-5kb
clu_11238	2185	0.0140220643431635	1-5kb
clu_112381	8098	0.166950884718499	5-20kb
clu_11240	3541	0.092766327077748	1-5kb
clu_112407	3272	0.0352072922252011	1-5kb
clu_112408	664	0.0356769168900804	<1kb
clu_112413	1517	0.11784418230563	1-5kb
clu_11249	167	0.00448554959785523	<1kb
clu_11253	1658	0.00163319034852547	1-5kb
clu_11254	1821	0.00171474530831099	1-5kb
clu_11257	13065	0.024004235924933	5-20kb
clu_11260	2126	0.00314541554959786	1-5kb
clu_11266	738	0.0506232171581769	<1kb
clu_11269	5163	0.0201980965147453	5-20kb
clu_11272	1639	0.00998758713136729	1-5kb
clu_11273	2947	0.00231380697050938	1-5kb
clu_11274	5542	0.0174305361930295	5-20kb
clu_11280	1095	0.0298325737265416	1-5kb
clu_11281	492	0.0668084450402145	<1kb
clu_11284	694	0.0209588471849866	<1kb
clu_1130	706	0.0222354423592493	<1kb
clu_11303	2978	0.0172725469168901	1-5kb
clu_11304	969	0.0113167560321716	<1kb
clu_11308	1210	0.00204107238605898	1-5kb
clu_11310	191	0.0389709115281501	<1kb
clu_11311	138	0.00235270777479893	<1kb
clu_11312	243	0.0142674530831099	<1kb
clu_11315	112	0.0173934584450402	<1kb
clu_11319	10086	0.0100267024128686	5-20kb
clu_11321	634	0.0225150402144772	<1kb
clu_11322	551	0.020491018766756	<1kb
clu_11323	489	0.00711932975871314	<1kb
clu_11327	708	0.0315916085790885	<1kb
clu_11330	443	0.104333485254692	<1kb
clu_11332	5634	0.311326943699732	5-20kb
clu_11333	14165	0.213068123324397	5-20kb
clu_1134	5812	0.0108855764075067	5-20kb
clu_11349	1310	0.0311713672922252	1-5kb
clu_11356	730	0.0186453351206434	<1kb
clu_11363	949	0.294189946380697	<1kb
clu_11367	2820	0.0428434048257373	1-5kb
clu_1137	1097	0.00690648793565684	1-5kb
clu_11372	88	0.0384028418230563	<1kb
clu_11374	1095	0.00758182305630027	1-5kb
clu_11377	543	0.00506270777479893	<1kb
clu_11381	428	0.014963726541555	<1kb
clu_11384	351	0.0171122520107239	<1kb
clu_11385	169	0.248502788203753	<1kb
clu_11386	3178	0.203804504021448	1-5kb
clu_11391	787	0.00034402144772118	<1kb
clu_113917	3254	0.115106032171582	1-5kb
clu_113918	6371	0.0486882037533512	5-20kb
clu_113919	1341	0.0219883378016086	1-5kb
clu_11392	156	0.0113233243967828	<1kb
clu_11396	12678	0.000481903485254692	5-20kb
clu_11397	1317	0.00458026809651475	1-5kb
clu_11398	2913	0.00305396782841823	1-5kb
clu_11401	1268	0.00707895442359249	1-5kb
clu_114044	298	0.356030214477212	<1kb
clu_114048	32233	0.0492796782841823	20-50kb
clu_114049	17301	0.0419103217158177	5-20kb
clu_114060	500	0.0361805898123324	<1kb
clu_114061	2220	0.0144552010723861	1-5kb
clu_114062	3042	0.0627996514745308	1-5kb
clu_114063	4072	0.00741184986595174	1-5kb
clu_114066	2613	0.15406509383378	1-5kb
clu_114073	44220	0.343919544235925	20-50kb
clu_114104	35947	0.73967144772118	20-50kb
clu_11412	5365	0.032414235924933	5-20kb
clu_114124	5147	0.0384161930294906	5-20kb
clu_114130	14927	0.163221608579088	5-20kb
clu_114135	1091	0.00222099195710456	1-5kb
clu_11415	38830	0.0239396246648794	20-50kb
clu_11416	49695	0.00747482573726542	20-50kb
clu_114162	5630	0.00716	5-20kb
clu_11417	37510	0.004221581769437	20-50kb
clu_114170	5155	0.0212346112600536	5-20kb
clu_114171	1712	0.00559796246648794	1-5kb
clu_114178	5795	0.0311508579088472	5-20kb
clu_114179	7040	0.0149871045576408	5-20kb
clu_114182	1424	0.0456625737265416	1-5kb
clu_11419	4175	0.16813308310992	1-5kb
clu_114196	2299	0.00423447721179625	1-5kb
clu_114201	213	0.00202281501340483	<1kb
clu_114202	1299	0.00472986595174263	1-5kb
clu_114203	1801	0.0333448793565684	1-5kb
clu_114204	1767	0.0367317426273458	1-5kb
clu_114206	796	0.00513782841823056	<1kb
clu_11421	613	0.00845739946380697	<1kb
clu_114211	2429	0.0247822252010724	1-5kb
clu_114213	1214	0.0155350402144772	1-5kb
clu_114220	2803	0.00449471849865952	1-5kb
clu_114224	9688	0.0136748525469169	5-20kb
clu_114225	1080	0.00246155495978552	1-5kb
clu_114228	167	0.0136455495978552	<1kb
clu_114229	100	0.0134970241286863	<1kb
clu_11423	1611	0.0204413941018767	1-5kb
clu_114230	432	0.0212131903485255	<1kb
clu_114231	435	0.00481474530831099	<1kb
clu_114233	77	0.00851552278820375	<1kb
clu_114235	8094	0.0157723592493298	5-20kb
clu_114243	2827	0.0084941018766756	1-5kb
clu_114257	5765	0.011493109919571	5-20kb
clu_114261	22466	0.0433950670241287	20-50kb
clu_114262	1746	0.00274908847184987	1-5kb
clu_114264	5937	0.13674345844504	5-20kb
clu_114267	4623	0.00707857908847185	1-5kb
clu_114271	626	0.0046943163538874	<1kb
clu_114295	26116	0.0805654691689008	20-50kb
clu_114302	3821	0.0654618498659517	1-5kb
clu_114312	519	0.00979857908847185	<1kb
clu_114316	273	0.0121175335120643	<1kb
clu_114325	170	0.0191525201072386	<1kb
clu_114339	277	0.540631581769437	<1kb
clu_114355	9100	0.0576846648793566	5-20kb
clu_114356	8889	0.00657123324396783	5-20kb
clu_114360	10938	0.0150675067024129	5-20kb
clu_114363	1863	0.0381304021447721	1-5kb
clu_114369	24368	0.201159302949062	20-50kb
clu_114383	286	0.0248418498659517	<1kb
clu_114387	1254	0.00075171581769437	1-5kb
clu_114388	1048	0.0309157104557641	1-5kb
clu_114389	2105	0.0937671313672922	1-5kb
clu_114391	612	0.162964477211796	<1kb
clu_114396	5102	0.117011367292225	5-20kb
clu_11440	2707	0.00548396782841823	1-5kb
clu_114401	1540	0.341418686327078	1-5kb
clu_114402	185	0.120375576407507	<1kb
clu_114406	237	0.0310738873994638	<1kb
clu_114411	2120	0.115977319034853	1-5kb
clu_114412	8798	0.0137234316353887	5-20kb
clu_114413	2638	0.0277799463806971	1-5kb
clu_114414	2726	0.0302178016085791	1-5kb
clu_114415	2965	0.0122123056300268	1-5kb
clu_114416	173	0.0422264343163539	<1kb
clu_114419	1611	0.054785254691689	1-5kb
clu_114421	1040	0.00983243967828418	1-5kb
clu_114422	525	0.0908973726541555	<1kb
clu_114423	799	0.0222280428954424	<1kb
clu_114424	1810	0.0122554423592493	1-5kb
clu_114427	276	0.0314671849865952	<1kb
clu_114431	1864	0.188710777479893	1-5kb
clu_114432	1832	0.0089372654155496	1-5kb
clu_114448	626	0.000131152815013405	<1kb
clu_114451	6694	0.00706297587131367	5-20kb
clu_114456	33608	0.0157291152815013	20-50kb
clu_114457	41372	0.00233506702412869	20-50kb
clu_114461	2188	0.0252998123324397	1-5kb
clu_114463	14784	0.115030670241287	5-20kb
clu_114464	4324	0.0145896246648794	1-5kb
clu_114467	3030	0.00149501340482574	1-5kb
clu_114468	2598	0.000997613941018767	1-5kb
clu_114475	17645	0.0106139678284182	5-20kb
clu_114476	3264	0.118470160857909	1-5kb
clu_114503	4866	0.211473914209115	1-5kb
clu_114505	1489	0.241230455764075	1-5kb
clu_114509	2240	0.0342385790884719	1-5kb
clu_114517	18537	0.0341441554959786	5-20kb
clu_114518	8608	0.00621801608579088	5-20kb
clu_114519	27066	0.0427445040214477	20-50kb
clu_114522	6727	0.368599383378016	5-20kb
clu_114524	8536	0.0411439678284182	5-20kb
clu_11453	138	0.123004209115282	<1kb
clu_114538	282	0.0118372922252011	<1kb
clu_114539	3981	0.00652487935656836	1-5kb
clu_114549	1666	0.0352492761394102	1-5kb
clu_114552	1763	0.0154098123324397	1-5kb
clu_114569	26453	0.169145790884719	20-50kb
clu_114570	2501	0.00262839142091153	1-5kb
clu_114585	3885	0.0794025201072386	1-5kb
clu_114586	4012	0.0228827882037534	1-5kb
clu_114590	1842	0.0192576943699732	1-5kb
clu_114591	627	0.036398981233244	<1kb
clu_114598	27965	0.0267973726541555	20-50kb
clu_114599	74510	0.00606608579088472	>50kb
clu_114603	1838	0.0139044772117962	1-5kb
clu_114606	9755	0.00807276139410188	5-20kb
clu_114607	9182	0.00316016085790885	5-20kb
clu_11461	1391	0.26577144772118	1-5kb
clu_114617	54887	0.0294904289544236	>50kb
clu_114627	1115	0.0469695710455764	1-5kb
clu_114642	15380	0.0247153351206434	5-20kb
clu_114644	42735	0.0216593565683646	20-50kb
clu_114649	8870	0.129595603217158	5-20kb
clu_114651	1404	0.00392530831099196	1-5kb
clu_114659	20267	0.108516273458445	20-50kb
clu_11467	369	0.0106483378016086	<1kb
clu_11469	552	0.0411668632707775	<1kb
clu_1147	1659	0.0119303753351206	1-5kb
clu_114731	8444	0.0921177747989276	5-20kb
clu_114734	11629	0.00436600536193029	5-20kb
clu_114735	55007	0.03361418230563	>50kb
clu_114736	3032	0.00807182305630027	1-5kb
clu_114740	27816	0.125724289544236	20-50kb
clu_114741	4317	0.174342225201072	1-5kb
clu_114742	16558	0.0143938337801609	5-20kb
clu_114743	7424	0.0309610991957105	5-20kb
clu_114745	278	0.00887016085790885	<1kb
clu_114749	5432	0.00103774798927614	5-20kb
clu_114751	2109	0.00361469168900804	1-5kb
clu_114754	250	0.0638002680965147	<1kb
clu_114756	5981	0.0562718498659517	5-20kb
clu_114757	2074	0.00448372654155496	1-5kb
clu_114758	5508	0.00551083109919571	5-20kb
clu_114759	4256	0.0167196246648794	1-5kb
clu_11476	1802	0.0090402144772118	1-5kb
clu_114760	9888	0.0133347184986595	5-20kb
clu_114763	285	0.0392605898123324	<1kb
clu_114765	4046	0.11594109919571	1-5kb
clu_114768	2550	0.050384235924933	1-5kb
clu_114769	8232	0.0275952010723861	5-20kb
clu_11477	126	0.0123693565683646	<1kb
clu_114771	2247	0.536882680965147	1-5kb
clu_11478	1168	0.0028969436997319	1-5kb
clu_114784	1252	0.195583538873995	1-5kb
clu_114785	1756	0.00834970509383378	1-5kb
clu_114787	2138	0.0081797855227882	1-5kb
clu_114791	2245	0.00890949061662198	1-5kb
clu_114793	2475	0.0366609919571046	1-5kb
clu_11481	86	0.00338774798927614	<1kb
clu_114819	6563	0.091855764075067	5-20kb
clu_11482	549	0.0756922252010724	<1kb
clu_114820	13200	0.00716882037533512	5-20kb
clu_114827	27833	0.01489418230563	20-50kb
clu_114828	311	0.0088657908847185	<1kb
clu_11483	180	0.00446664879356568	<1kb
clu_11484	1085	0.014531018766756	1-5kb
clu_114840	55195	0.0273668632707775	>50kb
clu_11485	166	0.0101239410187668	<1kb
clu_11486	348	0.0704507506702413	<1kb
clu_114860	49558	0.645273485254692	20-50kb
clu_114862	6890	0.153840134048257	5-20kb
clu_114863	1517	0.0199706970509383	1-5kb
clu_114864	626	5.9142091152815e-05	<1kb
clu_114865	197	0.0223565951742627	<1kb
clu_114868	506	0.0130583378016086	<1kb
clu_114887	10306	0.0188213941018767	5-20kb
clu_114888	3062	0.00612206434316354	1-5kb
clu_114895	3284	0.0109402412868633	1-5kb
clu_114935	1448	0.00518093833780161	1-5kb
clu_114936	1063	0.00961723860589812	1-5kb
clu_114949	125	0.00764621983914209	<1kb
clu_114950	2374	0.00730734584450402	1-5kb
clu_114956	1383	0.0023272654155496	1-5kb
clu_114957	551	0.0014626273458445	<1kb
clu_11496	2109	0.0278877479892761	1-5kb
clu_114975	221	0.00525466487935657	<1kb
clu_114977	86	0.00253616621983914	<1kb
clu_114979	93	0.0666089008042896	<1kb
clu_114980	153	0.11545927613941	<1kb
clu_114981	160	0.0137351474530831	<1kb
clu_114992	10539	0.0169701608579088	5-20kb
clu_114994	2618	0.0455832975871314	1-5kb
clu_114995	2365	0.00990217158176944	1-5kb
clu_114996	8573	0.00588163538873995	5-20kb
clu_115	82	0.00522538873994638	<1kb
clu_115000	3336	0.46491981233244	1-5kb
clu_115005	284	0.0310938605898123	<1kb
clu_115013	6752	0.014187399463807	5-20kb
clu_115016	2247	0.0502884718498659	1-5kb
clu_115018	467	0.0218560857908847	<1kb
clu_11502	17987	0.0114884986595174	5-20kb
clu_11503	38650	0.0500802144772118	20-50kb
clu_115033	2417	0.00694134048257373	1-5kb
clu_115035	1073	0.0433698391420912	1-5kb
clu_115043	1139	0.00582428954423593	1-5kb
clu_115046	310	0.0115496246648794	<1kb
clu_115051	12272	0.31352273458445	5-20kb
clu_115054	2091	0.000446327077747989	1-5kb
clu_115065	7972	0.0425321983914209	5-20kb
clu_115068	60518	0.00802404825737265	>50kb
clu_115069	1213	0.0036185254691689	1-5kb
clu_115071	532	0.0129798123324397	<1kb
clu_115073	765	0.00492292225201072	<1kb
clu_115096	3890	0.0791695978552279	1-5kb
clu_115097	2301	0.0732276139410188	1-5kb
clu_115098	2257	0.0139852815013405	1-5kb
clu_115100	2059	0.0118517962466488	1-5kb
clu_115101	2036	0.0393006702412869	1-5kb
clu_115114	185	0.797410214477212	<1kb
clu_11512	7203	0.0217854959785523	5-20kb
clu_115125	2767	0.0566236461126005	1-5kb
clu_115126	3415	0.0430807774798928	1-5kb
clu_115128	3611	0.306401179624665	1-5kb
clu_115129	3122	0.0647611260053619	1-5kb
clu_11513	2095	0.0361118498659517	1-5kb
clu_115134	510	0.0448808579088472	<1kb
clu_11514	1451	0.018868927613941	1-5kb
clu_115160	11975	0.0323367560321716	5-20kb
clu_115166	4344	0.00645120643431635	1-5kb
clu_115167	6985	0.0150020107238606	5-20kb
clu_115168	113	0.0134182037533512	<1kb
clu_11517	960	0.00918729222520107	<1kb
clu_115170	1885	0.0548188471849866	1-5kb
clu_115172	6768	0.0230179356568365	5-20kb
clu_115173	1627	0.0554146648793566	1-5kb
clu_115184	3600	0.0363143163538874	1-5kb
clu_11519	937	0.00751348525469169	<1kb
clu_115190	8403	0.0047928418230563	5-20kb
clu_115191	14567	0.0270769168900804	5-20kb
clu_115194	604	0.579646702412869	<1kb
clu_115197	113	0.00261380697050938	<1kb
clu_11520	1791	0.0745585254691689	1-5kb
clu_115202	4284	0.0105082305630027	1-5kb
clu_115203	4087	0.0707969705093834	1-5kb
clu_115207	2384	0.0381871849865952	1-5kb
clu_115211	631	0.02091581769437	<1kb
clu_115212	266	0.00868667560321716	<1kb
clu_115213	12515	0.00656458445040214	5-20kb
clu_115214	3104	0.0170997855227882	1-5kb
clu_115223	308	0.0116645844504021	<1kb
clu_115227	4705	0.0148594101876676	1-5kb
clu_115229	2421	0.00848512064343163	1-5kb
clu_11523	737	0.012425308310992	<1kb
clu_115230	98	0.00297359249329759	<1kb
clu_11524	4360	0.0144571849865952	1-5kb
clu_11525	26247	0.206335120643432	20-50kb
clu_115253	894	0.0205913672922252	<1kb
clu_115254	2247	0.154294932975871	1-5kb
clu_115258	5369	0.0400299463806971	5-20kb
clu_115268	2351	0.0306164343163539	1-5kb
clu_11527	5645	0.00249935656836461	5-20kb
clu_115276	4086	0.105544450402145	1-5kb
clu_115293	1079	0.0165281769436997	1-5kb
clu_115295	53498	0.00401184986595174	>50kb
clu_115298	3394	0.0394216890080429	1-5kb
clu_115299	3240	0.00846150134048257	1-5kb
clu_11530	761	0.370615710455764	<1kb
clu_11531	232	0.0632172654155496	<1kb
clu_115310	5208	0.0260396246648794	5-20kb
clu_115311	1992	0.00400774798927614	1-5kb
clu_115313	446	0.00569911528150134	<1kb
clu_11532	264	0.010038981233244	<1kb
clu_115324	417	0.00985372654155496	<1kb
clu_115332	122	0.100279383378016	<1kb
clu_115337	757	0.110863806970509	<1kb
clu_115340	121	0.0116537533512064	<1kb
clu_115342	395	0.0289271045576408	<1kb
clu_115346	146	0.0175738873994638	<1kb
clu_115348	212	0.112968981233244	<1kb
clu_115349	281	0.0308246380697051	<1kb
clu_115351	1937	0.00769252010723861	1-5kb
clu_115359	302	0.0549543967828418	<1kb
clu_11536	210	0.00588597855227882	<1kb
clu_115360	1963	0.00701648793565684	1-5kb
clu_115361	1550	0.0283685254691689	1-5kb
clu_115363	210	0.00175418230563003	<1kb
clu_115364	2174	0.0205319839142091	1-5kb
clu_115365	100	0.0148232975871314	<1kb
clu_115398	342	0.00680605898123324	<1kb
clu_115399	1952	0.00256790884718499	1-5kb
clu_1154	395	0.0113421715817694	<1kb
clu_11540	2743	0.00333731903485255	1-5kb
clu_115402	1346	0.00695785522788204	1-5kb
clu_115405	946	0.0102722520107239	<1kb
clu_115408	3283	0.0464590884718499	1-5kb
clu_115410	3958	0.0285692225201072	1-5kb
clu_115411	1095	0.20426691689008	1-5kb
clu_115413	66536	0.393891018766756	>50kb
clu_115414	15551	0.0387924664879357	5-20kb
clu_115415	1184	0.0398582573726542	1-5kb
clu_115421	2295	0.0200852815013405	1-5kb
clu_115422	13841	0.021041528150134	5-20kb
clu_115423	2620	0.0251309651474531	1-5kb
clu_115424	6253	0.128019410187668	5-20kb
clu_11545	655	0.0376495978552279	<1kb
clu_115452	8352	0.204569249329759	5-20kb
clu_11546	2268	0.00491313672922252	1-5kb
clu_115463	10640	0.0723072654155496	5-20kb
clu_115464	18239	0.0590335924932976	5-20kb
clu_115465	8864	0.0491352278820375	5-20kb
clu_115466	1594	0.00349042895442359	1-5kb
clu_115471	34466	0.00809396782841823	20-50kb
clu_115472	12387	0.0187215549597855	5-20kb
clu_115474	14782	0.00658235924932976	5-20kb
clu_115475	16300	0.0931572117962467	5-20kb
clu_115502	5059	0.177827158176944	5-20kb
clu_115503	49074	0.0903351742627346	20-50kb
clu_115508	2205	0.119056380697051	1-5kb
clu_11551	3073	0.0223361126005362	1-5kb
clu_115513	2341	0.0127788739946381	1-5kb
clu_115516	1632	0.0615138605898123	1-5kb
clu_115519	1285	0.00887785522788204	1-5kb
clu_11552	720	0.0262716085790885	<1kb
clu_115520	434	0.00713986595174263	<1kb
clu_11553	537	0.00496407506702413	<1kb
clu_11554	1084	0.00467479892761394	1-5kb
clu_11555	556	0.0157134316353887	<1kb
clu_11556	1736	0.0546164611260054	1-5kb
clu_11561	5496	0.012294235924933	5-20kb
clu_11563	2210	0.0363075067024129	1-5kb
clu_11564	791	0.00565107238605898	<1kb
clu_11565	1146	0.0253737533512064	1-5kb
clu_11568	3572	0.0588563002680965	1-5kb
clu_1157	133	0.0453441018766756	<1kb
clu_11570	110	0.0180332707774799	<1kb
clu_11572	193	0.0423919839142091	<1kb
clu_11576	480	0.0125832171581769	<1kb
clu_11578	1037	0.00350678284182306	1-5kb
clu_11581	17055	0.089403726541555	5-20kb
clu_11593	93	0.096763163538874	<1kb
clu_11596	4240	0.03218163538874	1-5kb
clu_11603	1335	0.0373086327077748	1-5kb
clu_11613	645	0.012900563002681	<1kb
clu_11614	111	0.00625123324396783	<1kb
clu_11616	196	0.000968337801608579	<1kb
clu_11618	659	0.0505027882037534	<1kb
clu_11619	5969	0.00967260053619303	5-20kb
clu_1162	631	0.0118550938337802	<1kb
clu_11622	170	0.00948482573726542	<1kb
clu_11628	921	0.0289445576407507	<1kb
clu_11640	620	0.0552754959785523	<1kb
clu_1166	30829	0.10872345844504	20-50kb
clu_116601	1594	0.00925890080428954	1-5kb
clu_116608	1063	0.0108663806970509	1-5kb
clu_116611	2624	0.0455041286863271	1-5kb
clu_116612	1785	0.010417855227882	1-5kb
clu_116613	543	0.0102504557640751	<1kb
clu_11665	202	0.02294418230563	<1kb
clu_11666	660	0.0649360053619303	<1kb
clu_116662	437	0.0169685522788204	<1kb
clu_116668	111	0.00900820375335121	<1kb
clu_11667	3059	0.0227818766756032	1-5kb
clu_116674	103	0.0194442895442359	<1kb
clu_11668	6718	0.0369336193029491	5-20kb
clu_116684	273	0.0284715013404826	<1kb
clu_116688	7108	0.0692932439678284	5-20kb
clu_11669	1124	0.0299274262734584	1-5kb
clu_116696	5062	0.0409085790884718	5-20kb
clu_116698	6379	0.102521313672922	5-20kb
clu_11670	2362	0.162781018766756	1-5kb
clu_116709	44588	0.423683351206434	20-50kb
clu_11675	820	0.0520345040214477	<1kb
clu_116759	817	0.0182002412868633	<1kb
clu_116760	3496	0.00931959785522788	1-5kb
clu_116762	6303	0.184534316353887	5-20kb
clu_1168	13065	0.0214336461126005	5-20kb
clu_116819	5439	0.00255670241286863	5-20kb
clu_116821	1269	0.0067697855227882	1-5kb
clu_116827	603	0.0220224396782842	<1kb
clu_116829	563	0.0309902412868633	<1kb
clu_116838	663	0.100831930294906	<1kb
clu_116839	701	0.00448171581769437	<1kb
clu_116842	82	0.00967230563002681	<1kb
clu_116843	134	0.00913662198391421	<1kb
clu_116846	217	0.00302597855227882	<1kb
clu_116847	1091	0.319867935656836	1-5kb
clu_116849	27647	0.0463181769436997	20-50kb
clu_116850	653	0.280008713136729	<1kb
clu_116854	82	0.00505388739946381	<1kb
clu_116855	134	0.00459686327077748	<1kb
clu_116856	267	0.265597801608579	<1kb
clu_116857	217	0.00272434316353887	<1kb
clu_116858	1091	0.414153941018767	1-5kb
clu_116860	1618	0.0954578016085791	1-5kb
clu_116861	29559	0.520999490616622	20-50kb
clu_116875	1317	0.0135465951742627	1-5kb
clu_116876	28918	0.00523388739946381	20-50kb
clu_116879	83453	0.0133306702412869	>50kb
clu_116891	1156	0.0112991152815013	1-5kb
clu_116892	1003	0.0254981233243968	1-5kb
clu_116896	33416	0.00543983914209115	20-50kb
clu_116912	1263	0.0161230563002681	1-5kb
clu_116913	12291	0.0335524664879357	5-20kb
clu_116915	353	0.0216539142091153	<1kb
clu_116916	494	0.00570946380697051	<1kb
clu_116919	361	0.0782365415549598	<1kb
clu_116924	1010	0.0430980965147453	1-5kb
clu_116935	3088	0.00235375335120643	1-5kb
clu_116936	5399	0.00910957104557641	5-20kb
clu_116941	529	0.00926831099195711	<1kb
clu_116944	518	0.00403914209115282	<1kb
clu_116945	599	0.0196157908847185	<1kb
clu_116947	2595	0.0251142091152815	1-5kb
clu_116949	27371	0.0196894101876676	20-50kb
clu_116952	182	0.00532487935656836	<1kb
clu_116956	985	0.0371649329758713	<1kb
clu_116960	7991	0.0306545040214477	5-20kb
clu_116961	10400	0.0050488471849866	5-20kb
clu_116963	2332	0.0146909919571046	1-5kb
clu_116967	1932	0.00507906166219839	1-5kb
clu_116973	12134	0.00394016085790885	5-20kb
clu_116976	6336	0.0749	5-20kb
clu_11698	2238	0.0226357104557641	1-5kb
clu_116992	148	0.00860225201072386	<1kb
clu_116993	217	0.0094802144772118	<1kb
clu_116997	254	0.00665380697050938	<1kb
clu_116998	3511	0.0204919571045576	1-5kb
clu_117060	852	0.0269446380697051	<1kb
clu_117061	258	0.00522340482573727	<1kb
clu_117064	509	0.0254899195710456	<1kb
clu_117068	3856	0.00452595174262735	1-5kb
clu_11707	599	0.100380831099196	<1kb
clu_117070	5946	0.00803522788203753	5-20kb
clu_117071	328	0.00981675603217158	<1kb
clu_117074	6053	0.0066712600536193	5-20kb
clu_117089	1413	0.0112765147453083	1-5kb
clu_117092	952	0.0168800804289544	<1kb
clu_117095	576	0.0120293297587131	<1kb
clu_117098	426	0.0269199195710456	<1kb
clu_117099	185	0.030170563002681	<1kb
clu_117108	178	0.0075345308310992	<1kb
clu_117109	135	0.0207436461126005	<1kb
clu_117112	223	0.215358150134048	<1kb
clu_117119	10281	0.0281232171581769	5-20kb
clu_117121	3876	0.00914329758713137	1-5kb
clu_117128	3148	0.013700509383378	1-5kb
clu_117131	397	0.0102235120643432	<1kb
clu_117148	539	0.0204396782841823	<1kb
clu_117149	2979	0.0256235388739946	1-5kb
clu_117151	11768	0.0628727077747989	5-20kb
clu_117152	569	0.227910857908847	<1kb
clu_117153	2933	0.338983753351206	1-5kb
clu_117159	532	0.065847855227882	<1kb
clu_117161	3377	0.00624391420911528	1-5kb
clu_117163	3888	0.00686163538873995	1-5kb
clu_117165	4025	0.00321981233243968	1-5kb
clu_117166	775	0.0498085790884718	<1kb
clu_117167	4606	0.0114448525469169	1-5kb
clu_11717	3682	0.170180777479893	1-5kb
clu_117173	19211	0.0061242091152815	5-20kb
clu_11718	3589	0.00132227882037534	1-5kb
clu_117191	464	0.299114450402145	<1kb
clu_11720	512	0.0163659785522788	<1kb
clu_11721	1792	0.0211967292225201	1-5kb
clu_117215	449	0.376882949061662	<1kb
clu_11722	216	0.00526214477211796	<1kb
clu_117252	77	0.0605950938337802	<1kb
clu_117255	115	0.01451418230563	<1kb
clu_117274	1805	0.00314994638069705	1-5kb
clu_117275	2024	0.0175960857908847	1-5kb
clu_117277	3401	0.0109334584450402	1-5kb
clu_117278	623	0.0100260321715818	<1kb
clu_117279	1630	0.00910670241286863	1-5kb
clu_11728	1855	0.00132745308310992	1-5kb
clu_117280	2352	0.0399637801608579	1-5kb
clu_117281	4623	0.00816018766756032	1-5kb
clu_117285	1128	0.0209176139410188	1-5kb
clu_11729	1066	0.00196211796246649	1-5kb
clu_117291	656	0.0602689544235925	<1kb
clu_117304	3749	0.0108617694369973	1-5kb
clu_11731	338	0.00240447721179625	<1kb
clu_117310	780	0.0021314745308311	<1kb
clu_117317	10679	0.113746219839142	5-20kb
clu_117320	79	0.0620067828418231	<1kb
clu_117322	1507	0.0113765147453083	1-5kb
clu_117323	4099	0.149048445040214	1-5kb
clu_117327	6128	0.50455308310992	5-20kb
clu_117328	1229	0.00338075067024129	1-5kb
clu_11734	958	0.0291131903485255	<1kb
clu_11737	7195	0.125494235924933	5-20kb
clu_11738	2293	0.0248368096514745	1-5kb
clu_11739	3418	0.00864876675603217	1-5kb
clu_117394	242	0.031343109919571	<1kb
clu_117404	3405	0.0899037533512064	1-5kb
clu_11742	1475	0.0222595442359249	1-5kb
clu_11743	2196	0.00643632707774799	1-5kb
clu_117436	2090	0.0166781233243968	1-5kb
clu_11744	2160	0.028591072386059	1-5kb
clu_117442	3852	0.117066514745308	1-5kb
clu_117468	1560	0.00885501340482574	1-5kb
clu_117471	157	0.0111854423592493	<1kb
clu_117472	2719	0.0152963002680965	1-5kb
clu_117473	3232	0.0109582573726542	1-5kb
clu_117474	3103	0.141313243967828	1-5kb
clu_117479	1641	0.00600209115281501	1-5kb
clu_117482	3167	0.0165850402144772	1-5kb
clu_117485	23484	0.0337706702412869	20-50kb
clu_117487	997	0.00544729222520107	<1kb
clu_117488	1563	0.0100957908847185	1-5kb
clu_11749	167	0.00253806970509383	<1kb
clu_117502	1298	0.0149405361930295	1-5kb
clu_117504	1178	0.0100871849865952	1-5kb
clu_11751	475	0.000749276139410188	<1kb
clu_11753	245	0.00479361930294906	<1kb
clu_117534	12228	0.0272671581769437	5-20kb
clu_117539	9031	0.0416875067024129	5-20kb
clu_11754	269	0.00606967828418231	<1kb
clu_117542	1072	0.00642201072386059	1-5kb
clu_117547	5133	0.0115850134048257	5-20kb
clu_117548	5383	0.00607924932975871	5-20kb
clu_117558	2288	0.119088471849866	1-5kb
clu_11757	89	0.0777769973190349	<1kb
clu_117579	5963	0.00467793565683646	5-20kb
clu_11758	570	0.010047855227882	<1kb
clu_11760	1682	0.0610762198391421	1-5kb
clu_117602	2206	0.049587908847185	1-5kb
clu_117603	850	0.0134388739946381	<1kb
clu_117609	1039	0.00932064343163539	1-5kb
clu_11761	420	0.293532117962466	<1kb
clu_117610	4243	0.00447407506702413	1-5kb
clu_11763	1188	0.00642938337801609	1-5kb
clu_11764	617	0.00508538873994638	<1kb
clu_117641	26964	0.0678804557640751	20-50kb
clu_117659	150	0.0111706702412869	<1kb
clu_11766	6288	0.0305893565683646	5-20kb
clu_117660	7908	0.0507164075067024	5-20kb
clu_117661	1836	0.0588940750670241	1-5kb
clu_117664	6563	0.0185359249329759	5-20kb
clu_117671	327	0.0463043699731904	<1kb
clu_11768	137	0.0309296782841823	<1kb
clu_117683	1956	0.0083127345844504	1-5kb
clu_117684	700	0.0016344235924933	<1kb
clu_117687	2925	0.0149867828418231	1-5kb
clu_117688	18892	0.0380159785522788	5-20kb
clu_117690	31752	0.00941571045576407	20-50kb
clu_117692	844	0.00846171581769437	<1kb
clu_117696	726	0.027145254691689	<1kb
clu_11770	843	0.0780078820375335	<1kb
clu_117700	239	0.0150538337801609	<1kb
clu_117703	960	0.0351861126005362	<1kb
clu_117708	4152	0.0158194638069705	1-5kb
clu_117715	8406	0.000650804289544236	5-20kb
clu_117717	4771	0.0176101876675603	1-5kb
clu_117721	1218	0.00484230563002681	1-5kb
clu_117722	9799	0.14265745308311	5-20kb
clu_117730	1840	0.0223183378016086	1-5kb
clu_117735	5130	0.0317070241286863	5-20kb
clu_117743	5895	0.00502718498659517	5-20kb
clu_117744	16863	0.0304767292225201	5-20kb
clu_117748	1031	0.0362115549597855	1-5kb
clu_117752	424	0.00926418230563003	<1kb
clu_117777	813	0.000897024128686327	<1kb
clu_117778	2872	0.0416427345844504	1-5kb
clu_1178	277	0.00908973190348525	<1kb
clu_117809	833	0.00455828418230563	<1kb
clu_117810	1657	0.011931072386059	1-5kb
clu_117812	1650	0.00938238605898123	1-5kb
clu_117813	2073	0.00368552278820375	1-5kb
clu_117814	1362	0.0268723324396783	1-5kb
clu_117815	174	0.00796163538873995	<1kb
clu_117823	1417	0.0713809919571046	1-5kb
clu_117824	1017	0.0178731367292225	1-5kb
clu_117825	1036	0.0349946648793566	1-5kb
clu_117826	962	0.567107747989276	<1kb
clu_11783	2214	0.650022761394102	1-5kb
clu_117842	2636	0.0105765147453083	1-5kb
clu_117857	3307	0.0296200536193029	1-5kb
clu_11786	2980	0.0251176407506702	1-5kb
clu_117862	8776	0.0151059517426273	5-20kb
clu_117865	2463	0.00343171581769437	1-5kb
clu_117866	579	0.000334235924932976	<1kb
clu_117867	41077	0.014625764075067	20-50kb
clu_117868	4052	0.00617670241286863	1-5kb
clu_117871	884	0.0189072386058981	<1kb
clu_117875	623	0.118283351206434	<1kb
clu_117877	85	0.0827800804289544	<1kb
clu_117878	86	0.0073141018766756	<1kb
clu_117883	3794	0.0235813941018767	1-5kb
clu_117885	2481	0.00171871313672922	1-5kb
clu_117886	1597	0.00284211796246649	1-5kb
clu_117887	2055	0.02928418230563	1-5kb
clu_117888	2364	0.0757832171581769	1-5kb
clu_11789	95222	0.0336108579088472	>50kb
clu_117893	987	0.0114539678284182	<1kb
clu_117894	664	0.0178883646112601	<1kb
clu_117901	1342	0.02990418230563	1-5kb
clu_117902	3241	0.030214745308311	1-5kb
clu_117920	3992	0.0127274530831099	1-5kb
clu_117921	7389	0.0830880697050938	5-20kb
clu_117922	6985	0.0164978820375335	5-20kb
clu_117923	1115	0.0211109651474531	1-5kb
clu_117925	4939	0.056366273458445	1-5kb
clu_117928	783	0.00190289544235925	<1kb
clu_11793	1411	0.00694941018766756	1-5kb
clu_117936	13780	0.0229249865951743	5-20kb
clu_117939	3082	0.0332595174262735	1-5kb
clu_117966	7703	0.00495123324396783	5-20kb
clu_117967	528	0.0114761930294906	<1kb
clu_117968	3683	0.0181165147453083	1-5kb
clu_117970	4413	0.0232929490616622	1-5kb
clu_117971	22269	0.0224552278820375	20-50kb
clu_117972	17738	0.0135897319034853	5-20kb
clu_117979	2426	0.0227791420911528	1-5kb
clu_118010	32778	0.0286020107238606	20-50kb
clu_118021	8314	0.0122724128686327	5-20kb
clu_118022	18373	0.00487434316353887	5-20kb
clu_118043	2168	0.025712091152815	1-5kb
clu_118047	840	0.0239199195710456	<1kb
clu_118072	1798	0.000846219839142091	1-5kb
clu_118073	4107	0.000379651474530831	1-5kb
clu_118088	241	0.0848013941018767	<1kb
clu_118097	684	0.0558588739946381	<1kb
clu_118098	1821	0.014702654155496	1-5kb
clu_118099	19102	0.049896836461126	5-20kb
clu_118103	3026	0.0566634852546917	1-5kb
clu_118105	6892	0.0481741554959786	5-20kb
clu_118109	305	0.0154957104557641	<1kb
clu_118136	585	0.0137869436997319	<1kb
clu_118153	95	0.0133269973190349	<1kb
clu_118154	264	0.015171018766756	<1kb
clu_118157	565	0.00806648793565684	<1kb
clu_118158	84	0.0726986863270778	<1kb
clu_118159	583	0.181725254691689	<1kb
clu_118160	1812	0.00928083109919571	1-5kb
clu_118162	540	0.429711742627346	<1kb
clu_118163	441	0.0637594101876676	<1kb
clu_118164	1046	0.0168942627345844	1-5kb
clu_118165	2995	0.00182844504021448	1-5kb
clu_11817	1619	0.00303032171581769	1-5kb
clu_118171	81	0.0129350134048257	<1kb
clu_118172	156	0.0514817694369973	<1kb
clu_118173	299	0.11501528150134	<1kb
clu_118174	1856	0.0285751742627346	1-5kb
clu_118175	194	0.00669882037533512	<1kb
clu_118177	357	0.0144912868632708	<1kb
clu_118178	438	0.0196598659517426	<1kb
clu_118181	1159	0.012647345844504	1-5kb
clu_118182	21014	0.0106108847184987	20-50kb
clu_118184	680	0.00554134048257373	<1kb
clu_118185	10293	0.00266380697050938	5-20kb
clu_118186	8231	0.0115665683646113	5-20kb
clu_118187	51452	0.00711265415549598	>50kb
clu_118188	2456	0.0334771045576408	1-5kb
clu_118201	5816	0.425418150134048	5-20kb
clu_118202	47225	0.69178471849866	20-50kb
clu_118205	1811	0.000284048257372654	1-5kb
clu_118206	2890	0.00701750670241287	1-5kb
clu_118217	35968	0.0506433243967828	20-50kb
clu_118222	11012	0.0126950670241287	5-20kb
clu_118235	14636	0.00500383378016086	5-20kb
clu_118237	70326	0.0641334048257373	>50kb
clu_118238	1344	0.109380375335121	1-5kb
clu_118245	3263	0.0209561126005362	1-5kb
clu_118247	5506	0.00800313672922252	5-20kb
clu_118248	1107	0.00568463806970509	1-5kb
clu_118249	14729	0.0751359785522788	5-20kb
clu_118251	8965	0.00795777479892761	5-20kb
clu_118268	1236	0.0186579624664879	1-5kb
clu_118270	2824	0.272613646112601	1-5kb
clu_118281	1314	0.147879302949062	1-5kb
clu_118288	865	0.0107642627345845	<1kb
clu_118289	1716	0.0148844235924933	1-5kb
clu_118293	1368	0.138358820375335	1-5kb
clu_118302	2360	0.298798713136729	1-5kb
clu_118306	43650	0.0656603217158177	20-50kb
clu_118307	9525	0.036347345844504	5-20kb
clu_118309	2472	0.0223035924932976	1-5kb
clu_11831	36629	0.0109846112600536	20-50kb
clu_118316	358	0.269979008042895	<1kb
clu_118318	12622	0.00830300268096515	5-20kb
clu_11832	61163	0.0266028150134048	>50kb
clu_118320	4796	0.00750254691689008	1-5kb
clu_118328	6312	0.0153960857908847	5-20kb
clu_118334	185	0.242976836461126	<1kb
clu_118342	995	0.00258608579088472	<1kb
clu_11836	4381	0.0277595978552279	1-5kb
clu_118382	59689	0.297072922252011	>50kb
clu_118383	1561	0.0434748525469169	1-5kb
clu_118385	481	0.0362612868632708	<1kb
clu_118386	6210	0.0214261930294906	5-20kb
clu_118389	43255	0.0615456836461126	20-50kb
clu_118409	1747	0.152761689008043	1-5kb
clu_118411	829	0.0294755227882038	<1kb
clu_118428	710	0.00596445040214477	<1kb
clu_118432	2836	0.0613792225201072	1-5kb
clu_118435	2087	0.0731025469168901	1-5kb
clu_118444	548	0.0919286595174263	<1kb
clu_118447	103	0.0120669168900804	<1kb
clu_118448	149	0.00376965147453083	<1kb
clu_118451	2819	0.0340543163538874	1-5kb
clu_118507	33752	0.0107701340482574	20-50kb
clu_118508	16974	0.161979571045576	5-20kb
clu_118515	1731	0.00417512064343164	1-5kb
clu_118519	1341	0.00824597855227882	1-5kb
clu_118534	2036	0.0195669705093834	1-5kb
clu_118536	465	0.0232461394101877	<1kb
clu_118537	260	0.00996434316353887	<1kb
clu_118540	206	0.00533560321715818	<1kb
clu_118542	1836	0.0808210991957105	1-5kb
clu_118543	2529	0.0137658713136729	1-5kb
clu_118560	1189	0.173939865951743	1-5kb
clu_118561	16748	0.0295613136729223	5-20kb
clu_118568	12632	0.0184691957104558	5-20kb
clu_118573	1986	0.0874042895442359	1-5kb
clu_118583	1776	0.0876482841823056	1-5kb
clu_118585	5134	0.112675388739946	5-20kb
clu_118586	91	0.0211484986595174	<1kb
clu_118587	21175	0.0425621983914209	20-50kb
clu_118593	56101	0.120301769436997	>50kb
clu_118596	614	0.0232627345844504	<1kb
clu_118597	4259	0.00385635388739946	1-5kb
clu_1186	217	0.0103425469168901	<1kb
clu_118607	3647	0.117701072386059	1-5kb
clu_118615	3104	0.00377654155495979	1-5kb
clu_118616	2191	0.010127399463807	1-5kb
clu_118617	748	0.0515739946380697	<1kb
clu_118618	84	0.0053701072386059	<1kb
clu_118621	15023	0.213138579088472	5-20kb
clu_1187	97	0.00224308310991957	<1kb
clu_11880	5006	0.00134412868632708	5-20kb
clu_11881	1127	0.0297367560321716	1-5kb
clu_11883	978	0.0286861126005362	<1kb
clu_11886	3400	0.0111928418230563	1-5kb
clu_11887	2387	0.0239064879356568	1-5kb
clu_11888	1215	0.0468081233243968	1-5kb
clu_11889	9856	0.041593109919571	5-20kb
clu_11891	32229	0.00393112600536193	20-50kb
clu_1190	180	0.0069341018766756	<1kb
clu_11902	7423	0.00263619302949062	5-20kb
clu_1191	23048	0.00710922252010724	20-50kb
clu_11912	969	0.0532071849865952	<1kb
clu_11914	9302	0.103672252010724	5-20kb
clu_11915	9778	0.0280343431635389	5-20kb
clu_11919	1157	0.11914399463807	1-5kb
clu_1192	1789	0.00469544235924933	1-5kb
clu_11921	1655	0.0467413672922252	1-5kb
clu_11935	2061	0.0541494638069705	1-5kb
clu_11941	2188	0.0290965683646113	1-5kb
clu_1195	2647	0.0351245576407507	1-5kb
clu_11951	4787	0.041976273458445	1-5kb
clu_11957	949	0.00310804289544236	<1kb
clu_11959	38092	0.00959664879356568	20-50kb
clu_1196	468	0.338643404825737	<1kb
clu_11963	30733	0.0251228418230563	20-50kb
clu_11964	13794	0.0121352278820375	5-20kb
clu_12	191	0.288963163538874	<1kb
clu_120011	1400	0.00603072386058981	1-5kb
clu_120012	656	0.00616075067024129	<1kb
clu_120015	2144	0.00374525469168901	1-5kb
clu_120022	14691	0.0311818498659517	5-20kb
clu_120026	198	0.0103114745308311	<1kb
clu_120029	1676	0.0281771313672922	1-5kb
clu_120035	323	0.0323409115281501	<1kb
clu_120038	34683	0.0626343967828418	20-50kb
clu_120040	6144	0.00645522788203753	5-20kb
clu_120041	5032	0.0269122788203753	5-20kb
clu_120048	12818	0.169873967828418	5-20kb
clu_12005	11384	0.119187104557641	5-20kb
clu_120051	143	0.0169553351206434	<1kb
clu_120058	297	0.100847131367292	<1kb
clu_120066	1910	0.0538344772117962	1-5kb
clu_120070	238	0.0469823860589812	<1kb
clu_120076	427	0.217757694369973	<1kb
clu_120080	1225	0.0436232439678284	1-5kb
clu_120083	412	0.0831141554959786	<1kb
clu_120086	180	0.0363216085790885	<1kb
clu_120087	242	0.0578493297587131	<1kb
clu_120089	450	0.131257855227882	<1kb
clu_120092	2834	0.22692308310992	1-5kb
clu_120095	116	0.0535932439678284	<1kb
clu_120096	86	0.0106646380697051	<1kb
clu_120098	73	0.122753860589812	<1kb
clu_120099	117	0.0742318230563003	<1kb
clu_1201	92	0.0342318766756032	<1kb
clu_120100	82	0.0669331367292225	<1kb
clu_120103	104	0.0114277479892761	<1kb
clu_12011	82793	0.00612155495978552	>50kb
clu_120110	139	0.0126447184986595	<1kb
clu_12012	15760	0.00480364611260054	5-20kb
clu_120124	155	0.0900358981233244	<1kb
clu_120125	84	0.0179033780160858	<1kb
clu_120129	494	0.0333037533512064	<1kb
clu_12013	62006	0.00250174262734584	>50kb
clu_120130	480	0.087802144772118	<1kb
clu_120131	127	0.0278516890080429	<1kb
clu_120132	328	0.0234587399463807	<1kb
clu_120138	4246	0.00166209115281501	1-5kb
clu_12014	8030	0.0597481769436997	5-20kb
clu_120164	74	0.00999463806970509	<1kb
clu_120165	131	0.0135378820375335	<1kb
clu_120174	1412	0.00517772117962466	1-5kb
clu_120179	720	0.0311095442359249	<1kb
clu_12018	9180	0.000594450402144772	5-20kb
clu_120183	636	0.0104740482573727	<1kb
clu_120184	622	0.109298659517426	<1kb
clu_120197	734	0.0228030294906166	<1kb
clu_120198	807	0.476101662198391	<1kb
clu_1202	1072	0.048374691689008	1-5kb
clu_120205	3552	0.779558418230563	1-5kb
clu_120208	1798	0.0100995442359249	1-5kb
clu_120211	1045	0.167722841823056	1-5kb
clu_120216	781	0.0170854423592493	<1kb
clu_120217	77	0.0238668632707775	<1kb
clu_120218	100	0.0111895978552279	<1kb
clu_12023	368	0.00501659517426273	<1kb
clu_120231	101	0.00433061662198391	<1kb
clu_120243	499	0.00775504021447721	<1kb
clu_120246	71	0.0176457372654155	<1kb
clu_120248	92	0.00592391420911528	<1kb
clu_120250	922	0.00236812332439678	<1kb
clu_12026	695	0.0100730294906166	<1kb
clu_120264	399	0.00894919571045576	<1kb
clu_120267	1057	0.0496063538873995	1-5kb
clu_120281	352	0.00527058981233244	<1kb
clu_12029	744	0.0331708042895442	<1kb
clu_120294	582	0.0565744504021448	<1kb
clu_120296	777	0.00244900804289544	<1kb
clu_120297	175	0.00695860589812332	<1kb
clu_1203	95	0.0464994101876676	<1kb
clu_12030	876	0.0130624128686327	<1kb
clu_120300	87	0.0131558713136729	<1kb
clu_120301	82	0.0457735924932976	<1kb
clu_120302	864	0.0401281233243968	<1kb
clu_120308	254	0.0825670509383378	<1kb
clu_120310	79	0.0308645040214477	<1kb
clu_120323	2738	0.015063672922252	1-5kb
clu_120324	3822	0.00388217158176944	1-5kb
clu_120325	3232	0.0101486327077748	1-5kb
clu_120334	6437	0.0178780428954424	5-20kb
clu_120343	3090	0.00394994638069705	1-5kb
clu_120345	13134	0.0100816621983914	5-20kb
clu_120348	437	0.0580319034852547	<1kb
clu_120349	639	0.265265978552279	<1kb
clu_120350	735	0.0889153619302949	<1kb
clu_120351	1067	0.173718391420912	1-5kb
clu_120355	138	0.0424610455764075	<1kb
clu_120363	1031	0.0129984986595174	1-5kb
clu_120364	2277	0.0342983109919571	1-5kb
clu_120370	3141	0.0345572117962466	1-5kb
clu_120372	1575	0.016356273458445	1-5kb
clu_120388	74	0.00590860589812332	<1kb
clu_120393	96	0.00198544235924933	<1kb
clu_1204	116	0.0452844504021448	<1kb
clu_120401	750	0.0487932707774799	<1kb
clu_120415	2304	0.00956941018766756	1-5kb
clu_120416	2916	0.117415790884718	1-5kb
clu_120426	4083	0.0148265415549598	1-5kb
clu_12043	2866	0.000594932975871314	1-5kb
clu_120433	164	0.415713833780161	<1kb
clu_120435	245	0.194255951742627	<1kb
clu_120437	89	0.0725648257372654	<1kb
clu_120445	2157	0.0111916353887399	1-5kb
clu_120446	5048	0.00187914209115281	5-20kb
clu_120458	2459	0.00343463806970509	1-5kb
clu_120469	4823	0.012072144772118	1-5kb
clu_120470	361	0.0140032439678284	<1kb
clu_120472	7730	0.0394486327077748	5-20kb
clu_120475	1436	0.00871504021447721	1-5kb
clu_120480	645	0.0153444235924933	<1kb
clu_120484	1968	0.143354343163539	1-5kb
clu_120485	942	0.0253792493297587	<1kb
clu_120488	1991	0.0187952010723861	1-5kb
clu_120499	1472	0.042580509383378	1-5kb
clu_120506	1594	0.0337290884718499	1-5kb
clu_120507	1295	0.0276761126005362	1-5kb
clu_120508	4451	0.0567332171581769	1-5kb
clu_120510	936	0.000907908847184987	<1kb
clu_120515	473	0.0552750938337802	<1kb
clu_120516	879	0.0622464879356568	<1kb
clu_120517	1980	0.0482628954423592	1-5kb
clu_120518	552	0.00815621983914209	<1kb
clu_120522	3495	0.0104560857908847	1-5kb
clu_120523	20082	0.00749871313672922	20-50kb
clu_120526	3219	0.0124111528150134	1-5kb
clu_120528	9260	0.0424597587131367	5-20kb
clu_120550	1228	0.00455378016085791	1-5kb
clu_120551	22483	0.0269799463806971	20-50kb
clu_120552	24276	0.00698029490616622	20-50kb
clu_120553	15452	0.0103012600536193	5-20kb
clu_12056	611	0.185105549597855	<1kb
clu_120560	42166	0.0344807238605898	20-50kb
clu_120562	74189	0.00675654155495979	>50kb
clu_120581	69482	0.119571286863271	>50kb
clu_120591	5598	0.0406882037533512	5-20kb
clu_120598	3778	0.0125497050938338	1-5kb
clu_12060	2049	0.0214996514745308	1-5kb
clu_120601	1359	0.0539809919571046	1-5kb
clu_120603	1359	0.158169490616622	1-5kb
clu_120605	2215	0.00369662198391421	1-5kb
clu_120609	2706	0.00417008042895442	1-5kb
clu_12061	1175	0.102072922252011	1-5kb
clu_120613	1180	0.0181000268096515	1-5kb
clu_120629	4306	0.988612573726542	1-5kb
clu_120630	2948	0.00615386058981233	1-5kb
clu_120631	1359	0.294512198391421	1-5kb
clu_120632	22532	0.00281868632707775	20-50kb
clu_120634	3370	0.00130474530831099	1-5kb
clu_120637	462	0.0341539142091153	<1kb
clu_120649	10361	0.0272085254691689	5-20kb
clu_120650	2452	0.00705463806970509	1-5kb
clu_120653	16487	0.0167348257372654	5-20kb
clu_120654	3301	0.0384624932975871	1-5kb
clu_120655	11860	0.0208222252010724	5-20kb
clu_120656	3281	0.00836970509383378	1-5kb
clu_120657	4020	0.0237072654155496	1-5kb
clu_120658	894	0.00481592493297587	<1kb
clu_120659	1719	0.00598016085790885	1-5kb
clu_12066	2398	0.0159558445040214	1-5kb
clu_120671	5789	0.0461903485254692	5-20kb
clu_120694	1666	0.534404584450402	1-5kb
clu_120695	1976	0.842903243967828	1-5kb
clu_120696	2950	0.00579938337801609	1-5kb
clu_120698	1359	0.0162547721179625	1-5kb
clu_12073	2253	0.00689292225201072	1-5kb
clu_120732	228	0.759726943699732	<1kb
clu_12074	52670	0.00836184986595174	>50kb
clu_120740	2005	0.0197764075067024	1-5kb
clu_120742	1480	0.0129133780160858	1-5kb
clu_120744	9368	0.00455718498659517	5-20kb
clu_120748	729	0.0103955495978552	<1kb
clu_120751	1525	0.0131398659517426	1-5kb
clu_120759	116	0.00845101876675603	<1kb
clu_12076	74992	0.00377434316353887	>50kb
clu_120762	4428	0.0183065147453083	1-5kb
clu_120763	396	0.00541882037533512	<1kb
clu_120770	979	0.00446565683646113	<1kb
clu_120771	3785	0.00339246648793566	1-5kb
clu_120775	5326	0.0535523056300268	5-20kb
clu_12078	111	0.0156881233243968	<1kb
clu_120787	6856	0.0106089544235925	5-20kb
clu_12080	8858	0.0161638337801609	5-20kb
clu_120800	3860	0.0190239678284182	1-5kb
clu_120803	1306	0.0656333780160858	1-5kb
clu_120804	18654	0.0155659517426273	5-20kb
clu_120807	723	0.00365780160857909	<1kb
clu_120808	1766	0.0413579892761394	1-5kb
clu_120809	163	0.0080812600536193	<1kb
clu_12081	393	0.00416782841823056	<1kb
clu_120810	6447	0.0216096246648794	5-20kb
clu_120811	3510	0.0515908042895442	1-5kb
clu_120814	4109	0.0178183109919571	1-5kb
clu_120815	351	0.0418954691689008	<1kb
clu_120819	1619	0.00441107238605898	1-5kb
clu_120820	2231	0.00817193029490617	1-5kb
clu_120821	1458	0.00332659517426273	1-5kb
clu_120828	153	0.33042345844504	<1kb
clu_120843	4086	0.0441354959785523	1-5kb
clu_120869	3410	0.0825647721179625	1-5kb
clu_12087	3972	0.0188967560321716	1-5kb
clu_120870	15483	0.00536932975871314	5-20kb
clu_120874	183	0.0480128954423592	<1kb
clu_120878	43545	0.00787927613941019	20-50kb
clu_12088	1370	0.0871762466487936	1-5kb
clu_120880	23427	0.00453753351206434	20-50kb
clu_120892	2277	0.00729434316353887	1-5kb
clu_120894	11873	0.0513421983914209	5-20kb
clu_120896	1187	0.01472581769437	1-5kb
clu_120902	1510	0.0483274530831099	1-5kb
clu_120910	16478	0.136239705093834	5-20kb
clu_120911	11306	0.00610806970509383	5-20kb
clu_120912	4131	0.0017513672922252	1-5kb
clu_120914	80	0.0190406702412869	<1kb
clu_120918	2609	0.0227606434316354	1-5kb
clu_120919	5921	0.0422492761394102	5-20kb
clu_12092	1899	0.0080587399463807	1-5kb
clu_120920	1436	0.0223119839142091	1-5kb
clu_120923	27437	0.0266337533512064	20-50kb
clu_120924	1425	0.0233906702412869	1-5kb
clu_120925	457	0.0249892493297587	<1kb
clu_120927	10159	0.0223806434316354	5-20kb
clu_12093	613	0.00290954423592493	<1kb
clu_120930	16797	0.118331769436997	5-20kb
clu_120931	2200	0.0862786863270777	1-5kb
clu_12094	778	0.00341731903485255	<1kb
clu_120947	26957	0.00500037533512064	20-50kb
clu_120948	3379	0.0486073190348525	1-5kb
clu_120950	70	0.0142535388739946	<1kb
clu_120951	188	0.00408517426273458	<1kb
clu_120952	654	0.0138006702412869	<1kb
clu_120968	7729	0.0157901876675603	5-20kb
clu_120969	124	0.00100487935656836	<1kb
clu_120972	9658	0.128283431635389	5-20kb
clu_120979	2414	0.0149280160857909	1-5kb
clu_120982	171	0.0242133780160858	<1kb
clu_120984	96	0.00914463806970509	<1kb
clu_120985	149	0.00512930294906166	<1kb
clu_120986	605	0.0306506970509383	<1kb
clu_120989	2396	0.031628471849866	1-5kb
clu_120998	261	0.1321581769437	<1kb
clu_121008	257	0.0135885522788204	<1kb
clu_121009	598	0.0182913672922252	<1kb
clu_121010	850	0.00332203753351206	<1kb
clu_121013	1110	0.0411398391420912	1-5kb
clu_12103	1559	0.00600388739946381	1-5kb
clu_12104	947	0.00847573726541555	<1kb
clu_121050	1746	0.0024970509383378	1-5kb
clu_121051	79	0.00148729222520107	<1kb
clu_121052	89	0.022309436997319	<1kb
clu_121053	1394	0.0408188203753351	1-5kb
clu_121063	378	0.0142943163538874	<1kb
clu_121069	2720	0.0125900268096515	1-5kb
clu_121070	511	0.0126674262734584	<1kb
clu_121071	748	0.0153885790884718	<1kb
clu_121073	798	0.00143857908847185	<1kb
clu_121075	2262	0.00324278820375335	1-5kb
clu_121077	1637	0.0944496246648794	1-5kb
clu_121095	978	0.1186	<1kb
clu_121097	3897	0.00315957104557641	1-5kb
clu_121098	373	0.00396056300268097	<1kb
clu_121108	4783	0.00835332439678284	1-5kb
clu_121109	546	0.00149766756032172	<1kb
clu_121117	467	0.0305056032171582	<1kb
clu_121121	89	0.069194235924933	<1kb
clu_121140	1297	0.0440706434316354	1-5kb
clu_121141	1007	0.0387691420911528	1-5kb
clu_121142	3510	0.0080673726541555	1-5kb
clu_121143	103	0.0471642091152815	<1kb
clu_121144	982	0.0164395174262735	<1kb
clu_121151	136	0.0365719302949062	<1kb
clu_121153	285	0.0339420375335121	<1kb
clu_121154	737	0.0185578284182306	<1kb
clu_121156	937	0.00435348525469169	<1kb
clu_121163	115	0.0141409383378016	<1kb
clu_121168	3883	0.0115261662198391	1-5kb
clu_121169	210	0.0381718230563003	<1kb
clu_121170	214	0.959343351206434	<1kb
clu_121171	152	0.0165603753351206	<1kb
clu_121172	487	0.0120641286863271	<1kb
clu_121175	1873	0.0136089544235925	1-5kb
clu_121177	267	0.0581982037533512	<1kb
clu_121178	1628	0.0264880428954424	1-5kb
clu_121179	2624	0.00726182305630027	1-5kb
clu_121186	1017	0.00616608579088472	1-5kb
clu_121191	115	0.00530911528150134	<1kb
clu_121192	1747	0.0072271581769437	1-5kb
clu_121205	3667	0.185132895442359	1-5kb
clu_121222	2885	0.00724246648793566	1-5kb
clu_121229	1269	0.0185641554959786	1-5kb
clu_121233	293	0.00139672922252011	<1kb
clu_121234	329	0.00406662198391421	<1kb
clu_121237	2293	0.00560257372654155	1-5kb
clu_121243	1488	0.000616166219839142	1-5kb
clu_121244	765	0.000295576407506702	<1kb
clu_121282	132	0.115990134048257	<1kb
clu_121286	3408	0.046667345844504	1-5kb
clu_1213	598	0.0106164879356568	<1kb
clu_12130	4138	0.0010173726541555	1-5kb
clu_121320	505	0.0320647721179625	<1kb
clu_121321	5456	0.0235043699731903	5-20kb
clu_12134	4059	0.0100525737265416	1-5kb
clu_121347	2379	0.0108299195710456	1-5kb
clu_121348	1372	0.00227203753351206	1-5kb
clu_121354	6700	0.00942064343163539	5-20kb
clu_121360	32746	0.0521070777479893	20-50kb
clu_121364	4397	0.0239354691689008	1-5kb
clu_121366	30114	0.0246001608579088	20-50kb
clu_121367	14294	0.013015308310992	5-20kb
clu_121374	1876	0.00363597855227882	1-5kb
clu_121384	13148	0.00317914209115282	5-20kb
clu_121395	3598	0.00756930294906166	1-5kb
clu_121398	2240	0.0630671849865952	1-5kb
clu_121399	1310	0.012197399463807	1-5kb
clu_121400	2314	0.0131147721179625	1-5kb
clu_121401	3029	0.0294803217158177	1-5kb
clu_121403	106	0.0547690080428954	<1kb
clu_121406	103	0.16657654155496	<1kb
clu_121409	778	0.00416332439678284	<1kb
clu_121411	543	0.0120430563002681	<1kb
clu_121416	921	0.0255534316353887	<1kb
clu_121418	607	0.00994833780160858	<1kb
clu_121431	2597	0.0258797319034853	1-5kb
clu_121432	2950	0.0524885790884718	1-5kb
clu_121436	6734	0.0100480428954424	5-20kb
clu_121437	1401	0.0100130563002681	1-5kb
clu_121440	1723	0.0649193297587131	1-5kb
clu_121441	913	0.00417651474530831	<1kb
clu_121446	66222	0.551506407506702	>50kb
clu_121449	3610	0.0331241554959786	1-5kb
clu_121454	4253	0.0296613136729223	1-5kb
clu_121458	4371	0.0546579624664879	1-5kb
clu_121468	3185	0.329157801608579	1-5kb
clu_121470	4219	0.0120802412868633	1-5kb
clu_121471	4596	0.0150840214477212	1-5kb
clu_121473	886	0.0142176407506702	<1kb
clu_121474	1455	0.0071983109919571	1-5kb
clu_121476	575	0.00965233243967828	<1kb
clu_121481	3139	0.14879254691689	1-5kb
clu_121492	5139	0.0135988471849866	5-20kb
clu_121493	1984	0.00169651474530831	1-5kb
clu_121506	727	0.00340096514745308	<1kb
clu_121525	2843	0.00207163538873995	1-5kb
clu_121526	1211	0.00102123324396783	1-5kb
clu_121527	535	0.00063112600536193	<1kb
clu_121528	888	0.0010011528150134	<1kb
clu_121532	610	0.162266085790885	<1kb
clu_121533	1590	0.00485651474530831	1-5kb
clu_121535	484	0.0820172654155496	<1kb
clu_121536	180	0.00319951742627346	<1kb
clu_121537	27456	0.00793042895442359	20-50kb
clu_121538	1053	0.0504175335120643	1-5kb
clu_121540	2496	0.0133084450402145	1-5kb
clu_121541	1449	0.00554887399463807	1-5kb
clu_121542	3909	0.014391018766756	1-5kb
clu_121544	823	0.0317956836461126	<1kb
clu_121545	405	0.0169142091152815	<1kb
clu_121547	1235	0.0361658445040214	1-5kb
clu_121550	393	0.0400380160857909	<1kb
clu_121555	345	0.00395075067024129	<1kb
clu_121561	2322	0.00859493297587131	1-5kb
clu_121563	18052	0.190786514745308	5-20kb
clu_121566	2160	0.00407085790884718	1-5kb
clu_121571	558	0.00559898123324397	<1kb
clu_121572	1658	0.0209208579088472	1-5kb
clu_121578	284	0.00333809651474531	<1kb
clu_12158	1448	0.161280589812332	1-5kb
clu_121581	150	0.00559731903485255	<1kb
clu_121586	1448	0.0204971045576408	1-5kb
clu_121588	2293	0.0443767828418231	1-5kb
clu_121619	934	0.0132666756032172	<1kb
clu_121629	7283	0.00267552278820375	5-20kb
clu_121630	4160	0.00172530831099196	1-5kb
clu_121644	4938	0.0652067560321716	1-5kb
clu_121665	169	0.0759034584450402	<1kb
clu_121669	2668	0.00832016085790885	1-5kb
clu_121678	975	0.0630248257372654	<1kb
clu_121680	121	0.00799211796246649	<1kb
clu_121683	107	0.0679146380697051	<1kb
clu_121686	1412	0.0272265683646113	1-5kb
clu_121695	568	0.0428956568364611	<1kb
clu_121697	15414	0.0154252278820375	5-20kb
clu_121702	5516	0.0664991152815013	5-20kb
clu_121718	883	0.0283976407506702	<1kb
clu_121723	398	0.0324356032171582	<1kb
clu_121724	138	0.0109944772117962	<1kb
clu_121725	226	0.00172986595174263	<1kb
clu_121727	801	0.00650844504021448	<1kb
clu_121739	101	0.0282699463806971	<1kb
clu_121744	165	0.0650357372654155	<1kb
clu_121747	981	0.175287345844504	<1kb
clu_121748	538	0.0426515013404826	<1kb
clu_121779	94	0.0360598659517426	<1kb
clu_121782	725	0.00941439678284182	<1kb
clu_121794	7156	0.00558142091152815	5-20kb
clu_121796	92	0.018958418230563	<1kb
clu_121812	160	0.0171491420911528	<1kb
clu_121813	357	0.0035557908847185	<1kb
clu_121815	218	0.0984380160857909	<1kb
clu_121816	352	0.0583201608579089	<1kb
clu_121834	92	0.00446670241286863	<1kb
clu_121839	85	0.00429415549597855	<1kb
clu_121844	224	0.0302646648793566	<1kb
clu_121847	15308	0.0724262466487936	5-20kb
clu_121851	36202	0.254354852546917	20-50kb
clu_121852	31258	0.0118726273458445	20-50kb
clu_121853	34574	0.0393725469168901	20-50kb
clu_121856	7969	0.0267502680965147	5-20kb
clu_121857	12496	0.153896487935657	5-20kb
clu_121858	2524	0.00763319034852547	1-5kb
clu_121859	3220	0.0608503217158177	1-5kb
clu_121863	663	0.0355400268096515	<1kb
clu_121866	256	0.0136289008042895	<1kb
clu_121869	18172	0.162887935656836	5-20kb
clu_121870	348	0.183142680965147	<1kb
clu_121871	4475	0.024034745308311	1-5kb
clu_121876	63258	0.192164611260054	>50kb
clu_121883	2575	0.00874820375335121	1-5kb
clu_121892	43732	0.0095101072386059	20-50kb
clu_12190	1269	0.0093429490616622	1-5kb
clu_121902	57855	0.0624796246648794	>50kb
clu_121903	14234	0.0120234316353887	5-20kb
clu_121905	4475	0.00934675603217158	1-5kb
clu_121906	2277	0.0192872117962466	1-5kb
clu_121910	281	0.0023271581769437	<1kb
clu_121916	20499	0.691516058981233	20-50kb
clu_121917	5649	0.015816836461126	5-20kb
clu_121948	1300	0.133204450402145	1-5kb
clu_121950	163	0.095114691689008	<1kb
clu_121951	762	0.0138549329758713	<1kb
clu_121952	4837	0.0585394638069705	1-5kb
clu_121961	5170	0.0296773726541555	5-20kb
clu_121968	882	0.0394847989276139	<1kb
clu_121974	188	0.183459651474531	<1kb
clu_121976	2504	0.0543924932975871	1-5kb
clu_121977	529	0.0358196246648794	<1kb
clu_121978	6003	0.101551072386059	5-20kb
clu_121985	1905	0.0532372117962467	1-5kb
clu_121988	2796	0.00176772117962466	1-5kb
clu_121989	2351	0.0225553351206434	1-5kb
clu_121990	511	0.00536943699731903	<1kb
clu_121993	667	0.00519501340482574	<1kb
clu_121995	1461	0.00262134048257373	1-5kb
clu_121996	1222	0.037677855227882	1-5kb
clu_122002	3126	0.011665764075067	1-5kb
clu_122011	5720	0.00470849865951743	5-20kb
clu_122012	1809	0.00127796246648794	1-5kb
clu_122037	1817	0.0161744235924933	1-5kb
clu_122054	5140	0.118593163538874	5-20kb
clu_12206	1572	0.108958820375335	1-5kb
clu_122060	2265	0.00874150134048257	1-5kb
clu_122062	680	0.00223949061662198	<1kb
clu_12208	506	0.011562144772118	<1kb
clu_122081	1269	0.00704718498659517	1-5kb
clu_122086	68261	0.00458680965147453	>50kb
clu_12209	8350	0.0248239946380697	5-20kb
clu_122090	1637	0.0115793029490617	1-5kb
clu_122091	1379	0.00413544235924933	1-5kb
clu_122106	350	0.00422571045576408	<1kb
clu_122111	1815	0.0619836461126005	1-5kb
clu_122113	13042	0.0250483914209115	5-20kb
clu_122115	3929	0.00148069705093834	1-5kb
clu_122120	4382	0.0279049061662198	1-5kb
clu_122128	14419	0.0910517694369973	5-20kb
clu_122138	1306	0.00895415549597855	1-5kb
clu_122140	628	0.00610517426273458	<1kb
clu_122143	2396	0.00311445040214477	1-5kb
clu_122148	3304	0.00807994638069705	1-5kb
clu_122154	5850	0.0262755764075067	5-20kb
clu_122155	12162	0.0156150134048257	5-20kb
clu_122158	2578	0.03973418230563	1-5kb
clu_122160	12293	0.0388653351206434	5-20kb
clu_122167	8985	0.00489184986595174	5-20kb
clu_122175	206	0.0214671849865952	<1kb
clu_122204	2092	0.0308497855227882	1-5kb
clu_122206	12004	0.0106427613941019	5-20kb
clu_122207	536	0.00614104557640751	<1kb
clu_122208	8040	0.00644573726541555	5-20kb
clu_122211	3086	0.173400026809651	1-5kb
clu_122212	752	0.0858381769436997	<1kb
clu_122218	1103	0.00983991957104558	1-5kb
clu_122219	12011	0.240012922252011	5-20kb
clu_122220	1885	0.0485750134048257	1-5kb
clu_122221	2380	0.0200515013404826	1-5kb
clu_122228	5975	0.125083243967828	5-20kb
clu_122234	453	0.0132222520107239	<1kb
clu_122237	68	0.294320831099196	<1kb
clu_122238	880	0.227423619302949	<1kb
clu_122240	11076	0.0273741286863271	5-20kb
clu_122243	705	0.00798037533512064	<1kb
clu_122244	432	0.0055544235924933	<1kb
clu_122245	142	0.0137158981233244	<1kb
clu_122246	222	0.0225696782841823	<1kb
clu_122252	1877	0.0547631367292225	1-5kb
clu_122253	3983	0.0908068632707775	1-5kb
clu_122256	3767	0.0187909115281501	1-5kb
clu_122259	1452	0.00168104557640751	1-5kb
clu_122260	3268	0.00266670241286863	1-5kb
clu_122262	9491	0.10838163538874	5-20kb
clu_122263	1762	0.0282430294906166	1-5kb
clu_122288	3576	0.0262949865951743	1-5kb
clu_122289	693	0.085281072386059	<1kb
clu_122293	660	0.0338607238605898	<1kb
clu_1223	1247	0.00213345844504021	1-5kb
clu_12234	1235	0.0598516621983914	1-5kb
clu_12241	8004	0.00546104557640751	5-20kb
clu_12242	2788	0.00816037533512064	1-5kb
clu_12259	2162	0.0119013404825737	1-5kb
clu_12265	1611	0.0290096246648794	1-5kb
clu_12267	294	0.00585782841823056	<1kb
clu_12269	587	0.0224675871313673	<1kb
clu_12272	554	0.0124339142091153	<1kb
clu_12282	579	0.00610008042895442	<1kb
clu_12283	12049	0.00784860589812332	5-20kb
clu_12284	6967	0.0345682573726542	5-20kb
clu_12288	1269	0.00784166219839142	1-5kb
clu_12291	884	0.00817780160857909	<1kb
clu_12292	148	0.0136225201072386	<1kb
clu_12307	1445	0.0174635388739946	1-5kb
clu_12350	3178	0.0141220375335121	1-5kb
clu_12353	1630	0.0126258445040214	1-5kb
clu_12355	914	0.0126523592493298	<1kb
clu_12356	367	0.00765037533512064	<1kb
clu_12362	84	0.466766568364611	<1kb
clu_12370	382	0.0202863002680965	<1kb
clu_12376	24469	0.0306311528150134	20-50kb
clu_12379	6057	0.048201581769437	5-20kb
clu_12380	414	0.0183350134048257	<1kb
clu_12381	1008	0.0185114209115281	1-5kb
clu_12382	5971	0.0237041286863271	5-20kb
clu_12400	13124	0.339979973190349	5-20kb
clu_12401	2312	0.0108020643431635	1-5kb
clu_12403	706	0.11315927613941	<1kb
clu_12404	15507	0.827635764075067	5-20kb
clu_12406	824	0.126280214477212	<1kb
clu_1241	24179	0.224114155495979	20-50kb
clu_12413	1720	0.0504679624664879	1-5kb
clu_12415	3930	0.00251806970509383	1-5kb
clu_124160	1827	0.00110008042895442	1-5kb
clu_124161	4819	0.00666512064343164	1-5kb
clu_124162	7558	0.0102754691689008	5-20kb
clu_124171	4473	0.0197501876675603	1-5kb
clu_124172	31464	0.0216422252010724	20-50kb
clu_124175	1277	0.00307474530831099	1-5kb
clu_124176	240	0.00905804289544236	<1kb
clu_124178	88	0.0104999731903485	<1kb
clu_12418	1924	0.00667707774798928	1-5kb
clu_124184	91	0.0538327613941019	<1kb
clu_124189	79	0.00489823056300268	<1kb
clu_12419	2728	0.0335040214477212	1-5kb
clu_124192	79	0.0381782037533512	<1kb
clu_124195	81	0.0176764343163539	<1kb
clu_124196	77	0.00484171581769437	<1kb
clu_12420	426	0.0122383646112601	<1kb
clu_124200	294	0.165001233243968	<1kb
clu_124201	132	0.0348869973190349	<1kb
clu_124205	213	0.0953087131367292	<1kb
clu_124206	85	0.289101313672922	<1kb
clu_12421	912	0.00409584450402145	<1kb
clu_124214	174	0.0029973726541555	<1kb
clu_124228	105	0.0201514477211796	<1kb
clu_124229	572	0.00561887399463807	<1kb
clu_12426	1012	0.156446353887399	1-5kb
clu_124276	31138	0.409930991957105	20-50kb
clu_12428	716	0.00227380697050938	<1kb
clu_124280	1925	0.0286961930294906	1-5kb
clu_12429	1389	0.00735935656836461	1-5kb
clu_124294	90	0.00137683646112601	<1kb
clu_124295	152	0.021756273458445	<1kb
clu_124321	112	0.00233109919571046	<1kb
clu_124322	134	0.438037908847185	<1kb
clu_124323	391	0.0981428418230563	<1kb
clu_124325	97	0.054506273458445	<1kb
clu_124326	258	0.00716117962466488	<1kb
clu_124327	5795	0.0165530294906166	5-20kb
clu_124329	3328	0.00149758713136729	1-5kb
clu_124330	1327	0.00699994638069705	1-5kb
clu_124331	1342	0.0246005898123324	1-5kb
clu_124337	361	0.0761619034852547	<1kb
clu_124342	90	0.0551078284182306	<1kb
clu_124345	1494	0.018701072386059	1-5kb
clu_124348	390	0.256676568364611	<1kb
clu_124352	219	0.0275697050938338	<1kb
clu_124354	197	0.100450938337802	<1kb
clu_124356	452	0.075640563002681	<1kb
clu_124359	118	0.0300664343163539	<1kb
clu_124361	268	0.0261049329758713	<1kb
clu_124387	6551	0.000763190348525469	5-20kb
clu_124389	253	0.00423855227882038	<1kb
clu_124444	112	0.00363117962466488	<1kb
clu_124466	3202	0.320984691689008	1-5kb
clu_124468	3377	0.00908292225201072	1-5kb
clu_124479	2585	0.0223090884718499	1-5kb
clu_124483	9824	0.146881233243968	5-20kb
clu_124486	4130	0.0216618498659517	1-5kb
clu_124495	711	0.000616997319034853	<1kb
clu_124496	1511	0.000789544235924933	1-5kb
clu_124497	829	0.00799469168900804	<1kb
clu_124501	674	0.0204921715817694	<1kb
clu_124519	1840	0.0104061662198391	1-5kb
clu_124520	9956	0.0133519571045576	5-20kb
clu_124521	514	0.0065543163538874	<1kb
clu_124522	122	0.0303087131367292	<1kb
clu_124523	812	0.0158367292225201	<1kb
clu_124525	515	0.137040804289544	<1kb
clu_124526	10151	0.0116443699731903	5-20kb
clu_124530	2302	0.0279545308310992	1-5kb
clu_124531	2824	0.0224313404825737	1-5kb
clu_124552	2808	0.130961876675603	1-5kb
clu_124554	83	0.0435561394101877	<1kb
clu_124555	716	0.0678852278820375	<1kb
clu_124556	688	0.0430878284182306	<1kb
clu_124560	283	0.0286741286863271	<1kb
clu_124562	93	0.000951983914209115	<1kb
clu_124564	12161	0.0285685790884719	5-20kb
clu_124573	1449	0.0681204825737265	1-5kb
clu_124574	694	0.185187533512064	<1kb
clu_124575	1251	0.0142821715817694	1-5kb
clu_124579	82	0.0152040750670241	<1kb
clu_124580	1887	0.0226397855227882	1-5kb
clu_124581	2129	0.175745978552279	1-5kb
clu_124585	1021	0.0274435120643432	1-5kb
clu_124587	9630	0.0183490616621984	5-20kb
clu_124589	1260	0.001571581769437	1-5kb
clu_124591	1219	0.00260391420911528	1-5kb
clu_124611	7964	0.320819142091153	5-20kb
clu_124620	823	0.0491331367292225	<1kb
clu_124626	12009	0.125572037533512	5-20kb
clu_124683	2844	0.0152628418230563	1-5kb
clu_124684	2126	0.0646326809651475	1-5kb
clu_124685	1937	0.0406280160857909	1-5kb
clu_124688	93	0.0184580697050938	<1kb
clu_124689	2061	0.0131297050938338	1-5kb
clu_124691	529	0.0216667024128686	<1kb
clu_124698	18475	0.102035710455764	5-20kb
clu_124701	76135	0.0219370777479893	>50kb
clu_124707	10115	0.00269329758713137	5-20kb
clu_124708	35556	0.00236201072386059	20-50kb
clu_124709	69193	0.00468112600536193	>50kb
clu_124711	6939	0.049509490616622	5-20kb
clu_124712	2257	0.0533655764075067	1-5kb
clu_124721	1001	0.00183101876675603	1-5kb
clu_124722	2657	0.01722	1-5kb
clu_124723	304	0.00536032171581769	<1kb
clu_124724	1935	0.00511581769436997	1-5kb
clu_124743	1359	0.0100269705093834	1-5kb
clu_124744	2951	0.0104535120643432	1-5kb
clu_124750	1289	0.0117454959785523	1-5kb
clu_124754	2915	0.095557855227882	1-5kb
clu_124755	88	0.0831797319034853	<1kb
clu_124757	198	0.00492584450402145	<1kb
clu_124758	724	0.010083726541555	<1kb
clu_124796	6176	0.0114783109919571	5-20kb
clu_124800	9686	0.0971295174262735	5-20kb
clu_124807	58333	0.103301313672922	>50kb
clu_124808	98513	0.0497362198391421	>50kb
clu_124817	1666	0.698335710455764	1-5kb
clu_124837	1359	0.0084129490616622	1-5kb
clu_124838	1977	0.719824316353887	1-5kb
clu_124839	1666	0.456368418230563	1-5kb
clu_124869	1876	0.0945245576407507	1-5kb
clu_124876	3239	0.00277466487935657	1-5kb
clu_124877	838	0.000146729222520107	<1kb
clu_124881	3047	0.0330750402144772	1-5kb
clu_124882	158	0.0112786863270777	<1kb
clu_124884	761	0.00462209115281501	<1kb
clu_124885	1117	0.00555203753351206	1-5kb
clu_124886	2570	0.00673187667560322	1-5kb
clu_124895	963	0.0279776943699732	<1kb
clu_124897	168	0.0200647721179625	<1kb
clu_124903	3705	0.0172430831099196	1-5kb
clu_124911	3059	0.00662672922252011	1-5kb
clu_124914	3287	0.00159426273458445	1-5kb
clu_124930	2437	0.0120544772117962	1-5kb
clu_124934	195	0.0659892225201072	<1kb
clu_124935	1292	0.63096	1-5kb
clu_124958	2052	0.0161929490616622	1-5kb
clu_124965	5212	0.159812439678284	5-20kb
clu_124996	4075	0.543093619302949	1-5kb
clu_124998	9717	0.192888123324397	5-20kb
clu_125014	257	0.00849345844504021	<1kb
clu_125015	15052	0.0410820375335121	5-20kb
clu_125026	1524	0.0489072654155496	1-5kb
clu_125027	2266	0.0148508579088472	1-5kb
clu_125033	1558	0.103171286863271	1-5kb
clu_125035	3293	0.112650991957105	1-5kb
clu_125041	1815	0.0280002144772118	1-5kb
clu_125042	1315	0.0358837801608579	1-5kb
clu_125046	7445	0.0208738605898123	5-20kb
clu_125047	4900	0.144174691689008	1-5kb
clu_125049	7270	0.0112150938337802	5-20kb
clu_125054	6347	0.00437176943699732	5-20kb
clu_125056	158	0.00653276139410188	<1kb
clu_125071	6164	0.00368308310991957	5-20kb
clu_125079	557	0.00662621983914209	<1kb
clu_125101	897	0.0235225737265416	<1kb
clu_125102	1282	0.0278204825737265	1-5kb
clu_125103	3288	0.0794825469168901	1-5kb
clu_125104	3608	0.00589686327077748	1-5kb
clu_12512	794	0.00452034852546917	<1kb
clu_125121	7728	0.00211785522788204	5-20kb
clu_125129	4227	0.0363107506702413	1-5kb
clu_125133	1279	0.292651769436997	1-5kb
clu_125150	587	0.00062656836461126	<1kb
clu_125153	258	0.0027513672922252	<1kb
clu_125159	107	0.00860120643431635	<1kb
clu_125160	5003	0.0293439410187668	5-20kb
clu_125162	4459	0.017439436997319	1-5kb
clu_125170	9606	0.0345121179624665	5-20kb
clu_12518	4129	0.0105047721179625	1-5kb
clu_125184	77	0.181892680965147	<1kb
clu_125187	4067	0.203685040214477	1-5kb
clu_125189	9865	0.5018218230563	5-20kb
clu_12520	1249	0.125431233243968	1-5kb
clu_12521	5863	0.0188114477211796	5-20kb
clu_125225	641	0.0883645308310992	<1kb
clu_125226	11140	0.0097870509383378	5-20kb
clu_125229	259	0.000731662198391421	<1kb
clu_12524	18635	0.00702034852546917	5-20kb
clu_125254	1989	0.0198946380697051	1-5kb
clu_125255	105	0.00873839142091153	<1kb
clu_125257	108	0.0239318766756032	<1kb
clu_12526	3925	0.00556731903485255	1-5kb
clu_125260	84	0.290857077747989	<1kb
clu_125265	1927	0.122027801608579	1-5kb
clu_12527	814	0.00664297587131367	<1kb
clu_12530	9816	0.0228955764075067	5-20kb
clu_125305	80	0.00381729222520107	<1kb
clu_12531	1465	0.0257230026809651	1-5kb
clu_125311	397	0.0762509651474531	<1kb
clu_125312	1093	0.0141827345844504	1-5kb
clu_125320	573	0.0233972922252011	<1kb
clu_125324	156	0.0379096514745308	<1kb
clu_125326	198	0.0483420643431635	<1kb
clu_125328	94	0.0152560589812332	<1kb
clu_125333	869	0.0197900536193029	<1kb
clu_125334	3640	0.0120706702412869	1-5kb
clu_125335	92	0.00431836461126005	<1kb
clu_125341	85	0.0781741018766756	<1kb
clu_125345	1969	0.00153747989276139	1-5kb
clu_12537	9981	0.0750768900804289	5-20kb
clu_12538	2607	0.0530344772117962	1-5kb
clu_125395	11462	0.0193949061662198	5-20kb
clu_125397	3835	0.00163801608579088	1-5kb
clu_125398	2884	0.0687768096514745	1-5kb
clu_125400	2652	0.0118208847184987	1-5kb
clu_125403	1332	0.0312066219839142	1-5kb
clu_125404	5524	0.0339025737265416	5-20kb
clu_125416	14600	0.0115847989276139	5-20kb
clu_125417	5191	0.0138821983914209	5-20kb
clu_125421	2424	0.0351296514745308	1-5kb
clu_125423	650	0.0268371313672922	<1kb
clu_125424	11553	0.0449383109919571	5-20kb
clu_125435	52863	0.0106554691689008	>50kb
clu_125436	22497	0.0156332171581769	20-50kb
clu_125446	2885	0.0129352815013405	1-5kb
clu_125447	3271	0.0214679356568365	1-5kb
clu_12545	402	0.0602703753351206	<1kb
clu_125453	620	0.00301723860589812	<1kb
clu_125454	271	0.00242386058981233	<1kb
clu_125456	1548	0.00743823056300268	1-5kb
clu_125457	9936	0.0331592761394102	5-20kb
clu_125458	13167	0.0105794101876676	5-20kb
clu_125459	2277	0.0157969436997319	1-5kb
clu_12546	4626	0.263164396782842	1-5kb
clu_125461	310	0.00284316353887399	<1kb
clu_125463	1695	0.0268496514745308	1-5kb
clu_125478	17230	0.0760395710455764	5-20kb
clu_125519	12357	0.0021428418230563	5-20kb
clu_125522	4827	0.0112729222520107	1-5kb
clu_125527	1209	0.0307719839142091	1-5kb
clu_125532	3732	0.0171642091152815	1-5kb
clu_125557	7175	0.372744423592493	5-20kb
clu_125566	348	0.0309983914209115	<1kb
clu_125570	5757	0.0110922788203753	5-20kb
clu_125571	788	0.00654	<1kb
clu_125573	2336	0.00561855227882038	1-5kb
clu_125574	1597	0.00259739946380697	1-5kb
clu_125575	1610	0.00477927613941019	1-5kb
clu_125583	30216	0.115822412868633	20-50kb
clu_125585	2625	0.0134587131367292	1-5kb
clu_125610	2005	0.0871514477211796	1-5kb
clu_125614	4066	0.00904217158176944	1-5kb
clu_125616	247	0.00171096514745308	<1kb
clu_125619	136	0.0107508579088472	<1kb
clu_125620	3169	0.0444513136729223	1-5kb
clu_125622	1564	0.0542924932975871	1-5kb
clu_125630	75	0.0027258981233244	<1kb
clu_125633	80	0.046298418230563	<1kb
clu_125634	219	0.0296351742627346	<1kb
clu_125636	2084	0.107434101876676	1-5kb
clu_125641	72	0.00868855227882038	<1kb
clu_125643	7755	0.0542746112600536	5-20kb
clu_125666	1349	0.00788504021447721	1-5kb
clu_125671	111	0.0170439678284182	<1kb
clu_125673	107	0.00830217158176944	<1kb
clu_125676	116	0.00906498659517426	<1kb
clu_125684	3273	0.0191998123324397	1-5kb
clu_125685	6252	0.0604555495978552	5-20kb
clu_12569	42342	0.087466273458445	20-50kb
clu_125690	667	0.037787345844504	<1kb
clu_125691	119	0.00548764075067024	<1kb
clu_125698	471	0.0195318498659517	<1kb
clu_125699	103	0.000557801608579089	<1kb
clu_125702	79	0.154220214477212	<1kb
clu_125705	148	0.0171451742627346	<1kb
clu_125709	97	0.00428766756032172	<1kb
clu_125713	160	0.00900096514745308	<1kb
clu_125716	2217	0.0238263002680965	1-5kb
clu_125728	117	0.0743070777479893	<1kb
clu_125741	975	0.005261581769437	<1kb
clu_125753	1618	0.00875463806970509	1-5kb
clu_125754	3842	0.122960348525469	1-5kb
clu_125755	12224	0.00264042895442359	5-20kb
clu_125756	1639	0.0158905898123324	1-5kb
clu_125763	588	0.0208336461126005	<1kb
clu_125765	2610	0.00754479892761394	1-5kb
clu_125796	762	0.00989630026809651	<1kb
clu_125797	2433	0.0171562198391421	1-5kb
clu_125805	5131	0.00947013404825737	5-20kb
clu_125807	39415	0.159737855227882	20-50kb
clu_125809	553	0.00895538873994638	<1kb
clu_125811	3116	0.0594024664879357	1-5kb
clu_125812	789	0.0658379892761394	<1kb
clu_125825	4730	0.0299292225201072	1-5kb
clu_125827	32683	0.00696777479892761	20-50kb
clu_125829	17960	0.00530793565683646	5-20kb
clu_125832	8617	0.0066172654155496	5-20kb
clu_125836	863	0.00632654155495979	<1kb
clu_125840	1955	0.030068981233244	1-5kb
clu_125856	2570	0.0537738337801609	1-5kb
clu_12586	4347	0.00753292225201072	1-5kb
clu_125860	1558	0.00620069705093834	1-5kb
clu_125862	2648	0.00225967828418231	1-5kb
clu_125866	11869	0.18271855227882	5-20kb
clu_125870	2184	0.0800913941018767	1-5kb
clu_125887	10304	0.124554638069705	5-20kb
clu_12592	2493	0.0301548525469169	1-5kb
clu_125927	1565	0.0257685522788204	1-5kb
clu_125928	3672	0.00597439678284182	1-5kb
clu_125931	2421	0.0902217962466488	1-5kb
clu_125933	2699	0.0956293297587131	1-5kb
clu_125946	2668	0.00823335120643432	1-5kb
clu_125948	3507	0.0131021179624665	1-5kb
clu_125949	132	0.0217681769436997	<1kb
clu_125950	3938	0.00838670241286863	1-5kb
clu_125951	14146	0.0260616085790885	5-20kb
clu_125952	4931	0.0207127345844504	1-5kb
clu_125963	895	0.0121415013404826	<1kb
clu_125965	10981	0.0252084986595174	5-20kb
clu_125966	89907	0.0570902412868633	>50kb
clu_125967	16615	0.00835772117962466	5-20kb
clu_125979	2736	0.0318414745308311	1-5kb
clu_125980	5052	0.0302218498659517	5-20kb
clu_125981	1313	0.0570341018766756	1-5kb
clu_125984	5854	0.0078011528150134	5-20kb
clu_125995	15436	0.0110619839142091	5-20kb
clu_125997	1499	0.00156391420911528	1-5kb
clu_126003	445	0.00378128686327078	<1kb
clu_126008	1253	0.00585219839142091	1-5kb
clu_126009	1053	0.0100646380697051	1-5kb
clu_126012	3820	0.0607109383378016	1-5kb
clu_126013	2223	0.0135895978552279	1-5kb
clu_126022	698	0.0235818230563003	<1kb
clu_126032	4609	0.0208809919571046	1-5kb
clu_126037	2584	0.0133518230563003	1-5kb
clu_126038	8309	0.0721264879356568	5-20kb
clu_126044	511	0.00431839142091153	<1kb
clu_12606	3417	0.0194203217158177	1-5kb
clu_126061	2375	0.0194659249329759	1-5kb
clu_126063	13044	0.0235482841823056	5-20kb
clu_126075	274	0.0128681769436997	<1kb
clu_126076	798	0.0106726809651475	<1kb
clu_126077	1567	0.0100734316353887	1-5kb
clu_126079	3627	0.00262367292225201	1-5kb
clu_126080	3751	0.00671265415549598	1-5kb
clu_126086	1906	0.00612203753351206	1-5kb
clu_126091	1131	0.00665477211796247	1-5kb
clu_126092	4290	0.0892740482573727	1-5kb
clu_126099	4752	0.0476866756032172	1-5kb
clu_126102	83	0.00501093833780161	<1kb
clu_126104	2362	0.00726957104557641	1-5kb
clu_126105	108	0.00638769436997319	<1kb
clu_126106	101	0.00611991957104558	<1kb
clu_126107	417	0.0112591420911528	<1kb
clu_126109	81	0.0171065415549598	<1kb
clu_126124	301	0.0195808042895442	<1kb
clu_126126	76	0.00594941018766756	<1kb
clu_126138	3481	0.053137345844504	1-5kb
clu_126142	1354	0.0143082573726542	1-5kb
clu_126143	734	0.177595013404826	<1kb
clu_126146	1259	0.0111178016085791	1-5kb
clu_126166	2153	0.0231239142091153	1-5kb
clu_126167	3880	0.00448643431635389	1-5kb
clu_126168	14022	0.170079678284182	5-20kb
clu_126169	11588	0.0954548257372654	5-20kb
clu_126171	56606	0.152244128686327	>50kb
clu_126198	158	0.00834871313672922	<1kb
clu_126199	188	0.0340429490616622	<1kb
clu_126200	440	0.0760245308310992	<1kb
clu_126201	2020	0.0209841286863271	1-5kb
clu_126202	2235	0.02644418230563	1-5kb
clu_126203	2867	0.10030235924933	1-5kb
clu_126204	2599	0.0305236193029491	1-5kb
clu_126205	304	0.0529263002680965	<1kb
clu_126206	2985	0.0541084450402145	1-5kb
clu_126207	126	0.0113476675603217	<1kb
clu_12627	5384	0.302414101876676	5-20kb
clu_12633	558	0.0115751474530831	<1kb
clu_12634	8990	0.0134584450402145	5-20kb
clu_12643	4018	0.0155689544235925	1-5kb
clu_12645	588	0.0104516353887399	<1kb
clu_1266	2267	0.00736887399463807	1-5kb
clu_12668	1904	0.0741744772117962	1-5kb
clu_12669	17715	0.107060643431635	5-20kb
clu_12670	7205	0.0193406702412869	5-20kb
clu_12672	3536	0.00857211796246649	1-5kb
clu_12675	4083	0.0010226273458445	1-5kb
clu_12676	3360	0.0202220375335121	1-5kb
clu_12677	6694	0.0546038069705094	5-20kb
clu_12678	4902	0.00807981233243968	1-5kb
clu_12682	920	0.018321528150134	<1kb
clu_12684	2278	0.00496329758713137	1-5kb
clu_12692	2178	0.00948509383378016	1-5kb
clu_12693	1220	0.0103211260053619	1-5kb
clu_12697	3045	0.0121290080428954	1-5kb
clu_12701	124	0.00709042895442359	<1kb
clu_12702	1317	0.00719742627345844	1-5kb
clu_12710	2172	0.0107561662198391	1-5kb
clu_12713	11742	0.0420395710455764	5-20kb
clu_12714	14613	0.0230969436997319	5-20kb
clu_12715	9684	0.00938646112600536	5-20kb
clu_12718	427	0.000435522788203753	<1kb
clu_12725	86755	0.0363127882037534	>50kb
clu_1274	3281	0.00583946380697051	1-5kb
clu_1275	33715	0.00930772117962467	20-50kb
clu_12752	40844	0.0165226273458445	20-50kb
clu_12754	204	0.0610847184986595	<1kb
clu_12756	606	0.0141856836461126	<1kb
clu_1277	393	0.00324319034852547	<1kb
clu_12770	1377	0.0458446648793566	1-5kb
clu_127730	4637	0.015527399463807	1-5kb
clu_127739	321	0.0361074530831099	<1kb
clu_12774	7724	0.0716722520107239	5-20kb
clu_12775	1484	0.0116569436997319	1-5kb
clu_127755	4730	0.00164908847184987	1-5kb
clu_127758	394	0.00445697050938338	<1kb
clu_127761	299	0.0105536997319035	<1kb
clu_127772	116	0.00556436997319035	<1kb
clu_127774	18016	0.0183638605898123	5-20kb
clu_12778	7186	0.190433619302949	5-20kb
clu_127782	3856	0.0214022520107239	1-5kb
clu_127784	464	0.0460042895442359	<1kb
clu_127786	261	0.0110798123324397	<1kb
clu_127793	27051	0.0016897855227882	20-50kb
clu_127848	929	0.0108952278820375	<1kb
clu_12785	3289	0.0756214477211796	1-5kb
clu_127852	266	0.0122061394101877	<1kb
clu_127855	112	0.00248174262734584	<1kb
clu_127861	3466	0.0485735120643432	1-5kb
clu_127864	685	0.0245235924932976	<1kb
clu_127866	108	0.0406780965147453	<1kb
clu_127867	2210	0.00580879356568365	1-5kb
clu_127870	44676	0.0279799195710456	20-50kb
clu_127871	91	0.0138421983914209	<1kb
clu_127877	252	0.0111141286863271	<1kb
clu_127878	483	0.0585591420911528	<1kb
clu_127881	753	0.00640605898123324	<1kb
clu_127887	390	0.169864450402145	<1kb
clu_127888	441	0.00962887399463807	<1kb
clu_127891	86	0.00320882037533512	<1kb
clu_127892	85	0.00326613941018767	<1kb
clu_127899	1038	0.0192067292225201	1-5kb
clu_127903	880	0.116775067024129	<1kb
clu_127904	162	0.00839957104557641	<1kb
clu_127906	337	0.126926112600536	<1kb
clu_127915	419	0.0108904825737265	<1kb
clu_127921	1914	0.00295024128686327	1-5kb
clu_12793	1901	0.012816273458445	1-5kb
clu_12794	8878	0.146766327077748	5-20kb
clu_127955	1361	0.0368758713136729	1-5kb
clu_127966	26173	0.06987581769437	20-50kb
clu_127967	2674	0.0123360589812332	1-5kb
clu_127968	3525	0.0534742627345845	1-5kb
clu_127969	6717	0.00515941018766756	5-20kb
clu_127970	1616	0.00504193029490617	1-5kb
clu_127972	1771	0.00170308310991957	1-5kb
clu_127973	2138	0.038993109919571	1-5kb
clu_127975	2058	0.00900729222520107	1-5kb
clu_127978	414	0.00138520107238606	<1kb
clu_12798	1215	0.018243672922252	1-5kb
clu_127981	1978	0.0874476407506702	1-5kb
clu_127982	1437	0.0491733780160858	1-5kb
clu_127984	8402	0.324796166219839	5-20kb
clu_128000	619	0.00182876675603217	<1kb
clu_128012	92	0.00488359249329759	<1kb
clu_128029	4578	0.00338243967828418	1-5kb
clu_128030	95	0.0113807774798928	<1kb
clu_128031	777	0.00571573726541555	<1kb
clu_128032	712	0.00278171581769437	<1kb
clu_12804	1004	0.0724556300268096	1-5kb
clu_128044	108	0.00783806970509383	<1kb
clu_128045	1657	0.0794868096514745	1-5kb
clu_128046	283	0.11789908847185	<1kb
clu_128054	91	0.00297616621983914	<1kb
clu_128057	92	0.00167997319034853	<1kb
clu_128063	155	0.0343830831099196	<1kb
clu_128065	1265	0.00064083109919571	1-5kb
clu_128066	178	0.000286193029490617	<1kb
clu_128069	613	0.0778841554959785	<1kb
clu_128077	267	0.0263896246648794	<1kb
clu_128078	629	0.0162042627345844	<1kb
clu_128080	293	0.272597801608579	<1kb
clu_128087	83	0.0127804289544236	<1kb
clu_128088	98	0.00480597855227882	<1kb
clu_128092	117	0.0491653619302949	<1kb
clu_128095	4580	0.101839008042895	1-5kb
clu_128096	794	0.00281445040214477	<1kb
clu_128100	188	0.0134473190348525	<1kb
clu_128101	209	0.0111717426273458	<1kb
clu_128103	450	0.00750638069705094	<1kb
clu_128104	112	0.00217745308310992	<1kb
clu_128106	255	0.00636217158176944	<1kb
clu_128110	442	0.0264542627345845	<1kb
clu_128111	1220	0.0363987131367292	1-5kb
clu_128112	346	0.029085254691689	<1kb
clu_128140	399	0.0645087399463807	<1kb
clu_128141	136	0.0102601608579088	<1kb
clu_128145	88	0.00431887399463807	<1kb
clu_128149	1353	0.0743689008042895	1-5kb
clu_128150	3842	0.00359292225201072	1-5kb
clu_128151	6769	0.0164913941018767	5-20kb
clu_128179	910	0.259008418230563	<1kb
clu_128183	14044	0.0258404021447721	5-20kb
clu_128185	10551	0.0348688471849866	5-20kb
clu_128190	9097	0.0196425201072386	5-20kb
clu_128197	5123	0.0242504557640751	5-20kb
clu_128200	32041	0.131961715817694	20-50kb
clu_128213	1669	0.0825796246648794	1-5kb
clu_128214	767	0.00712975871313673	<1kb
clu_128215	18448	0.0386503485254692	5-20kb
clu_128220	16509	0.00784640750670241	5-20kb
clu_128230	2246	0.00546018766756032	1-5kb
clu_128233	1191	0.00798447721179625	1-5kb
clu_128245	6868	0.126310884718499	5-20kb
clu_128259	32738	0.00340970509383378	20-50kb
clu_128260	48625	0.0545450402144772	20-50kb
clu_128265	10361	0.00438174262734584	5-20kb
clu_128269	2590	0.00327195710455764	1-5kb
clu_128274	2725	0.472608766756032	1-5kb
clu_128275	16541	0.116632600536193	5-20kb
clu_128276	1896	0.0785894101876676	1-5kb
clu_128278	14013	0.0211653351206434	5-20kb
clu_128279	42234	0.437469919571046	20-50kb
clu_128281	5242	0.0121501876675603	5-20kb
clu_128290	3204	0.0174920375335121	1-5kb
clu_128291	1803	0.0137811796246649	1-5kb
clu_128292	555	0.0204267292225201	<1kb
clu_128293	639	0.00547201072386059	<1kb
clu_128294	833	0.0101078016085791	<1kb
clu_128295	733	0.00906785522788204	<1kb
clu_128296	1751	0.00220364611260054	1-5kb
clu_128303	1299	0.182477882037534	1-5kb
clu_128306	420	0.0643465415549598	<1kb
clu_12831	39149	0.13648691689008	20-50kb
clu_128311	11779	0.00197445040214477	5-20kb
clu_128323	241	0.0530123592493298	<1kb
clu_128326	166	0.0330230026809651	<1kb
clu_128328	114	0.0174469168900804	<1kb
clu_128334	1511	0.11259254691689	1-5kb
clu_128352	237	0.00254753351206434	<1kb
clu_128354	12662	0.0211087399463807	5-20kb
clu_128359	19730	0.105206273458445	5-20kb
clu_12836	19763	0.229132841823056	5-20kb
clu_128360	26170	0.0737651474530831	20-50kb
clu_128362	2205	0.0392613404825737	1-5kb
clu_128416	5251	0.00839911528150134	5-20kb
clu_128417	4247	0.0195997855227882	1-5kb
clu_128420	923	0.00478024128686327	<1kb
clu_128421	1210	0.0119529222520107	1-5kb
clu_128428	1410	0.00335040214477212	1-5kb
clu_128429	861	0.0645258981233244	<1kb
clu_128430	93693	0.0656813941018767	>50kb
clu_128431	26783	0.00685423592493298	20-50kb
clu_128432	2551	0.288227801608579	1-5kb
clu_128436	3923	0.00225514745308311	1-5kb
clu_128439	1295	0.0723286327077748	1-5kb
clu_128441	5885	0.0173545576407507	5-20kb
clu_128443	511	0.000479758713136729	<1kb
clu_128444	1403	0.00205423592493298	1-5kb
clu_12845	723	0.0984012064343164	<1kb
clu_128450	79271	0.0182869436997319	>50kb
clu_128451	5755	0.0182780160857909	5-20kb
clu_12846	32162	0.0830787399463807	20-50kb
clu_128462	1034	0.00343117962466488	1-5kb
clu_128464	309	0.0320571313672922	<1kb
clu_128465	8700	0.109252922252011	5-20kb
clu_128469	73	0.101807024128686	<1kb
clu_128481	11028	0.0447329490616622	5-20kb
clu_128482	772	0.00995930294906166	<1kb
clu_128490	1135	0.0181282305630027	1-5kb
clu_128491	1515	0.00507300268096515	1-5kb
clu_128495	235	0.0079197855227882	<1kb
clu_128496	425	0.0166864611260054	<1kb
clu_128497	208	0.00881975871313673	<1kb
clu_128498	387	0.108359142091153	<1kb
clu_128500	2957	0.00491040214477212	1-5kb
clu_128501	578	0.00278911528150134	<1kb
clu_128502	83	0.0105768632707775	<1kb
clu_128503	278	0.00435152815013405	<1kb
clu_128506	1356	0.0124290348525469	1-5kb
clu_128508	89	0.0070116890080429	<1kb
clu_128509	4068	0.0844978284182306	1-5kb
clu_12852	159	0.0154679892761394	<1kb
clu_128521	2026	0.0280076943699732	1-5kb
clu_128525	866	0.107869034852547	<1kb
clu_128527	2231	0.0385802680965147	1-5kb
clu_12853	4544	0.198944101876676	1-5kb
clu_12854	4640	0.0243783646112601	1-5kb
clu_128548	54368	0.00621415549597855	>50kb
clu_128549	5472	0.00688597855227882	5-20kb
clu_12855	4345	0.201875361930295	1-5kb
clu_12856	9430	0.15021691689008	5-20kb
clu_128564	1962	0.0068443163538874	1-5kb
clu_128571	3678	0.00501252010723861	1-5kb
clu_128573	2461	0.00610517426273458	1-5kb
clu_128574	18126	0.00724032171581769	5-20kb
clu_128575	2232	0.00537729222520107	1-5kb
clu_12858	1523	0.0184205898123324	1-5kb
clu_12859	409	0.0118144235924933	<1kb
clu_128590	1157	0.078343163538874	1-5kb
clu_128592	795	0.0165958445040214	<1kb
clu_128593	1627	0.0951798659517426	1-5kb
clu_128594	2532	0.0277390884718499	1-5kb
clu_128595	835	0.00824632707774799	<1kb
clu_128597	6727	0.0223809651474531	5-20kb
clu_128598	7704	0.0170458981233244	5-20kb
clu_128599	413	0.00513490616621984	<1kb
clu_128607	9135	0.0113979624664879	5-20kb
clu_128608	1330	0.0194729222520107	1-5kb
clu_12861	3440	0.0340833512064343	1-5kb
clu_12862	1793	0.014853726541555	1-5kb
clu_128623	1527	0.043435764075067	1-5kb
clu_128632	9224	0.0847670509383378	5-20kb
clu_128636	60480	0.05353581769437	>50kb
clu_12864	594	0.0253154959785523	<1kb
clu_128644	5984	0.0186212868632708	5-20kb
clu_128646	4045	0.00503597855227882	1-5kb
clu_128650	4758	0.710137962466488	1-5kb
clu_128660	807	0.0168482037533512	<1kb
clu_128661	5215	0.010178418230563	5-20kb
clu_128664	1885	0.0673195174262735	1-5kb
clu_128666	1942	0.0395563806970509	1-5kb
clu_128672	2729	0.121833163538874	1-5kb
clu_128675	989	0.0047013672922252	<1kb
clu_128676	1077	0.0446985254691689	1-5kb
clu_128677	1040	0.0180254959785523	1-5kb
clu_128684	1398	0.000696327077747989	1-5kb
clu_128685	144	0.000830536193029491	<1kb
clu_12873	5907	0.0234239410187668	5-20kb
clu_128730	26399	0.0199332171581769	20-50kb
clu_128732	83	0.00309061662198391	<1kb
clu_128733	9708	0.0526881769436997	5-20kb
clu_12874	263	0.030167399463807	<1kb
clu_128744	582	0.000350482573726542	<1kb
clu_12875	4258	0.00223150134048257	1-5kb
clu_12876	5398	0.0311189544235925	5-20kb
clu_128765	10206	0.0121762198391421	5-20kb
clu_128766	1058	0.366490268096515	1-5kb
clu_128767	1924	0.00284528150134048	1-5kb
clu_128768	798	0.0095457908847185	<1kb
clu_128769	2982	0.0586415549597855	1-5kb
clu_128774	224	0.0205245844504021	<1kb
clu_12878	2400	0.0456482037533512	1-5kb
clu_128785	10728	0.00268981233243968	5-20kb
clu_128786	2675	0.0189576407506702	1-5kb
clu_128787	1901	0.023550053619303	1-5kb
clu_128788	561	0.00824723860589812	<1kb
clu_12879	3671	0.123412600536193	1-5kb
clu_128805	370	0.073104235924933	<1kb
clu_128831	12055	0.00784721179624665	5-20kb
clu_128851	3961	0.0430335656836461	1-5kb
clu_128856	1208	0.00792707774798928	1-5kb
clu_128857	1300	0.00447793565683646	1-5kb
clu_128859	2271	0.0272105361930295	1-5kb
clu_128860	676	0.0090885254691689	<1kb
clu_128862	538	0.0416685790884719	<1kb
clu_128865	450	0.00313691689008043	<1kb
clu_128867	580	0.00238935656836461	<1kb
clu_128870	1802	0.0169908847184987	1-5kb
clu_128881	1631	0.00675512064343164	1-5kb
clu_128883	4287	0.200978069705094	1-5kb
clu_128890	378	0.00250686327077748	<1kb
clu_128891	199	0.0198263806970509	<1kb
clu_128893	657	0.00943731903485255	<1kb
clu_128895	1165	0.00241949061662198	1-5kb
clu_12891	9093	0.00557702412868633	5-20kb
clu_128951	449	0.0121623860589812	<1kb
clu_128953	20145	0.00702584450402145	20-50kb
clu_128956	636	0.0117847721179625	<1kb
clu_128957	151	0.00253187667560322	<1kb
clu_128969	4012	0.0194179624664879	1-5kb
clu_128971	1459	0.00345900804289544	1-5kb
clu_128973	1787	0.0105102144772118	1-5kb
clu_128974	12408	0.0475842895442359	5-20kb
clu_128975	1984	0.0025543163538874	1-5kb
clu_128986	146	0.000268123324396783	<1kb
clu_128991	130	0.043808471849866	<1kb
clu_128996	250	0.159471501340483	<1kb
clu_128997	723	0.142294611260054	<1kb
clu_129011	2887	0.00288485254691689	1-5kb
clu_129014	713	0.000986434316353887	<1kb
clu_129015	1502	0.00701297587131367	1-5kb
clu_129016	7441	0.00793774798927614	5-20kb
clu_129017	2077	0.0184550938337802	1-5kb
clu_129018	2288	0.0205966756032172	1-5kb
clu_129020	437	0.0120468632707775	<1kb
clu_129021	6233	0.0150704825737265	5-20kb
clu_129022	310	0.0336275603217158	<1kb
clu_129030	638	0.00448777479892761	<1kb
clu_129031	179	0.021107399463807	<1kb
clu_129032	159	0.0041856836461126	<1kb
clu_129036	1363	0.0112461930294906	1-5kb
clu_129039	322	0.0887877747989276	<1kb
clu_129042	324	0.173480965147453	<1kb
clu_129046	924	0.125056246648794	<1kb
clu_129053	473	0.0256494101876676	<1kb
clu_129056	194	0.0128456568364611	<1kb
clu_129057	294	0.010772144772118	<1kb
clu_129087	1101	0.00166493297587131	1-5kb
clu_129088	96	0.00266772117962467	<1kb
clu_129089	225	0.0157869168900804	<1kb
clu_129094	4488	0.0228478820375335	1-5kb
clu_129096	1512	0.0263967828418231	1-5kb
clu_129097	874	0.00401407506702413	<1kb
clu_1291	392	0.0836250402144772	<1kb
clu_12910	6762	0.199011715817694	5-20kb
clu_129101	107	0.00878517426273458	<1kb
clu_129104	5263	0.0198877747989276	5-20kb
clu_129106	388	0.0422500804289544	<1kb
clu_129112	489	0.0085213672922252	<1kb
clu_129121	2976	0.0779695710455764	1-5kb
clu_129122	222	0.00217756032171582	<1kb
clu_129127	3057	0.132603780160858	1-5kb
clu_129128	2421	0.0611839946380697	1-5kb
clu_129129	347	0.0441811260053619	<1kb
clu_129146	13513	0.0572815013404826	5-20kb
clu_129147	6882	0.013735764075067	5-20kb
clu_129148	1162	0.0118577211796247	1-5kb
clu_129149	5630	0.00617651474530831	5-20kb
clu_129152	825	0.00630892761394102	<1kb
clu_129178	1137	0.00164986595174263	1-5kb
clu_129182	267	0.0050645308310992	<1kb
clu_129184	82	0.0634163538873995	<1kb
clu_129185	1032	0.0616034852546917	1-5kb
clu_129189	8350	0.0154492761394102	5-20kb
clu_129191	743	0.332260831099196	<1kb
clu_129192	340	0.00476225201072386	<1kb
clu_129193	1935	0.0818067024128686	1-5kb
clu_129197	212	0.00353369973190349	<1kb
clu_129199	150	0.0119743163538874	<1kb
clu_129200	144	0.00212584450402145	<1kb
clu_129211	1535	0.131528445040214	1-5kb
clu_129212	7862	0.517662868632708	5-20kb
clu_129222	5364	0.0138759785522788	5-20kb
clu_129251	27829	0.0319083109919571	20-50kb
clu_129257	6077	0.42218672922252	5-20kb
clu_129272	6812	0.0521676407506702	5-20kb
clu_129274	1278	0.104744664879357	1-5kb
clu_129280	5013	0.0853191420911528	5-20kb
clu_129283	9895	0.178745871313673	5-20kb
clu_129284	3230	0.0817813672922252	1-5kb
clu_129285	1283	0.0217272117962466	1-5kb
clu_129296	255	0.0275501072386059	<1kb
clu_129300	8696	0.128181045576407	5-20kb
clu_129302	1002	0.0274864075067024	1-5kb
clu_12931	33175	0.160356514745308	20-50kb
clu_129316	1185	0.0341212064343164	1-5kb
clu_129323	710	0.026607855227882	<1kb
clu_129327	918	0.0193741554959786	<1kb
clu_129328	102	0.00178024128686327	<1kb
clu_129332	4757	0.0101222252010724	1-5kb
clu_129338	5302	0.00769613941018767	5-20kb
clu_129351	706	0.00473209115281501	<1kb
clu_129352	3054	0.0249718230563003	1-5kb
clu_129360	416	0.0704856300268097	<1kb
clu_129419	94	0.16305509383378	<1kb
clu_129428	444	0.0109123592493298	<1kb
clu_129432	283	0.0253060857908847	<1kb
clu_129435	82	0.0229913136729223	<1kb
clu_129438	261	0.0215285254691689	<1kb
clu_129442	117	0.0285025201072386	<1kb
clu_129443	265	0.0359097050938338	<1kb
clu_129444	6733	0.312296514745308	5-20kb
clu_129445	1085	0.00911369973190349	1-5kb
clu_12946	3484	0.0130283378016086	1-5kb
clu_129468	515	0.154022064343164	<1kb
clu_12947	7023	0.0427207238605898	5-20kb
clu_129470	99	0.0127391152815013	<1kb
clu_129471	92	0.00759490616621984	<1kb
clu_129473	320	0.0050341018766756	<1kb
clu_129474	2070	0.0040842091152815	1-5kb
clu_129506	3279	0.0332472654155496	1-5kb
clu_129507	538	0.0059229490616622	<1kb
clu_129508	3798	0.11212745308311	1-5kb
clu_129514	329	0.000253083109919571	<1kb
clu_129515	1593	0.000105067024128686	1-5kb
clu_129546	2112	0.121185924932976	1-5kb
clu_129547	7279	0.0506747989276139	5-20kb
clu_129552	1329	0.0162618766756032	1-5kb
clu_129562	42386	0.655975844504021	20-50kb
clu_129563	67143	0.00682152815013405	>50kb
clu_129564	24795	0.0147283378016086	20-50kb
clu_129568	1919	0.00993388739946381	1-5kb
clu_129579	2142	0.0357891689008043	1-5kb
clu_129581	6529	0.0814295442359249	5-20kb
clu_129589	3773	0.00531083109919571	1-5kb
clu_129604	2452	0.0186819839142091	1-5kb
clu_129610	261	0.0093072654155496	<1kb
clu_129626	1979	0.0299235656836461	1-5kb
clu_129627	20521	0.0224282573726542	20-50kb
clu_129631	1447	0.138181554959786	1-5kb
clu_129632	4462	0.0273625201072386	1-5kb
clu_129633	1032	0.00596069705093834	1-5kb
clu_129645	13914	0.00893324396782842	5-20kb
clu_129646	6153	0.0245143163538874	5-20kb
clu_129647	5649	0.0224902680965147	5-20kb
clu_129658	25515	0.0777694101876676	20-50kb
clu_129662	34027	0.0248255495978552	20-50kb
clu_129665	2346	0.454861957104558	1-5kb
clu_129666	23482	0.0142574530831099	20-50kb
clu_129667	4080	0.0050356836461126	1-5kb
clu_129668	808	0.0318943163538874	<1kb
clu_129670	1833	0.0684941018766756	1-5kb
clu_129674	3976	0.0387741286863271	1-5kb
clu_1297	1294	0.00483686327077748	1-5kb
clu_12973	2466	0.000997345844504021	1-5kb
clu_129732	3170	0.00558581769436997	1-5kb
clu_129733	1672	0.00414638069705094	1-5kb
clu_129737	14705	0.00990638069705094	5-20kb
clu_129740	689	0.0095044235924933	<1kb
clu_129741	379	0.00927646112600536	<1kb
clu_129747	842	0.0279527613941019	<1kb
clu_129748	4453	0.0279155764075067	1-5kb
clu_129756	81	0.000357211796246649	<1kb
clu_129766	2364	0.023020563002681	1-5kb
clu_129767	1965	0.0231912868632708	1-5kb
clu_129770	1498	0.0830542091152815	1-5kb
clu_129771	108	0.00911396782841823	<1kb
clu_12978	3054	0.0110419034852547	1-5kb
clu_129788	9450	0.0216913404825737	5-20kb
clu_129789	11482	0.417416353887399	5-20kb
clu_12979	35302	0.34070327077748	20-50kb
clu_1298	1450	0.0657333243967828	1-5kb
clu_129817	154	0.00260702412868633	<1kb
clu_129818	576	0.0169512064343164	<1kb
clu_129822	27602	0.0246054691689008	20-50kb
clu_129825	535	0.0241860321715818	<1kb
clu_129826	9623	0.0116863806970509	5-20kb
clu_129828	5526	0.00660150134048257	5-20kb
clu_129832	6293	0.00352624664879357	5-20kb
clu_129833	11234	0.00582630026809652	5-20kb
clu_129846	323	0.0205423324396783	<1kb
clu_129850	14539	0.100264235924933	5-20kb
clu_129851	6166	0.124379731903485	5-20kb
clu_129865	9405	0.0354116890080429	5-20kb
clu_129875	3939	0.288939329758713	1-5kb
clu_129876	3122	0.13324072386059	1-5kb
clu_129881	1099	0.0102599195710456	1-5kb
clu_129882	473	0.00699621983914209	<1kb
clu_1299	234	0.00389300268096515	<1kb
clu_129903	1890	0.12777890080429	1-5kb
clu_129909	1824	0.306995227882038	1-5kb
clu_12991	13757	0.00397868632707775	5-20kb
clu_129910	3758	0.00278134048257373	1-5kb
clu_129918	3415	0.0134224932975871	1-5kb
clu_129927	4205	0.00390967828418231	1-5kb
clu_129928	2585	0.0203572654155496	1-5kb
clu_129937	3153	0.0326034584450402	1-5kb
clu_12994	4595	0.00958887399463807	1-5kb
clu_129942	6796	0.0122233243967828	5-20kb
clu_129943	221	0.0373375335120643	<1kb
clu_129944	5182	0.0620887131367292	5-20kb
clu_129945	1478	0.0038843163538874	1-5kb
clu_129946	311	0.0190172386058981	<1kb
clu_129954	1505	0.00771297587131367	1-5kb
clu_129958	573	0.0721429758713137	<1kb
clu_129960	710	0.0688430831099196	<1kb
clu_129964	582	0.00476817694369973	<1kb
clu_129968	1339	0.0111037533512064	1-5kb
clu_130047	3190	0.00796678284182306	1-5kb
clu_130049	436	0.0139797319034853	<1kb
clu_130050	1193	0.0470653351206434	1-5kb
clu_130089	24775	0.848031501340483	20-50kb
clu_130090	2142	0.0267725201072386	1-5kb
clu_130091	166	0.0322822252010724	<1kb
clu_130092	547	0.00595463806970509	<1kb
clu_130093	1290	0.0244428418230563	1-5kb
clu_130094	576	0.032836890080429	<1kb
clu_130098	5181	0.00825243967828418	5-20kb
clu_130118	77	0.00623804289544236	<1kb
clu_130122	904	0.0308441554959786	<1kb
clu_130123	865	0.0255305898123324	<1kb
clu_130125	9580	0.0263201340482574	5-20kb
clu_130126	13298	0.092743726541555	5-20kb
clu_130131	1538	0.0713570241286863	1-5kb
clu_130133	228	0.00538351206434316	<1kb
clu_130134	2108	0.00189667560321716	1-5kb
clu_130135	2896	0.0024473726541555	1-5kb
clu_130142	81710	0.0261338873994638	>50kb
clu_130147	263	0.000236541554959786	<1kb
clu_13015	8157	0.0130858981233244	5-20kb
clu_130153	26436	0.303941689008043	20-50kb
clu_13016	4229	0.00662471849865952	1-5kb
clu_130164	429	0.00517042895442359	<1kb
clu_130169	393	0.012396273458445	<1kb
clu_130171	2225	0.0630089008042895	1-5kb
clu_130172	160	0.013937399463807	<1kb
clu_130173	94	0.020546890080429	<1kb
clu_130174	1593	0.0841465683646113	1-5kb
clu_130178	2101	0.000720026809651475	1-5kb
clu_130181	6683	0.00739954423592493	5-20kb
clu_130187	2712	0.00654209115281501	1-5kb
clu_130188	4518	0.0108157908847185	1-5kb
clu_130189	4385	0.0267733780160858	1-5kb
clu_130202	165	0.03813581769437	<1kb
clu_130205	956	0.168830991957105	<1kb
clu_130207	586	0.0942931367292225	<1kb
clu_13021	469	0.000882868632707775	<1kb
clu_130243	2671	0.0764775871313673	1-5kb
clu_130245	903	0.00501729222520107	<1kb
clu_130249	2892	0.0281797050938338	1-5kb
clu_13025	960	0.0224288203753351	<1kb
clu_130252	659	0.00484067024128686	<1kb
clu_13026	943	0.00129375335120643	<1kb
clu_130262	394	0.00440174262734584	<1kb
clu_130263	1288	0.00796621983914209	1-5kb
clu_130264	352	0.002041581769437	<1kb
clu_130271	3194	0.05258418230563	1-5kb
clu_130273	2006	0.0114439410187668	1-5kb
clu_130279	798	0.0111901072386059	<1kb
clu_13028	14376	0.00357646112600536	5-20kb
clu_130280	1823	0.00889131367292225	1-5kb
clu_130282	1251	0.00711530831099196	1-5kb
clu_130285	1274	0.0289959785522788	1-5kb
clu_13029	94346	0.0111375067024129	>50kb
clu_130291	17934	0.0148924128686327	5-20kb
clu_130296	6571	0.0348124664879357	5-20kb
clu_130297	891	0.0245186327077748	<1kb
clu_130299	14945	0.015536890080429	5-20kb
clu_130300	15015	0.0352695978552279	5-20kb
clu_13031	12290	0.0415495978552279	5-20kb
clu_130324	1308	0.12115672922252	1-5kb
clu_130343	4900	0.54498509383378	1-5kb
clu_130345	828	0.0449438337801609	<1kb
clu_130346	2362	0.0473703485254692	1-5kb
clu_130347	1290	0.0117739946380697	1-5kb
clu_130352	849	0.00980860589812332	<1kb
clu_130353	1354	0.00240638069705094	1-5kb
clu_130356	357	0.00364257372654155	<1kb
clu_130364	2433	0.186797211796247	1-5kb
clu_130365	292	0.0113469973190349	<1kb
clu_130366	1969	0.0286096246648794	1-5kb
clu_13038	659	0.0129474262734584	<1kb
clu_130390	4314	0.00362951742627346	1-5kb
clu_130405	409	0.0268886863270777	<1kb
clu_130406	429	0.0111301072386059	<1kb
clu_13041	1695	0.0608653887399464	1-5kb
clu_130410	430	0.049745308310992	<1kb
clu_13042	1648	0.0676777479892761	1-5kb
clu_130428	4054	0.0173516890080429	1-5kb
clu_130431	2267	0.291844879356568	1-5kb
clu_130437	3667	0.0245571313672922	1-5kb
clu_130438	2504	0.0615924396782842	1-5kb
clu_130440	1715	0.0554871045576407	1-5kb
clu_130441	14030	0.0127019571045576	5-20kb
clu_130442	1214	0.0100257104557641	1-5kb
clu_130449	55289	0.295035898123324	>50kb
clu_13047	309	0.0112238873994638	<1kb
clu_1306	458	0.0056657908847185	<1kb
clu_13060	11092	0.345371420911528	5-20kb
clu_13061	471	0.149406836461126	<1kb
clu_13066	12034	0.0608313672922252	5-20kb
clu_13071	7198	0.105408605898123	5-20kb
clu_13072	1110	0.0545183378016086	1-5kb
clu_13073	517	0.0194252278820375	<1kb
clu_13090	1286	0.0260260857908847	1-5kb
clu_13092	1923	0.00856348525469169	1-5kb
clu_13094	7868	0.0237750670241287	5-20kb
clu_13095	3155	0.067642600536193	1-5kb
clu_13096	1328	0.017247908847185	1-5kb
clu_13098	91	0.0981285522788204	<1kb
clu_13099	330	0.166307238605898	<1kb
clu_13100	271	0.0877227613941019	<1kb
clu_1314	6647	0.0454438605898123	5-20kb
clu_1315	19959	0.0343082305630027	5-20kb
clu_1316	4133	0.032668418230563	1-5kb
clu_1317	2444	0.0470082037533512	1-5kb
clu_1318	6800	0.0302286863270777	5-20kb
clu_1320	9307	0.0296972654155496	5-20kb
clu_1321	32512	0.058192091152815	20-50kb
clu_1324	272	0.158596943699732	<1kb
clu_1326	1141	0.220111206434316	1-5kb
clu_132635	771	0.00594849865951743	<1kb
clu_132636	21662	0.0136020375335121	20-50kb
clu_132641	817	0.000947131367292225	<1kb
clu_132654	944	0.0136534316353887	<1kb
clu_132655	982	0.0539094101876676	<1kb
clu_132656	702	0.0448670777479893	<1kb
clu_132661	867	0.00829785522788204	<1kb
clu_132662	4129	0.00435613941018767	1-5kb
clu_132664	54299	0.388135924932976	>50kb
clu_132667	6744	0.0119537533512064	5-20kb
clu_132668	34988	0.00357522788203753	20-50kb
clu_132680	381	0.00262506702412869	<1kb
clu_132681	121	0.00277742627345845	<1kb
clu_132688	1390	0.0414779624664879	1-5kb
clu_132691	951	0.0200587399463807	<1kb
clu_132697	1529	0.0053329490616622	1-5kb
clu_132698	2576	0.00579260053619303	1-5kb
clu_132700	1527	0.00705319034852547	1-5kb
clu_132705	407	0.0440720643431635	<1kb
clu_132707	357	0.122520965147453	<1kb
clu_132715	1753	0.0082871581769437	1-5kb
clu_132722	292	0.00216257372654155	<1kb
clu_132726	178	0.00237254691689008	<1kb
clu_132727	280	0.00288525469168901	<1kb
clu_132743	2348	0.0809619571045576	1-5kb
clu_132745	7255	0.13355144772118	5-20kb
clu_132750	86756	0.0311418766756032	>50kb
clu_132751	47976	0.0189184986595174	20-50kb
clu_132752	8020	0.00559769436997319	5-20kb
clu_132753	2968	0.392892520107239	1-5kb
clu_132755	110	0.00974536193029491	<1kb
clu_132757	3922	0.00728528150134048	1-5kb
clu_132759	363	0.0094841018766756	<1kb
clu_132761	306	0.0115609651474531	<1kb
clu_132763	5993	0.152579571045576	5-20kb
clu_132768	22648	0.0240613672922252	20-50kb
clu_132769	4021	0.010065764075067	1-5kb
clu_132770	9427	0.00831817694369973	5-20kb
clu_132775	176	0.00961860589812332	<1kb
clu_132776	92	0.00332667560321716	<1kb
clu_132789	2122	0.0783627882037534	1-5kb
clu_132800	405	0.0171597050938338	<1kb
clu_132814	5712	0.176793378016086	5-20kb
clu_132815	6033	0.0124949329758713	5-20kb
clu_132816	520	0.0207917426273458	<1kb
clu_132819	3508	0.343268471849866	1-5kb
clu_132833	600	0.00295163538873995	<1kb
clu_132834	2889	0.0797112332439678	1-5kb
clu_132835	716	0.00913217158176944	<1kb
clu_132837	10731	0.00463235924932976	5-20kb
clu_132838	2889	0.00772536193029491	1-5kb
clu_132852	296	0.0928896514745308	<1kb
clu_132856	10721	0.114397828418231	5-20kb
clu_132858	3221	0.00270699731903485	1-5kb
clu_132859	547	0.0113574530831099	<1kb
clu_132860	4757	0.00297965147453083	1-5kb
clu_132861	989	0.00411040214477212	<1kb
clu_132865	1661	0.00531957104557641	1-5kb
clu_132870	475	0.0271335656836461	<1kb
clu_132871	158	0.008486836461126	<1kb
clu_132873	904	0.026964235924933	<1kb
clu_132874	7007	0.00633581769436997	5-20kb
clu_132880	2020	0.0130380160857909	1-5kb
clu_132884	622	0.0197680428954424	<1kb
clu_132885	3441	0.09270418230563	1-5kb
clu_132886	1683	0.141775522788204	1-5kb
clu_132887	3165	0.955534021447721	1-5kb
clu_1329	314	0.0785250938337802	<1kb
clu_132904	1286	0.0537882305630027	1-5kb
clu_132906	808	0.0188581769436997	<1kb
clu_132911	4335	0.0195017158176944	1-5kb
clu_132915	1446	0.057892091152815	1-5kb
clu_132917	6308	0.0192990616621984	5-20kb
clu_132920	978	0.00902951742627346	<1kb
clu_132922	83	0.00320056300268097	<1kb
clu_132927	83	0.0333667560321716	<1kb
clu_132931	158	0.00943313672922252	<1kb
clu_132939	162	0.0100327077747989	<1kb
clu_132968	232	0.00464549597855228	<1kb
clu_132970	615	0.00755040214477212	<1kb
clu_132972	257	0.03385581769437	<1kb
clu_132974	2836	0.00609150134048257	1-5kb
clu_132989	2392	0.0792321179624665	1-5kb
clu_132990	580	0.428242520107239	<1kb
clu_132993	3969	0.00587672922252011	1-5kb
clu_132994	6288	0.0152556836461126	5-20kb
clu_132998	275	0.00769182305630027	<1kb
clu_1330	4724	0.0179206702412869	1-5kb
clu_133000	1307	0.0114083378016086	1-5kb
clu_133004	5264	0.0422622252010724	5-20kb
clu_133005	242	0.0016443163538874	<1kb
clu_133006	852	0.00523150134048257	<1kb
clu_133007	713	0.00250450402144772	<1kb
clu_133009	2228	0.0281473726541555	1-5kb
clu_133010	2993	0.0064669436997319	1-5kb
clu_133011	2474	0.0120990884718499	1-5kb
clu_133029	9914	0.0746754423592493	5-20kb
clu_133030	4341	0.0521271313672922	1-5kb
clu_133037	1758	0.0332791689008043	1-5kb
clu_133039	3255	0.0460198123324397	1-5kb
clu_133046	87	0.124529624664879	<1kb
clu_133053	365	0.19679345844504	<1kb
clu_133073	450	0.0625160321715818	<1kb
clu_133076	3271	0.00697790884718499	1-5kb
clu_133085	88	0.0051027345844504	<1kb
clu_133089	214	0.0211279892761394	<1kb
clu_133090	132	0.0113641554959786	<1kb
clu_133091	138	0.0144321179624665	<1kb
clu_133096	95	0.0386667560321716	<1kb
clu_133097	124	0.134741689008043	<1kb
clu_133098	318	0.0272775871313673	<1kb
clu_133126	328	0.0934691152815013	<1kb
clu_133129	331	0.00433152815013405	<1kb
clu_133132	138	0.0333011260053619	<1kb
clu_133134	155	0.708653806970509	<1kb
clu_133139	568	0.0016585254691689	<1kb
clu_133142	184	0.0262452278820375	<1kb
clu_133143	1829	0.0188120375335121	1-5kb
clu_133154	356	0.00607908847184987	<1kb
clu_133162	600	0.376586621983914	<1kb
clu_133163	916	0.348562010723861	<1kb
clu_133165	234	0.0318363538873995	<1kb
clu_133173	482	0.00378512064343164	<1kb
clu_133179	110	0.0434193297587131	<1kb
clu_133183	97	0.0482161126005362	<1kb
clu_133184	325	0.059001072386059	<1kb
clu_133186	624	0.0182085254691689	<1kb
clu_133191	98	0.0235140482573727	<1kb
clu_133192	1032	0.0143802144772118	1-5kb
clu_133193	149	0.00709742627345844	<1kb
clu_133199	2103	0.00103742627345845	1-5kb
clu_133200	2206	0.00308900804289544	1-5kb
clu_133239	611	0.00765364611260054	<1kb
clu_133240	14929	0.0407215549597855	5-20kb
clu_133241	3674	0.0631540482573727	1-5kb
clu_133242	715	0.172857533512064	<1kb
clu_133243	879	0.0144392761394102	<1kb
clu_133244	692	0.257369785522788	<1kb
clu_133246	174	0.0391806166219839	<1kb
clu_133249	612	0.0050402144772118	<1kb
clu_133264	10842	0.00537806970509383	5-20kb
clu_133267	659	0.0121304825737265	<1kb
clu_133273	39794	0.0166364343163539	20-50kb
clu_133309	5029	0.00354766756032172	5-20kb
clu_133310	799	0.00558836461126005	<1kb
clu_133311	1403	0.0285703217158177	1-5kb
clu_133319	593	0.00229276139410188	<1kb
clu_133321	78	0.00307182305630027	<1kb
clu_133323	81	0.0385734048257373	<1kb
clu_133324	651	0.00643849865951743	<1kb
clu_133336	2279	0.0295027345844504	1-5kb
clu_133344	294	0.128472171581769	<1kb
clu_133351	130	0.0801232707774799	<1kb
clu_133352	2876	0.0144727345844504	1-5kb
clu_133356	4488	0.0148953351206434	1-5kb
clu_133361	2043	0.0311149329758713	1-5kb
clu_133362	465	0.0144740214477212	<1kb
clu_133366	6980	0.0116182305630027	5-20kb
clu_133373	1245	0.199000643431635	1-5kb
clu_133384	706	0.00961597855227882	<1kb
clu_133393	8226	0.020587345844504	5-20kb
clu_133394	19431	0.00199375335120643	5-20kb
clu_133398	565	0.0273839946380697	<1kb
clu_133399	1260	0.0255582305630027	1-5kb
clu_1334	4593	0.00734340482573727	1-5kb
clu_133401	4010	0.0342853351206434	1-5kb
clu_133403	1365	0.000586461126005362	1-5kb
clu_133404	1491	0.00529134048257373	1-5kb
clu_133405	2780	0.0289378820375335	1-5kb
clu_133406	5026	0.0236501072386059	5-20kb
clu_133409	54524	0.0111112600536193	>50kb
clu_133415	188	0.127686970509383	<1kb
clu_133418	87	0.00678085790884719	<1kb
clu_133421	238	0.0917445308310992	<1kb
clu_133430	2766	0.00513152815013405	1-5kb
clu_133431	506	0.155144021447721	<1kb
clu_133436	83	0.00264032171581769	<1kb
clu_133443	85	0.00201466487935657	<1kb
clu_133444	338	0.00247394101876676	<1kb
clu_133448	2694	0.00403211796246649	1-5kb
clu_133449	1850	0.0123586863270777	1-5kb
clu_133450	1384	0.0399642627345844	1-5kb
clu_133453	2270	0.0134480965147453	1-5kb
clu_133483	11574	0.0138767292225201	5-20kb
clu_1335	3549	0.0491149597855228	1-5kb
clu_133510	6310	0.0527518766756032	5-20kb
clu_133518	10057	0.00568104557640751	5-20kb
clu_133520	815	0.0891461930294906	<1kb
clu_133521	4268	0.032728927613941	1-5kb
clu_133526	151	0.10453254691689	<1kb
clu_133530	1511	0.0778206434316354	1-5kb
clu_133541	15250	0.282102252010724	5-20kb
clu_133566	149	0.00374327077747989	<1kb
clu_133569	1801	0.00932249329758713	1-5kb
clu_133574	5443	0.10227764075067	5-20kb
clu_133576	171	0.00371058981233244	<1kb
clu_133577	3390	0.0111669973190349	1-5kb
clu_133578	203	0.00482302949061662	<1kb
clu_133582	171	0.00186603217158177	<1kb
clu_133585	443	0.135214986595174	<1kb
clu_133591	84	0.00492013404825737	<1kb
clu_133592	493	0.00431520107238606	<1kb
clu_133593	2919	0.00515171581769437	1-5kb
clu_133594	138	0.0371317962466488	<1kb
clu_133596	120	0.00696600536193029	<1kb
clu_133597	147	0.00507300268096515	<1kb
clu_133598	430	0.00376018766756032	<1kb
clu_133599	1355	0.0147388471849866	1-5kb
clu_133601	1205	0.00746731903485255	1-5kb
clu_133602	6010	0.29085855227882	5-20kb
clu_133626	993	0.039811018766756	<1kb
clu_133627	2097	0.019538927613941	1-5kb
clu_133628	742	0.0398058445040214	<1kb
clu_133629	1244	0.0113153351206434	1-5kb
clu_133630	601	0.0248924664879357	<1kb
clu_133631	3247	0.00638083109919571	1-5kb
clu_133632	2688	0.0639297319034852	1-5kb
clu_133633	23001	0.0720328418230563	20-50kb
clu_133637	3999	0.00194211796246649	1-5kb
clu_133641	1416	0.00156235924932976	1-5kb
clu_133656	18086	0.16121308310992	5-20kb
clu_133658	18461	0.00347134048257373	5-20kb
clu_133670	103	0.0623973726541555	<1kb
clu_133672	90	0.180990536193029	<1kb
clu_133676	11341	0.0898319302949062	5-20kb
clu_133677	4760	0.0082613672922252	1-5kb
clu_133680	7435	0.00524249329758713	5-20kb
clu_133683	58087	0.016715308310992	>50kb
clu_133688	4392	0.0571637533512064	1-5kb
clu_133690	2743	0.0999834048257373	1-5kb
clu_133697	4316	0.00475485254691689	1-5kb
clu_1337	1293	0.00769916890080429	1-5kb
clu_133704	6408	0.00403718498659517	5-20kb
clu_133705	20414	0.0294224396782842	20-50kb
clu_133706	3503	0.0343483646112601	1-5kb
clu_133715	1791	0.00778697050938338	1-5kb
clu_133717	3669	0.00489353887399464	1-5kb
clu_133726	10520	0.128964128686327	5-20kb
clu_133729	17063	0.0264357104557641	5-20kb
clu_133733	1568	0.00743833780160858	1-5kb
clu_133736	95993	0.0197354155495979	>50kb
clu_133738	1189	0.0152341286863271	1-5kb
clu_133748	3764	0.0140929490616622	1-5kb
clu_133749	62543	0.0537424664879357	>50kb
clu_133750	2841	0.0387274262734584	1-5kb
clu_133751	243	0.00667069705093834	<1kb
clu_133759	2367	0.0155795710455764	1-5kb
clu_133763	8346	0.0129132439678284	5-20kb
clu_133764	1608	0.00567605898123324	1-5kb
clu_133765	1574	0.134295656836461	1-5kb
clu_133780	688	0.00750214477211796	<1kb
clu_133782	370	0.0306395442359249	<1kb
clu_133783	543	0.502812654155496	<1kb
clu_133790	685	0.0354073726541555	<1kb
clu_133824	1859	0.0220750402144772	1-5kb
clu_133825	1861	0.278669758713137	1-5kb
clu_133826	259	0.0373206434316354	<1kb
clu_133827	1137	0.021866273458445	1-5kb
clu_133828	447	0.0309475871313673	<1kb
clu_133829	1973	0.306437747989276	1-5kb
clu_133830	675	0.00881718498659517	<1kb
clu_133831	2209	0.0230320375335121	1-5kb
clu_133832	4324	0.0842228686327078	1-5kb
clu_133842	4261	0.0244979624664879	1-5kb
clu_133849	910	0.0097683109919571	<1kb
clu_133850	11233	0.0842608847184987	5-20kb
clu_133872	9378	0.0141553351206434	5-20kb
clu_133874	2196	0.00679659517426273	1-5kb
clu_133875	771	0.0482634852546917	<1kb
clu_133876	1428	0.00825268096514745	1-5kb
clu_133878	10549	0.232557828418231	5-20kb
clu_133881	961	0.324552761394102	<1kb
clu_133884	3938	0.0150039142091153	1-5kb
clu_133886	1357	0.00774847184986595	1-5kb
clu_133887	989	0.00737890080428954	<1kb
clu_133889	3739	0.00987777479892761	1-5kb
clu_133890	20931	0.0676770509383378	20-50kb
clu_133910	370	0.0442409383378016	<1kb
clu_133952	92	0.00710487935656836	<1kb
clu_133958	6414	0.0603199195710456	5-20kb
clu_133959	922	0.121995710455764	<1kb
clu_133960	2483	0.00500906166219839	1-5kb
clu_133961	12345	0.00769536193029491	5-20kb
clu_133963	3435	0.00544319034852547	1-5kb
clu_133965	702	0.253175790884718	<1kb
clu_133966	5803	0.0445392225201072	5-20kb
clu_133971	448	0.0823680428954424	<1kb
clu_133973	400	0.344772305630027	<1kb
clu_133977	3290	0.115210160857909	1-5kb
clu_133987	5272	0.665845603217158	5-20kb
clu_133989	112	0.00683815013404826	<1kb
clu_133990	3408	0.00349152815013405	1-5kb
clu_133991	753	0.00490630026809651	<1kb
clu_133992	104	0.0256531903485255	<1kb
clu_133993	2872	0.0241716621983914	1-5kb
clu_134003	125	0.0844850670241287	<1kb
clu_134009	339	0.00582407506702413	<1kb
clu_134010	1601	0.125991849865952	1-5kb
clu_134014	879	0.00836152815013405	<1kb
clu_134043	292	0.003581581769437	<1kb
clu_134052	3074	0.000604396782841823	1-5kb
clu_134055	292	0.000653967828418231	<1kb
clu_134061	304	0.00696394101876676	<1kb
clu_134068	501	0.29532273458445	<1kb
clu_134091	1163	0.0205150402144772	1-5kb
clu_134092	586	0.250606112600536	<1kb
clu_134093	224	0.174855442359249	<1kb
clu_134100	1416	0.0128367024128686	1-5kb
clu_134105	821	0.00886324396782842	<1kb
clu_134107	690	0.00206541554959786	<1kb
clu_134117	1295	0.0973374262734584	1-5kb
clu_134118	1614	0.00477120643431635	1-5kb
clu_134124	287	0.037030509383378	<1kb
clu_134127	841	0.390801957104558	<1kb
clu_134143	289	0.0371591689008043	<1kb
clu_134145	4749	0.00656758713136729	1-5kb
clu_134147	3823	0.00116855227882038	1-5kb
clu_134149	433	0.00712882037533512	<1kb
clu_134152	4314	0.0246597587131367	1-5kb
clu_134155	5057	0.000965013404825737	5-20kb
clu_134166	627	0.0199449597855228	<1kb
clu_134170	1126	0.0350228686327078	1-5kb
clu_134171	196	0.0699598927613941	<1kb
clu_134175	783	0.12348726541555	<1kb
clu_134176	102	0.0111300268096515	<1kb
clu_134181	778	0.0234390616621984	<1kb
clu_134186	1065	0.0138382305630027	1-5kb
clu_134187	2345	0.00686790884718499	1-5kb
clu_134194	726	0.0259227613941019	<1kb
clu_134195	1234	0.0393065415549598	1-5kb
clu_134197	190	0.0522229490616622	<1kb
clu_134198	617	0.0396582573726542	<1kb
clu_134199	577	0.0254939946380697	<1kb
clu_134201	7473	0.285425737265416	5-20kb
clu_134229	154	0.0499993833780161	<1kb
clu_134230	510	0.00537544235924933	<1kb
clu_134231	2440	0.01155418230563	1-5kb
clu_134232	251	0.00439616621983914	<1kb
clu_134255	278	0.00251018766756032	<1kb
clu_134256	2608	0.0309479356568365	1-5kb
clu_134257	2529	0.0192486058981233	1-5kb
clu_134259	96	0.109820616621984	<1kb
clu_134262	89	0.0139272922252011	<1kb
clu_134263	16894	0.0102530831099196	5-20kb
clu_134272	198	0.0296589544235925	<1kb
clu_134273	289	0.0173123860589812	<1kb
clu_134276	1440	0.0560766487935657	1-5kb
clu_134279	137	0.0016388471849866	<1kb
clu_134285	326	0.00239493297587131	<1kb
clu_134315	18297	0.013981072386059	5-20kb
clu_134316	27926	0.0973440482573727	20-50kb
clu_134319	1733	0.00522337801608579	1-5kb
clu_134324	733	0.00576447721179625	<1kb
clu_134335	240	0.115248069705094	<1kb
clu_134337	430	0.0145577747989276	<1kb
clu_134339	936	0.0745601072386059	<1kb
clu_134371	494	0.0132867828418231	<1kb
clu_134373	1871	0.00503184986595174	1-5kb
clu_134377	133	0.0210113136729223	<1kb
clu_134378	89	0.0149340750670241	<1kb
clu_134379	924	0.0375770509383378	<1kb
clu_134380	4666	0.0074372654155496	1-5kb
clu_134382	242	0.0431847184986595	<1kb
clu_134391	6506	0.053353672922252	5-20kb
clu_134392	2173	0.0284930294906166	1-5kb
clu_134404	76153	0.13198509383378	>50kb
clu_134410	13045	0.0289191152815013	5-20kb
clu_134413	41899	0.0844345844504022	20-50kb
clu_134426	1285	0.0284512332439678	1-5kb
clu_134427	206	0.00307034852546917	<1kb
clu_134429	105	0.00534455764075067	<1kb
clu_134430	1874	0.0384320375335121	1-5kb
clu_134443	138	0.0217339946380697	<1kb
clu_134446	183	0.0367753887399464	<1kb
clu_134454	629	0.0136665951742627	<1kb
clu_134456	2789	0.0604581501340483	1-5kb
clu_134458	94	0.0242125201072386	<1kb
clu_134459	297	0.0111611796246649	<1kb
clu_134464	614	0.232195871313673	<1kb
clu_134470	3426	0.0125206970509383	1-5kb
clu_134474	3412	0.00571512064343163	1-5kb
clu_134475	9394	0.19268927613941	5-20kb
clu_134476	2265	0.00834689008042895	1-5kb
clu_134478	17782	0.0492319571045576	5-20kb
clu_134479	33289	0.0189999731903485	20-50kb
clu_134480	773	0.253397721179625	<1kb
clu_134483	842	0.0505360857908847	<1kb
clu_134496	1487	0.00360450402144772	1-5kb
clu_134497	777	0.0139759517426273	<1kb
clu_134500	1489	0.314232010723861	1-5kb
clu_134502	655	0.129267292225201	<1kb
clu_134510	1342	0.00431723860589812	1-5kb
clu_134512	7523	0.012624691689008	5-20kb
clu_134514	2560	0.0109255495978552	1-5kb
clu_134515	665	0.0189423056300268	<1kb
clu_134517	307	0.00466919571045576	<1kb
clu_134518	2062	0.0644542091152815	1-5kb
clu_134531	1040	0.0201594638069705	1-5kb
clu_134532	3897	0.00168997319034853	1-5kb
clu_134589	6804	0.0162263806970509	5-20kb
clu_134593	219	0.00588836461126005	<1kb
clu_134594	1749	0.00258426273458445	1-5kb
clu_134598	23101	0.0516628954423592	20-50kb
clu_134601	11508	0.0373293029490617	5-20kb
clu_134604	1285	0.117433378016086	1-5kb
clu_134605	623	0.0157023324396783	<1kb
clu_134607	10328	0.0525932439678284	5-20kb
clu_134608	1513	0.0418175871313673	1-5kb
clu_134610	390	0.0849093029490617	<1kb
clu_134613	2228	0.0972011528150134	1-5kb
clu_134614	3877	0.00322176943699732	1-5kb
clu_134615	7437	0.236957962466488	5-20kb
clu_134619	275	0.335028820375335	<1kb
clu_134624	321	0.0546541554959786	<1kb
clu_134625	4828	0.126158847184987	1-5kb
clu_134627	2875	0.0107936193029491	1-5kb
clu_134635	130	0.00508058981233244	<1kb
clu_134647	4685	0.0308431367292225	1-5kb
clu_134650	200	0.000479651474530831	<1kb
clu_134653	416	0.00321919571045576	<1kb
clu_134659	1355	0.00591300268096515	1-5kb
clu_134687	287	0.0124285254691689	<1kb
clu_134704	1421	0.0185053351206434	1-5kb
clu_134731	10613	0.00419260053619303	5-20kb
clu_134732	3163	0.0085060053619303	1-5kb
clu_134734	6417	0.0136794101876676	5-20kb
clu_134735	4039	0.040129490616622	1-5kb
clu_134739	6973	0.00410597855227882	5-20kb
clu_134743	9392	0.00773439678284182	5-20kb
clu_134745	3239	0.0255820643431635	1-5kb
clu_134746	210	0.124287506702413	<1kb
clu_134756	1079	0.00335386058981233	1-5kb
clu_134766	466	0.0358793297587131	<1kb
clu_134773	509	0.0124698391420912	<1kb
clu_134775	4895	0.00865434316353887	1-5kb
clu_134777	10153	0.0283208847184987	5-20kb
clu_134778	17041	0.0200758445040214	5-20kb
clu_134779	43776	0.0176331903485255	20-50kb
clu_134784	12688	0.00849764075067024	5-20kb
clu_134785	5781	0.0149232171581769	5-20kb
clu_134788	1695	0.0173102412868633	1-5kb
clu_134790	438	0.0293180160857909	<1kb
clu_134810	1252	0.022835764075067	1-5kb
clu_134813	2268	0.0454743431635389	1-5kb
clu_134814	500	0.0210670777479893	<1kb
clu_134821	1478	0.00950839142091153	1-5kb
clu_134854	1648	0.011069490616622	1-5kb
clu_134857	78	0.00325514745308311	<1kb
clu_134868	151	0.312062305630027	<1kb
clu_134870	185	0.00206238605898123	<1kb
clu_134880	1257	0.00780356568364611	1-5kb
clu_134890	3689	0.0130681501340483	1-5kb
clu_134902	5854	0.0127311260053619	5-20kb
clu_134911	222	0.0307239946380697	<1kb
clu_134913	315	0.00980772117962466	<1kb
clu_134917	1167	0.0208717694369973	1-5kb
clu_134918	8831	0.00470166219839142	5-20kb
clu_134919	4808	0.180475710455764	1-5kb
clu_134948	2582	0.0252590348525469	1-5kb
clu_134949	35198	0.00866793565683646	20-50kb
clu_134984	8242	0.0156423056300268	5-20kb
clu_134989	4636	0.0193404289544236	1-5kb
clu_134999	5658	0.0076371581769437	5-20kb
clu_135005	940	0.0182639410187668	<1kb
clu_135011	980	0.0136980965147453	<1kb
clu_135013	8013	0.0130327613941019	5-20kb
clu_135014	6138	0.00531077747989276	5-20kb
clu_135020	709	0.253349624664879	<1kb
clu_135049	520	0.0315625201072386	<1kb
clu_135053	1600	0.0388998123324397	1-5kb
clu_135055	2769	0.0183665951742627	1-5kb
clu_135058	399	0.0188949597855228	<1kb
clu_135060	2988	0.00682541554959786	1-5kb
clu_135061	257	0.0903002680965147	<1kb
clu_135064	2411	0.0293135656836461	1-5kb
clu_135065	5282	0.338335469168901	5-20kb
clu_135071	895	0.0499692761394102	<1kb
clu_135078	7150	0.343943485254692	5-20kb
clu_135095	617	0.00442806970509383	<1kb
clu_135097	1706	0.162646595174263	1-5kb
clu_135099	3037	0.0237689008042895	1-5kb
clu_135100	2669	0.345995227882038	1-5kb
clu_135101	1825	0.416930750670241	1-5kb
clu_135103	98	0.0135820643431635	<1kb
clu_135107	565	0.00528426273458445	<1kb
clu_135112	3668	0.0388668096514745	1-5kb
clu_135131	87381	0.052014691689008	>50kb
clu_135132	11513	0.19803273458445	5-20kb
clu_135135	53093	0.0303721179624665	>50kb
clu_135156	618	0.0583039678284182	<1kb
clu_135159	128	0.0064356836461126	<1kb
clu_135160	259	0.0014688471849866	<1kb
clu_135161	787	0.00416163538873995	<1kb
clu_135163	5159	0.00246297587131367	5-20kb
clu_135180	2017	0.000551662198391421	1-5kb
clu_135182	110	0.000990777479892761	<1kb
clu_135183	6350	0.000278793565683646	5-20kb
clu_135185	262	0.0372925469168901	<1kb
clu_135190	151	0.0204314745308311	<1kb
clu_135198	6679	0.00159600536193029	5-20kb
clu_135221	171	0.00318402144772118	<1kb
clu_135222	341	0.00875729222520107	<1kb
clu_135225	2053	0.00675378016085791	1-5kb
clu_135229	76	0.0106835388739946	<1kb
clu_135231	170	0.00651504021447721	<1kb
clu_135238	1617	0.00809573726541555	1-5kb
clu_135244	104	0.0147665683646113	<1kb
clu_135245	2920	0.00421815013404826	1-5kb
clu_135246	177	0.00860182305630027	<1kb
clu_135248	1431	0.00696951742627346	1-5kb
clu_135260	254	0.0421183646112601	<1kb
clu_135261	99	0.0288666219839142	<1kb
clu_135262	2385	0.0118380428954424	1-5kb
clu_135266	448	0.165390563002681	<1kb
clu_135269	80	0.0316734584450402	<1kb
clu_135276	1139	0.128010053619303	1-5kb
clu_135283	2543	0.0312331367292225	1-5kb
clu_135292	271	0.0157172922252011	<1kb
clu_135298	341	0.00990450402144772	<1kb
clu_135299	208	0.00312292225201072	<1kb
clu_1353	3502	0.0124869436997319	1-5kb
clu_135301	5093	0.00424975871313673	5-20kb
clu_135305	7001	0.00491080428954424	5-20kb
clu_135307	244	0.00606839142091153	<1kb
clu_135308	2071	0.0536636461126005	1-5kb
clu_135309	833	0.00779967828418231	<1kb
clu_135313	38573	0.0325156836461126	20-50kb
clu_135314	27670	0.0231566487935657	20-50kb
clu_135319	732	0.274197828418231	<1kb
clu_135331	804	0.0083112600536193	<1kb
clu_135335	96	0.00297753351206434	<1kb
clu_135347	195	0.0743753887399464	<1kb
clu_135350	358	0.00680319034852547	<1kb
clu_135353	13443	0.046872654155496	5-20kb
clu_135366	1299	0.0113081233243968	1-5kb
clu_135367	1838	0.00291520107238606	1-5kb
clu_135370	995	0.0980672117962467	<1kb
clu_135379	3644	0.00789962466487936	1-5kb
clu_135381	1260	0.00989967828418231	1-5kb
clu_135384	172	0.0536996782841823	<1kb
clu_135385	128	0.0303680160857909	<1kb
clu_135389	6970	0.00582699731903485	5-20kb
clu_135426	4020	0.0443827345844504	1-5kb
clu_135427	3513	0.0134652278820375	1-5kb
clu_135431	497	0.0545055227882038	<1kb
clu_135432	849	0.0366016890080429	<1kb
clu_135433	672	0.0077344235924933	<1kb
clu_135437	978	0.00413150134048257	<1kb
clu_135450	1097	0.200301286863271	1-5kb
clu_135488	1059	0.116419329758713	1-5kb
clu_1355	1354	0.0121102680965147	1-5kb
clu_135503	663	0.0228417426273458	<1kb
clu_135524	101	0.0275764343163539	<1kb
clu_135529	1526	0.0675720107238606	1-5kb
clu_135530	211	0.00386648793565684	<1kb
clu_135531	4431	0.00919924932975871	1-5kb
clu_135532	3341	0.00924466487935657	1-5kb
clu_135533	3475	0.00525332439678284	1-5kb
clu_135534	4795	0.0356987131367292	1-5kb
clu_135547	1026	0.0876441018766756	1-5kb
clu_135550	113	0.372084075067024	<1kb
clu_135551	6088	0.00788506702412869	5-20kb
clu_135552	1482	0.00204592493297587	1-5kb
clu_135553	7011	0.0164721715817694	5-20kb
clu_135555	933	0.548130884718499	<1kb
clu_135571	101	0.012641072386059	<1kb
clu_135572	598	0.0244667560321716	<1kb
clu_135574	1359	0.00424646112600536	1-5kb
clu_135577	227	0.00352943699731904	<1kb
clu_135579	655	0.0128825201072386	<1kb
clu_135583	1159	0.0299364075067024	1-5kb
clu_135584	737	0.0256210991957105	<1kb
clu_135589	189	0.0181547721179625	<1kb
clu_135599	2916	0.049574235924933	1-5kb
clu_135601	75	0.0115678016085791	<1kb
clu_135609	364	0.00115445040214477	<1kb
clu_135616	588	0.00437941018766756	<1kb
clu_135619	531	0.00556056300268096	<1kb
clu_135620	101	0.00162088471849866	<1kb
clu_135621	91	0.00267721179624665	<1kb
clu_135635	25825	0.910163324396783	20-50kb
clu_135636	5475	0.0504439946380697	5-20kb
clu_135640	8343	0.0645717426273458	5-20kb
clu_135642	5613	0.127060589812332	5-20kb
clu_135643	5336	0.0851852278820375	5-20kb
clu_135645	2949	0.0640221983914209	1-5kb
clu_135647	2835	0.00521217158176944	1-5kb
clu_135648	1776	0.0355001072386059	1-5kb
clu_135649	2184	0.029851018766756	1-5kb
clu_135657	5661	0.00402597855227882	5-20kb
clu_135666	2480	0.115830589812332	1-5kb
clu_135667	1720	0.0574319302949062	1-5kb
clu_135668	3629	0.0264706166219839	1-5kb
clu_135670	866	0.0344015013404826	<1kb
clu_135675	9711	0.0141864611260054	5-20kb
clu_135678	20515	0.00720396782841823	20-50kb
clu_1364	4296	0.088747345844504	1-5kb
clu_1366	2252	0.0697252815013405	1-5kb
clu_1370	1486	0.254738337801609	1-5kb
clu_1380	1087	0.0445323056300268	1-5kb
clu_138045	99	0.00336678284182306	<1kb
clu_138050	5575	0.00716922252010724	5-20kb
clu_138055	75	0.0041771581769437	<1kb
clu_138057	4084	0.0165604825737265	1-5kb
clu_138058	1400	0.00435707774798928	1-5kb
clu_138059	886	0.00448088471849866	<1kb
clu_138060	2939	0.00492664879356568	1-5kb
clu_138061	3593	0.00310699731903485	1-5kb
clu_138062	2395	0.00489638069705094	1-5kb
clu_138064	3361	0.00891619302949062	1-5kb
clu_138065	6210	0.0107492493297587	5-20kb
clu_138066	6006	0.0762026809651475	5-20kb
clu_138068	5421	0.00379359249329759	5-20kb
clu_138069	3247	0.0111708042895442	1-5kb
clu_138105	14984	0.0516738873994638	5-20kb
clu_138116	1847	0.0200060321715818	1-5kb
clu_138121	32211	0.122226648793566	20-50kb
clu_138123	3881	0.00649356568364611	1-5kb
clu_138124	22619	0.010014235924933	20-50kb
clu_138125	36208	0.0539376407506702	20-50kb
clu_138129	3555	0.00267345844504021	1-5kb
clu_138136	17474	0.0192335924932976	5-20kb
clu_138138	5265	0.0386024396782842	5-20kb
clu_138153	10695	0.0123625469168901	5-20kb
clu_138160	2147	0.00259080428954424	1-5kb
clu_138163	109	0.00882823056300268	<1kb
clu_138164	2026	0.0224916621983914	1-5kb
clu_138170	3622	0.00841375335120643	1-5kb
clu_138172	7781	0.0119445308310992	5-20kb
clu_138173	7500	0.0191812868632708	5-20kb
clu_138175	1049	0.00320069705093834	1-5kb
clu_138176	6873	0.0333501072386059	5-20kb
clu_138179	6524	0.0654507774798928	5-20kb
clu_138180	1542	0.0207545576407507	1-5kb
clu_138181	1809	0.0451063002680965	1-5kb
clu_138190	723	0.00728383378016086	<1kb
clu_138192	1395	0.117506702412869	1-5kb
clu_138193	424	0.0990578016085791	<1kb
clu_138194	6988	0.0231623324396783	5-20kb
clu_138197	1714	0.00933107238605898	1-5kb
clu_138198	2529	0.00588369973190348	1-5kb
clu_138199	3567	0.0108034316353887	1-5kb
clu_138201	5794	0.051844235924933	5-20kb
clu_138221	23959	0.0499986595174263	20-50kb
clu_138225	11688	0.0100366756032172	5-20kb
clu_138228	3681	0.0076701072386059	1-5kb
clu_138243	9483	0.0224313404825737	5-20kb
clu_138244	6234	0.00759077747989276	5-20kb
clu_138246	4230	0.0314348793565684	1-5kb
clu_138247	4633	0.00296678284182306	1-5kb
clu_138250	15714	0.00111201072386059	5-20kb
clu_138251	3290	0.0385041554959786	1-5kb
clu_138253	1122	0.0216497319034853	1-5kb
clu_138254	1321	0.0380597855227882	1-5kb
clu_138255	6576	0.015579490616622	5-20kb
clu_138256	2466	0.0149198123324397	1-5kb
clu_138260	1029	0.00295310991957105	1-5kb
clu_138261	336	0.00450973190348525	<1kb
clu_138262	96	0.00819032171581769	<1kb
clu_138263	89	0.00223461126005362	<1kb
clu_138264	1012	0.0181942091152815	1-5kb
clu_138275	26208	0.0708344504021448	20-50kb
clu_138327	5287	0.0774107238605898	5-20kb
clu_138332	4821	0.0144592493297587	1-5kb
clu_138334	31472	0.00705560321715818	20-50kb
clu_138335	1973	0.0662343967828418	1-5kb
clu_138351	37893	0.0202019839142091	20-50kb
clu_138354	21697	0.099918927613941	20-50kb
clu_138356	32050	0.0359314477211796	20-50kb
clu_138380	2288	0.0933536997319035	1-5kb
clu_138381	1159	0.00108903485254692	1-5kb
clu_1384	8369	0.120873941018767	5-20kb
clu_138411	1968	0.073708981233244	1-5kb
clu_138415	72697	0.238713431635389	>50kb
clu_138416	8826	0.0266186595174263	5-20kb
clu_138418	1988	0.0288658981233244	1-5kb
clu_138421	2433	0.0372483378016086	1-5kb
clu_138422	2840	0.0120064075067024	1-5kb
clu_138426	2158	0.122020348525469	1-5kb
clu_138437	8440	0.0222587131367292	5-20kb
clu_138442	10021	0.0155593297587131	5-20kb
clu_138445	41254	0.0337332975871314	20-50kb
clu_138456	17355	0.0302320375335121	5-20kb
clu_138459	5071	0.00490469168900804	5-20kb
clu_138460	3734	0.00298050938337802	1-5kb
clu_138461	13609	0.00257367292225201	5-20kb
clu_138475	3069	0.0737070509383378	1-5kb
clu_138485	708	0.015363726541555	<1kb
clu_138515	55531	0.173395335120643	>50kb
clu_138531	647	0.00693536193029491	<1kb
clu_138534	9534	0.0283422252010724	5-20kb
clu_138535	5456	0.0410802949061662	5-20kb
clu_138536	1409	0.0131249061662198	1-5kb
clu_138538	1479	0.0918072922252011	1-5kb
clu_138547	2811	0.0345264611260054	1-5kb
clu_138548	3267	0.0480206702412869	1-5kb
clu_138549	906	0.0785018498659517	<1kb
clu_138550	4421	0.0151631367292225	1-5kb
clu_138553	2797	0.0320104825737265	1-5kb
clu_1386	1393	0.273633002680965	1-5kb
clu_138612	10145	0.0166688471849866	5-20kb
clu_138613	732	0.04517581769437	<1kb
clu_138614	820	0.0409979892761394	<1kb
clu_138615	6535	0.0292644235924933	5-20kb
clu_138620	5288	0.18298726541555	5-20kb
clu_138621	2354	0.0309863002680965	1-5kb
clu_138625	9477	0.0194327882037534	5-20kb
clu_138626	3002	0.00303825737265416	1-5kb
clu_138627	966	0.000232707774798928	<1kb
clu_138628	2411	0.00523613941018767	1-5kb
clu_138636	12336	0.186380375335121	5-20kb
clu_138637	7787	0.030883672922252	5-20kb
clu_138639	1848	0.0528517426273458	1-5kb
clu_138640	2119	0.0104066487935657	1-5kb
clu_138643	203	0.137218069705094	<1kb
clu_138644	4906	0.0612473726541555	1-5kb
clu_138645	6553	0.0111699195710456	5-20kb
clu_138647	1562	0.0181729758713137	1-5kb
clu_138648	3713	0.0307855227882038	1-5kb
clu_138654	2227	0.00856817694369973	1-5kb
clu_138656	1816	0.098905764075067	1-5kb
clu_138693	2860	0.00517702412868633	1-5kb
clu_138695	5600	0.0820394101876676	5-20kb
clu_138696	1324	0.010796890080429	1-5kb
clu_138698	1740	0.0282450134048257	1-5kb
clu_138715	98	0.0201695978552279	<1kb
clu_138719	1434	0.0195583914209115	1-5kb
clu_138734	967	0.0635147989276139	<1kb
clu_138749	9049	0.198348391420912	5-20kb
clu_138763	22257	0.0570680160857909	20-50kb
clu_138765	6949	0.0687194638069705	5-20kb
clu_138775	206	0.0442074798927614	<1kb
clu_138780	549	0.0155373190348525	<1kb
clu_138781	6083	0.0203765951742627	5-20kb
clu_138787	7285	0.00480970509383378	5-20kb
clu_138797	619	0.0108144504021448	<1kb
clu_139300	19422	0.0772245576407507	5-20kb
clu_139304	3721	0.112749034852547	1-5kb
clu_139321	1084	0.0709846112600536	1-5kb
clu_139322	914	0.0725050938337802	<1kb
clu_139323	2540	0.0225611260053619	1-5kb
clu_139324	2565	0.02069	1-5kb
clu_139326	436	0.0396501072386059	<1kb
clu_139328	8201	0.0211971313672922	5-20kb
clu_139338	5049	0.0300836997319035	5-20kb
clu_139345	779	0.0217363806970509	<1kb
clu_139355	3417	0.0840689008042895	1-5kb
clu_139392	18461	0.0754006702412869	5-20kb
clu_139417	12403	0.0462193833780161	5-20kb
clu_139426	37864	0.0728080697050938	20-50kb
clu_139459	713	0.0107319839142091	<1kb
clu_139461	5925	0.0136023056300268	5-20kb
clu_139466	1302	0.291049892761394	1-5kb
clu_139472	2323	0.0724709919571046	1-5kb
clu_139476	2811	0.0785141286863271	1-5kb
clu_139480	13147	0.04374	5-20kb
clu_139489	296	0.0241285522788204	<1kb
clu_139491	11154	0.0120850938337802	5-20kb
clu_139498	48078	0.055773726541555	20-50kb
clu_1395	7216	0.249321126005362	5-20kb
clu_139500	39770	0.342471849865952	20-50kb
clu_139501	68306	0.0377628150134048	>50kb
clu_139502	86466	0.031108981233244	>50kb
clu_139503	82302	0.118252439678284	>50kb
clu_139505	1048	0.162767747989276	1-5kb
clu_139507	1891	0.00348785522788204	1-5kb
clu_139510	3730	0.0124075067024129	1-5kb
clu_139512	8867	0.0791117158176944	5-20kb
clu_139522	3766	0.00543981233243968	1-5kb
clu_139523	626	0.19271563002681	<1kb
clu_139524	1052	0.0111181233243968	1-5kb
clu_139526	4998	0.0313765415549598	1-5kb
clu_139527	24818	0.00469246648793566	20-50kb
clu_139530	5148	0.0410353351206434	5-20kb
clu_139536	7798	0.427079463806971	5-20kb
clu_139543	4671	0.0272397587131367	1-5kb
clu_139544	3380	0.0260360053619303	1-5kb
clu_139546	3381	0.00507801608579088	1-5kb
clu_139547	3734	0.0175754423592493	1-5kb
clu_139548	3212	0.00526745308310992	1-5kb
clu_139549	16182	0.134826943699732	5-20kb
clu_139551	19689	0.0449202412868633	5-20kb
clu_139563	11612	0.0336108310991957	5-20kb
clu_139564	4304	0.00941101876675603	1-5kb
clu_139566	7318	0.0616542895442359	5-20kb
clu_139568	928	0.0145289008042895	<1kb
clu_139569	972	0.0127169705093834	<1kb
clu_139580	12712	0.0234099731903485	5-20kb
clu_139581	10782	0.100720643431635	5-20kb
clu_139582	1703	0.423183190348525	1-5kb
clu_1396	1048	0.00995911528150134	1-5kb
clu_139602	2472	0.00530292225201072	1-5kb
clu_139603	703	0.00174576407506702	<1kb
clu_139604	20333	0.0549133780160858	20-50kb
clu_139605	9340	0.0810987935656836	5-20kb
clu_139606	2923	0.0206947721179625	1-5kb
clu_139653	614	0.00741198391420912	<1kb
clu_139654	7497	0.025588927613941	5-20kb
clu_139656	7138	0.0179967292225201	5-20kb
clu_139657	90	0.0145558713136729	<1kb
clu_139658	1714	0.00407798927613941	1-5kb
clu_139659	6644	0.0120590616621984	5-20kb
clu_139660	2895	0.0102770241286863	1-5kb
clu_139665	656	0.0608299731903485	<1kb
clu_139666	3608	0.00867182305630027	1-5kb
clu_139691	287	0.0510659785522788	<1kb
clu_139700	2852	0.146827801608579	1-5kb
clu_139702	950	0.00606195710455764	<1kb
clu_139706	2610	0.008241581769437	1-5kb
clu_139710	1518	0.00527659517426273	1-5kb
clu_139712	1398	0.0206706434316354	1-5kb
clu_139714	10959	0.00766790884718499	5-20kb
clu_139721	5493	0.0368483378016086	5-20kb
clu_139722	2129	0.0677943431635389	1-5kb
clu_139730	667	0.026292600536193	<1kb
clu_139742	1402	0.0264770241286863	1-5kb
clu_139745	5649	0.00429445040214477	5-20kb
clu_139757	2699	0.0850490884718499	1-5kb
clu_139758	6886	0.0138895710455764	5-20kb
clu_139760	26331	0.0273702412868633	20-50kb
clu_139762	4191	0.0190048793565684	1-5kb
clu_139764	1634	0.109155147453083	1-5kb
clu_139767	25956	0.00742839142091153	20-50kb
clu_139779	44758	0.00776563002680965	20-50kb
clu_139783	45247	0.00359477211796247	20-50kb
clu_139784	11834	0.0329445040214477	5-20kb
clu_139785	38609	0.10781	20-50kb
clu_139787	1939	0.00490509383378016	1-5kb
clu_139812	7830	0.239968981233244	5-20kb
clu_139827	1136	0.00712324396782842	1-5kb
clu_139828	378	0.00123911528150134	<1kb
clu_139830	396	0.00801190348525469	<1kb
clu_139832	2678	0.0356982305630027	1-5kb
clu_139835	169	0.00185823056300268	<1kb
clu_139845	22707	0.0467057104557641	20-50kb
clu_139870	1899	0.0468688739946381	1-5kb
clu_139872	468	0.0119733780160858	<1kb
clu_139875	1705	0.00617554959785523	1-5kb
clu_139880	382	0.00626254691689008	<1kb
clu_1399	1654	0.0429180697050938	1-5kb
clu_139906	5833	0.106090268096515	5-20kb
clu_139907	10844	0.0327908310991957	5-20kb
clu_139910	40589	0.188832922252011	20-50kb
clu_139911	16946	0.0322672117962466	5-20kb
clu_139916	3965	0.0116886863270777	1-5kb
clu_139917	1217	0.0022145308310992	1-5kb
clu_139924	1784	0.00342890080428954	1-5kb
clu_139934	25458	0.00689485254691689	20-50kb
clu_139938	29313	0.245074477211796	20-50kb
clu_139939	36867	0.0427070241286863	20-50kb
clu_139940	3441	0.00223482573726542	1-5kb
clu_139941	5526	0.00368485254691689	5-20kb
clu_139943	2332	0.033684691689008	1-5kb
clu_139944	1988	0.00932809651474531	1-5kb
clu_139945	3605	0.0053712600536193	1-5kb
clu_139949	1814	0.067084745308311	1-5kb
clu_139951	3181	0.0138769168900804	1-5kb
clu_139952	3529	0.0379208042895442	1-5kb
clu_139953	2373	0.0218870777479893	1-5kb
clu_139961	5732	0.0216077211796247	5-20kb
clu_139962	50688	0.0153830831099196	>50kb
clu_139963	961	0.00720214477211796	<1kb
clu_139964	1113	0.00602798927613941	1-5kb
clu_139965	2940	0.0289158445040214	1-5kb
clu_139966	3904	0.00808563002680965	1-5kb
clu_139971	5786	0.0236312064343164	5-20kb
clu_139975	4727	0.0184134316353887	1-5kb
clu_139977	4318	0.0223460857908847	1-5kb
clu_139981	520	0.0265700268096515	<1kb
clu_139982	730	0.0299016085790885	<1kb
clu_139984	7607	0.0454554423592493	5-20kb
clu_139987	2568	0.105338337801609	1-5kb
clu_139998	64421	0.0555680697050938	>50kb
clu_14	168	0.50678053619303	<1kb
clu_1400	81	0.0114419839142091	<1kb
clu_140010	2404	0.00286418230563003	1-5kb
clu_140014	871	0.0304612332439678	<1kb
clu_140016	47469	0.416453833780161	20-50kb
clu_140022	49029	0.0174988471849866	20-50kb
clu_140023	38825	0.0229134584450402	20-50kb
clu_140031	23928	0.0740576407506702	20-50kb
clu_140032	7261	0.102840938337802	5-20kb
clu_140033	3741	0.0386009115281501	1-5kb
clu_140502	672	0.0165994638069705	<1kb
clu_140514	1778	0.0597312868632708	1-5kb
clu_140532	3202	0.433166246648794	1-5kb
clu_140533	27349	0.0291417962466488	20-50kb
clu_140534	4083	0.0151230831099196	1-5kb
clu_140537	1301	0.00386276139410188	1-5kb
clu_140538	3786	0.00279182305630027	1-5kb
clu_140539	487	0.00574466487935657	<1kb
clu_140549	138	0.0276009115281501	<1kb
clu_140564	85	0.0300718230563003	<1kb
clu_140565	86	0.0247880697050938	<1kb
clu_140570	2696	0.0105908579088472	1-5kb
clu_140571	81	0.0446941286863271	<1kb
clu_140574	4404	0.0109939946380697	1-5kb
clu_140576	83	0.00171289544235925	<1kb
clu_140579	84	0.00287630026809651	<1kb
clu_140582	76	0.0221315013404826	<1kb
clu_140583	884	0.0168375603217158	<1kb
clu_140591	11213	0.027206836461126	5-20kb
clu_140592	608	0.0368805361930295	<1kb
clu_140593	3281	0.0326745844504021	1-5kb
clu_140601	423	0.111992761394102	<1kb
clu_140604	103	0.00328951742627346	<1kb
clu_140606	375	0.0401397587131367	<1kb
clu_140607	1352	0.0155761126005362	1-5kb
clu_140611	1671	0.373792654155496	1-5kb
clu_140612	3358	0.0262343163538874	1-5kb
clu_140615	3481	0.0211834048257373	1-5kb
clu_140616	2046	0.0226296246648794	1-5kb
clu_140627	2667	0.00632908847184987	1-5kb
clu_140631	8345	0.0192886863270777	5-20kb
clu_140645	433	0.0955492761394102	<1kb
clu_140647	1216	0.0144753887399464	1-5kb
clu_140648	5306	0.0278372117962466	5-20kb
clu_140649	2760	0.0609831903485255	1-5kb
clu_140650	2189	0.019103109919571	1-5kb
clu_140658	251	0.00040970509383378	<1kb
clu_140659	2721	0.00696812332439678	1-5kb
clu_140661	615	0.0134185254691689	<1kb
clu_140673	4130	0.00725340482573727	1-5kb
clu_140674	5224	0.0133694101876676	5-20kb
clu_140676	434	0.0310522788203753	<1kb
clu_140677	1859	0.00576710455764075	1-5kb
clu_140705	1355	0.00561300268096515	1-5kb
clu_140706	4911	0.00297091152815013	1-5kb
clu_140707	1187	0.00505380697050938	1-5kb
clu_140718	2809	0.0223729758713137	1-5kb
clu_140721	568	0.00553050938337802	<1kb
clu_140724	321	0.0142660053619303	<1kb
clu_140725	1022	0.0188732707774799	1-5kb
clu_140731	582	0.0157792493297587	<1kb
clu_140733	266	0.00271466487935657	<1kb
clu_140751	10686	0.00308565683646113	5-20kb
clu_140771	1805	0.00841954423592493	1-5kb
clu_140774	809	0.00409766756032172	<1kb
clu_140784	528	0.00228624664879357	<1kb
clu_140785	4489	0.0160939946380697	1-5kb
clu_140786	1552	0.00622276139410188	1-5kb
clu_140787	101	0.0316532439678284	<1kb
clu_140789	8705	0.0294114477211796	5-20kb
clu_140794	1867	0.0329661662198391	1-5kb
clu_140804	18183	0.00239742627345844	5-20kb
clu_140806	1139	0.00375876675603217	1-5kb
clu_140811	6224	0.00397056300268097	5-20kb
clu_140812	23340	0.0110968632707775	20-50kb
clu_140815	433	0.0133464611260054	<1kb
clu_140829	426	0.0196508310991957	<1kb
clu_140838	75	0.052093109919571	<1kb
clu_140850	221	0.00428691689008043	<1kb
clu_140861	1224	0.00635954423592493	1-5kb
clu_140863	1457	0.00507758713136729	1-5kb
clu_140867	429	0.00643646112600536	<1kb
clu_140870	106	0.00223820375335121	<1kb
clu_140871	885	0.0346150134048257	<1kb
clu_140872	867	0.00969656836461126	<1kb
clu_140897	9906	0.0746058445040215	5-20kb
clu_140906	2588	0.00271951742627346	1-5kb
clu_140911	95	0.00532731903485255	<1kb
clu_140912	96	0.030431072386059	<1kb
clu_140941	443	0.00441075067024129	<1kb
clu_140942	1496	0.00446048257372654	1-5kb
clu_140958	163	0.000771233243967828	<1kb
clu_140961	1368	0.00916769436997319	1-5kb
clu_140962	444	0.0225252815013405	<1kb
clu_140963	942	0.010018981233244	<1kb
clu_140980	1315	0.015510563002681	1-5kb
clu_140998	102	0.00786302949061662	<1kb
clu_141013	3249	0.108312627345845	1-5kb
clu_141015	356	0.0119501876675603	<1kb
clu_141016	238	0.0582758713136729	<1kb
clu_141017	3702	0.0203051474530831	1-5kb
clu_141026	2236	0.00272630026809651	1-5kb
clu_141027	8913	0.000420268096514745	5-20kb
clu_141031	519	0.0100186595174263	<1kb
clu_141032	585	0.00364916890080429	<1kb
clu_141033	1205	0.0814183109919571	1-5kb
clu_141047	3033	0.0433695710455764	1-5kb
clu_141049	331	0.326765844504021	<1kb
clu_141055	197	0.00729058981233244	<1kb
clu_141057	1892	0.0708312332439678	1-5kb
clu_141058	109	0.0111459785522788	<1kb
clu_141059	205	0.00273396782841823	<1kb
clu_141069	86	0.00787428954423593	<1kb
clu_141081	2507	0.0123476943699732	1-5kb
clu_141083	176	0.0233464343163539	<1kb
clu_141085	2956	0.0380543967828418	1-5kb
clu_141089	2911	0.0405735656836461	1-5kb
clu_141091	69	0.00526142091152815	<1kb
clu_141097	807	0.00468184986595174	<1kb
clu_141103	1302	0.00662769436997319	1-5kb
clu_141105	575	0.00738182305630027	<1kb
clu_141106	432	0.0126922252010724	<1kb
clu_141107	500	0.00614654155495979	<1kb
clu_141110	5047	0.0396925201072386	5-20kb
clu_141111	4545	0.0119023592493298	1-5kb
clu_141114	2286	0.00150965147453083	1-5kb
clu_141119	3211	0.0367518766756032	1-5kb
clu_141120	6010	0.322917024128686	5-20kb
clu_141121	33028	0.0641059249329759	20-50kb
clu_141122	957	0.0156382037533512	<1kb
clu_141123	1582	0.00481630026809651	1-5kb
clu_141138	605	0.00049230563002681	<1kb
clu_141145	3093	0.0240973190348525	1-5kb
clu_141146	1427	0.00532710455764075	1-5kb
clu_141150	1317	0.0102368096514745	1-5kb
clu_141164	192	0.000770107238605898	<1kb
clu_141165	1370	0.00579938337801609	1-5kb
clu_141166	798	0.00588109919571046	<1kb
clu_141179	4444	0.53464308310992	1-5kb
clu_141180	16896	0.0763133780160858	5-20kb
clu_141195	21907	0.0842463806970509	20-50kb
clu_141196	701	0.0418592225201072	<1kb
clu_141198	13950	0.0778052815013405	5-20kb
clu_1412	3230	0.110147345844504	1-5kb
clu_141209	12617	0.22316091152815	5-20kb
clu_141213	82	0.0446229758713137	<1kb
clu_141214	277	0.01430581769437	<1kb
clu_141215	83	0.0179397587131367	<1kb
clu_141239	83	0.00702155495978552	<1kb
clu_141240	1604	0.0279494638069705	1-5kb
clu_141241	88	0.000178739946380697	<1kb
clu_141242	83	0.00195217158176944	<1kb
clu_141244	138	0.0392362466487936	<1kb
clu_141245	118	0.00269991957104558	<1kb
clu_141252	1058	0.00528699731903485	1-5kb
clu_141260	224	0.284353431635389	<1kb
clu_141263	3026	0.309892680965147	1-5kb
clu_141267	844	0.145907935656836	<1kb
clu_141268	3072	0.0130533512064343	1-5kb
clu_141270	3344	0.000235630026809651	1-5kb
clu_141271	4870	0.0211292225201072	1-5kb
clu_141272	85	0.0262121983914209	<1kb
clu_141277	2676	0.564098096514745	1-5kb
clu_141282	615	0.0433903217158177	<1kb
clu_141291	1695	0.00906428954423593	1-5kb
clu_141300	217	0.00426474530831099	<1kb
clu_141303	2542	0.0157717694369973	1-5kb
clu_141304	87	0.0125519034852547	<1kb
clu_141321	82	0.0126578284182306	<1kb
clu_141323	5291	0.00521613941018767	5-20kb
clu_141330	97	0.00215983914209115	<1kb
clu_141332	269	0.0020145308310992	<1kb
clu_141335	32813	0.0201178016085791	20-50kb
clu_141337	97	0.00342997319034853	<1kb
clu_141339	84	0.00170774798927614	<1kb
clu_141342	4179	0.0512217694369973	1-5kb
clu_141344	218	0.0162665415549598	<1kb
clu_141345	85	0.0402679624664879	<1kb
clu_141349	5772	0.282826836461126	5-20kb
clu_141350	1515	0.0987474262734584	1-5kb
clu_141372	4415	0.0199048793565684	1-5kb
clu_141374	2607	0.014413163538874	1-5kb
clu_141377	3676	0.114568981233244	1-5kb
clu_141378	401	0.0893918498659517	<1kb
clu_141379	1190	0.0824989008042895	1-5kb
clu_141380	2718	0.0123997050938338	1-5kb
clu_141382	313	0.00111560321715818	<1kb
clu_141416	1984	0.00805941018766756	1-5kb
clu_141420	538	0.495710991957105	<1kb
clu_141421	263	0.00935077747989276	<1kb
clu_141422	95	0.00302469168900804	<1kb
clu_141433	669	0.00534131367292225	<1kb
clu_141434	1615	0.00465764075067024	1-5kb
clu_141439	12976	0.365346595174263	5-20kb
clu_141440	4365	0.00487571045576408	1-5kb
clu_141441	1544	0.00321683646112601	1-5kb
clu_141444	343	0.112657828418231	<1kb
clu_141447	96	0.0108010991957105	<1kb
clu_141452	1697	0.0138121983914209	1-5kb
clu_141459	4212	0.00327766756032172	1-5kb
clu_141460	1007	0.0324938605898123	1-5kb
clu_141462	3674	0.0588091420911528	1-5kb
clu_141467	2646	0.0146480428954424	1-5kb
clu_141468	3337	0.0981652815013405	1-5kb
clu_141469	6940	0.00490761394101877	5-20kb
clu_141470	4592	0.0172022252010724	1-5kb
clu_141474	1089	0.0509375871313673	1-5kb
clu_141475	271	0.00309184986595174	<1kb
clu_141476	1315	0.0128383914209115	1-5kb
clu_141503	6076	0.00296316353887399	5-20kb
clu_141507	1190	0.0147452278820375	1-5kb
clu_141508	3646	0.32257836461126	1-5kb
clu_141527	470	0.0356785522788204	<1kb
clu_141532	179	0.00406131367292225	<1kb
clu_141536	912	0.00532230563002681	<1kb
clu_141540	12983	0.0360929758713137	5-20kb
clu_141541	1371	0.00791163538873995	1-5kb
clu_141551	1170	0.0576555764075067	1-5kb
clu_141562	5965	0.0461827345844504	5-20kb
clu_141564	654	0.0143639946380697	<1kb
clu_141567	1266	0.0120130563002681	1-5kb
clu_141575	723	0.0600312332439678	<1kb
clu_141576	959	0.106247935656836	<1kb
clu_141578	1323	0.0181046648793566	1-5kb
clu_141579	110	0.00256372654155496	<1kb
clu_141582	1114	0.0212893833780161	1-5kb
clu_141584	943	0.00684718498659517	<1kb
clu_141585	394	0.0121908042895442	<1kb
clu_141587	31975	0.0422761930294906	20-50kb
clu_141588	3026	0.0127850402144772	1-5kb
clu_141604	982	0.00482394101876676	<1kb
clu_141608	1522	0.349376595174263	1-5kb
clu_141613	2395	0.00618528150134048	1-5kb
clu_141614	287	0.0169560053619303	<1kb
clu_141624	394	0.0241519034852547	<1kb
clu_141633	26103	0.0616444772117963	20-50kb
clu_141634	12464	0.733039785522788	5-20kb
clu_141643	11252	0.0823683914209115	5-20kb
clu_141648	17896	0.377344691689008	5-20kb
clu_141650	14956	0.226945764075067	5-20kb
clu_141651	1109	0.475105549597855	1-5kb
clu_141655	504	0.00546364611260054	<1kb
clu_141656	2664	0.0289603753351206	1-5kb
clu_141664	804	0.368183806970509	<1kb
clu_141667	533	0.317226514745308	<1kb
clu_141670	16903	0.754961233243968	5-20kb
clu_141674	44691	0.0759668096514745	20-50kb
clu_141678	12260	0.237952171581769	5-20kb
clu_141679	12562	0.30576855227882	5-20kb
clu_141680	481	0.129856166219839	<1kb
clu_141697	3160	0.00592008042895442	1-5kb
clu_141700	2355	0.0084229490616622	1-5kb
clu_141703	21848	0.00637289544235925	20-50kb
clu_141708	1772	0.192999678284182	1-5kb
clu_141713	8708	0.157872171581769	5-20kb
clu_141716	1521	0.0175650402144772	1-5kb
clu_141719	2359	0.0380222788203753	1-5kb
clu_141720	3788	0.0330594101876676	1-5kb
clu_141742	2875	0.358730160857909	1-5kb
clu_141743	84	0.0511524128686327	<1kb
clu_141755	1153	0.0674649061662198	1-5kb
clu_141756	3405	0.0389952278820375	1-5kb
clu_141775	132	0.0319036997319035	<1kb
clu_141776	5626	0.0089657908847185	5-20kb
clu_141784	956	0.00202855227882038	<1kb
clu_141785	2549	0.00922689008042895	1-5kb
clu_141789	1201	0.0301004289544236	1-5kb
clu_141790	1545	0.00308222520107239	1-5kb
clu_141807	8632	0.192206407506702	5-20kb
clu_141811	1701	0.0222300268096515	1-5kb
clu_141815	83	0.00514756032171582	<1kb
clu_141816	2501	0.0139799195710456	1-5kb
clu_141834	8285	0.00376538873994638	5-20kb
clu_141839	7556	0.0140990080428954	5-20kb
clu_141847	2449	0.00210080428954424	1-5kb
clu_141848	204	0.0646924932975871	<1kb
clu_141850	430	0.00160085790884719	<1kb
clu_141859	837	0.0174160857908847	<1kb
clu_141860	982	0.0272711260053619	<1kb
clu_141863	1737	0.00976477211796247	1-5kb
clu_141864	93	0.00705817694369973	<1kb
clu_141865	206	0.00267378016085791	<1kb
clu_141868	253	0.0132016353887399	<1kb
clu_141869	2273	0.0109929222520107	1-5kb
clu_141871	1530	0.00489209115281501	1-5kb
clu_141872	2784	0.00411729222520107	1-5kb
clu_141876	3221	0.000113914209115282	1-5kb
clu_141884	172	0.017792091152815	<1kb
clu_141894	602	0.0275397050938338	<1kb
clu_141904	319	0.00431	<1kb
clu_141909	2497	0.0103675067024129	1-5kb
clu_141919	108	0.112472305630027	<1kb
clu_141926	635	0.84132908847185	<1kb
clu_141961	3631	0.0352124128686327	1-5kb
clu_141966	1492	0.0222001340482574	1-5kb
clu_141967	79	0.0175877211796247	<1kb
clu_141968	1138	0.00547903485254692	1-5kb
clu_141979	3732	0.0138886327077748	1-5kb
clu_141989	6839	0.00320088471849866	5-20kb
clu_142001	268	0.0694925201072386	<1kb
clu_142010	12269	0.0343280428954424	5-20kb
clu_142012	1867	0.0976889544235925	1-5kb
clu_142024	1030	0.0883024128686327	1-5kb
clu_142027	7444	0.137430214477212	5-20kb
clu_142030	3493	0.342553914209115	1-5kb
clu_142045	10411	0.0162408042895442	5-20kb
clu_142046	10129	0.00565364611260054	5-20kb
clu_142048	1888	0.0144193565683646	1-5kb
clu_142054	6320	0.066512654155496	5-20kb
clu_142059	5933	0.163352895442359	5-20kb
clu_142064	1024	0.000776809651474531	1-5kb
clu_142067	1673	0.00214093833780161	1-5kb
clu_142107	104	0.000257077747989276	<1kb
clu_142116	969	0.000746514745308311	<1kb
clu_142136	2622	0.0560821983914209	1-5kb
clu_142148	814	0.00688184986595174	<1kb
clu_142156	169	0.0319691152815013	<1kb
clu_142161	89	0.0039156836461126	<1kb
clu_142163	441	0.0059016890080429	<1kb
clu_142165	85	0.0048272654155496	<1kb
clu_142166	379	0.0107390348525469	<1kb
clu_142167	321	0.00203008042895442	<1kb
clu_142177	504	0.00423286863270777	<1kb
clu_142183	83	0.00216474530831099	<1kb
clu_142190	5661	0.0242064879356568	5-20kb
clu_142191	487	0.231787774798928	<1kb
clu_142192	328	0.0477607238605898	<1kb
clu_142217	145	0.157193351206434	<1kb
clu_142219	523	0.0111346648793566	<1kb
clu_142220	249	0.00271002680965147	<1kb
clu_142222	1414	0.0106414745308311	1-5kb
clu_142236	2442	0.00486823056300268	1-5kb
clu_142237	582	0.136369839142091	<1kb
clu_142238	203	0.0292036461126005	<1kb
clu_142240	3621	0.0157622788203753	1-5kb
clu_142243	5850	0.00139777479892761	5-20kb
clu_142248	2589	0.0147643699731903	1-5kb
clu_142249	80	0.00171402144772118	<1kb
clu_142275	1414	0.000496702412868633	1-5kb
clu_142278	2124	0.0195446380697051	1-5kb
clu_142280	258	0.0165498927613941	<1kb
clu_142285	15129	0.502791554959786	5-20kb
clu_142286	12143	0.67858091152815	5-20kb
clu_142287	1710	0.0212583378016086	1-5kb
clu_142289	344	0.00458083109919571	<1kb
clu_142293	245	0.001668418230563	<1kb
clu_142298	176	0.0103717962466488	<1kb
clu_1423	605	0.0335496246648794	<1kb
clu_142301	832	0.0126671313672922	<1kb
clu_142302	3299	0.00233099195710456	1-5kb
clu_142303	240	0.00915386058981233	<1kb
clu_142304	299	0.0176983914209115	<1kb
clu_142305	250	0.00357418230563003	<1kb
clu_142307	498	0.00115096514745308	<1kb
clu_142317	12193	0.0179912064343164	5-20kb
clu_142321	441	0.00460785522788204	<1kb
clu_142323	92	0.00527922252010724	<1kb
clu_142340	2435	0.181991608579088	1-5kb
clu_142369	143	0.390056648793566	<1kb
clu_142390	164	0.0295212064343164	<1kb
clu_142412	5222	0.0948461930294906	5-20kb
clu_142419	5170	0.0246848257372654	5-20kb
clu_142426	5746	0.0753535120643432	5-20kb
clu_142436	4885	0.0106903753351206	1-5kb
clu_142452	4851	0.00602820375335121	1-5kb
clu_142454	586	0.00348624664879357	<1kb
clu_142462	1719	0.0142197319034853	1-5kb
clu_142463	103	0.00419018766756032	<1kb
clu_142474	7757	0.00914246648793566	5-20kb
clu_142475	859	0.006121581769437	<1kb
clu_142478	1494	0.0122176943699732	1-5kb
clu_142481	1369	0.0645811260053619	1-5kb
clu_142484	585	0.00194632707774799	<1kb
clu_142485	365	0.340651260053619	<1kb
clu_142488	10077	0.0150360857908847	5-20kb
clu_142489	224	0.0149699731903485	<1kb
clu_142490	715	0.00477857908847185	<1kb
clu_142492	1062	0.00571302949061662	1-5kb
clu_142493	98	0.145864262734584	<1kb
clu_142499	3923	0.0130128150134048	1-5kb
clu_142501	1758	0.00729930294906166	1-5kb
clu_142513	897	0.0141955764075067	<1kb
clu_142525	504	0.0465677747989276	<1kb
clu_142527	126	0.219457801608579	<1kb
clu_142530	2828	0.0325579892761394	1-5kb
clu_142531	2897	0.0059570509383378	1-5kb
clu_142543	3057	0.0113303217158177	1-5kb
clu_142550	6530	0.00903522788203753	5-20kb
clu_142553	6836	0.0149402949061662	5-20kb
clu_142556	151	0.00720796246648794	<1kb
clu_142570	14604	0.0176835120643432	5-20kb
clu_142571	6293	0.0103	5-20kb
clu_142572	5418	0.0536307238605898	5-20kb
clu_142579	419	0.0385934584450402	<1kb
clu_142587	3401	0.235897667560322	1-5kb
clu_142589	2515	0.00849206434316354	1-5kb
clu_142590	2405	0.019369436997319	1-5kb
clu_142593	539	0.585407399463807	<1kb
clu_142606	3146	0.00291533512064343	1-5kb
clu_142611	190	0.0154361662198391	<1kb
clu_142614	10377	0.0515521715817694	5-20kb
clu_142637	102	0.00951321715817694	<1kb
clu_142659	3253	0.14910528150134	1-5kb
clu_142662	4476	0.0113990348525469	1-5kb
clu_142663	617	0.0519184986595174	<1kb
clu_142669	3162	0.0236916890080429	1-5kb
clu_142694	670	0.00036171581769437	<1kb
clu_142713	583	0.012522600536193	<1kb
clu_142716	975	0.0116979624664879	<1kb
clu_142722	309	0.000312734584450402	<1kb
clu_142739	318	0.0035041018766756	<1kb
clu_142740	219	0.0011812600536193	<1kb
clu_142745	1435	0.00380085790884718	1-5kb
clu_142758	14556	0.00601088471849866	5-20kb
clu_142767	807	0.00315099195710456	<1kb
clu_142771	78	0.00549678284182306	<1kb
clu_142777	1706	0.0871566219839142	1-5kb
clu_142778	865	0.00855809651474531	<1kb
clu_142779	2717	0.0072526273458445	1-5kb
clu_142781	574	0.00344520107238606	<1kb
clu_142782	89	0.00712678284182306	<1kb
clu_142783	396	0.0941448525469169	<1kb
clu_142810	311	0.0155450402144772	<1kb
clu_142815	220	0.00494252010723861	<1kb
clu_142817	3759	0.0331569168900804	1-5kb
clu_142820	569	0.00634332439678284	<1kb
clu_142849	1270	0.0959243163538874	1-5kb
clu_142852	1171	0.0168274262734584	1-5kb
clu_142870	8800	0.0753372922252011	5-20kb
clu_142898	13668	0.00172916890080429	5-20kb
clu_142917	4164	0.0432469973190348	1-5kb
clu_142933	4825	0.213741018766756	1-5kb
clu_142938	858	0.273881072386059	<1kb
clu_142940	5011	0.0557404557640751	5-20kb
clu_142955	1871	0.0129317158176944	1-5kb
clu_142964	935	0.013073726541555	<1kb
clu_142990	13167	0.0565258981233244	5-20kb
clu_142996	255	0.0811273726541555	<1kb
clu_142997	619	0.0756315549597855	<1kb
clu_142998	79	0.0107060053619303	<1kb
clu_143009	319	0.0448782037533512	<1kb
clu_143025	479	0.00229367292225201	<1kb
clu_143027	309	0.0451788203753351	<1kb
clu_143041	2196	0.163220268096515	1-5kb
clu_143064	1836	0.0478422788203753	1-5kb
clu_143067	2215	0.0171376675603217	1-5kb
clu_143071	1236	9.72386058981233e-05	1-5kb
clu_143079	778	0.0372286863270778	<1kb
clu_143081	98	0.00679321715817694	<1kb
clu_143084	4056	0.0326910991957105	1-5kb
clu_143085	1312	0.0415496514745308	1-5kb
clu_143088	3091	0.269921742627346	1-5kb
clu_143091	164	0.00986903485254692	<1kb
clu_143104	11285	0.124835147453083	5-20kb
clu_143116	259	0.0653833780160858	<1kb
clu_143121	7791	0.0843782037533512	5-20kb
clu_143126	3078	0.091677908847185	1-5kb
clu_143147	2824	0.0116876943699732	1-5kb
clu_143148	1279	0.586033780160858	1-5kb
clu_143158	1279	0.126316675603217	1-5kb
clu_143159	651	0.127173190348525	<1kb
clu_143160	567	0.137946058981233	<1kb
clu_143166	3017	0.12171654155496	1-5kb
clu_143168	2379	0.205802841823056	1-5kb
clu_143170	2081	0.0448269705093834	1-5kb
clu_143172	2342	0.0199819034852547	1-5kb
clu_143182	1486	0.040156890080429	1-5kb
clu_143184	823	0.0321318766756032	<1kb
clu_143187	30388	0.0187328418230563	20-50kb
clu_143191	5949	0.0180197855227882	5-20kb
clu_143192	3048	0.0829732171581769	1-5kb
clu_143197	173	0.00308766756032172	<1kb
clu_143214	127	0.0022954691689008	<1kb
clu_143216	85	0.00316150134048257	<1kb
clu_1435	246	0.117646863270777	<1kb
clu_1445	370	0.428653351206434	<1kb
clu_1446	77	0.0999764343163539	<1kb
clu_145583	2919	0.0359337533512064	1-5kb
clu_145588	6410	0.0759286595174263	5-20kb
clu_145589	1540	0.0532177479892761	1-5kb
clu_145596	638	0.142587721179625	<1kb
clu_145599	289	0.00398238605898123	<1kb
clu_145603	468	0.00525150134048257	<1kb
clu_145606	486	0.041778418230563	<1kb
clu_145608	394	0.00742107238605898	<1kb
clu_145609	703	0.0219074262734584	<1kb
clu_145612	377	0.0245886058981233	<1kb
clu_145613	10162	0.0133105898123324	5-20kb
clu_145618	329	0.0198719839142091	<1kb
clu_145623	429	0.0252376943699732	<1kb
clu_145624	10956	0.157946032171582	5-20kb
clu_145626	200	0.0115059249329759	<1kb
clu_145631	762	0.00594091152815013	<1kb
clu_145632	1180	0.000670911528150134	1-5kb
clu_145633	124	0.000737104557640751	<1kb
clu_145634	74	0.0329337533512064	<1kb
clu_145646	302	0.00646640750670241	<1kb
clu_145665	3515	0.0292219302949062	1-5kb
clu_145686	2553	0.00797530831099196	1-5kb
clu_145689	357	0.0371907506702413	<1kb
clu_145690	13949	0.0064972654155496	5-20kb
clu_145692	305	0.0760863002680965	<1kb
clu_145708	377	0.0487426273458445	<1kb
clu_145709	110	0.018376327077748	<1kb
clu_145712	206	0.0382608042895442	<1kb
clu_145713	2053	0.0952828418230563	1-5kb
clu_145715	2233	0.0143458445040214	1-5kb
clu_145720	2197	0.00244707774798928	1-5kb
clu_145722	17833	0.0547583109919571	5-20kb
clu_145723	277	0.000410777479892761	<1kb
clu_145725	6495	0.00885268096514745	5-20kb
clu_145727	665	0.00196485254691689	<1kb
clu_145728	346	0.00469361930294906	<1kb
clu_145733	1888	0.00545750670241287	1-5kb
clu_145734	950	0.0231904021447721	<1kb
clu_145745	4190	0.0199483378016086	1-5kb
clu_145749	595	0.00618	<1kb
clu_145750	124	0.00221702412868633	<1kb
clu_145751	1302	0.00201474530831099	1-5kb
clu_145755	12129	0.0080786327077748	5-20kb
clu_145757	5460	0.0119215013404826	5-20kb
clu_145761	3562	0.00175034852546917	1-5kb
clu_145763	1282	0.00739983914209115	1-5kb
clu_145783	79	0.0198098123324397	<1kb
clu_145784	1469	0.00407482573726542	1-5kb
clu_145796	1528	0.0281510991957105	1-5kb
clu_145814	303	0.0706366219839142	<1kb
clu_145819	787	0.0306639142091153	<1kb
clu_145852	1829	0.0172969436997319	1-5kb
clu_145859	257	0.0644595710455764	<1kb
clu_145860	87	0.00610134048257373	<1kb
clu_145864	4607	0.00637820375335121	1-5kb
clu_145872	86	0.00926962466487936	<1kb
clu_145873	116	0.00462951742627346	<1kb
clu_145874	629	0.00863581769436997	<1kb
clu_145879	665	0.00371879356568365	<1kb
clu_145881	638	0.102376863270777	<1kb
clu_145883	816	0.00361482573726542	<1kb
clu_145885	1155	0.0218286863270777	1-5kb
clu_145886	1995	0.0124074798927614	1-5kb
clu_145887	1749	0.00878903485254692	1-5kb
clu_145912	2824	0.0185833780160858	1-5kb
clu_145913	254	0.0987983646112601	<1kb
clu_145927	1339	0.00345651474530831	1-5kb
clu_145928	301	0.0181561930294906	<1kb
clu_145930	543	0.02326	<1kb
clu_145931	909	0.0506812868632708	<1kb
clu_145932	2604	0.0641835120643432	1-5kb
clu_145935	696	0.0153525469168901	<1kb
clu_145944	206	0.0279063002680965	<1kb
clu_145951	329	0.0111016085790885	<1kb
clu_145952	6614	0.0162634852546917	5-20kb
clu_145953	140	0.00872206434316354	<1kb
clu_145957	16082	0.0103348257372654	5-20kb
clu_145966	1802	0.0185793833780161	1-5kb
clu_145972	4292	0.0292745844504021	1-5kb
clu_145976	87	0.00257056300268097	<1kb
clu_145979	81	0.00895257372654155	<1kb
clu_145980	1460	0.00625369973190349	1-5kb
clu_145990	651	0.000360348525469169	<1kb
clu_145999	1991	0.00877576407506702	1-5kb
clu_146000	234	0.00419246648793566	<1kb
clu_146002	1702	0.0746111260053619	1-5kb
clu_146005	2280	0.0201822252010724	1-5kb
clu_146006	85	0.0387690884718499	<1kb
clu_146007	919	0.00570900804289544	<1kb
clu_146008	106	0.00888898123324397	<1kb
clu_146009	94	0.00805123324396783	<1kb
clu_146015	3697	0.0254392761394102	1-5kb
clu_146018	2401	0.0125865147453083	1-5kb
clu_146068	1314	0.0171821983914209	1-5kb
clu_146074	190	0.279638579088472	<1kb
clu_146097	3203	0.060536273458445	1-5kb
clu_146102	2442	0.0175836997319035	1-5kb
clu_146119	1434	0.0049769436997319	1-5kb
clu_146126	160	0.00106018766756032	<1kb
clu_146127	884	0.0144088471849866	<1kb
clu_146136	1438	0.00990812332439678	1-5kb
clu_146137	826	0.0291801072386059	<1kb
clu_146138	5934	0.0106893297587131	5-20kb
clu_146141	4211	0.0114532707774799	1-5kb
clu_146177	1877	0.0152274530831099	1-5kb
clu_146193	696	0.590840482573727	<1kb
clu_146195	1357	0.0777190080428954	1-5kb
clu_146197	6209	0.315417667560322	5-20kb
clu_146202	2085	0.0357150670241287	1-5kb
clu_146205	765	0.116017238605898	<1kb
clu_146206	562	0.0387234852546917	<1kb
clu_146219	826	0.0154124664879357	<1kb
clu_146221	2684	0.0855296782841823	1-5kb
clu_146226	2665	0.0123672117962466	1-5kb
clu_146232	6827	0.044336836461126	5-20kb
clu_146299	73	0.00826139410187668	<1kb
clu_146300	1043	0.0880203485254692	1-5kb
clu_146302	1479	0.0266465415549598	1-5kb
clu_146303	131	0.00332903485254692	<1kb
clu_146305	515	0.0022002144772118	<1kb
clu_146309	452	0.00788514745308311	<1kb
clu_146310	838	0.0120443431635389	<1kb
clu_146311	131	0.0101457104557641	<1kb
clu_146333	283	0.0049544235924933	<1kb
clu_146334	590	0.0118137533512064	<1kb
clu_146335	429	0.0219863002680965	<1kb
clu_146337	2208	0.0448139410187668	1-5kb
clu_146338	122	0.0164633780160858	<1kb
clu_146339	1956	0.0178250938337802	1-5kb
clu_146340	9795	0.0399865147453083	5-20kb
clu_146343	7174	0.00380123324396783	5-20kb
clu_146346	2373	0.00760056300268097	1-5kb
clu_146348	1119	0.00482139410187668	1-5kb
clu_146368	528	0.00385155495978552	<1kb
clu_146377	14110	0.0847832439678284	5-20kb
clu_146378	965	0.0250301876675603	<1kb
clu_146418	9861	0.0352716085790885	5-20kb
clu_146420	2105	0.0230487399463807	1-5kb
clu_146437	180	0.0225371581769437	<1kb
clu_146451	7148	0.122623806970509	5-20kb
clu_146453	5007	0.00403876675603217	5-20kb
clu_146465	1158	0.0619568096514745	1-5kb
clu_146468	1514	0.107421957104558	1-5kb
clu_146476	909	0.115802305630027	<1kb
clu_146480	1252	0.0459346112600536	1-5kb
clu_146481	10768	0.0325566756032172	5-20kb
clu_146489	22633	0.0221111796246649	20-50kb
clu_146495	1361	0.396907560321716	1-5kb
clu_146499	2749	0.0423678016085791	1-5kb
clu_146506	510	0.0010614745308311	<1kb
clu_146508	2060	0.0137583378016086	1-5kb
clu_146509	238	0.059716890080429	<1kb
clu_146516	76	0.010097345844504	<1kb
clu_146521	427	0.0723233243967828	<1kb
clu_146523	3289	0.019001072386059	1-5kb
clu_146527	403	0.0980775335120643	<1kb
clu_146528	2891	0.0146990080428954	1-5kb
clu_146530	81	0.128905898123324	<1kb
clu_146542	99	0.0386478284182306	<1kb
clu_146552	339	0.0251541554959786	<1kb
clu_146554	183	0.00998482573726542	<1kb
clu_146555	96	0.001628418230563	<1kb
clu_146558	77	0.0114678284182306	<1kb
clu_146563	88	0.0570501340482574	<1kb
clu_146567	1967	0.00314932975871314	1-5kb
clu_146569	78	0.0700177747989276	<1kb
clu_146570	228	0.0214195442359249	<1kb
clu_146576	3633	0.00514412868632708	1-5kb
clu_146604	9929	0.05031418230563	5-20kb
clu_146605	1360	0.0606487935656836	1-5kb
clu_146609	95	0.00289182305630027	<1kb
clu_146610	91	0.00405573726541555	<1kb
clu_146612	4413	0.00801520107238606	1-5kb
clu_146613	390	0.00136659517426273	<1kb
clu_146638	654	0.107480857908847	<1kb
clu_146639	333	0.00371	<1kb
clu_146644	1092	0.0164329222520107	1-5kb
clu_146647	4955	0.00535356568364611	1-5kb
clu_146652	657	0.0301331367292225	<1kb
clu_146657	178	0.00248865951742627	<1kb
clu_146661	1150	0.0151512064343164	1-5kb
clu_146678	1353	0.150794530831099	1-5kb
clu_146679	3772	0.0368070777479893	1-5kb
clu_146683	1823	0.177123485254692	1-5kb
clu_146685	1446	0.138073565683646	1-5kb
clu_146694	94	0.00227651474530831	<1kb
clu_146695	253	0.0247978016085791	<1kb
clu_146697	493	0.0101090080428954	<1kb
clu_146698	1547	0.0781993833780161	1-5kb
clu_146715	23144	0.198396514745308	20-50kb
clu_146718	3214	0.0121582573726542	1-5kb
clu_146721	770	0.00484514745308311	<1kb
clu_146731	268	0.0076101072386059	<1kb
clu_146732	98	0.0063398927613941	<1kb
clu_146739	11134	0.0414629222520107	5-20kb
clu_146747	5269	0.00790163538873995	5-20kb
clu_146751	2648	0.00998	1-5kb
clu_146794	853	0.00309959785522788	<1kb
clu_146828	720	0.0269490348525469	<1kb
clu_146829	1641	0.0215332171581769	1-5kb
clu_146830	1077	0.017647908847185	1-5kb
clu_146834	1086	0.205224798927614	1-5kb
clu_146837	280	0.464018632707775	<1kb
clu_146838	2531	0.0187474798927614	1-5kb
clu_146840	2149	0.0435733243967828	1-5kb
clu_146841	1188	0.00796951742627346	1-5kb
clu_146859	2742	0.0141381233243968	1-5kb
clu_146865	204	0.0130243163538874	<1kb
clu_146872	49038	0.00535699731903485	20-50kb
clu_146875	934	0.00129739946380697	<1kb
clu_146896	1347	0.00274619302949062	1-5kb
clu_146905	625	0.232906219839142	<1kb
clu_146906	657	0.0370707506702413	<1kb
clu_146907	6332	0.0759501340482574	5-20kb
clu_146908	2493	0.0769539678284182	1-5kb
clu_146909	8766	0.020099436997319	5-20kb
clu_146916	170	0.0184182305630027	<1kb
clu_146917	160	0.0035571581769437	<1kb
clu_146928	959	0.00730029490616622	<1kb
clu_146929	275	0.0211019302949062	<1kb
clu_146930	2001	0.0437566219839142	1-5kb
clu_146935	524	0.469107372654155	<1kb
clu_146936	28458	0.0576916621983914	20-50kb
clu_146939	3265	0.0166479892761394	1-5kb
clu_146940	88	0.00238857908847185	<1kb
clu_146941	201	0.00560308310991957	<1kb
clu_146944	103	0.00918353887399464	<1kb
clu_146948	114	0.0185461930294906	<1kb
clu_146949	398	0.234332573726542	<1kb
clu_146950	76	0.00453924932975871	<1kb
clu_146953	120	0.0224048525469169	<1kb
clu_146955	2192	0.0066701072386059	1-5kb
clu_146956	106	0.0450458445040214	<1kb
clu_146957	3283	0.0572264611260054	1-5kb
clu_146963	815	0.0175812064343164	<1kb
clu_146967	15728	0.0479799731903485	5-20kb
clu_146969	14966	0.0722708847184987	5-20kb
clu_146975	1138	0.0353612064343164	1-5kb
clu_146976	235	0.0262754155495979	<1kb
clu_146979	14506	0.124247747989276	5-20kb
clu_146984	16027	0.0698967560321716	5-20kb
clu_146993	805	0.0798232707774799	<1kb
clu_146997	20560	0.0937097855227882	20-50kb
clu_147000	7407	0.0852328150134048	5-20kb
clu_147015	6701	0.137108713136729	5-20kb
clu_147018	1325	0.0220753619302949	1-5kb
clu_147020	1964	0.00601525469168901	1-5kb
clu_147021	1979	0.0891582841823056	1-5kb
clu_147029	2706	0.0536659785522788	1-5kb
clu_147030	2647	0.0241667292225201	1-5kb
clu_147032	1879	0.0351203753351206	1-5kb
clu_147036	5369	0.0357728686327078	5-20kb
clu_147060	3268	0.214950965147453	1-5kb
clu_147090	1100	0.0713316621983914	1-5kb
clu_147098	83	0.0895353887399464	<1kb
clu_1471	1374	0.012413726541555	1-5kb
clu_147100	1005	0.0225633780160858	1-5kb
clu_147103	204	0.100608284182306	<1kb
clu_147110	5489	0.124938230563003	5-20kb
clu_147113	1619	0.0783984986595174	1-5kb
clu_147119	1556	0.0557579356568365	1-5kb
clu_147120	254	0.00414120643431635	<1kb
clu_147131	225	0.0443949597855228	<1kb
clu_147135	246	0.00130144772117962	<1kb
clu_147146	2214	0.0322264343163539	1-5kb
clu_147151	1456	0.291054343163539	1-5kb
clu_147152	2692	0.0262897050938338	1-5kb
clu_147153	16135	0.0356677211796247	5-20kb
clu_147162	566	0.0947647989276139	<1kb
clu_147165	286	0.0149354691689008	<1kb
clu_147173	2258	0.202357694369973	1-5kb
clu_147178	3204	0.0483602949061662	1-5kb
clu_147188	1246	0.0349820107238606	1-5kb
clu_147189	6812	0.0593320643431635	5-20kb
clu_147190	4998	0.174155469168901	1-5kb
clu_147194	29810	0.0579165147453083	20-50kb
clu_147195	1964	0.109376595174263	1-5kb
clu_1472	165	0.00791635388739946	<1kb
clu_147225	5464	0.033055308310992	5-20kb
clu_147226	1648	0.0449668096514745	1-5kb
clu_147227	547	0.0127034584450402	<1kb
clu_147228	1094	0.00302120643431635	1-5kb
clu_147230	2479	0.0892723860589812	1-5kb
clu_147241	3282	0.0350942627345844	1-5kb
clu_147244	80	0.0153711796246649	<1kb
clu_147245	2015	0.004031581769437	1-5kb
clu_147250	982	0.0140109383378016	<1kb
clu_147253	533	0.0052144235924933	<1kb
clu_147262	130	0.00733538873994638	<1kb
clu_147263	235	0.0130140482573727	<1kb
clu_147269	25249	0.110052305630027	20-50kb
clu_147270	1315	0.0117915549597855	1-5kb
clu_147282	92	0.00228455764075067	<1kb
clu_147287	1845	0.000169678284182306	1-5kb
clu_147298	1042	0.000480509383378016	1-5kb
clu_147333	1926	0.0449466487935657	1-5kb
clu_147334	5300	0.0668369973190348	5-20kb
clu_147335	2180	0.0362553351206434	1-5kb
clu_147342	2320	0.0160130563002681	1-5kb
clu_147353	2148	0.010033163538874	1-5kb
clu_147355	847	0.027643109919571	<1kb
clu_147356	1240	0.0065683109919571	1-5kb
clu_147359	1134	0.178579839142091	1-5kb
clu_147361	4282	0.00684922252010724	1-5kb
clu_147362	677	0.0675839678284182	<1kb
clu_147363	917	0.00973160857908847	<1kb
clu_147365	139	0.0167426809651475	<1kb
clu_147371	1745	0.00783946380697051	1-5kb
clu_147389	1369	0.0498279356568365	1-5kb
clu_147415	4759	0.00660249329758713	1-5kb
clu_147421	9870	0.0365401608579089	5-20kb
clu_147424	4412	0.132479973190349	1-5kb
clu_147446	6672	0.145632975871314	5-20kb
clu_147452	2572	0.0292055495978552	1-5kb
clu_147453	437	0.0624814477211796	<1kb
clu_147456	488	0.00551809651474531	<1kb
clu_147457	405	0.00143190348525469	<1kb
clu_147461	73	0.00940423592493298	<1kb
clu_147462	96	0.0176427613941019	<1kb
clu_147467	5123	0.131974021447721	5-20kb
clu_147477	4553	0.0196944504021448	1-5kb
clu_147479	80	0.00866351206434316	<1kb
clu_147480	2539	0.0505522520107239	1-5kb
clu_147481	158	0.00670490616621984	<1kb
clu_147482	4066	0.0381038337801609	1-5kb
clu_147486	3819	0.306389892761394	1-5kb
clu_147489	3669	0.0315845308310992	1-5kb
clu_147494	1735	0.257476782841823	1-5kb
clu_147495	229	0.0352430294906166	<1kb
clu_147499	9623	0.571261286863271	5-20kb
clu_147507	10196	0.189843163538874	5-20kb
clu_147524	1395	0.0200729490616622	1-5kb
clu_147525	813	0.00736608579088472	<1kb
clu_147526	86	0.00379037533512064	<1kb
clu_147528	3471	0.00824946380697051	1-5kb
clu_147540	217	0.00843163538873995	<1kb
clu_147542	2200	0.0057116890080429	1-5kb
clu_147543	1126	0.0208645308310992	1-5kb
clu_147545	141	0.00693343163538874	<1kb
clu_147546	359	0.0381061662198391	<1kb
clu_147550	30711	0.0135118230563003	20-50kb
clu_147551	3752	0.00140268096514745	1-5kb
clu_147552	206	0.00135053619302949	<1kb
clu_147554	776	0.0477558981233244	<1kb
clu_147555	2015	0.042247345844504	1-5kb
clu_147556	3111	0.0106008310991957	1-5kb
clu_147560	169	0.261996434316354	<1kb
clu_147568	105	0.0197927345844504	<1kb
clu_147569	76	0.0290381233243968	<1kb
clu_147571	2323	0.238704423592493	1-5kb
clu_147573	4033	0.0137438069705094	1-5kb
clu_147574	622	0.0296367292225201	<1kb
clu_147577	153	0.00192353887399464	<1kb
clu_147578	220	0.0212795978552279	<1kb
clu_147579	3237	0.0150098123324397	1-5kb
clu_147580	1051	0.0157427345844504	1-5kb
clu_147581	1540	0.00344270777479893	1-5kb
clu_147599	394	0.0531314477211796	<1kb
clu_147605	3277	0.00157211796246649	1-5kb
clu_147606	7788	0.0147743431635389	5-20kb
clu_147615	93	0.0032828418230563	<1kb
clu_147617	610	0.0175296782841823	<1kb
clu_147618	1262	0.00296680965147453	1-5kb
clu_147619	3586	0.0947959249329759	1-5kb
clu_147634	969	0.00711088471849866	<1kb
clu_147635	17815	0.883674798927614	5-20kb
clu_147637	4645	0.0750572117962467	1-5kb
clu_147639	987	0.0696306434316354	<1kb
clu_147649	11340	0.00335667560321716	5-20kb
clu_147659	2896	0.011368471849866	1-5kb
clu_147661	5046	0.0430387667560322	5-20kb
clu_147662	2534	0.0692074798927614	1-5kb
clu_147663	4727	0.0441503753351206	1-5kb
clu_147666	1979	0.0693638873994638	1-5kb
clu_147667	883	0.00461967828418231	<1kb
clu_147668	1021	0.0153267560321716	1-5kb
clu_147674	3364	0.0158909383378016	1-5kb
clu_147675	8582	0.0580325201072386	5-20kb
clu_147676	76	0.174114235924933	<1kb
clu_147677	642	0.170941233243968	<1kb
clu_147679	117	0.00169975871313673	<1kb
clu_147694	8332	0.0936609651474531	5-20kb
clu_147695	511	0.0769934584450402	<1kb
clu_1477	15648	0.0583757104557641	5-20kb
clu_147730	75	0.00389375335120643	<1kb
clu_147739	1075	0.204874664879357	1-5kb
clu_147740	3157	0.161579597855228	1-5kb
clu_147743	665	0.376222252010724	<1kb
clu_147749	1401	0.0467424396782842	1-5kb
clu_147758	1511	0.0184319302949062	1-5kb
clu_147780	329	0.0231732975871314	<1kb
clu_147781	359	0.0220185790884719	<1kb
clu_147782	92	0.00903107238605898	<1kb
clu_147789	138	0.00745790884718499	<1kb
clu_147791	1647	0.0154303485254692	1-5kb
clu_147792	955	0.00664450402144772	<1kb
clu_147797	96	0.0176501608579088	<1kb
clu_147806	1039	0.0332180697050938	1-5kb
clu_147809	1787	0.020699436997319	1-5kb
clu_147820	1486	0.049814691689008	1-5kb
clu_147821	3300	0.49374927613941	1-5kb
clu_147828	370	0.0187032975871314	<1kb
clu_147831	2794	0.000754745308310992	1-5kb
clu_147835	7358	0.00454064343163539	5-20kb
clu_147836	2228	0.00188096514745308	1-5kb
clu_147841	2190	0.104318659517426	1-5kb
clu_147844	230	0.0108698391420912	<1kb
clu_147857	549	0.0207662198391421	<1kb
clu_147871	11961	0.00232815013404826	5-20kb
clu_147904	3575	0.593215013404826	1-5kb
clu_147909	284	0.0425831367292225	<1kb
clu_147912	2363	0.116159624664879	1-5kb
clu_147918	648	0.424557989276139	<1kb
clu_147923	8433	0.00607219839142091	5-20kb
clu_147924	785	0.0462108579088472	<1kb
clu_147929	1554	0.0204819571045576	1-5kb
clu_147935	1920	0.0125228954423592	1-5kb
clu_147938	604	0.236286568364611	<1kb
clu_147941	4124	0.143548873994638	1-5kb
clu_147943	6935	0.0372220107238606	5-20kb
clu_147945	6143	0.165276997319035	5-20kb
clu_147946	900	0.0639911528150134	<1kb
clu_147947	2536	0.0262945844504021	1-5kb
clu_147950	3149	0.376421715817694	1-5kb
clu_147960	4365	0.0388764611260054	1-5kb
clu_147976	1655	0.0265386863270777	1-5kb
clu_147999	290	0.0737580160857909	<1kb
clu_148030	3055	0.0110240482573727	1-5kb
clu_148042	2077	0.0489396246648794	1-5kb
clu_148043	840	0.122523404825737	<1kb
clu_148052	1111	0.00392815013404826	1-5kb
clu_148055	83	0.00480766756032172	<1kb
clu_148056	8898	0.0299600536193029	5-20kb
clu_148075	87	0.0119864611260054	<1kb
clu_148076	1198	0.0176377747989276	1-5kb
clu_148096	5022	0.00614750670241287	5-20kb
clu_148114	828	0.153321474530831	<1kb
clu_148136	1238	0.0391506166219839	1-5kb
clu_148137	4633	0.671701983914209	1-5kb
clu_148146	775	0.041627908847185	<1kb
clu_148148	4190	0.032201581769437	1-5kb
clu_148149	26354	0.0350834316353887	20-50kb
clu_148150	1945	0.0332765683646113	1-5kb
clu_148151	562	0.136756702412869	<1kb
clu_148155	7927	0.0468097050938338	5-20kb
clu_148157	786	0.0232165951742627	<1kb
clu_148167	323	0.00888780160857909	<1kb
clu_148176	93	0.0394223324396783	<1kb
clu_148183	118	0.095584235924933	<1kb
clu_148184	757	0.0206593297587131	<1kb
clu_15	432	0.0149980965147453	<1kb
clu_150023	2106	0.0594629222520107	1-5kb
clu_150024	274	0.0553232439678284	<1kb
clu_150029	386	0.00371621983914209	<1kb
clu_150031	1095	0.0719546380697051	1-5kb
clu_150032	998	0.00627450402144772	<1kb
clu_150033	361	0.0131441554959786	<1kb
clu_150039	552	0.0303440482573727	<1kb
clu_150048	2997	0.0207205898123324	1-5kb
clu_150056	347	0.00369297587131367	<1kb
clu_150057	366	0.393742064343164	<1kb
clu_150058	710	0.0260033780160858	<1kb
clu_150075	334	0.0111561394101877	<1kb
clu_150076	448	0.00501530831099196	<1kb
clu_150079	95	0.0158671045576407	<1kb
clu_150084	16581	0.0345800804289544	5-20kb
clu_150085	3395	0.0109731367292225	1-5kb
clu_150086	7743	0.017434235924933	5-20kb
clu_150092	997	0.0165013136729223	<1kb
clu_150093	601	0.033018981233244	<1kb
clu_150094	3208	0.0147949597855228	1-5kb
clu_150115	890	0.201112949061662	<1kb
clu_150116	662	0.00360981233243968	<1kb
clu_150120	533	0.0615871581769437	<1kb
clu_150128	2893	0.00602088471849866	1-5kb
clu_150129	18197	0.0543699731903485	5-20kb
clu_150130	2298	0.0182657908847185	1-5kb
clu_150131	4292	0.00702308310991957	1-5kb
clu_150142	46373	0.0755051474530831	20-50kb
clu_150144	2227	0.0195390348525469	1-5kb
clu_150146	263	0.00263324396782842	<1kb
clu_150152	260	0.027906327077748	<1kb
clu_150157	4076	0.00943361930294906	1-5kb
clu_150159	1018	0.0407100804289544	1-5kb
clu_150160	4952	0.00749981233243968	1-5kb
clu_150161	1615	0.0285708310991957	1-5kb
clu_150163	3222	0.0770944235924933	1-5kb
clu_150165	15794	0.0967812332439678	5-20kb
clu_150168	7772	0.0456938873994638	5-20kb
clu_150198	11413	0.00909302949061662	5-20kb
clu_150216	4379	0.124911420911528	1-5kb
clu_150218	1244	0.261506702412869	1-5kb
clu_150224	484	0.176195308310992	<1kb
clu_150242	2021	0.0122719034852547	1-5kb
clu_150244	3519	0.00254434316353887	1-5kb
clu_150245	2985	0.0344656032171582	1-5kb
clu_150246	7158	0.085209436997319	5-20kb
clu_150247	328	0.260916702412869	<1kb
clu_150258	3292	0.014837345844504	1-5kb
clu_150261	1450	0.00184957104557641	1-5kb
clu_150275	1640	0.00400608579088472	1-5kb
clu_150278	1303	0.0109511796246649	1-5kb
clu_150282	3780	0.026952600536193	1-5kb
clu_150285	1109	0.0104360857908847	1-5kb
clu_150287	1642	0.00103418230563003	1-5kb
clu_1503	2277	0.106368337801609	1-5kb
clu_150306	16216	0.00674823056300268	5-20kb
clu_150310	3618	0.0155195978552279	1-5kb
clu_150314	2206	0.00618903485254692	1-5kb
clu_150316	2266	0.00886756032171582	1-5kb
clu_150327	1664	0.045893163538874	1-5kb
clu_150328	654	0.116744772117962	<1kb
clu_150333	1460	0.0151171045576408	1-5kb
clu_150336	1504	0.00702367292225201	1-5kb
clu_150337	1122	0.0135823056300268	1-5kb
clu_150342	1922	0.01548418230563	1-5kb
clu_150346	4173	0.0202712332439678	1-5kb
clu_150350	4146	0.00942120643431635	1-5kb
clu_150365	3993	0.0690936193029491	1-5kb
clu_150366	731	0.0393177479892761	<1kb
clu_150367	4781	0.000542573726541555	1-5kb
clu_150368	4473	0.00746927613941019	1-5kb
clu_150371	3306	0.0698018766756032	1-5kb
clu_150374	14759	0.0012470509383378	5-20kb
clu_150376	3660	0.00963648793565684	1-5kb
clu_150381	849	0.0896464075067024	<1kb
clu_150399	19175	0.0490058445040214	5-20kb
clu_150402	2084	0.00477024128686327	1-5kb
clu_150404	2947	0.0334664611260054	1-5kb
clu_150407	1985	0.0147620107238606	1-5kb
clu_150408	4227	0.0191757104557641	1-5kb
clu_150409	3929	0.0448070509383378	1-5kb
clu_150411	11541	0.0375225201072386	5-20kb
clu_150422	59004	0.195043029490617	>50kb
clu_150424	76	0.00999008042895442	<1kb
clu_150426	1267	0.0324479356568365	1-5kb
clu_150453	3508	0.0151876139410188	1-5kb
clu_150462	2344	0.0183243967828418	1-5kb
clu_150464	40461	0.000807828418230563	20-50kb
clu_150470	13948	0.00482563002680965	5-20kb
clu_150474	1769	0.0499209651474531	1-5kb
clu_150485	1456	0.0803054155495979	1-5kb
clu_150488	595	0.0186479892761394	<1kb
clu_150518	213	0.0254090080428954	<1kb
clu_150520	231	0.0339999463806971	<1kb
clu_150526	1129	0.0288391152815013	1-5kb
clu_150531	1675	0.0177104825737265	1-5kb
clu_150532	183	0.00285402144772118	<1kb
clu_150534	752	0.00504533512064343	<1kb
clu_150535	1308	0.0086569436997319	1-5kb
clu_150536	4470	0.0141107774798928	1-5kb
clu_150539	701	0.0105316085790885	<1kb
clu_150540	196	0.0459516890080429	<1kb
clu_150547	40967	0.18321981233244	20-50kb
clu_150548	4631	0.0314087131367292	1-5kb
clu_150549	13600	0.035415764075067	5-20kb
clu_150576	10651	0.00740359249329759	5-20kb
clu_150577	34105	0.0121615013404826	20-50kb
clu_150582	1649	0.00217890080428954	1-5kb
clu_150583	2279	0.0353412064343164	1-5kb
clu_150587	986	0.0722269436997319	<1kb
clu_150589	1628	0.000633914209115281	1-5kb
clu_150590	4593	0.00342163538873995	1-5kb
clu_150592	18948	0.0176178016085791	5-20kb
clu_150594	17341	0.00213053619302949	5-20kb
clu_150595	7720	0.00462348525469169	5-20kb
clu_150597	2260	0.00351718498659517	1-5kb
clu_150599	290	0.0059742091152815	<1kb
clu_150606	37053	0.00381820375335121	20-50kb
clu_150607	17479	0.00194924932975871	5-20kb
clu_150610	9050	0.019063109919571	5-20kb
clu_150611	23469	0.0170448793565684	20-50kb
clu_150619	4220	0.0278823592493298	1-5kb
clu_150629	2655	0.00587710455764075	1-5kb
clu_150633	1891	0.0156132171581769	1-5kb
clu_150636	9362	0.0997320107238606	5-20kb
clu_150637	719	0.134054316353887	<1kb
clu_150639	1983	0.00667388739946381	1-5kb
clu_150640	92	0.0133367292225201	<1kb
clu_150641	5749	0.0209486327077748	5-20kb
clu_150642	3538	0.00680056300268096	1-5kb
clu_150644	5036	0.138435388739946	5-20kb
clu_150648	3923	0.0333867560321716	1-5kb
clu_150649	4475	0.0678394101876676	1-5kb
clu_150650	2204	0.00917091152815013	1-5kb
clu_150659	21747	0.0168479624664879	20-50kb
clu_150662	2298	0.0135108310991957	1-5kb
clu_150665	74	0.00369096514745308	<1kb
clu_150669	208	0.00543297587131367	<1kb
clu_150670	585	0.0652718766756032	<1kb
clu_150671	131	0.0188055764075067	<1kb
clu_150674	155	0.00249734584450402	<1kb
clu_150693	1261	0.266812144772118	1-5kb
clu_150696	104	0.000833646112600536	<1kb
clu_150697	677	0.0498059517426273	<1kb
clu_150705	444	0.0261190080428954	<1kb
clu_150708	743	0.0118173726541555	<1kb
clu_150709	4963	0.0620064075067024	1-5kb
clu_150716	938	0.00423662198391421	<1kb
clu_150718	2027	0.00625297587131367	1-5kb
clu_150722	10250	0.00694702412868633	5-20kb
clu_150730	2556	0.0096613672922252	1-5kb
clu_150734	3577	0.00521335120643432	1-5kb
clu_150736	2159	0.012789490616622	1-5kb
clu_150737	2316	0.0183752010723861	1-5kb
clu_150738	6203	0.942891608579088	5-20kb
clu_150739	2205	0.191035174262735	1-5kb
clu_150740	377	0.0295404557640751	<1kb
clu_150742	6284	0.0393528150134048	5-20kb
clu_150743	646	0.00180721179624665	<1kb
clu_150756	9409	0.0138766219839142	5-20kb
clu_150761	1275	0.00811321715817694	1-5kb
clu_150770	18733	0.14493509383378	5-20kb
clu_150774	339	0.00155710455764075	<1kb
clu_150782	196	0.00259064343163539	<1kb
clu_150784	1102	0.0858906166219839	1-5kb
clu_150785	85	0.0164913136729223	<1kb
clu_150798	1482	0.0435594638069705	1-5kb
clu_150799	334	0.0085542091152815	<1kb
clu_150800	251	0.000445495978552279	<1kb
clu_150801	3420	0.0073271581769437	1-5kb
clu_150817	1580	0.0139529222520107	1-5kb
clu_150818	5472	0.0657332439678284	5-20kb
clu_150819	411	0.0339566219839142	<1kb
clu_150821	1872	0.445858766756032	1-5kb
clu_150827	1129	0.0139617694369973	1-5kb
clu_150831	9335	0.025467908847185	5-20kb
clu_150832	3123	0.0062673726541555	1-5kb
clu_150833	1141	0.0268477747989276	1-5kb
clu_150838	1355	0.00820632707774799	1-5kb
clu_150843	1519	0.0051457908847185	1-5kb
clu_150847	2131	0.0106367828418231	1-5kb
clu_150848	856	0.00720865951742627	<1kb
clu_150849	1385	0.0351603217158177	1-5kb
clu_150852	445	0.0103743431635389	<1kb
clu_150857	162	0.00340991957104558	<1kb
clu_150858	1061	0.00788621983914209	1-5kb
clu_150862	16399	0.0718951206434316	5-20kb
clu_150863	7347	0.115294021447721	5-20kb
clu_150867	3670	0.00609040214477212	1-5kb
clu_150874	3765	0.00349680965147453	1-5kb
clu_150875	373	0.00249179624664879	<1kb
clu_150878	23037	0.0105600804289544	20-50kb
clu_150879	11996	0.0145114745308311	5-20kb
clu_150880	11385	0.0114076407506702	5-20kb
clu_150892	6226	0.00909091152815013	5-20kb
clu_150901	1485	0.0055614745308311	1-5kb
clu_150907	4534	0.00949638069705094	1-5kb
clu_150908	116	0.0023954691689008	<1kb
clu_150914	3211	0.017950509383378	1-5kb
clu_150916	14209	0.00746597855227882	5-20kb
clu_150919	1030	0.0118135924932976	1-5kb
clu_150920	9473	0.0163449865951743	5-20kb
clu_150921	28693	0.00747292225201072	20-50kb
clu_150922	2993	0.00631249329758713	1-5kb
clu_150931	2475	0.02447418230563	1-5kb
clu_150937	5964	0.147103753351206	5-20kb
clu_150938	5278	0.0137776139410188	5-20kb
clu_150940	373	0.0136481501340483	<1kb
clu_150949	4723	0.0130344772117962	1-5kb
clu_150950	345	0.113273672922252	<1kb
clu_150952	402	0.0195212064343164	<1kb
clu_150989	233	0.0242377747989276	<1kb
clu_150990	1783	0.00258798927613941	1-5kb
clu_150998	1902	0.00846613941018767	1-5kb
clu_150999	1425	0.341770214477212	1-5kb
clu_1510	2205	0.025438471849866	1-5kb
clu_151003	1718	0.0117123056300268	1-5kb
clu_151005	2413	0.0385562466487936	1-5kb
clu_151008	679	0.00503981233243968	<1kb
clu_151009	184	0.0126686595174263	<1kb
clu_151013	3758	0.0181619839142091	1-5kb
clu_151014	2671	0.211923699731903	1-5kb
clu_151015	292	0.0270260321715818	<1kb
clu_151018	306	0.0162445844504021	<1kb
clu_151021	896	0.00403201072386059	<1kb
clu_151024	1418	0.0210514477211796	1-5kb
clu_151027	3237	0.00913423592493297	1-5kb
clu_151029	478	0.064372144772118	<1kb
clu_151031	2020	0.0180328150134048	1-5kb
clu_151032	518	0.165855871313673	<1kb
clu_151033	214	0.00469970509383378	<1kb
clu_151034	547	0.0248191689008043	<1kb
clu_151035	799	0.00591332439678284	<1kb
clu_151048	2014	0.0194995174262735	1-5kb
clu_151049	652	0.00306469168900804	<1kb
clu_151052	148	0.0168998391420912	<1kb
clu_151053	78	0.00346056300268097	<1kb
clu_151058	353	0.0356223324396783	<1kb
clu_151066	4803	0.0251588739946381	1-5kb
clu_151067	1765	0.0571412332439678	1-5kb
clu_151085	24054	0.0274280697050938	20-50kb
clu_151086	965	0.0207094101876676	<1kb
clu_151097	6843	0.00371353887399464	5-20kb
clu_151098	6369	0.0019785254691689	5-20kb
clu_151099	611	0.00887029490616622	<1kb
clu_151102	859	0.00545372654155496	<1kb
clu_151103	442	0.542072975871314	<1kb
clu_151108	8960	0.00452281501340483	5-20kb
clu_151109	1600	0.458637184986595	1-5kb
clu_151112	4778	0.0123659249329759	1-5kb
clu_151118	74	0.0146682037533512	<1kb
clu_151142	5210	0.00917029490616622	5-20kb
clu_1515	5603	0.034509490616622	5-20kb
clu_1517	22741	0.0184987131367292	20-50kb
clu_1519	56071	0.203209463806971	>50kb
clu_152113	4700	0.0132844504021448	1-5kb
clu_152123	1198	0.0291823592493298	1-5kb
clu_152142	3250	0.00274380697050938	1-5kb
clu_152143	6662	0.00756927613941019	5-20kb
clu_152144	3067	0.0268552278820375	1-5kb
clu_152147	6054	0.0334964343163539	5-20kb
clu_152148	4537	0.0132011528150134	1-5kb
clu_152162	1787	0.0189255495978552	1-5kb
clu_152163	8042	0.176222412868633	5-20kb
clu_152166	687	0.0268599731903485	<1kb
clu_152167	236	0.0495390348525469	<1kb
clu_152170	85	0.00924656836461126	<1kb
clu_152174	93	0.0122023056300268	<1kb
clu_152178	1917	0.0042014745308311	1-5kb
clu_152180	97	0.0246243967828418	<1kb
clu_152181	517	0.0119831367292225	<1kb
clu_152183	5917	0.0202725469168901	5-20kb
clu_152192	2758	0.00757793565683646	1-5kb
clu_152193	1120	0.0745489008042895	1-5kb
clu_152243	792	0.100979302949062	<1kb
clu_152248	462	0.00414029490616622	<1kb
clu_152249	1927	0.0217001608579088	1-5kb
clu_152261	8945	0.023874235924933	5-20kb
clu_152263	38076	0.122150777479893	20-50kb
clu_152266	3021	0.0425974798927614	1-5kb
clu_152268	86	0.000963378016085791	<1kb
clu_152272	2586	0.0286173190348525	1-5kb
clu_152274	270	0.0107235656836461	<1kb
clu_152275	2401	0.00268120643431635	1-5kb
clu_152276	1396	0.0094985254691689	1-5kb
clu_152277	7057	0.0944877211796247	5-20kb
clu_152278	5542	0.0544199463806971	5-20kb
clu_152279	103	0.00852072386058981	<1kb
clu_152280	391	0.0200752010723861	<1kb
clu_152281	772	0.00580520107238606	<1kb
clu_152282	264	0.0290403217158177	<1kb
clu_152284	1491	0.00536396782841823	1-5kb
clu_152297	1172	0.00470887399463807	1-5kb
clu_152326	45095	0.0434954691689008	20-50kb
clu_152327	24866	0.0686334316353887	20-50kb
clu_152336	2982	0.00611300268096515	1-5kb
clu_152343	23507	0.0342380428954424	20-50kb
clu_152376	1247	0.0266861662198391	1-5kb
clu_152377	11337	0.159337050938338	5-20kb
clu_152380	550	0.045077345844504	<1kb
clu_152381	2121	0.0291039678284182	1-5kb
clu_152386	1419	0.0433826273458445	1-5kb
clu_152389	1774	0.0282309651474531	1-5kb
clu_152395	1645	0.00630002680965147	1-5kb
clu_152407	1904	0.0173797050938338	1-5kb
clu_152411	928	0.0164883378016086	<1kb
clu_152422	1745	0.0254870509383378	1-5kb
clu_152425	22648	0.00753670241286863	20-50kb
clu_152442	4657	0.00810107238605898	1-5kb
clu_152448	441	0.0253527345844504	<1kb
clu_152450	147	0.00419423592493298	<1kb
clu_152451	373	0.0200458445040214	<1kb
clu_152452	17126	0.0178776139410188	5-20kb
clu_152455	3006	0.0156703753351206	1-5kb
clu_152456	15796	0.013894691689008	5-20kb
clu_152491	55568	0.0180060053619303	>50kb
clu_152500	1429	0.0153525201072386	1-5kb
clu_152502	4419	0.0659682037533512	1-5kb
clu_152507	36604	0.0131605361930295	20-50kb
clu_152510	56656	0.0522942627345844	>50kb
clu_152512	564	0.00710426273458445	<1kb
clu_152513	1678	0.00754461126005362	1-5kb
clu_152515	3490	0.016642091152815	1-5kb
clu_152516	5248	0.00732659517426273	5-20kb
clu_152517	1552	0.0309783378016086	1-5kb
clu_152529	255	0.0535670509383378	<1kb
clu_152530	8979	0.0431058445040214	5-20kb
clu_152535	1401	0.00747327077747989	1-5kb
clu_152540	2925	0.0244111796246649	1-5kb
clu_152541	6550	0.00452008042895442	5-20kb
clu_152543	4274	0.00551750670241287	1-5kb
clu_152548	6301	0.0172197855227882	5-20kb
clu_152551	11893	0.0302518766756032	5-20kb
clu_152552	3604	0.0151167828418231	1-5kb
clu_152553	2351	0.248600750670241	1-5kb
clu_152556	4469	0.0292085254691689	1-5kb
clu_152557	786	0.0152539678284182	<1kb
clu_152564	1123	0.0606867292225201	1-5kb
clu_152568	3442	0.00479214477211796	1-5kb
clu_152569	303	0.0127642627345845	<1kb
clu_152570	5625	0.00626150134048257	5-20kb
clu_152576	841	0.0326434584450402	<1kb
clu_152577	1023	0.00552882037533512	1-5kb
clu_152578	1439	0.0124960589812332	1-5kb
clu_152579	2719	0.00890619302949062	1-5kb
clu_152580	5050	0.00779394101876676	5-20kb
clu_152581	9196	0.00336860589812332	5-20kb
clu_152583	2664	0.0846086327077748	1-5kb
clu_152584	2930	0.050278418230563	1-5kb
clu_152585	1806	0.0196917962466488	1-5kb
clu_152588	113	0.0984608579088472	<1kb
clu_152592	32398	0.00229697050938338	20-50kb
clu_152593	7661	0.00924895442359249	5-20kb
clu_152595	17743	0.0147770777479893	5-20kb
clu_152629	185	0.00110056300268097	<1kb
clu_152630	476	0.0259736193029491	<1kb
clu_152631	105	0.00463707774798928	<1kb
clu_152633	3585	0.00118120643431635	1-5kb
clu_152634	3744	0.0385347184986595	1-5kb
clu_152635	1088	0.0848855495978552	1-5kb
clu_152636	2413	0.00036171581769437	1-5kb
clu_152637	6832	0.000645710455764075	5-20kb
clu_152638	1806	0.283437077747989	1-5kb
clu_152663	3843	0.0221490616621984	1-5kb
clu_152677	2314	0.0398298927613941	1-5kb
clu_152680	4153	0.00491415549597855	1-5kb
clu_152681	5849	0.0126234852546917	5-20kb
clu_152683	4772	0.0160773190348525	1-5kb
clu_152684	2365	0.0100590616621984	1-5kb
clu_152686	814	0.038568927613941	<1kb
clu_152687	111	0.0466617158176944	<1kb
clu_152688	20802	0.029514235924933	20-50kb
clu_152690	1968	0.0480286863270777	1-5kb
clu_152699	3668	0.137600160857909	1-5kb
clu_152707	12735	0.00676723860589812	5-20kb
clu_152708	286	0.0148721983914209	<1kb
clu_152709	3299	0.00889758713136729	1-5kb
clu_152711	5117	0.00337922252010724	5-20kb
clu_152735	1670	0.0512618230563003	1-5kb
clu_152739	1477	0.0312216085790885	1-5kb
clu_152748	9791	0.0102500268096515	5-20kb
clu_152750	619	0.0130027882037534	<1kb
clu_152768	3806	0.0126401340482574	1-5kb
clu_152773	2514	0.0128562466487936	1-5kb
clu_152783	2955	0.0281430831099196	1-5kb
clu_152784	1165	0.00350970509383378	1-5kb
clu_152796	2712	0.00883490616621984	1-5kb
clu_152807	541	0.0375430026809651	<1kb
clu_152808	6483	0.0130257372654155	5-20kb
clu_152816	89	0.0270424396782842	<1kb
clu_152821	76	0.00760203753351206	<1kb
clu_152822	979	0.0257217962466488	<1kb
clu_152823	3637	0.012555764075067	1-5kb
clu_152828	99	0.0723441018766756	<1kb
clu_152832	470	0.219228579088472	<1kb
clu_152839	2655	0.030190563002681	1-5kb
clu_152840	560	0.0150883646112601	<1kb
clu_152841	613	0.0726001340482574	<1kb
clu_152842	5607	0.0880941554959786	5-20kb
clu_152846	1474	0.00592670241286863	1-5kb
clu_152851	315	0.00777184986595174	<1kb
clu_152853	95	0.00421549597855228	<1kb
clu_152856	1601	0.026122600536193	1-5kb
clu_152868	4187	0.270161662198391	1-5kb
clu_152876	989	0.0134266487935657	<1kb
clu_152877	2379	0.00736418230563003	1-5kb
clu_152878	13885	0.0078985254691689	5-20kb
clu_152886	2042	0.0544486058981233	1-5kb
clu_152888	1009	0.00261490616621984	1-5kb
clu_152898	12223	0.00759839142091153	5-20kb
clu_152903	687	0.00503605898123324	<1kb
clu_152907	2142	0.0119826809651475	1-5kb
clu_152908	10374	0.00672675603217158	5-20kb
clu_152909	2661	0.0356807238605898	1-5kb
clu_152913	528	0.00402332439678284	<1kb
clu_152914	11245	0.00956833780160858	5-20kb
clu_152915	20123	0.00204152815013405	20-50kb
clu_152919	1469	0.0102160053619303	1-5kb
clu_152923	9489	0.0518744772117962	5-20kb
clu_152925	1309	0.0117175871313673	1-5kb
clu_152928	12417	0.00858340482573727	5-20kb
clu_152929	9895	0.355067533512064	5-20kb
clu_152935	7504	0.00350898123324397	5-20kb
clu_152938	3610	0.00583991957104558	1-5kb
clu_152940	2431	0.0171850938337802	1-5kb
clu_152944	18259	0.053464691689008	5-20kb
clu_152958	20806	0.0165433780160858	20-50kb
clu_152961	1053	0.00502611260053619	1-5kb
clu_152962	10587	0.232675442359249	5-20kb
clu_152969	31591	0.0319127345844504	20-50kb
clu_152975	2748	0.00574380697050938	1-5kb
clu_152976	484	0.00178941018766756	<1kb
clu_152978	5298	0.207122117962466	5-20kb
clu_152979	5379	0.0868525201072386	5-20kb
clu_152980	1359	0.0621269436997319	1-5kb
clu_152981	1556	0.0601057908847185	1-5kb
clu_152982	451	0.0234231367292225	<1kb
clu_152983	4681	0.100285201072386	1-5kb
clu_153005	3711	0.011238981233244	1-5kb
clu_153007	430	0.0116745576407507	<1kb
clu_153008	1344	0.00685123324396783	1-5kb
clu_153018	452	0.163170643431635	<1kb
clu_153043	1415	0.0107701340482574	1-5kb
clu_153047	49743	0.0379364343163539	20-50kb
clu_153050	2263	0.000719490616621984	1-5kb
clu_1531	87	0.0223972654155496	<1kb
clu_153139	598	0.122037158176944	<1kb
clu_153140	1725	0.089662091152815	1-5kb
clu_153141	715	0.32510345844504	<1kb
clu_153148	1046	0.00387209115281501	1-5kb
clu_153149	2339	0.0252989008042895	1-5kb
clu_153162	1633	0.0162420107238606	1-5kb
clu_153196	75	0.00815310991957104	<1kb
clu_1532	241	0.00101230563002681	<1kb
clu_153207	388	0.0478206434316354	<1kb
clu_153209	14426	0.015829490616622	5-20kb
clu_153216	4139	0.00823131367292225	1-5kb
clu_153233	185	0.0380691689008043	<1kb
clu_153236	1169	0.0171226809651475	1-5kb
clu_153242	98	0.0246170509383378	<1kb
clu_153247	159	0.00960782841823056	<1kb
clu_153248	838	0.33953345844504	<1kb
clu_153250	1983	0.0324133512064343	1-5kb
clu_1535	215	0.00226951742627346	<1kb
clu_1536	2940	0.00882951742627346	1-5kb
clu_1537	135	0.247502466487936	<1kb
clu_154058	1371	0.0940503485254692	1-5kb
clu_154062	32452	0.0254361394101877	20-50kb
clu_154063	3028	0.024217345844504	1-5kb
clu_154064	13474	0.0255110991957105	5-20kb
clu_154065	2251	0.00301780160857909	1-5kb
clu_154066	799	0.074216273458445	<1kb
clu_154067	8849	0.00681286863270777	5-20kb
clu_154103	3347	0.105349517426273	1-5kb
clu_154105	5994	0.0388251742627346	5-20kb
clu_154106	3534	0.00558584450402145	1-5kb
clu_154107	4107	0.0148286058981233	1-5kb
clu_154112	3095	0.00524	1-5kb
clu_154113	901	0.00335742627345844	<1kb
clu_154114	3067	0.0493349061662198	1-5kb
clu_154115	324	0.0199623860589812	<1kb
clu_154118	15774	0.131917882037534	5-20kb
clu_154120	93723	0.595888954423592	>50kb
clu_154123	4544	0.0224232439678284	1-5kb
clu_154124	12705	0.119994691689008	5-20kb
clu_154130	32844	0.082392654155496	20-50kb
clu_154148	1643	0.0594566756032172	1-5kb
clu_154149	7766	0.00572423592493298	5-20kb
clu_154150	2998	0.0175384450402145	1-5kb
clu_154153	1569	0.0103666219839142	1-5kb
clu_154158	6459	0.00603849865951743	5-20kb
clu_154165	4220	0.0977491957104558	1-5kb
clu_154197	51595	0.0389135924932976	>50kb
clu_154205	554	0.0351850402144772	<1kb
clu_154241	7211	0.0131961930294906	5-20kb
clu_154242	106	0.0469395710455764	<1kb
clu_154244	2497	0.00679882037533512	1-5kb
clu_154245	2878	0.0221031903485255	1-5kb
clu_154246	2009	0.0825738605898123	1-5kb
clu_154247	5909	0.0138818230563003	5-20kb
clu_154248	885	0.021748927613941	<1kb
clu_154254	11748	0.0041311528150134	5-20kb
clu_154255	1259	0.0251142895442359	1-5kb
clu_154259	3618	0.00565844504021448	1-5kb
clu_154262	1008	0.0039302144772118	1-5kb
clu_154265	2792	0.0964178284182306	1-5kb
clu_154272	3461	0.00634246648793566	1-5kb
clu_154273	2206	0.023897908847185	1-5kb
clu_154282	3560	0.0129031903485255	1-5kb
clu_154286	24368	0.0334337533512064	20-50kb
clu_154304	11158	0.706291206434316	5-20kb
clu_154306	1428	0.256945603217158	1-5kb
clu_154314	6190	0.0471298659517426	5-20kb
clu_154316	2258	0.00492386058981233	1-5kb
clu_154317	8000	0.00832546916890081	5-20kb
clu_154318	2632	0.00250045576407507	1-5kb
clu_154319	1138	0.0074285254691689	1-5kb
clu_154320	3400	0.0279751742627346	1-5kb
clu_154324	450	0.00169353887399464	<1kb
clu_154326	2995	0.0140806970509383	1-5kb
clu_154327	3661	0.000607747989276139	1-5kb
clu_154350	1894	0.227253699731903	1-5kb
clu_154355	2885	0.0303179624664879	1-5kb
clu_154358	1789	0.0578149597855228	1-5kb
clu_154362	4871	0.040129946380697	1-5kb
clu_154363	715	0.0979043163538874	<1kb
clu_154369	7265	0.0289424932975871	5-20kb
clu_154370	8840	0.0283198123324397	5-20kb
clu_154371	2988	0.00462839142091153	1-5kb
clu_154373	830	0.00398332439678284	<1kb
clu_154376	544	0.0111490348525469	<1kb
clu_154378	1231	0.0720059517426273	1-5kb
clu_154392	3545	0.0023912600536193	1-5kb
clu_154396	3669	0.0453909383378016	1-5kb
clu_1544	3412	0.0104018230563003	1-5kb
clu_154410	14687	0.00753380697050938	5-20kb
clu_154412	186	0.00132364611260054	<1kb
clu_154414	1587	0.00611689008042895	1-5kb
clu_154416	2171	0.0141365683646113	1-5kb
clu_154420	1469	0.0122459249329759	1-5kb
clu_154421	1124	0.00815447721179625	1-5kb
clu_154422	55614	0.102911581769437	>50kb
clu_154423	8086	0.17838745308311	5-20kb
clu_154424	1002	0.0183516353887399	1-5kb
clu_154426	2867	0.00390686327077748	1-5kb
clu_154429	14352	0.0330027613941019	5-20kb
clu_154430	4323	0.0495528686327078	1-5kb
clu_154432	1779	0.0443508847184987	1-5kb
clu_154433	2538	0.0224955495978552	1-5kb
clu_154434	738	0.0720290884718499	<1kb
clu_154435	1904	0.00565378016085791	1-5kb
clu_154436	2013	0.00559463806970509	1-5kb
clu_154437	4123	0.132801796246649	1-5kb
clu_154442	553	0.00826201072386059	<1kb
clu_154449	966	0.00537777479892761	<1kb
clu_154451	1970	0.0081241018766756	1-5kb
clu_154452	1905	0.00379772117962466	1-5kb
clu_154453	1003	0.0306549329758713	1-5kb
clu_154454	2953	0.0010826273458445	1-5kb
clu_154459	6490	0.111940831099196	5-20kb
clu_154461	1021	0.0133018498659517	1-5kb
clu_154463	2222	0.00366943699731903	1-5kb
clu_154467	668	0.0117069705093834	<1kb
clu_154474	9377	0.51574418230563	5-20kb
clu_154487	3244	0.0735604557640751	1-5kb
clu_1545	118	0.00697069705093834	<1kb
clu_154509	16262	0.00385654155495979	5-20kb
clu_154510	3414	0.0234821715817694	1-5kb
clu_154514	43036	0.376468713136729	20-50kb
clu_154568	46112	0.066986836461126	20-50kb
clu_154639	4210	0.00243528150134048	1-5kb
clu_154640	1308	0.0207639410187668	1-5kb
clu_154646	1608	0.00707361930294906	1-5kb
clu_154650	3991	0.062329436997319	1-5kb
clu_154652	1238	0.0120119839142091	1-5kb
clu_154653	104	0.162444316353887	<1kb
clu_154664	462	0.00224621983914209	<1kb
clu_154665	25534	0.0342633243967828	20-50kb
clu_154666	6268	0.0302656032171582	5-20kb
clu_154667	4767	0.00910128686327078	1-5kb
clu_154681	2328	0.0485560589812332	1-5kb
clu_154682	2052	0.0619004289544236	1-5kb
clu_154689	955	0.00578914209115282	<1kb
clu_154690	9005	0.00456458445040214	5-20kb
clu_1550	134	0.362383056300268	<1kb
clu_1551	3159	0.00633404825737265	1-5kb
clu_155167	4318	0.00619310991957105	1-5kb
clu_155180	45817	0.0312038337801609	20-50kb
clu_155182	3974	0.0149897050938338	1-5kb
clu_155187	21073	0.00604573726541555	20-50kb
clu_155225	1147	0.00754016085790885	1-5kb
clu_155236	918	0.061288418230563	<1kb
clu_155237	819	0.0496193029490617	<1kb
clu_155243	10589	0.157835335120643	5-20kb
clu_155247	1109	0.0526483109919571	1-5kb
clu_155251	3193	0.000346166219839142	1-5kb
clu_155279	844	0.00355616621983914	<1kb
clu_155280	719	0.0336427345844504	<1kb
clu_155282	604	0.0285184450402145	<1kb
clu_155286	603	0.00200554959785523	<1kb
clu_155288	533	0.00607667560321716	<1kb
clu_155289	1906	0.0286350670241287	1-5kb
clu_1553	133	0.0203153351206434	<1kb
clu_155315	2121	0.00717820375335121	1-5kb
clu_155339	363	0.0208336461126005	<1kb
clu_155340	2780	0.0181535120643432	1-5kb
clu_155341	86	0.0175207506702413	<1kb
clu_155342	4011	0.404009383378016	1-5kb
clu_155343	3726	0.0155310455764075	1-5kb
clu_155351	4628	0.0597569168900804	1-5kb
clu_155354	96	0.00915605898123324	<1kb
clu_155355	1331	0.00945576407506702	1-5kb
clu_155360	4926	0.194189919571046	1-5kb
clu_155362	1739	0.0222698659517426	1-5kb
clu_155364	1340	0.00953898123324397	1-5kb
clu_155368	1443	0.0272212332439678	1-5kb
clu_155369	2985	0.074636890080429	1-5kb
clu_155385	1898	0.271244075067024	1-5kb
clu_155387	1893	0.29265345844504	1-5kb
clu_155388	1625	0.0282635656836461	1-5kb
clu_155389	3488	0.0274596246648794	1-5kb
clu_155392	32064	0.270023914209115	20-50kb
clu_155393	2971	0.0248248257372654	1-5kb
clu_155396	33119	0.0126909115281501	20-50kb
clu_155397	1439	0.010878981233244	1-5kb
clu_155399	2171	0.00957924932975871	1-5kb
clu_1554	113	0.00226120643431635	<1kb
clu_155401	2027	0.0034601072386059	1-5kb
clu_155402	416	0.0328469436997319	<1kb
clu_155403	4003	0.0174002412868633	1-5kb
clu_155404	910	0.00178793565683646	<1kb
clu_155407	1276	0.0069598927613941	1-5kb
clu_155408	1335	0.0122530026809651	1-5kb
clu_155416	2740	0.0691152010723861	1-5kb
clu_155417	4755	0.0601982841823056	1-5kb
clu_155429	14258	0.0324600268096515	5-20kb
clu_155432	3017	0.0758299195710456	1-5kb
clu_155450	4868	0.0103152815013405	1-5kb
clu_155458	1284	0.0193665415549598	1-5kb
clu_155474	11124	0.2928181769437	5-20kb
clu_155479	2936	0.0192011796246649	1-5kb
clu_155483	798	0.0737395442359249	<1kb
clu_155484	1395	0.0198503217158177	1-5kb
clu_155490	5192	0.240724423592493	5-20kb
clu_155495	1055	0.0248319034852547	1-5kb
clu_155496	9954	0.115966997319035	5-20kb
clu_155497	2639	0.0404222252010724	1-5kb
clu_155508	2131	0.0593574262734584	1-5kb
clu_155512	1221	0.00401943699731904	1-5kb
clu_155532	327	0.000101099195710456	<1kb
clu_155547	1304	0.0132951474530831	1-5kb
clu_155552	2495	0.0721235924932976	1-5kb
clu_155553	1450	0.0359884718498659	1-5kb
clu_155557	3611	0.00458142091152815	1-5kb
clu_155558	10502	0.00185790884718499	5-20kb
clu_155563	1790	0.00370195710455764	1-5kb
clu_155567	3188	0.00558747989276139	1-5kb
clu_155574	1954	0.0203108847184987	1-5kb
clu_155575	6997	0.0490136997319035	5-20kb
clu_155584	5622	0.0616396514745308	5-20kb
clu_155589	9568	0.031272091152815	5-20kb
clu_155592	1062	0.0267193029490617	1-5kb
clu_155595	815	0.0165204557640751	<1kb
clu_155596	304	0.414315522788204	<1kb
clu_155597	330	0.167613029490617	<1kb
clu_155603	564	0.0417972922252011	<1kb
clu_1558	2969	0.613765147453083	1-5kb
clu_1559	75	0.233536943699732	<1kb
clu_156006	710	0.0350459249329759	<1kb
clu_156008	1514	0.0222234048257373	1-5kb
clu_156023	27381	0.0409245040214477	20-50kb
clu_156024	5664	0.0184631367292225	5-20kb
clu_156037	1267	0.0932633243967828	1-5kb
clu_156038	2713	0.00309608579088472	1-5kb
clu_156039	10610	0.0226158445040214	5-20kb
clu_156040	2454	0.0339659249329759	1-5kb
clu_156041	2049	0.0193200536193029	1-5kb
clu_156042	2351	0.0882718766756032	1-5kb
clu_156043	2929	0.0149092761394102	1-5kb
clu_156051	147	0.0112115549597855	<1kb
clu_156058	657	0.101614879356568	<1kb
clu_156059	743	0.00269522788203753	<1kb
clu_156065	1653	0.00506632707774799	1-5kb
clu_156066	1478	0.029747908847185	1-5kb
clu_156068	171	0.0545319034852547	<1kb
clu_156069	1950	0.00328345844504021	1-5kb
clu_156085	408	0.0179818766756032	<1kb
clu_156090	1099	0.0538178016085791	1-5kb
clu_156092	164	0.0224696782841823	<1kb
clu_156097	572	0.010668418230563	<1kb
clu_156098	1491	0.0146184986595174	1-5kb
clu_156099	1348	0.00153967828418231	1-5kb
clu_156100	84	0.00864222520107239	<1kb
clu_156111	1657	0.00400045576407507	1-5kb
clu_156113	13979	0.0285220107238606	5-20kb
clu_156114	82	0.00414093833780161	<1kb
clu_156125	4109	0.00249879356568365	1-5kb
clu_156127	3278	0.908759705093834	1-5kb
clu_156144	2751	0.0362765951742627	1-5kb
clu_156145	426	0.0250805898123324	<1kb
clu_156152	142	0.0314722252010724	<1kb
clu_156153	719	0.047269436997319	<1kb
clu_156160	151	0.104441876675603	<1kb
clu_156163	211	0.224483324396783	<1kb
clu_156167	10471	0.0130796246648794	5-20kb
clu_156170	603	0.00839335120643432	<1kb
clu_156174	1569	0.0350128418230563	1-5kb
clu_156252	1050	0.0373624932975871	1-5kb
clu_156253	946	0.00741887399463807	<1kb
clu_156273	6278	0.068033217158177	5-20kb
clu_156277	3724	0.146617372654156	1-5kb
clu_156283	2166	0.00779512064343164	1-5kb
clu_156284	6006	0.0115252278820375	5-20kb
clu_156289	2799	0.00494587131367292	1-5kb
clu_156290	1311	0.010672091152815	1-5kb
clu_156293	3869	0.0384928686327078	1-5kb
clu_156294	15373	0.0145727345844504	5-20kb
clu_156296	29984	0.0635367024128686	20-50kb
clu_156297	1133	0.0297116085790885	1-5kb
clu_156298	966	0.0132906702412869	<1kb
clu_156299	4115	0.0259517694369973	1-5kb
clu_156300	235	0.00522608579088472	<1kb
clu_156315	1301	0.0490477479892761	1-5kb
clu_156317	8608	0.010823109919571	5-20kb
clu_156318	16084	0.00614514745308311	5-20kb
clu_156320	6846	0.0243552010723861	5-20kb
clu_156322	2480	0.335211045576408	1-5kb
clu_156324	1937	0.100811903485255	1-5kb
clu_156331	392	0.0163780697050938	<1kb
clu_156332	3515	0.0581657908847185	1-5kb
clu_156360	16910	0.0377785254691689	5-20kb
clu_156361	8295	0.0727929490616622	5-20kb
clu_156384	2755	0.148710160857909	1-5kb
clu_156385	36998	0.274169222520107	20-50kb
clu_156388	2752	0.116699195710456	1-5kb
clu_156389	3905	0.0825808310991957	1-5kb
clu_156391	1923	0.01161581769437	1-5kb
clu_156392	1965	0.0213183109919571	1-5kb
clu_156393	826	0.00393723860589812	<1kb
clu_156394	392	0.0065244235924933	<1kb
clu_1564	1083	0.00542195710455764	1-5kb
clu_156415	636	0.0399643163538874	<1kb
clu_156416	2443	0.00405150134048257	1-5kb
clu_156431	8786	0.00798150134048257	5-20kb
clu_156432	487	0.0194863806970509	<1kb
clu_156433	4468	0.323641608579088	1-5kb
clu_156434	452	0.0633965415549598	<1kb
clu_156435	976	0.0607532975871314	<1kb
clu_156436	4529	0.00611965147453083	1-5kb
clu_156441	2778	0.0151720375335121	1-5kb
clu_156453	2213	0.0148234316353887	1-5kb
clu_156462	2941	0.0111781233243968	1-5kb
clu_156464	4120	0.0214767292225201	1-5kb
clu_156476	595	0.125368632707775	<1kb
clu_156483	82	0.0193545040214477	<1kb
clu_1565	433	0.000172788203753351	<1kb
clu_156500	1091	0.0609763806970509	1-5kb
clu_156506	1075	0.553377855227882	1-5kb
clu_156507	1582	0.386588820375335	1-5kb
clu_156530	26743	0.0104695978552279	20-50kb
clu_156531	1354	0.0133466487935657	1-5kb
clu_156535	1643	0.0274277479892761	1-5kb
clu_156541	20313	0.00476624664879357	20-50kb
clu_156542	4230	0.0088828418230563	1-5kb
clu_156543	2989	0.0158766756032172	1-5kb
clu_156544	1819	0.0057702144772118	1-5kb
clu_156546	12634	0.0219013404825737	5-20kb
clu_156547	1301	0.14569581769437	1-5kb
clu_156551	1036	0.00967627345844504	1-5kb
clu_156561	2991	0.0597009919571046	1-5kb
clu_156566	2510	0.00835672922252011	1-5kb
clu_156568	4088	0.0253885522788204	1-5kb
clu_156570	11318	0.0239351474530831	5-20kb
clu_156571	4621	0.0104587935656836	1-5kb
clu_156572	2613	0.00264908847184987	1-5kb
clu_156583	1953	0.0101272117962466	1-5kb
clu_156585	492	0.017981018766756	<1kb
clu_156586	3997	0.0108361662198391	1-5kb
clu_156587	318	0.00789477211796247	<1kb
clu_156593	2180	0.00205756032171582	1-5kb
clu_156595	1753	0.00282198391420912	1-5kb
clu_156596	812	0.00663506702412869	<1kb
clu_156603	4188	0.0659866756032172	1-5kb
clu_156619	3224	0.0103681501340483	1-5kb
clu_156621	1934	0.0191750402144772	1-5kb
clu_156624	1356	0.0476556300268096	1-5kb
clu_156625	861	0.0698498391420912	<1kb
clu_156627	4405	0.00389201072386059	1-5kb
clu_156641	2234	0.0855852815013405	1-5kb
clu_156647	1691	0.0105614477211796	1-5kb
clu_156649	720	0.0160005898123324	<1kb
clu_156651	732	0.0737030563002681	<1kb
clu_156652	896	0.0173174530831099	<1kb
clu_156655	1060	0.00478592493297587	1-5kb
clu_156656	279	0.0039528418230563	<1kb
clu_156657	1417	0.00324801608579088	1-5kb
clu_156658	1907	0.0362732975871314	1-5kb
clu_156673	2729	0.00751493297587131	1-5kb
clu_156677	365	0.0624312332439678	<1kb
clu_156681	1580	0.000237560321715818	1-5kb
clu_156696	1262	0.0178730831099196	1-5kb
clu_156697	1715	0.0200496782841823	1-5kb
clu_156710	2751	0.0459695978552279	1-5kb
clu_156711	80	0.026561528150134	<1kb
clu_156713	6950	0.0328967560321716	5-20kb
clu_156714	564	0.00871487935656837	<1kb
clu_156716	772	0.0174207238605898	<1kb
clu_156717	949	0.126410697050938	<1kb
clu_156718	1694	0.225701983914209	1-5kb
clu_156724	1215	0.0142074262734584	1-5kb
clu_156725	3691	0.0471323324396783	1-5kb
clu_156726	1850	0.0177929758713137	1-5kb
clu_156728	1553	0.0461914209115281	1-5kb
clu_156735	443	0.013313109919571	<1kb
clu_156736	280	0.0010469436997319	<1kb
clu_156739	413	0.0128145040214477	<1kb
clu_156746	1400	0.00490895442359249	1-5kb
clu_156755	29789	0.0120597050938338	20-50kb
clu_156756	1765	0.0341314477211796	1-5kb
clu_156757	6753	0.00878206434316354	5-20kb
clu_156763	8634	0.00175879356568365	5-20kb
clu_156765	1371	0.0219996514745308	1-5kb
clu_156784	476	0.00427627345844504	<1kb
clu_156785	227	0.00731101876675603	<1kb
clu_156786	96	0.0568649061662198	<1kb
clu_156788	231	0.0485890616621984	<1kb
clu_156793	4135	0.117292868632708	1-5kb
clu_156794	21071	0.0671833780160858	20-50kb
clu_156796	3681	0.0075341018766756	1-5kb
clu_156808	4309	0.0298779892761394	1-5kb
clu_156809	3959	0.002141581769437	1-5kb
clu_156810	2216	0.0228587399463807	1-5kb
clu_156812	480	0.0810743163538874	<1kb
clu_156813	482	0.01230581769437	<1kb
clu_156814	4850	0.00582501340482574	1-5kb
clu_156815	6085	0.0133554959785523	5-20kb
clu_156817	1382	0.00453235924932976	1-5kb
clu_156818	2426	0.0308369973190349	1-5kb
clu_156822	91	0.00545203753351206	<1kb
clu_156823	368	0.0067301072386059	<1kb
clu_156829	7928	0.000740214477211796	5-20kb
clu_156843	2440	0.189542868632708	1-5kb
clu_156844	2493	0.375350160857909	1-5kb
clu_156849	2592	0.0101424128686327	1-5kb
clu_156850	1548	0.0549284986595174	1-5kb
clu_156863	2219	0.304518686327078	1-5kb
clu_156869	1053	0.00365107238605898	1-5kb
clu_156898	1631	0.00335734584450402	1-5kb
clu_156913	6430	0.00796541554959786	5-20kb
clu_156916	7034	0.00223847184986595	5-20kb
clu_156918	5095	0.00579042895442359	5-20kb
clu_156930	2385	0.00101061662198391	1-5kb
clu_156937	1693	0.0404423592493298	1-5kb
clu_156938	945	0.0101599731903485	<1kb
clu_156939	3974	0.0795040750670241	1-5kb
clu_156941	4343	0.0453101072386059	1-5kb
clu_156944	9140	0.00338024128686327	5-20kb
clu_156946	66420	0.00683764075067024	>50kb
clu_156947	35968	0.000833083109919571	20-50kb
clu_156957	16581	0.115830697050938	5-20kb
clu_156959	1410	0.0780252278820375	1-5kb
clu_156963	3743	0.043408981233244	1-5kb
clu_156967	2254	0.0808890616621984	1-5kb
clu_156969	1793	0.0827538605898123	1-5kb
clu_156970	264	0.303910857908847	<1kb
clu_156976	2033	0.00287774798927614	1-5kb
clu_156978	1932	0.562586621983914	1-5kb
clu_156980	3746	0.518900214477212	1-5kb
clu_156981	1436	0.0278513136729223	1-5kb
clu_156984	10878	0.0140767292225201	5-20kb
clu_156992	1047	0.0133465147453083	1-5kb
clu_156993	29671	0.00479361930294906	20-50kb
clu_156994	12542	0.00542171581769437	5-20kb
clu_156996	23234	0.0457552815013405	20-50kb
clu_156998	61894	0.00165243967828418	>50kb
clu_157008	417	0.0187860857908847	<1kb
clu_157009	315	0.0156820375335121	<1kb
clu_157010	850	0.00829713136729223	<1kb
clu_157011	961	0.0164495442359249	<1kb
clu_157012	1697	0.0108019571045576	1-5kb
clu_157014	73	0.00956107238605898	<1kb
clu_157016	74	0.00239321715817694	<1kb
clu_157018	5982	0.257901072386059	5-20kb
clu_157021	234	0.0142997587131367	<1kb
clu_157022	158	0.0324654155495979	<1kb
clu_157023	4726	0.498702144772118	1-5kb
clu_157024	1464	0.0719199463806971	1-5kb
clu_157026	4805	0.110923538873995	1-5kb
clu_157027	823	0.00753981233243968	<1kb
clu_157039	21742	0.0145575335120643	20-50kb
clu_157040	12553	0.0284009383378016	5-20kb
clu_157041	369	0.0175658981233244	<1kb
clu_157043	2791	0.0115697587131367	1-5kb
clu_157044	1081	0.00391024128686327	1-5kb
clu_157045	7558	0.00536238605898123	5-20kb
clu_157063	878	0.0232827345844504	<1kb
clu_157064	80	0.0149529758713137	<1kb
clu_157068	100	0.0101583914209115	<1kb
clu_1572	148	0.140788445040214	<1kb
clu_1574	897	0.185641233243968	<1kb
clu_1580	76	0.00970117962466488	<1kb
clu_158023	2320	0.0159192493297587	1-5kb
clu_158024	3330	0.0255513136729223	1-5kb
clu_158025	981	0.0942572386058981	<1kb
clu_158040	1765	0.012528471849866	1-5kb
clu_158044	776	0.0720675871313673	<1kb
clu_158089	512	0.0053311528150134	<1kb
clu_158090	8342	0.0697061126005362	5-20kb
clu_158091	3032	0.177548203753351	1-5kb
clu_158095	782	0.00549761394101877	<1kb
clu_158096	125	0.0157327613941019	<1kb
clu_158098	1611	0.103858284182306	1-5kb
clu_158122	19801	0.0464187667560322	5-20kb
clu_158123	364	0.00668018766756032	<1kb
clu_158124	5553	0.0218486595174263	5-20kb
clu_158126	667	0.00424219839142091	<1kb
clu_158127	7698	0.146133163538874	5-20kb
clu_158128	1208	0.230324075067024	1-5kb
clu_158131	5683	0.0680523056300268	5-20kb
clu_158133	3480	0.0157393565683646	1-5kb
clu_158140	855	0.0121669705093834	<1kb
clu_158165	197	0.00947461126005362	<1kb
clu_158167	88	0.00593619302949062	<1kb
clu_158168	257	0.0209819839142091	<1kb
clu_158173	3419	0.00246343163538874	1-5kb
clu_158186	11131	0.096510563002681	5-20kb
clu_158187	6857	0.00866965147453083	5-20kb
clu_158191	701	0.00779412868632708	<1kb
clu_158192	1024	0.00334139410187668	1-5kb
clu_158193	483	0.0238097587131367	<1kb
clu_158196	5069	0.00742731903485255	5-20kb
clu_1582	87	0.0414847721179625	<1kb
clu_158202	7674	0.0140973190348525	5-20kb
clu_158204	2862	0.0125890080428954	1-5kb
clu_158205	1298	0.00414340482573727	1-5kb
clu_158207	8123	0.0376199463806971	5-20kb
clu_158214	3508	0.0070013672922252	1-5kb
clu_158218	420	0.181256621983914	<1kb
clu_158244	15274	0.0101394101876676	5-20kb
clu_158245	1624	0.00616796246648794	1-5kb
clu_158252	896	0.0128627077747989	<1kb
clu_158253	354	0.0335387667560322	<1kb
clu_158254	1979	0.0216569973190349	1-5kb
clu_158256	1029	0.026035764075067	1-5kb
clu_158259	902	0.166670697050938	<1kb
clu_1583	129	0.00877292225201072	<1kb
clu_158318	101	0.0026429490616622	<1kb
clu_158320	73	0.0183680428954424	<1kb
clu_158323	2144	0.00686812332439678	1-5kb
clu_158335	2830	0.0136029490616622	1-5kb
clu_158338	1491	0.565097345844504	1-5kb
clu_158339	2913	0.40116091152815	1-5kb
clu_158349	5339	0.00609412868632708	5-20kb
clu_158354	1488	0.190630536193029	1-5kb
clu_158362	1946	0.0151328954423592	1-5kb
clu_158374	13071	0.00461541554959786	5-20kb
clu_158396	2850	0.00583983914209115	1-5kb
clu_158397	3567	0.0409670241286863	1-5kb
clu_158398	7377	0.0337296514745308	5-20kb
clu_1584	199	0.173141286863271	<1kb
clu_158407	88	0.115469839142091	<1kb
clu_158417	2348	0.0163128954423593	1-5kb
clu_158418	4579	0.00225849865951743	1-5kb
clu_158420	524	0.00207820375335121	<1kb
clu_158425	2585	0.0128869436997319	1-5kb
clu_158431	248	0.0409636997319035	<1kb
clu_158437	6975	0.0389413672922252	5-20kb
clu_158438	18300	0.0268467560321716	5-20kb
clu_158442	1884	0.0204165951742627	1-5kb
clu_158446	2429	0.0150195174262735	1-5kb
clu_158448	1206	0.00605635388739946	1-5kb
clu_158449	6261	0.00809949061662198	5-20kb
clu_158450	364	0.00819099195710456	<1kb
clu_158452	1238	0.0159634852546917	1-5kb
clu_158456	693	0.108996219839142	<1kb
clu_158461	206	0.128461983914209	<1kb
clu_158463	799	0.0698418498659517	<1kb
clu_158465	3600	0.00647053619302949	1-5kb
clu_158479	80	0.0160170241286863	<1kb
clu_158485	310	0.0017013672922252	<1kb
clu_158487	2568	0.00304495978552279	1-5kb
clu_158488	1358	0.403687667560322	1-5kb
clu_158491	3381	0.0299195710455764	1-5kb
clu_158502	1415	0.0080257908847185	1-5kb
clu_158504	595	0.00871951742627346	<1kb
clu_158515	1411	0.0300284450402145	1-5kb
clu_158517	1265	0.165757211796247	1-5kb
clu_158530	759	0.0113702680965147	<1kb
clu_158533	12349	0.0347973726541555	5-20kb
clu_158534	1787	0.0152408042895442	1-5kb
clu_158535	12776	0.0377472117962466	5-20kb
clu_158545	44117	0.0304437533512064	20-50kb
clu_158549	39415	0.0322545844504021	20-50kb
clu_158581	3446	0.00464050938337802	1-5kb
clu_158587	5985	0.0036013672922252	5-20kb
clu_158591	137	0.00183308310991957	<1kb
clu_158611	827	0.00061970509383378	<1kb
clu_158622	3718	0.024029436997319	1-5kb
clu_158623	726	0.00426812332439678	<1kb
clu_158630	4494	0.0150633512064343	1-5kb
clu_158632	7811	0.0149670241286863	5-20kb
clu_158651	1008	0.0105134316353887	1-5kb
clu_158652	449	0.00406697050938338	<1kb
clu_158665	2413	0.0112250402144772	1-5kb
clu_158666	2218	0.0076211528150134	1-5kb
clu_158668	421	0.00162498659517426	<1kb
clu_158681	477	0.0191460589812332	<1kb
clu_158699	1872	0.00501123324396783	1-5kb
clu_158700	393	0.274425442359249	<1kb
clu_158701	4547	0.0986673190348525	1-5kb
clu_158702	2185	0.235962975871314	1-5kb
clu_158703	1023	0.176901152815013	1-5kb
clu_158706	4897	0.0755390348525469	1-5kb
clu_158707	23564	0.021503672922252	20-50kb
clu_158709	3074	0.0251224932975871	1-5kb
clu_158711	1185	0.00982573726541555	1-5kb
clu_158713	14600	0.0216867292225201	5-20kb
clu_158719	2990	0.0252944235924933	1-5kb
clu_158720	18809	0.320676085790885	5-20kb
clu_158725	1438	0.00560238605898123	1-5kb
clu_158726	3940	0.11617927613941	1-5kb
clu_158727	642	0.0669276675603217	<1kb
clu_158729	10512	0.17279345844504	5-20kb
clu_158747	285	0.0647898927613941	<1kb
clu_158748	1792	0.0151798391420912	1-5kb
clu_158750	118	0.00519077747989276	<1kb
clu_158752	295	0.00837045576407507	<1kb
clu_158753	574	0.0100297050938338	<1kb
clu_158755	3128	0.00927016085790885	1-5kb
clu_158765	4278	0.00694938337801609	1-5kb
clu_158771	2668	0.106330241286863	1-5kb
clu_158780	1002	0.000858793565683646	1-5kb
clu_158785	2477	0.0171712600536193	1-5kb
clu_158792	2435	0.00273554959785523	1-5kb
clu_158793	880	0.0240013672922252	<1kb
clu_158798	42306	0.0146115549597855	20-50kb
clu_158799	2955	0.0144238873994638	1-5kb
clu_158800	13399	0.019796273458445	5-20kb
clu_158808	1316	0.00233758713136729	1-5kb
clu_158810	3083	0.00403002680965147	1-5kb
clu_158813	6960	0.00732710455764075	5-20kb
clu_158814	454	0.00664477211796247	<1kb
clu_158815	501	0.0455992761394102	<1kb
clu_158817	222	0.00882176943699732	<1kb
clu_158818	3525	0.119675844504021	1-5kb
clu_158819	2068	0.0438634584450402	1-5kb
clu_158821	3108	0.0112285790884719	1-5kb
clu_158824	5048	0.0047370509383378	5-20kb
clu_158825	8429	0.00120611260053619	5-20kb
clu_158832	306	0.245014664879357	<1kb
clu_158833	1523	0.00150217158176944	1-5kb
clu_158835	411	0.0282998659517426	<1kb
clu_158836	1759	0.014804691689008	1-5kb
clu_158837	2713	0.00694235924932976	1-5kb
clu_158838	474	0.0109866487935657	<1kb
clu_158839	1707	0.0148014209115282	1-5kb
clu_158844	207	0.124893941018767	<1kb
clu_158867	1566	0.0111596514745308	1-5kb
clu_158871	3332	0.0682029758713137	1-5kb
clu_158873	11638	0.0138458981233244	5-20kb
clu_158884	1045	0.0465223860589812	1-5kb
clu_158887	1676	0.0139045308310992	1-5kb
clu_158888	614	0.00349530831099196	<1kb
clu_158892	95	0.00393260053619303	<1kb
clu_158893	3222	0.00796667560321716	1-5kb
clu_1589	10633	0.00160050938337802	5-20kb
clu_158927	6043	0.0024142091152815	5-20kb
clu_158950	950	0.0489724128686327	<1kb
clu_158985	2785	0.00624860589812332	1-5kb
clu_158986	1649	0.0144983109919571	1-5kb
clu_158993	16991	0.116897855227882	5-20kb
clu_158999	1174	0.00896675603217158	1-5kb
clu_159	190	0.344252064343164	<1kb
clu_1590	242	0.0631855495978552	<1kb
clu_159000	9576	0.0673113404825737	5-20kb
clu_159001	440	0.01615581769437	<1kb
clu_159002	301	0.0254073726541555	<1kb
clu_159003	18590	0.0159345844504021	5-20kb
clu_159008	112	0.011880563002681	<1kb
clu_159010	3214	0.113329839142091	1-5kb
clu_159031	153	0.0110420107238606	<1kb
clu_159032	1548	0.0990788739946381	1-5kb
clu_159034	1201	0.0116244504021448	1-5kb
clu_159049	1716	0.099781581769437	1-5kb
clu_159052	203	0.0324903485254692	<1kb
clu_159053	117	0.085386273458445	<1kb
clu_159064	86	0.0202938069705094	<1kb
clu_159067	665	0.0131975871313673	<1kb
clu_159068	114	0.00626919571045576	<1kb
clu_159070	618	0.00955581769436997	<1kb
clu_159071	417	0.00433756032171582	<1kb
clu_159073	115	0.00781436997319035	<1kb
clu_159076	111	0.00631796246648794	<1kb
clu_159077	168	0.0285773726541555	<1kb
clu_159079	359	0.0161708579088472	<1kb
clu_159080	1134	0.00469348525469169	1-5kb
clu_159082	823	0.0152951742627346	<1kb
clu_159086	373	0.0156708310991957	<1kb
clu_159087	337	0.00548868632707775	<1kb
clu_159088	127	0.0858780697050938	<1kb
clu_1591	10984	0.0843180965147453	5-20kb
clu_159100	98	0.00341935656836461	<1kb
clu_159102	71	0.00413142091152815	<1kb
clu_159108	83	0.0151083914209115	<1kb
clu_159109	95	0.00664919571045576	<1kb
clu_159113	435	0.00755361930294906	<1kb
clu_159116	68	0.0102778016085791	<1kb
clu_159117	71	0.0163833512064343	<1kb
clu_159120	304	0.0239354155495979	<1kb
clu_159122	84	0.0224220643431635	<1kb
clu_159123	274	0.144283592493298	<1kb
clu_159131	82	0.071257855227882	<1kb
clu_159132	466	0.0246104021447721	<1kb
clu_159133	619	0.690257774798928	<1kb
clu_159134	73	0.00688391420911528	<1kb
clu_159138	219	0.0430834316353887	<1kb
clu_159139	289	0.149183699731903	<1kb
clu_159140	311	0.00766372654155496	<1kb
clu_159141	451	0.479509222520107	<1kb
clu_159143	143	0.18496855227882	<1kb
clu_159144	759	0.0223345040214477	<1kb
clu_159145	386	0.0936276407506702	<1kb
clu_159148	114	0.00590630026809651	<1kb
clu_159149	73	0.023011581769437	<1kb
clu_1599	52782	0.00946257372654155	>50kb
clu_1600	76990	0.00970638069705094	>50kb
clu_1602	2252	0.00236455764075067	1-5kb
clu_1608	592	0.00618785522788204	<1kb
clu_1612	134	0.0714836461126005	<1kb
clu_1613	271	0.11731672922252	<1kb
clu_1616	3026	0.0761062466487936	1-5kb
clu_162	3825	0.012481072386059	1-5kb
clu_1620	1401	0.0167827077747989	1-5kb
clu_1621	8566	0.00162428954423592	5-20kb
clu_1623	1680	0.0231792225201072	1-5kb
clu_1624	158	0.0116682305630027	<1kb
clu_1629	1027	0.0688353619302949	1-5kb
clu_163	1342	0.000506461126005362	1-5kb
clu_1631	491	0.0248730831099196	<1kb
clu_1633	823	0.115876997319035	<1kb
clu_1636	211	0.00340493297587131	<1kb
clu_1642	3395	0.00337206434316354	1-5kb
clu_1649	44490	0.0422407774798928	20-50kb
clu_1652	10494	0.0125652815013405	5-20kb
clu_1653	4923	0.00302922252010724	1-5kb
clu_16656	97	0.00305678284182306	<1kb
clu_16657	1778	0.00511777479892761	1-5kb
clu_1666	1313	0.0334509115281501	1-5kb
clu_1667	800	0.00921048257372654	<1kb
clu_1668	114	0.024380509383378	<1kb
clu_16684	13106	0.00449316353887399	5-20kb
clu_16686	13729	0.0331035120643432	5-20kb
clu_16687	2569	0.024178418230563	1-5kb
clu_16688	5260	0.0398353351206434	5-20kb
clu_16689	1050	0.00705876675603217	1-5kb
clu_16694	598	0.000190670241286863	<1kb
clu_16698	5224	0.0415623056300268	5-20kb
clu_1671	1316	0.0147911528150134	1-5kb
clu_1672	13787	0.117240321715818	5-20kb
clu_16722	3596	0.00545517426273458	1-5kb
clu_16727	6687	0.0210812064343164	5-20kb
clu_16752	79	0.0185071849865952	<1kb
clu_16756	3635	0.00589825737265416	1-5kb
clu_16776	7663	0.0659259517426273	5-20kb
clu_16803	5773	0.00854364611260054	5-20kb
clu_16806	1219	0.00916067024128686	1-5kb
clu_16807	7419	0.0140583378016086	5-20kb
clu_16829	3314	0.0443884450402145	1-5kb
clu_1683	2345	0.0936824128686327	1-5kb
clu_16831	2048	0.113910134048257	1-5kb
clu_1684	1061	0.0208482037533512	1-5kb
clu_16861	5554	0.0312023592493298	5-20kb
clu_16862	14840	0.0203529222520107	5-20kb
clu_16868	2584	0.019320509383378	1-5kb
clu_16872	59405	0.087871581769437	>50kb
clu_16882	889	0.0862245844504021	<1kb
clu_16883	1003	0.189026246648794	1-5kb
clu_16884	1512	0.0142732171581769	1-5kb
clu_16908	63926	0.0178916890080429	>50kb
clu_16909	17237	0.0428450402144772	5-20kb
clu_16913	8905	0.00698225201072386	5-20kb
clu_16916	2468	0.037503726541555	1-5kb
clu_16917	720	0.00765193029490617	<1kb
clu_16919	311	0.0127752278820375	<1kb
clu_16928	241	0.00342576407506702	<1kb
clu_16930	443	0.0364137533512064	<1kb
clu_16931	246	0.00688560321715818	<1kb
clu_16932	576	0.0109083109919571	<1kb
clu_16939	385	0.617824343163539	<1kb
clu_16945	2117	0.0591589008042895	1-5kb
clu_16963	204	0.00603005361930295	<1kb
clu_16964	399	0.0036572654155496	<1kb
clu_16965	223	0.0105334316353887	<1kb
clu_16971	548	0.0633910991957105	<1kb
clu_16974	466	0.00545265415549598	<1kb
clu_16977	192	0.00464372654155496	<1kb
clu_16982	506	0.0368986327077748	<1kb
clu_16983	136	0.00151812332439678	<1kb
clu_16985	129	0.0156404289544236	<1kb
clu_16987	210	0.00265088471849866	<1kb
clu_16989	186	0.00476997319034853	<1kb
clu_1699	5676	0.00347592493297587	5-20kb
clu_16995	14350	0.0376433243967828	5-20kb
clu_16996	3581	0.0887665415549598	1-5kb
clu_16998	291	0.0125332975871314	<1kb
clu_17000	1148	0.0413705361930295	1-5kb
clu_17004	6144	0.00373605898123324	5-20kb
clu_17006	4323	0.00505203753351206	1-5kb
clu_17007	874	0.00118675603217158	<1kb
clu_1701	14231	0.0335460857908847	5-20kb
clu_17010	58084	0.0209999195710456	>50kb
clu_17012	37138	0.00722075067024129	20-50kb
clu_17013	83471	0.00325187667560322	>50kb
clu_17016	53475	0.00260260053619303	>50kb
clu_17017	39958	0.00524707774798928	20-50kb
clu_17022	3063	0.0402276139410188	1-5kb
clu_1703	4535	0.0038257908847185	1-5kb
clu_1704	2369	0.0024654691689008	1-5kb
clu_17041	1826	0.0182309919571046	1-5kb
clu_17042	5201	0.0112445844504021	5-20kb
clu_17045	4335	0.00168378016085791	1-5kb
clu_17047	5810	0.0266902680965147	5-20kb
clu_17048	737	0.00877672922252011	<1kb
clu_17057	1286	0.00509104557640751	1-5kb
clu_17060	2985	0.0301643163538874	1-5kb
clu_17061	6832	0.0227411528150134	5-20kb
clu_17064	22925	0.00374801608579088	20-50kb
clu_17068	5767	0.0254601608579088	5-20kb
clu_17074	23245	0.0296120375335121	20-50kb
clu_17075	15746	0.00671525469168901	5-20kb
clu_17080	5383	0.107360375335121	5-20kb
clu_17081	1171	0.00659	1-5kb
clu_17084	10651	0.00895855227882037	5-20kb
clu_17085	3070	0.0152557908847185	1-5kb
clu_17089	5569	0.166922064343164	5-20kb
clu_17092	3323	0.0903186595174263	1-5kb
clu_17100	611	0.0607686058981233	<1kb
clu_17107	1273	0.0119501072386059	1-5kb
clu_17113	531	0.0526882037533512	<1kb
clu_17114	2298	0.0101587399463807	1-5kb
clu_17118	18548	0.181826756032172	5-20kb
clu_17121	23884	0.00775554959785523	20-50kb
clu_17123	21475	0.00613895442359249	20-50kb
clu_17124	4645	0.0331379892761394	1-5kb
clu_17154	35002	0.0205564879356568	20-50kb
clu_17155	3167	0.0015328418230563	1-5kb
clu_17156	4693	0.00362412868632708	1-5kb
clu_17157	4301	0.0912065147453083	1-5kb
clu_17158	3698	0.0238173190348525	1-5kb
clu_1717	3871	0.0202749329758713	1-5kb
clu_17170	4549	0.0322241018766756	1-5kb
clu_17181	3710	0.0514072117962466	1-5kb
clu_17183	1260	0.0133168096514745	1-5kb
clu_17184	505	0.0432854959785523	<1kb
clu_17195	44310	0.0519354691689008	20-50kb
clu_17199	91	0.0170272654155496	<1kb
clu_17207	5213	0.024451018766756	5-20kb
clu_17208	39661	0.0598319839142091	20-50kb
clu_17226	75868	0.0344798391420912	>50kb
clu_17230	1565	0.0288190616621984	1-5kb
clu_17233	1037	0.00727801608579088	1-5kb
clu_17234	599	0.0175274530831099	<1kb
clu_17239	13175	0.0191658445040214	5-20kb
clu_17240	6362	0.0244659249329759	5-20kb
clu_17241	9891	0.176952868632708	5-20kb
clu_17244	30338	0.0218228954423592	20-50kb
clu_17261	7164	0.00983101876675603	5-20kb
clu_17262	11875	0.00547750670241287	5-20kb
clu_17266	1579	0.055457399463807	1-5kb
clu_17269	28268	0.00424796246648794	20-50kb
clu_17289	75690	0.0330141286863271	>50kb
clu_17308	565	0.0987633512064343	<1kb
clu_1731	32350	0.0101383646112601	20-50kb
clu_17316	17965	0.0563313672922252	5-20kb
clu_17317	3688	0.0207909919571046	1-5kb
clu_17318	1428	0.0225130831099196	1-5kb
clu_17319	621	0.00694619302949062	<1kb
clu_1732	78123	0.00127423592493298	>50kb
clu_17320	16930	0.0238249061662198	5-20kb
clu_17321	12730	0.00237302949061662	5-20kb
clu_17331	17373	0.00408670241286863	5-20kb
clu_17332	1877	0.0105999731903485	1-5kb
clu_17333	13312	0.00240268096514745	5-20kb
clu_17335	1907	0.0034387399463807	1-5kb
clu_17340	93	0.00225461126005362	<1kb
clu_17345	1526	0.0246748793565684	1-5kb
clu_17346	3704	0.0868546648793566	1-5kb
clu_17347	5104	0.15264053619303	5-20kb
clu_17348	6828	0.00902099195710456	5-20kb
clu_17349	3246	0.0310163002680965	1-5kb
clu_17358	2199	0.0842863806970509	1-5kb
clu_17362	77147	0.0774797050938338	>50kb
clu_17363	3169	0.0327524128686327	1-5kb
clu_17365	37322	0.193519865951743	20-50kb
clu_17367	40204	0.0176036193029491	20-50kb
clu_1737	21843	0.0223180697050938	20-50kb
clu_1738	6989	0.0689809383378016	5-20kb
clu_17389	4880	0.00623088471849866	1-5kb
clu_17390	6352	0.0111308579088472	5-20kb
clu_17391	537	0.0110082305630027	<1kb
clu_17394	8330	0.0462552815013405	5-20kb
clu_17398	35121	0.00268898123324397	20-50kb
clu_17404	1007	0.0249638337801609	1-5kb
clu_17408	3737	0.0216049597855228	1-5kb
clu_17409	444	0.0098597855227882	<1kb
clu_17411	255	0.0174049597855228	<1kb
clu_17413	2041	0.0330964075067024	1-5kb
clu_17414	6446	0.0104603753351206	5-20kb
clu_17418	1120	0.0133075871313673	1-5kb
clu_17422	13567	0.0706276407506702	5-20kb
clu_17425	3368	0.0385149865951743	1-5kb
clu_17426	1643	0.0217654959785523	1-5kb
clu_17431	1654	0.0407088471849866	1-5kb
clu_17433	81	0.0414720375335121	<1kb
clu_17436	96	0.0991779356568365	<1kb
clu_17447	25856	0.00239201072386059	20-50kb
clu_17452	844	0.0291598391420912	<1kb
clu_17453	40099	0.0404000804289544	20-50kb
clu_17460	68185	0.0126896514745308	>50kb
clu_17462	23527	0.0427898391420912	20-50kb
clu_17466	2665	0.0157818498659517	1-5kb
clu_17472	24529	0.0119819839142091	20-50kb
clu_17473	1395	0.0124140482573727	1-5kb
clu_17475	934	0.00140246648793566	<1kb
clu_17487	6417	0.041927855227882	5-20kb
clu_17494	5676	0.0445430563002681	5-20kb
clu_17495	2232	0.00354581769436997	1-5kb
clu_17499	1301	0.011338981233244	1-5kb
clu_17502	6561	0.0102743431635389	5-20kb
clu_17504	3235	0.00590222520107239	1-5kb
clu_17505	250	0.0414653351206434	<1kb
clu_17508	1317	0.0158289544235925	1-5kb
clu_17510	12469	0.159517694369973	5-20kb
clu_17512	12380	0.131143538873995	5-20kb
clu_17513	11629	0.082955254691689	5-20kb
clu_17518	5519	0.0444182305630027	5-20kb
clu_17524	16391	0.0356004021447721	5-20kb
clu_17528	2109	0.0597901876675603	1-5kb
clu_17529	3346	0.0297413941018767	1-5kb
clu_17558	1176	0.013023672922252	1-5kb
clu_17559	15575	0.0548838873994638	5-20kb
clu_1756	1754	0.0810664075067024	1-5kb
clu_17560	2675	0.0159916621983914	1-5kb
clu_17576	862	0.00354083109919571	<1kb
clu_17582	34338	0.109421742627346	20-50kb
clu_17588	754	0.184187399463807	<1kb
clu_17598	2051	0.00308353887399464	1-5kb
clu_17605	905	0.0320995442359249	<1kb
clu_17608	25137	0.0334242091152815	20-50kb
clu_17612	537	0.0541473726541555	<1kb
clu_17618	1814	0.000383646112600536	1-5kb
clu_17620	2212	0.000633753351206434	1-5kb
clu_17623	99	0.00931134048257373	<1kb
clu_17625	231	0.00369640750670241	<1kb
clu_17628	1061	0.119406246648794	1-5kb
clu_17632	116	0.0321307774798928	<1kb
clu_17633	182	0.00236233243967828	<1kb
clu_17635	331	0.0797579356568365	<1kb
clu_17641	225	0.0225591689008043	<1kb
clu_17644	339	0.0664410991957105	<1kb
clu_17648	100	0.0364613136729223	<1kb
clu_17660	3254	0.018514235924933	1-5kb
clu_17665	679	0.0101417962466488	<1kb
clu_17667	2078	0.00114597855227882	1-5kb
clu_17744	246	0.0514938337801609	<1kb
clu_17746	836	0.147556675603217	<1kb
clu_17747	5781	0.130260857908847	5-20kb
clu_17748	12276	0.275321876675603	5-20kb
clu_17755	2408	0.00929871313672922	1-5kb
clu_17757	172	0.0201652815013405	<1kb
clu_17759	744	0.0100433780160858	<1kb
clu_17765	2434	0.0685206970509383	1-5kb
clu_17766	279	0.0243042627345844	<1kb
clu_17768	753	0.0160617694369973	<1kb
clu_17769	855	0.0581012600536193	<1kb
clu_17770	461	0.00926565683646113	<1kb
clu_17771	1533	0.00526552278820375	1-5kb
clu_17772	419	0.0156790616621984	<1kb
clu_17776	7573	0.0734207238605898	5-20kb
clu_17778	6981	0.114742975871314	5-20kb
clu_17781	2886	0.0358221179624665	1-5kb
clu_17784	1431	0.00415603217158177	1-5kb
clu_17786	82	0.00383780160857909	<1kb
clu_17807	2431	0.0568492493297587	1-5kb
clu_1781	5532	0.019706836461126	5-20kb
clu_17853	3185	0.0774944235924933	1-5kb
clu_1790	2398	0.0109448793565684	1-5kb
clu_17918	810	0.170024691689008	<1kb
clu_17929	1407	0.00398983914209115	1-5kb
clu_17930	134	0.0253930294906166	<1kb
clu_1794	4861	0.0107056568364611	1-5kb
clu_17949	609	0.0023244235924933	<1kb
clu_17952	1284	0.00187018766756032	1-5kb
clu_17953	3791	0.0577938337801609	1-5kb
clu_17955	10571	0.0219454155495979	5-20kb
clu_17956	1803	0.14797745308311	1-5kb
clu_17957	382	0.0680633780160858	<1kb
clu_1796	6575	0.0176566487935657	5-20kb
clu_17963	577	0.0270078016085791	<1kb
clu_17964	7555	0.017704235924933	5-20kb
clu_17965	198	0.00825080428954424	<1kb
clu_17966	295	0.0123579356568365	<1kb
clu_17967	3417	0.134482520107239	1-5kb
clu_17969	15505	0.135558739946381	5-20kb
clu_17972	102	0.0505335656836461	<1kb
clu_17975	3365	0.0585944504021448	1-5kb
clu_1798	2109	0.00432203753351206	1-5kb
clu_17980	85	0.31377726541555	<1kb
clu_17990	1686	0.0508461126005362	1-5kb
clu_17998	1679	0.000812412868632708	1-5kb
clu_18002	5559	0.530565308310992	5-20kb
clu_18010	877	0.0246257372654155	<1kb
clu_18013	1287	0.758667426273458	1-5kb
clu_18014	2017	0.151507077747989	1-5kb
clu_1802	1726	0.0127678820375335	1-5kb
clu_18026	1267	0.0281706702412869	1-5kb
clu_18029	12645	0.008291581769437	5-20kb
clu_1803	594	0.0555201340482574	<1kb
clu_18035	6091	0.0282579624664879	5-20kb
clu_18037	1301	0.00787399463806971	1-5kb
clu_18038	3654	0.0274919034852547	1-5kb
clu_18040	262	0.00431991957104558	<1kb
clu_18041	4146	0.0636956836461126	1-5kb
clu_18044	10332	0.0338939946380697	5-20kb
clu_18047	735	0.0376523324396783	<1kb
clu_18048	5311	0.0172243699731903	5-20kb
clu_18055	1922	0.00938938337801608	1-5kb
clu_18062	4616	0.0117813672922252	1-5kb
clu_18065	397	0.0150772386058981	<1kb
clu_18067	3429	0.00445758713136729	1-5kb
clu_1807	3523	0.0166263002680965	1-5kb
clu_18071	278	7.11528150134048e-05	<1kb
clu_18074	2153	0.011901018766756	1-5kb
clu_18099	2374	0.00441415549597855	1-5kb
clu_1810	1313	0.0196267024128686	1-5kb
clu_18115	1862	0.044286890080429	1-5kb
clu_18116	3055	0.423829571045576	1-5kb
clu_18136	850	0.00773975871313673	<1kb
clu_18141	3098	0.00439911528150134	1-5kb
clu_18155	2116	0.0382872117962466	1-5kb
clu_1816	3016	0.00196731903485255	1-5kb
clu_1817	5119	0.0132448257372654	5-20kb
clu_18172	2635	0.00665348525469169	1-5kb
clu_18174	602	0.0437003753351206	<1kb
clu_18175	2017	0.00651656836461126	1-5kb
clu_18176	2500	0.0257985522788204	1-5kb
clu_18191	2737	0.066428927613941	1-5kb
clu_18195	3013	0.0177438337801609	1-5kb
clu_18196	9863	0.0290067024128686	5-20kb
clu_18207	345	0.162236890080429	<1kb
clu_18209	2121	0.0389793565683646	1-5kb
clu_18217	7060	0.0469385790884718	5-20kb
clu_18230	8834	0.10185418230563	5-20kb
clu_18236	35975	0.0387785254691689	20-50kb
clu_18239	43576	0.0432074798927614	20-50kb
clu_18241	25904	0.0042685254691689	20-50kb
clu_18257	3774	0.00999372654155496	1-5kb
clu_18258	4486	0.0160592225201072	1-5kb
clu_18259	80	0.00721876675603217	<1kb
clu_18275	8147	0.0580567828418231	5-20kb
clu_18276	6830	0.063150563002681	5-20kb
clu_18277	1570	0.118564477211796	1-5kb
clu_18278	4340	0.0745780160857909	1-5kb
clu_18279	5093	0.0415865147453083	5-20kb
clu_18284	85	0.00740611260053619	<1kb
clu_18286	161	0.00366600536193029	<1kb
clu_18288	1583	0.0134209919571046	1-5kb
clu_18289	4963	0.0220638069705094	1-5kb
clu_18290	388	0.131238793565684	<1kb
clu_18299	1256	0.00227667560321716	1-5kb
clu_18308	3328	0.405505764075067	1-5kb
clu_18309	5894	0.127579517426273	5-20kb
clu_18310	11087	0.0131017158176944	5-20kb
clu_18311	1125	0.011284235924933	1-5kb
clu_18320	347	0.0443467024128686	<1kb
clu_18321	330	0.0150413404825737	<1kb
clu_18333	2307	0.0204475335120643	1-5kb
clu_18334	231	0.00195487935656836	<1kb
clu_18335	2566	0.00638029490616622	1-5kb
clu_18340	6396	0.0990218498659517	5-20kb
clu_18341	186	0.000600107238605898	<1kb
clu_18353	4964	0.127414852546917	1-5kb
clu_18360	266	0.0375327613941019	<1kb
clu_18361	14835	0.0172074262734584	5-20kb
clu_18362	5757	0.126773404825737	5-20kb
clu_18377	3106	0.0167713672922252	1-5kb
clu_1838	27924	0.00245439678284182	20-50kb
clu_18387	3497	0.00688187667560322	1-5kb
clu_18388	7354	0.139436782841823	5-20kb
clu_18393	1376	0.00140879356568365	1-5kb
clu_18402	3552	0.00462592493297587	1-5kb
clu_18450	6013	0.541955469168901	5-20kb
clu_18451	6367	0.0456645576407507	5-20kb
clu_18454	1044	0.0195170509383378	1-5kb
clu_18460	3755	0.0105999195710456	1-5kb
clu_18462	739	0.0272017426273458	<1kb
clu_18465	836	0.878260750670241	<1kb
clu_18467	546	0.0124271045576408	<1kb
clu_18470	1057	0.00497391420911528	1-5kb
clu_18471	2893	0.0137868632707775	1-5kb
clu_18473	174	0.00162214477211796	<1kb
clu_18478	84	0.00448879356568365	<1kb
clu_18481	87	0.0309828418230563	<1kb
clu_18487	209	0.0117389544235925	<1kb
clu_185	992	0.00592461126005362	<1kb
clu_18505	2141	0.0109485522788204	1-5kb
clu_18516	1426	0.215884638069705	1-5kb
clu_18544	40579	0.0157848525469169	20-50kb
clu_18546	3549	0.14106235924933	1-5kb
clu_18547	1589	0.381300509383378	1-5kb
clu_18557	134	0.00331991957104558	<1kb
clu_18558	96	0.00887168900804289	<1kb
clu_18563	16477	0.0299867560321716	5-20kb
clu_18564	3888	0.0328123324396783	1-5kb
clu_18565	6256	0.0390769705093834	5-20kb
clu_18567	29108	0.0283495978552279	20-50kb
clu_18569	2434	0.0254468632707775	1-5kb
clu_18570	6229	0.00465093833780161	5-20kb
clu_18571	7857	0.0075943163538874	5-20kb
clu_18580	298	0.211896219839142	<1kb
clu_18581	6340	0.20653764075067	5-20kb
clu_18587	27068	0.00757490616621984	20-50kb
clu_18588	24313	0.00464407506702413	20-50kb
clu_18589	765	0.0016855764075067	<1kb
clu_18590	43605	0.00291785522788204	20-50kb
clu_18591	7106	0.00890184986595174	5-20kb
clu_18592	1388	0.00526150134048257	1-5kb
clu_18593	46478	0.00132206434316354	20-50kb
clu_18596	50330	0.00564455764075067	>50kb
clu_18597	37043	0.00583608579088472	20-50kb
clu_18598	67647	0.00133230563002681	>50kb
clu_186	1354	0.0712065147453083	1-5kb
clu_18600	64464	0.00886235924932976	>50kb
clu_18610	3281	0.136884209115282	1-5kb
clu_18611	54451	0.0315572922252011	>50kb
clu_18615	1054	0.0173338873994638	1-5kb
clu_18620	2734	0.0813210455764075	1-5kb
clu_18627	10256	0.031473726541555	5-20kb
clu_18628	1303	0.0163581501340483	1-5kb
clu_18651	44417	0.0316567024128686	20-50kb
clu_18652	2909	0.0344774798927614	1-5kb
clu_18662	5741	0.0274782305630027	5-20kb
clu_18665	1777	0.0577320643431635	1-5kb
clu_18667	1140	0.00599766756032172	1-5kb
clu_18670	784	0.00391731903485255	<1kb
clu_18671	1879	0.0361000804289544	1-5kb
clu_18672	89	0.0097360053619303	<1kb
clu_18673	954	0.0193547989276139	<1kb
clu_18694	6881	0.907310670241287	5-20kb
clu_18695	1508	0.00750798927613941	1-5kb
clu_187	1049	0.00123107238605898	1-5kb
clu_18720	25686	0.0692199195710456	20-50kb
clu_18722	109	0.296128337801609	<1kb
clu_18723	3456	0.0308268096514745	1-5kb
clu_18724	2128	0.313403029490617	1-5kb
clu_18731	3761	0.00908069705093834	1-5kb
clu_18733	1774	0.0391675603217158	1-5kb
clu_18739	5703	0.0418510455764075	5-20kb
clu_18759	1867	0.00177997319034853	1-5kb
clu_18760	3544	0.0128602412868633	1-5kb
clu_18761	1632	0.00233386058981233	1-5kb
clu_18766	42550	0.00420340482573727	20-50kb
clu_18767	23725	0.0211185522788204	20-50kb
clu_18768	3790	0.00187536193029491	1-5kb
clu_18770	2402	0.00170563002680965	1-5kb
clu_18772	3302	0.0184652815013405	1-5kb
clu_18788	47613	0.0191075067024129	20-50kb
clu_188	142	0.132746327077748	<1kb
clu_18804	778	0.0395694638069705	<1kb
clu_18810	3415	0.0384304289544236	1-5kb
clu_18811	887	0.0463790080428954	<1kb
clu_18828	6340	0.039898981233244	5-20kb
clu_18829	6206	0.0172025469168901	5-20kb
clu_18833	758	0.101420375335121	<1kb
clu_18834	245	0.0403044235924933	<1kb
clu_1885	1046	0.247612627345845	1-5kb
clu_1887	11763	0.0124002144772118	5-20kb
clu_18874	18946	0.0256718766756032	5-20kb
clu_18875	1108	0.0318793029490617	1-5kb
clu_18876	5103	0.00494683646112601	5-20kb
clu_18882	379	0.0426993029490617	<1kb
clu_18884	5067	0.270067560321716	5-20kb
clu_18886	4757	0.00496477211796247	1-5kb
clu_18887	1036	0.00668533512064343	1-5kb
clu_18889	11552	0.0528201876675603	5-20kb
clu_1889	1160	0.00596131367292225	1-5kb
clu_18892	497	0.00115932975871314	<1kb
clu_18896	3029	0.0453704021447721	1-5kb
clu_18897	21066	0.0107176407506702	20-50kb
clu_1890	5056	0.016838418230563	5-20kb
clu_18900	511	0.017584235924933	<1kb
clu_18903	121	0.0310311796246649	<1kb
clu_18911	290	0.0079214745308311	<1kb
clu_18912	1908	0.0516764611260054	1-5kb
clu_18913	15453	0.0488439410187668	5-20kb
clu_18914	2780	0.0137417158176944	1-5kb
clu_18944	78614	0.012264745308311	>50kb
clu_1895	16982	0.0394292493297587	5-20kb
clu_18958	899	0.11232109919571	<1kb
clu_18966	27190	0.200105764075067	20-50kb
clu_18967	3360	0.01855581769437	1-5kb
clu_18968	388	0.00470595174262735	<1kb
clu_18969	6832	0.00687683646112601	5-20kb
clu_18981	1370	0.0124817962466488	1-5kb
clu_18984	2379	0.00338498659517426	1-5kb
clu_1899	4845	0.0233920107238606	1-5kb
clu_18993	3212	0.035235764075067	1-5kb
clu_19018	1720	0.0250402680965147	1-5kb
clu_19020	4901	0.259804584450402	1-5kb
clu_19035	73599	0.00606042895442359	>50kb
clu_1904	7202	0.0187281501340483	5-20kb
clu_19041	92	0.0194407774798928	<1kb
clu_19042	7332	0.0144465951742627	5-20kb
clu_19043	91	0.0105285790884718	<1kb
clu_19045	366	0.0149738605898123	<1kb
clu_19048	10880	0.0173362466487936	5-20kb
clu_19056	828	0.00999037533512064	<1kb
clu_19060	3873	0.047238981233244	1-5kb
clu_19062	2170	0.146629034852547	1-5kb
clu_19063	79	0.0316880428954424	<1kb
clu_19069	1391	0.0173407774798928	1-5kb
clu_19075	1011	0.00498764075067024	1-5kb
clu_19078	3020	0.00776144772117963	1-5kb
clu_19079	17884	0.0169984986595174	5-20kb
clu_19085	4847	0.00951664879356568	1-5kb
clu_19086	1444	0.0471509383378016	1-5kb
clu_19087	1706	0.00354927613941019	1-5kb
clu_19091	2707	0.0225655764075067	1-5kb
clu_19107	440	0.0147642091152815	<1kb
clu_19141	2394	0.0175883914209115	1-5kb
clu_19142	636	0.0328472386058981	<1kb
clu_19146	1170	0.00188498659517426	1-5kb
clu_19149	988	0.779995120643432	<1kb
clu_19150	8653	0.131190321715818	5-20kb
clu_19151	239	0.378285442359249	<1kb
clu_19158	1161	0.00802134048257373	1-5kb
clu_19159	8614	0.0231689544235925	5-20kb
clu_19162	2320	0.0558470241286863	1-5kb
clu_1917	3712	0.295581554959785	1-5kb
clu_19174	9797	0.050006836461126	5-20kb
clu_19178	4838	0.00839833780160858	1-5kb
clu_1918	2002	0.00130474530831099	1-5kb
clu_19181	10702	0.0840785254691689	5-20kb
clu_1919	3044	0.0440318230563003	1-5kb
clu_19214	1711	0.163282305630027	1-5kb
clu_19216	1302	0.020156273458445	1-5kb
clu_1923	4372	0.0140071581769437	1-5kb
clu_19230	6562	0.0650436193029491	5-20kb
clu_19232	2468	0.365573163538874	1-5kb
clu_19233	5949	0.56442308310992	5-20kb
clu_19234	10964	0.444508445040214	5-20kb
clu_19237	908	0.241971796246649	<1kb
clu_1924	2609	0.00587238605898123	1-5kb
clu_19240	95	0.104285924932976	<1kb
clu_19243	293	0.0228283914209115	<1kb
clu_19247	634	0.094896836461126	<1kb
clu_19257	3019	0.0052529490616622	1-5kb
clu_19258	1804	0.0487209383378016	1-5kb
clu_19266	4583	0.0512974530831099	1-5kb
clu_19270	7987	0.0329897319034853	5-20kb
clu_19277	1855	0.0263287667560322	1-5kb
clu_19278	1685	0.00203096514745308	1-5kb
clu_19282	10827	0.153399115281501	5-20kb
clu_19283	2882	0.00627560321715818	1-5kb
clu_19284	4249	0.00907297587131367	1-5kb
clu_19286	10596	0.0225561126005362	5-20kb
clu_19287	2892	0.00234193029490617	1-5kb
clu_19290	886	0.0762381769436997	<1kb
clu_19294	1873	0.0349798123324397	1-5kb
clu_19297	3931	0.0373816621983914	1-5kb
clu_19303	4348	0.109658847184987	1-5kb
clu_19304	667	0.0196098123324397	<1kb
clu_19305	1541	0.00986868632707775	1-5kb
clu_19306	2327	0.0477526273458445	1-5kb
clu_19311	46029	0.0114773726541555	20-50kb
clu_19312	3164	0.0220510991957105	1-5kb
clu_19324	2772	0.0272191689008043	1-5kb
clu_19325	1064	0.0282117158176944	1-5kb
clu_19328	25329	0.268560348525469	20-50kb
clu_19330	817	0.0707302144772118	<1kb
clu_19334	15059	0.145122117962466	5-20kb
clu_19365	859	0.0546081501340483	<1kb
clu_19366	5824	0.0420597855227882	5-20kb
clu_19367	38245	0.0860462466487936	20-50kb
clu_19368	13163	0.128870670241287	5-20kb
clu_19369	10661	0.0214134048257373	5-20kb
clu_19370	809	0.00608772117962466	<1kb
clu_19371	5536	0.0208183378016086	5-20kb
clu_19399	15336	0.273652707774799	5-20kb
clu_19425	2620	0.00634077747989276	1-5kb
clu_19428	12335	0.00435227882037533	5-20kb
clu_19430	1668	0.0182428954423592	1-5kb
clu_19437	2050	0.0463482037533512	1-5kb
clu_19438	19258	0.0210936461126005	5-20kb
clu_19445	2795	0.0215939410187668	1-5kb
clu_19446	7222	0.0413302680965147	5-20kb
clu_19452	1561	0.0058013672922252	1-5kb
clu_19453	1812	0.00710032171581769	1-5kb
clu_19459	2000	0.0130380160857909	1-5kb
clu_19529	7041	0.0173683378016086	5-20kb
clu_1954	3469	0.00174560321715818	1-5kb
clu_19541	2152	0.017963109919571	1-5kb
clu_1955	11468	0.0301578284182306	5-20kb
clu_19557	3991	0.00239383378016086	1-5kb
clu_19559	4438	0.00361351206434316	1-5kb
clu_19560	1309	5.0402144772118e-05	1-5kb
clu_19573	941	0.498520455764075	<1kb
clu_19576	101	0.21932745308311	<1kb
clu_19578	429	0.056197855227882	<1kb
clu_19582	589	0.252281742627346	<1kb
clu_19585	5501	0.0233174798927614	5-20kb
clu_19587	1020	0.00584383378016086	1-5kb
clu_1959	1222	0.62806273458445	1-5kb
clu_19592	1406	0.0173373726541555	1-5kb
clu_19594	629	0.00195217158176944	<1kb
clu_1960	1554	0.00309656836461126	1-5kb
clu_1961	1227	0.243010026809651	1-5kb
clu_19611	11582	0.0463324128686327	5-20kb
clu_19612	2230	0.100824530831099	1-5kb
clu_19613	1525	0.00534002680965147	1-5kb
clu_19629	2889	0.0226641286863271	1-5kb
clu_1963	1777	0.0319243431635389	1-5kb
clu_19631	163	0.0420009651474531	<1kb
clu_19633	3468	0.0986722520107239	1-5kb
clu_19634	982	0.0530237533512064	<1kb
clu_19635	289	0.112917131367292	<1kb
clu_19641	600	0.0133757908847185	<1kb
clu_19647	379	0.013960509383378	<1kb
clu_19649	771	0.00886576407506702	<1kb
clu_19652	1557	0.00911107238605898	1-5kb
clu_19654	398	0.0171420107238606	<1kb
clu_19655	464	0.0109332975871314	<1kb
clu_19665	1052	0.0153899195710456	1-5kb
clu_19666	7560	0.0169982573726542	5-20kb
clu_19677	219	0.00783134048257373	<1kb
clu_19679	189	0.0240697855227882	<1kb
clu_19680	537	0.0112718230563003	<1kb
clu_19682	571	0.0322929758713137	<1kb
clu_19683	168	0.0418317158176944	<1kb
clu_19685	126	0.00211919571045576	<1kb
clu_19687	679	0.0256587399463807	<1kb
clu_19688	775	0.00294184986595174	<1kb
clu_19689	203	0.00716080428954424	<1kb
clu_19693	271	0.0194053619302949	<1kb
clu_19694	159	0.0645951474530831	<1kb
clu_19704	3054	0.0320084986595174	1-5kb
clu_19705	200	0.0120733243967828	<1kb
clu_19707	129	0.015839490616622	<1kb
clu_19712	2063	0.0312365951742627	1-5kb
clu_19715	233	0.00654857908847185	<1kb
clu_19716	547	0.0184269973190349	<1kb
clu_19719	49746	0.331253592493298	20-50kb
clu_19720	2997	0.00240203753351206	1-5kb
clu_19732	1672	0.00389289544235925	1-5kb
clu_19735	6809	0.00642176943699732	5-20kb
clu_19737	1882	0.24764345844504	1-5kb
clu_19744	24976	0.105509651474531	20-50kb
clu_19745	39474	0.0196555764075067	20-50kb
clu_19747	81079	0.00816088471849866	>50kb
clu_19748	73154	0.187150160857909	>50kb
clu_1976	17979	0.0522702949061662	5-20kb
clu_19761	2148	0.0682353619302949	1-5kb
clu_19769	2239	0.0843631903485255	1-5kb
clu_19777	2304	0.156692010723861	1-5kb
clu_19781	2357	0.552507211796247	1-5kb
clu_19786	127	0.142834396782842	<1kb
clu_19787	837	0.037825764075067	<1kb
clu_19788	1572	0.000924504021447721	1-5kb
clu_19789	15296	0.00877418230563003	5-20kb
clu_19790	18958	0.0040898927613941	5-20kb
clu_19793	14965	0.00201343163538874	5-20kb
clu_19794	1599	0.00610731903485255	1-5kb
clu_19797	1466	0.133249490616622	1-5kb
clu_198	14229	0.0656712332439678	5-20kb
clu_19802	11179	0.0380257908847185	5-20kb
clu_19803	3022	0.00159345844504021	1-5kb
clu_19804	1975	0.0274313941018767	1-5kb
clu_19805	2012	0.0410949597855228	1-5kb
clu_19807	2081	0.00676530831099196	1-5kb
clu_19808	703	0.0973734048257373	<1kb
clu_19809	990	0.00793975871313673	<1kb
clu_19811	9210	0.0336918498659517	5-20kb
clu_19814	1285	0.0192323056300268	1-5kb
clu_19817	302	0.039579436997319	<1kb
clu_1982	1097	0.0148293565683646	1-5kb
clu_19820	25271	0.00546466487935657	20-50kb
clu_19821	410	0.00828930294906166	<1kb
clu_19822	11006	0.0134200804289544	5-20kb
clu_19823	2150	0.0019802144772118	1-5kb
clu_19826	4530	0.0258171045576407	1-5kb
clu_19828	28100	0.0125659517426273	20-50kb
clu_19830	3639	0.00586013404825737	1-5kb
clu_19834	1048	0.000618954423592493	1-5kb
clu_19858	3203	0.011176890080429	1-5kb
clu_19862	9219	0.0280972922252011	5-20kb
clu_19870	2596	0.000728766756032172	1-5kb
clu_19874	2454	0.00612329758713137	1-5kb
clu_19875	8522	0.00292632707774799	5-20kb
clu_1988	3777	0.0324719034852547	1-5kb
clu_19881	42897	0.00768394101876676	20-50kb
clu_19883	46693	0.0855701072386059	20-50kb
clu_19887	594	0.0857723592493298	<1kb
clu_1989	2394	0.0586759517426273	1-5kb
clu_19895	1353	0.000159195710455764	1-5kb
clu_19897	31665	0.00512104557640751	20-50kb
clu_199	1146	0.0186552278820375	1-5kb
clu_19901	7140	0.00685412868632708	5-20kb
clu_19910	1157	0.00240378016085791	1-5kb
clu_19915	3487	0.00785707774798928	1-5kb
clu_19918	1880	0.0246883109919571	1-5kb
clu_19926	6934	0.0101513404825737	5-20kb
clu_19927	756	0.00949042895442359	<1kb
clu_1993	5421	0.00674316353887399	5-20kb
clu_19931	7100	0.0723064075067024	5-20kb
clu_19932	1774	0.00810163538873995	1-5kb
clu_19936	2035	0.0442296782841823	1-5kb
clu_19937	43896	0.0830102680965147	20-50kb
clu_19938	3507	0.0323190080428954	1-5kb
clu_19939	284	0.0056556836461126	<1kb
clu_1994	1542	0.132610107238606	1-5kb
clu_19941	1290	0.125755013404826	1-5kb
clu_19943	605	0.00961184986595174	<1kb
clu_19945	2702	0.00290394101876676	1-5kb
clu_19947	302	0.0297530294906166	<1kb
clu_19948	1428	0.00817104557640751	1-5kb
clu_1996	886	0.0555216890080429	<1kb
clu_19969	1084	0.00284233243967828	1-5kb
clu_19974	39733	0.0206465415549598	20-50kb
clu_19977	3876	0.0179049329758713	1-5kb
clu_19978	2397	0.0614238873994638	1-5kb
clu_19979	667	0.106193967828418	<1kb
clu_19980	4959	0.01154	1-5kb
clu_19993	34165	0.458933512064343	20-50kb
clu_19995	5347	0.0206649865951743	5-20kb
clu_19996	3213	0.015611072386059	1-5kb
clu_19997	1131	0.0309539410187668	1-5kb
clu_19998	1038	0.0157325201072386	1-5kb
clu_20007	1288	0.0301848257372654	1-5kb
clu_20012	8328	0.0303427077747989	5-20kb
clu_20026	2154	0.0923827345844504	1-5kb
clu_20027	3308	0.0128191420911528	1-5kb
clu_20029	221	0.00209458445040214	<1kb
clu_20030	924	0.00654994638069705	<1kb
clu_20031	2290	0.0268856568364611	1-5kb
clu_20032	921	0.0953661126005362	<1kb
clu_20057	4202	0.000789249329758713	1-5kb
clu_20059	663	0.00391227882037534	<1kb
clu_20060	3339	0.000855871313672922	1-5kb
clu_20062	4804	0.11528981233244	1-5kb
clu_20064	8233	0.0175551742627346	5-20kb
clu_20065	9012	0.0295796246648794	5-20kb
clu_20066	762	0.0180598123324397	<1kb
clu_20068	30537	0.0842308042895442	20-50kb
clu_20073	2383	0.0472627882037534	1-5kb
clu_20080	5630	0.0353449329758713	5-20kb
clu_20090	2550	0.468164557640751	1-5kb
clu_20091	1994	0.0119431903485255	1-5kb
clu_20092	489	0.00581099195710456	<1kb
clu_20093	135	0.0196908042895442	<1kb
clu_20097	1047	0.119361769436997	1-5kb
clu_20098	893	0.126114209115282	<1kb
clu_20099	951	0.157363565683646	<1kb
clu_2030	180	0.00369517426273458	<1kb
clu_2051	5865	0.0788689544235925	5-20kb
clu_206	10934	0.0617117694369973	5-20kb
clu_2063	3641	0.00289718498659517	1-5kb
clu_2064	10196	0.00612804289544236	5-20kb
clu_2066	691	0.00641308310991957	<1kb
clu_2070	5496	0.00509378016085791	5-20kb
clu_2072	34417	0.211571313672922	20-50kb
clu_2073	2768	0.0104684986595174	1-5kb
clu_2074	7284	0.0130666756032172	5-20kb
clu_2079	1279	0.0346907506702413	1-5kb
clu_2111	26097	0.0548665147453083	20-50kb
clu_2113	22346	0.096577345844504	20-50kb
clu_2114	89284	0.0122060053619303	>50kb
clu_2121	2337	0.0259234584450402	1-5kb
clu_2123	5008	0.00664227882037534	5-20kb
clu_2125	775	0.015884691689008	<1kb
clu_2126	796	0.0144792225201072	<1kb
clu_2127	3761	0.00591756032171582	1-5kb
clu_214	14071	0.00431965147453083	5-20kb
clu_2143	2386	0.0113536997319035	1-5kb
clu_2146	2810	0.00557308310991957	1-5kb
clu_2147	2873	0.00690316353887399	1-5kb
clu_2148	9418	0.0388267024128686	5-20kb
clu_2151	4061	0.00344932975871314	1-5kb
clu_2152	4254	0.0159905898123324	1-5kb
clu_2153	2507	0.0410608579088472	1-5kb
clu_2154	482	0.0529690884718499	<1kb
clu_2155	3403	0.0641669973190349	1-5kb
clu_2157	3739	0.133162010723861	1-5kb
clu_2158	2919	0.183286756032172	1-5kb
clu_2159	1720	0.0188170509383378	1-5kb
clu_2161	1475	0.0527414477211796	1-5kb
clu_2165	5815	0.00393428954423593	5-20kb
clu_2167	7042	0.0150430831099196	5-20kb
clu_2185	6131	0.0238599463806971	5-20kb
clu_2189	2563	0.0124908310991957	1-5kb
clu_219	837	0.0088743163538874	<1kb
clu_220	1127	0.00143067024128686	1-5kb
clu_2201	98	0.11864672922252	<1kb
clu_2212	413	0.759621233243968	<1kb
clu_2216	22973	0.0203011260053619	20-50kb
clu_222	1011	0.00360490616621984	1-5kb
clu_2220	21664	0.032487908847185	20-50kb
clu_2223	343	0.00535892761394102	<1kb
clu_2224	2094	0.00585176943699732	1-5kb
clu_2233	4802	0.0204200804289544	1-5kb
clu_2235	5519	0.088120509383378	5-20kb
clu_2237	11592	0.0859664611260054	5-20kb
clu_2238	277	0.00858428954423593	<1kb
clu_2243	298	0.0998127613941019	<1kb
clu_2245	1527	0.0111573726541555	1-5kb
clu_2246	633	0.0179055764075067	<1kb
clu_2247	7911	0.00773235924932976	5-20kb
clu_2266	10180	0.0187791152815013	5-20kb
clu_2267	1424	0.0140067828418231	1-5kb
clu_2269	3850	0.0105642627345845	1-5kb
clu_22743	978	0.0258434048257373	<1kb
clu_22748	11666	0.39015018766756	5-20kb
clu_22749	2647	0.00439018766756032	1-5kb
clu_2275	1722	0.105640107238606	1-5kb
clu_22750	1658	0.119452332439678	1-5kb
clu_22774	2714	0.00266764075067024	1-5kb
clu_22775	43050	0.00597734584450402	20-50kb
clu_22776	80561	0.00302903485254692	>50kb
clu_22777	23014	0.00587104557640751	20-50kb
clu_22779	12863	0.0037098927613941	5-20kb
clu_22784	2059	0.0123223860589812	1-5kb
clu_22785	333	0.0318014745308311	<1kb
clu_22789	1228	0.0166497319034853	1-5kb
clu_22798	9500	0.00839806970509383	5-20kb
clu_22799	1443	0.19928908847185	1-5kb
clu_22828	6025	0.0187901340482574	5-20kb
clu_22831	1447	0.0864663806970509	1-5kb
clu_22836	34470	0.0187469973190349	20-50kb
clu_22837	543	0.00661731903485255	<1kb
clu_22838	4063	0.0311671045576408	1-5kb
clu_22839	1772	0.0199010455764075	1-5kb
clu_22844	1932	0.0468075603217158	1-5kb
clu_22846	38643	0.00693080428954424	20-50kb
clu_22850	6945	0.0216238069705094	5-20kb
clu_22857	93	0.000456166219839142	<1kb
clu_22859	283	0.0161286863270777	<1kb
clu_2286	3865	0.0533404557640751	1-5kb
clu_22861	37008	0.0361330026809651	20-50kb
clu_22862	3194	0.00402702412868633	1-5kb
clu_22866	2497	0.0217901072386059	1-5kb
clu_22891	1103	0.00937809651474531	1-5kb
clu_22892	2237	0.0229117158176944	1-5kb
clu_2290	634	0.0212815013404826	<1kb
clu_22902	28369	0.00523235924932976	20-50kb
clu_22906	15449	0.0112557372654155	5-20kb
clu_22939	8283	0.0169839678284182	5-20kb
clu_22940	4673	0.00667016085790885	1-5kb
clu_22941	11388	0.00242455764075067	5-20kb
clu_22946	6107	0.0700895710455764	5-20kb
clu_22947	1020	0.00578611260053619	1-5kb
clu_22948	2716	0.00483522788203753	1-5kb
clu_22950	1030	0.0101498659517426	1-5kb
clu_2296	1465	0.104572171581769	1-5kb
clu_22961	2994	0.27943691689008	1-5kb
clu_22962	328	0.0140934316353887	<1kb
clu_22964	873	0.025081581769437	<1kb
clu_22968	3357	0.0400217158176944	1-5kb
clu_22969	3946	0.0400621715817694	1-5kb
clu_22972	6575	0.0437408847184987	5-20kb
clu_22975	3087	0.0340239678284182	1-5kb
clu_22979	10398	0.0133269705093834	5-20kb
clu_22985	2072	0.00745957104557641	1-5kb
clu_22987	111	0.00802155495978552	<1kb
clu_22989	572	0.0257715013404826	<1kb
clu_22990	8664	0.14079327077748	5-20kb
clu_22991	23218	0.0178406702412869	20-50kb
clu_22999	2320	0.00853361930294906	1-5kb
clu_23005	2091	0.0164455495978552	1-5kb
clu_23007	4107	0.0285474530831099	1-5kb
clu_23011	11992	0.0623280160857909	5-20kb
clu_23012	9244	0.0385665951742627	5-20kb
clu_23013	5279	0.215836836461126	5-20kb
clu_23023	5616	0.00341914209115281	5-20kb
clu_23024	1178	0.0107270777479893	1-5kb
clu_23025	1853	0.0720575335120643	1-5kb
clu_23026	1480	0.055471072386059	1-5kb
clu_23029	2939	0.148900268096515	1-5kb
clu_23030	596	0.00459670241286863	<1kb
clu_23036	8928	0.0577654155495979	5-20kb
clu_23037	997	0.322552198391421	<1kb
clu_23046	2547	0.00838040214477212	1-5kb
clu_23047	1980	0.0253734048257373	1-5kb
clu_23050	169	0.0045111528150134	<1kb
clu_23051	586	0.00265225201072386	<1kb
clu_23052	30185	0.14915600536193	20-50kb
clu_23054	3645	0.227317560321716	1-5kb
clu_23055	5430	0.713635040214477	5-20kb
clu_23057	4524	0.49281672922252	1-5kb
clu_23060	1110	0.0278918230563003	1-5kb
clu_23061	1086	0.03799	1-5kb
clu_23067	432	0.044110509383378	<1kb
clu_23068	26688	0.0893963538873995	20-50kb
clu_23069	6897	0.0323582305630027	5-20kb
clu_23072	27664	0.0586036193029491	20-50kb
clu_23074	823	0.018007399463807	<1kb
clu_23081	45240	0.162464664879357	20-50kb
clu_23083	20849	0.0158665951742627	20-50kb
clu_23095	21725	0.124039892761394	20-50kb
clu_23099	97	0.00215847184986595	<1kb
clu_23143	147	0.00581364611260054	<1kb
clu_23144	200	0.0283921715817694	<1kb
clu_23145	418	0.0817614209115281	<1kb
clu_23146	389	0.00807798927613941	<1kb
clu_23149	593	0.0163113941018767	<1kb
clu_23159	247	0.0118081501340483	<1kb
clu_23162	283	0.022717908847185	<1kb
clu_23166	169	0.00545155495978552	<1kb
clu_23168	137	0.0138402680965147	<1kb
clu_23169	232	0.0610645576407507	<1kb
clu_23171	326	0.00881297587131367	<1kb
clu_23176	320	0.0146423324396783	<1kb
clu_23179	295	0.0536185522788204	<1kb
clu_232	265	0.488235549597855	<1kb
clu_23203	3314	0.0106090348525469	1-5kb
clu_23214	3708	0.0825001072386059	1-5kb
clu_23243	8529	0.0343582305630027	5-20kb
clu_23244	66803	0.0169772117962466	>50kb
clu_23247	9542	0.0231855764075067	5-20kb
clu_23266	3274	0.00299898123324397	1-5kb
clu_23272	2689	0.0339096782841823	1-5kb
clu_23280	7071	0.0267062198391421	5-20kb
clu_23287	1788	0.094452091152815	1-5kb
clu_23288	1492	0.0116617694369973	1-5kb
clu_2330	2266	0.317828873994638	1-5kb
clu_23302	3957	0.0205299195710456	1-5kb
clu_23306	5435	0.0112304021447721	5-20kb
clu_23313	2986	0.0100967024128686	1-5kb
clu_23314	2133	0.0425560321715818	1-5kb
clu_23315	22965	0.0432360589812332	20-50kb
clu_23329	3200	0.0446900536193029	1-5kb
clu_23331	3961	0.021619436997319	1-5kb
clu_23334	4380	0.0311468096514745	1-5kb
clu_23336	5648	0.00404501340482574	5-20kb
clu_23339	514	0.00025887399463807	<1kb
clu_23340	1299	0.00841471849865952	1-5kb
clu_23341	875	0.0341590080428954	<1kb
clu_23342	4272	0.00983142091152815	1-5kb
clu_23362	11074	0.0163002144772118	5-20kb
clu_23387	479	0.0233993297587131	<1kb
clu_23388	1208	0.170045254691689	1-5kb
clu_23389	5370	0.495820938337802	5-20kb
clu_23398	1852	0.00137332439678284	1-5kb
clu_23401	284	0.104045790884718	<1kb
clu_23402	306	0.0303162198391421	<1kb
clu_23406	7011	0.0118343699731903	5-20kb
clu_23407	335	0.0240964343163539	<1kb
clu_23409	23581	0.0291827077747989	20-50kb
clu_2341	7095	0.0108620375335121	5-20kb
clu_23410	53733	0.00594884718498659	>50kb
clu_23414	13170	0.00989667560321716	5-20kb
clu_23415	3678	0.0289862198391421	1-5kb
clu_23418	1270	0.100856970509383	1-5kb
clu_23427	4668	0.0127212332439678	1-5kb
clu_23428	2510	0.00767235924932976	1-5kb
clu_23438	381	0.00236485254691689	<1kb
clu_23439	568	0.0246987131367292	<1kb
clu_23455	57098	0.0326933512064343	>50kb
clu_23456	10450	0.0268148793565684	5-20kb
clu_23460	3278	0.0265745308310992	1-5kb
clu_23465	6132	0.601659946380697	5-20kb
clu_23467	10883	0.15365144772118	5-20kb
clu_23468	19644	0.0245024664879357	5-20kb
clu_23469	1349	0.00240501340482574	1-5kb
clu_23470	2215	0.0146500804289544	1-5kb
clu_23478	81	0.0135808310991957	<1kb
clu_23481	415	0.0317378820375335	<1kb
clu_23496	21212	0.0466187131367292	20-50kb
clu_23497	14435	0.0473154155495979	5-20kb
clu_23500	4800	0.0374289008042895	1-5kb
clu_23501	1291	0.0108064879356568	1-5kb
clu_23503	9020	0.0308174262734584	5-20kb
clu_23509	2415	0.0112122520107239	1-5kb
clu_2351	1395	0.00265967828418231	1-5kb
clu_23515	7750	0.00365608579088472	5-20kb
clu_23518	2728	0.196464343163539	1-5kb
clu_23519	2841	0.236687158176944	1-5kb
clu_23524	2942	0.0210247721179625	1-5kb
clu_23529	1286	0.0217765415549598	1-5kb
clu_23531	3348	0.016640509383378	1-5kb
clu_23543	404	0.0875977211796247	<1kb
clu_23544	5255	0.0180765147453083	5-20kb
clu_23546	9459	0.0505433243967828	5-20kb
clu_23547	1450	0.00737091152815013	1-5kb
clu_23549	1637	0.00880160857908847	1-5kb
clu_23550	1200	0.0781896514745308	1-5kb
clu_23562	1227	0.0279664879356568	1-5kb
clu_23564	17715	0.0173348257372654	5-20kb
clu_23565	3029	0.000673029490616622	1-5kb
clu_23573	6915	0.0391700268096515	5-20kb
clu_23586	876	0.0247780160857909	<1kb
clu_23589	10159	0.00446458445040215	5-20kb
clu_23591	87	0.0024841018766756	<1kb
clu_23599	1800	0.0105046380697051	1-5kb
clu_23600	96	0.0207051742627346	<1kb
clu_23602	2674	0.0285055227882038	1-5kb
clu_23603	6047	0.00746533512064343	5-20kb
clu_23605	5379	0.0106787667560322	5-20kb
clu_23608	19627	0.0144151742627346	5-20kb
clu_23616	3311	0.062055308310992	1-5kb
clu_23618	3308	0.0933788203753351	1-5kb
clu_23630	65074	0.143422761394102	>50kb
clu_23635	95256	0.437358069705094	>50kb
clu_23639	561	0.0587964075067024	<1kb
clu_23642	12337	0.0155959249329759	5-20kb
clu_23648	9401	0.0370714209115282	5-20kb
clu_23653	3787	0.0395445308310992	1-5kb
clu_23654	35701	0.0159761394101877	20-50kb
clu_23671	6892	0.00451383378016086	5-20kb
clu_23674	2553	0.0177907774798928	1-5kb
clu_23680	2499	0.0359745576407507	1-5kb
clu_23681	2836	0.00800107238605898	1-5kb
clu_23682	9693	0.0182138337801609	5-20kb
clu_23683	602	0.00505731903485255	<1kb
clu_2369	9849	0.0515619839142091	5-20kb
clu_23692	8184	0.00372833780160858	5-20kb
clu_23696	39017	0.0775634584450402	20-50kb
clu_23701	5010	0.222917184986595	5-20kb
clu_23709	85899	0.166017747989276	>50kb
clu_2371	1305	0.00287884718498659	1-5kb
clu_23721	10060	0.0277367292225201	5-20kb
clu_23722	4304	0.0642780697050938	1-5kb
clu_23723	3754	0.00805356568364611	1-5kb
clu_23725	1503	0.00505163538873995	1-5kb
clu_23726	876	0.0239752278820375	<1kb
clu_23731	5224	0.0138032707774799	5-20kb
clu_23732	6383	0.000377908847184987	5-20kb
clu_23734	944	0.0378154959785523	<1kb
clu_23748	731	0.00486243967828418	<1kb
clu_23749	2013	0.0764506434316354	1-5kb
clu_23751	14083	0.1019318230563	5-20kb
clu_23773	17596	0.210201420911528	5-20kb
clu_23778	498	0.00744378016085791	<1kb
clu_23782	1092	0.0762842895442359	1-5kb
clu_23786	490	0.242355442359249	<1kb
clu_23787	2043	0.0303263002680965	1-5kb
clu_23788	14391	0.936278766756032	5-20kb
clu_23790	530	0.0171806702412869	<1kb
clu_23791	2143	0.00959710455764075	1-5kb
clu_23794	257	0.00398276139410188	<1kb
clu_23802	5963	0.0226422788203753	5-20kb
clu_23803	5908	0.0754779624664879	5-20kb
clu_23827	162	0.00240241286863271	<1kb
clu_23839	360	0.0100904557640751	<1kb
clu_23842	594	0.0118313404825737	<1kb
clu_23843	150	0.00652227882037533	<1kb
clu_23848	97	0.0244131367292225	<1kb
clu_23850	177	0.000263297587131367	<1kb
clu_23861	479	0.0108604557640751	<1kb
clu_23862	428	0.0941427882037534	<1kb
clu_23871	188	0.0798623592493298	<1kb
clu_23872	241	0.0233630026809651	<1kb
clu_23873	196	0.0188011528150134	<1kb
clu_23875	99	0.0170037533512064	<1kb
clu_23876	517	0.00948997319034853	<1kb
clu_23888	66818	0.0961416621983914	>50kb
clu_23893	4099	0.0577209919571046	1-5kb
clu_23896	3939	0.0181929490616622	1-5kb
clu_23897	1642	0.00361206434316354	1-5kb
clu_23898	1692	0.00425946380697051	1-5kb
clu_23899	7611	0.00820353887399464	5-20kb
clu_23900	1824	0.00655176943699732	1-5kb
clu_23902	10146	0.271802922252011	5-20kb
clu_23907	174	0.0357957908847185	<1kb
clu_23911	200	0.0145565415549598	<1kb
clu_23912	1242	0.00499391420911528	1-5kb
clu_23913	458	0.00926439678284182	<1kb
clu_23914	658	0.000563243967828418	<1kb
clu_23921	201	0.0934409115281501	<1kb
clu_23924	2179	0.050495254691689	1-5kb
clu_23925	1739	0.0064358981233244	1-5kb
clu_23927	608	0.0608686595174263	<1kb
clu_23930	367	0.043196890080429	<1kb
clu_23932	4003	0.027707399463807	1-5kb
clu_23933	2069	0.128960991957105	1-5kb
clu_23942	469	0.0216192225201072	<1kb
clu_23943	929	0.0076229490616622	<1kb
clu_23954	1207	0.0176101608579088	1-5kb
clu_23955	2304	0.01607581769437	1-5kb
clu_23957	2337	0.0308651206434316	1-5kb
clu_23968	18738	0.0385360053619303	5-20kb
clu_23976	3182	0.188210214477212	1-5kb
clu_23989	7040	0.0792250938337802	5-20kb
clu_24001	345	0.0776245844504021	<1kb
clu_24009	5548	0.0261447721179625	5-20kb
clu_24011	18574	0.00976654155495978	5-20kb
clu_24012	2219	0.0374006166219839	1-5kb
clu_24013	2063	0.146021474530831	1-5kb
clu_24016	3789	0.0328078284182306	1-5kb
clu_24020	13113	0.00727627345844504	5-20kb
clu_2405	396	0.0321202412868633	<1kb
clu_24071	2804	0.00647640750670241	1-5kb
clu_24072	1692	0.0230563806970509	1-5kb
clu_24073	1717	0.017932654155496	1-5kb
clu_24076	5024	0.000766005361930295	5-20kb
clu_24089	14057	0.289869008042895	5-20kb
clu_24096	1678	0.0527160053619303	1-5kb
clu_24102	90	0.276011796246649	<1kb
clu_24104	1679	0.21109345844504	1-5kb
clu_24106	94	0.191855871313673	<1kb
clu_24109	86	0.211541903485255	<1kb
clu_24119	85	0.383591903485255	<1kb
clu_24129	1687	0.0336112064343164	1-5kb
clu_24138	82	0.0131609383378016	<1kb
clu_24140	641	0.021183726541555	<1kb
clu_24151	12595	0.00123965147453083	5-20kb
clu_24153	10140	0.00785018766756032	5-20kb
clu_24155	1554	0.00811611260053619	1-5kb
clu_24157	188	0.0015343163538874	<1kb
clu_24160	594	0.00708061662198391	<1kb
clu_24164	278	0.0031385254691689	<1kb
clu_24166	248	0.00239981233243968	<1kb
clu_24168	220	0.00185150134048257	<1kb
clu_2418	86	0.0196517962466488	<1kb
clu_24180	13729	0.171478471849866	5-20kb
clu_24185	6011	0.117077479892761	5-20kb
clu_24186	339	0.0415874530831099	<1kb
clu_24187	456	0.101486595174263	<1kb
clu_2419	147	0.0116892493297587	<1kb
clu_24193	5739	0.0771989008042895	5-20kb
clu_24194	127	0.162968498659517	<1kb
clu_24199	807	0.027225254691689	<1kb
clu_2420	316	0.0144572386058981	<1kb
clu_24200	1786	0.0795432171581769	1-5kb
clu_24203	136	0.172493619302949	<1kb
clu_24207	4956	0.00358825737265416	1-5kb
clu_24210	1787	0.0180504289544236	1-5kb
clu_24222	1421	0.00939179624664879	1-5kb
clu_24223	1136	0.0190656836461126	1-5kb
clu_24228	1515	0.0273981233243968	1-5kb
clu_24230	7380	0.0302337533512064	5-20kb
clu_24231	3915	0.142556648793566	1-5kb
clu_24239	94	0.0981683646112601	<1kb
clu_2424	100	0.026332144772118	<1kb
clu_24240	4375	0.25820563002681	1-5kb
clu_2425	3163	0.0502570777479893	1-5kb
clu_24258	348	0.0080702144772118	<1kb
clu_24259	1093	0.00292477211796247	1-5kb
clu_24260	1896	0.0177519034852547	1-5kb
clu_24263	598	0.0805112600536193	<1kb
clu_24264	103	0.00400447721179625	<1kb
clu_24266	3418	0.0152558713136729	1-5kb
clu_24267	16367	0.0148180160857909	5-20kb
clu_24269	378	0.0027928418230563	<1kb
clu_24275	15042	0.0243283646112601	5-20kb
clu_24277	18727	0.0490772386058981	5-20kb
clu_24282	4115	0.0188910991957105	1-5kb
clu_2429	1715	0.18442908847185	1-5kb
clu_24311	9288	0.290989678284182	5-20kb
clu_24312	79	0.0854781233243968	<1kb
clu_24313	690	0.00938498659517426	<1kb
clu_24314	2268	0.101957292225201	1-5kb
clu_24315	6814	0.0194948793565684	5-20kb
clu_24317	2155	0.00428252010723861	1-5kb
clu_24318	5368	0.0211804289544236	5-20kb
clu_24322	88	0.0125841286863271	<1kb
clu_24324	218	0.0505282037533512	<1kb
clu_24325	2563	0.00479310991957105	1-5kb
clu_24326	5559	0.0886158981233244	5-20kb
clu_24327	4386	0.279977211796247	1-5kb
clu_24328	2659	0.0126770777479893	1-5kb
clu_24329	3006	0.0502129490616622	1-5kb
clu_24376	4577	0.0563915013404826	1-5kb
clu_24377	4023	0.00315836461126005	1-5kb
clu_24378	848	0.0070972654155496	<1kb
clu_24379	12947	0.00749991957104558	5-20kb
clu_24382	4050	0.152086407506702	1-5kb
clu_24383	1253	0.283150938337802	1-5kb
clu_24384	4236	0.133118230563003	1-5kb
clu_24386	1712	0.0279097050938338	1-5kb
clu_24393	3592	0.0242506434316354	1-5kb
clu_24400	5819	0.0349548793565684	5-20kb
clu_24404	2560	0.0180294101876676	1-5kb
clu_24426	6849	0.00730772117962466	5-20kb
clu_2446	1004	0.0101927345844504	1-5kb
clu_24469	345	0.264426300268097	<1kb
clu_24476	315	0.00898627345844504	<1kb
clu_2448	567	0.00283265415549598	<1kb
clu_2449	400	0.0122713672922252	<1kb
clu_24493	4383	0.0113013941018767	1-5kb
clu_24494	1528	0.00558163538873995	1-5kb
clu_24499	968	0.0200440750670241	<1kb
clu_2450	1104	0.00847327077747989	1-5kb
clu_24502	5145	0.0201534316353887	5-20kb
clu_24503	1641	0.0854941286863271	1-5kb
clu_24505	14434	0.0737024932975871	5-20kb
clu_24507	11662	0.0807579624664879	5-20kb
clu_24510	4635	0.106908498659517	1-5kb
clu_24534	1738	0.00579619302949062	1-5kb
clu_2454	1226	0.00729536193029491	1-5kb
clu_2456	983	0.020704235924933	<1kb
clu_24561	1303	0.0220176139410188	1-5kb
clu_24568	6833	0.0129963806970509	5-20kb
clu_24579	2977	0.0877260857908847	1-5kb
clu_2458	782	0.0147620643431635	<1kb
clu_24580	5929	0.0188736193029491	5-20kb
clu_24581	15426	0.0241867828418231	5-20kb
clu_24582	287	0.0252101340482574	<1kb
clu_24584	9376	0.0107057908847185	5-20kb
clu_24593	9073	0.0440060857908847	5-20kb
clu_24595	18622	0.0654798123324397	5-20kb
clu_2461	6042	0.30498908847185	5-20kb
clu_24610	3150	0.018202600536193	1-5kb
clu_24624	43191	0.0807723324396783	20-50kb
clu_24625	995	0.00270796246648794	<1kb
clu_24628	1787	0.0327059517426273	1-5kb
clu_24629	4905	0.0331506434316354	1-5kb
clu_24631	30153	0.270713619302949	20-50kb
clu_24635	399	0.00144855227882038	<1kb
clu_24636	666	0.0328942627345844	<1kb
clu_24637	335	0.0101886327077748	<1kb
clu_24652	596	0.0224990616621984	<1kb
clu_24653	2027	0.00406849865951743	1-5kb
clu_24655	4577	0.0165079624664879	1-5kb
clu_24656	1107	0.0270391957104558	1-5kb
clu_24659	17923	0.00768983914209115	5-20kb
clu_24660	641	0.0586494101876676	<1kb
clu_24665	3133	0.0125833512064343	1-5kb
clu_24668	985	0.00520549597855228	<1kb
clu_2467	1793	0.0227042091152815	1-5kb
clu_24670	36284	0.0124734852546917	20-50kb
clu_24674	2404	0.00774975871313673	1-5kb
clu_24676	2468	0.0560427077747989	1-5kb
clu_24679	2918	0.00304592493297587	1-5kb
clu_2468	1075	0.0164728954423592	1-5kb
clu_24680	4577	0.00975761394101877	1-5kb
clu_24681	22640	0.0117009651474531	20-50kb
clu_24684	9814	0.0916199463806971	5-20kb
clu_24697	836	0.111877533512064	<1kb
clu_2470	11326	0.0103017158176944	5-20kb
clu_24704	1675	0.16287581769437	1-5kb
clu_24705	70	0.0141257908847185	<1kb
clu_2471	13582	0.14648600536193	5-20kb
clu_24711	16159	0.00847635388739946	5-20kb
clu_24712	10638	0.0197707774798928	5-20kb
clu_24713	10556	0.107007184986595	5-20kb
clu_24715	7657	0.0648701072386059	5-20kb
clu_2472	7223	0.00612235924932976	5-20kb
clu_24728	84803	0.166276380697051	>50kb
clu_24758	3759	0.193833538873995	1-5kb
clu_24762	1948	0.00203619302949062	1-5kb
clu_2477	860	0.00434107238605898	<1kb
clu_24777	24096	0.0890362198391421	20-50kb
clu_24779	96701	0.114326327077748	>50kb
clu_24787	2447	0.0475934584450402	1-5kb
clu_24792	4817	0.00875080428954424	1-5kb
clu_248	664	0.0177532707774799	<1kb
clu_24828	5384	0.0120191689008043	5-20kb
clu_24829	12931	0.0259988471849866	5-20kb
clu_24830	2523	0.0491439946380697	1-5kb
clu_24837	2963	0.013242144772118	1-5kb
clu_24843	1490	0.00806600536193029	1-5kb
clu_24844	21372	0.0670109115281501	20-50kb
clu_24860	389	0.18992509383378	<1kb
clu_2487	1459	0.0519379892761394	1-5kb
clu_24873	22309	0.113333780160858	20-50kb
clu_24881	12181	0.0128854691689008	5-20kb
clu_24882	1382	0.0287683646112601	1-5kb
clu_24884	4392	0.0404136997319035	1-5kb
clu_24886	384	0.0235367828418231	<1kb
clu_24896	244	0.0374513404825737	<1kb
clu_249	417	0.0235942895442359	<1kb
clu_2490	4337	0.00763876675603217	1-5kb
clu_24904	1266	0.0268574798927614	1-5kb
clu_24906	60376	0.164028686327078	>50kb
clu_24910	703	0.00949187667560322	<1kb
clu_24911	1750	0.0486255764075067	1-5kb
clu_24912	1954	0.00684750670241287	1-5kb
clu_24917	3949	0.00638351206434316	1-5kb
clu_24922	1713	0.0101960053619303	1-5kb
clu_24923	5529	0.451373833780161	5-20kb
clu_24929	3410	0.288768123324397	1-5kb
clu_24941	579	0.00778225201072386	<1kb
clu_2495	207	0.0215092225201072	<1kb
clu_24965	517	0.00530203753351206	<1kb
clu_24966	2742	0.00811412868632708	1-5kb
clu_24967	1215	0.00100595174262735	1-5kb
clu_24969	5558	0.0029030563002681	5-20kb
clu_2497	5838	0.012769490616622	5-20kb
clu_24970	13040	0.00223072386058981	5-20kb
clu_24971	6921	0.0092141018766756	5-20kb
clu_2498	4662	0.0502835924932976	1-5kb
clu_250	186	0.0145745040214477	<1kb
clu_25006	4446	0.0220676139410188	1-5kb
clu_2501	138	0.0080388471849866	<1kb
clu_25055	5736	0.012431072386059	5-20kb
clu_25056	8419	0.0116734584450402	5-20kb
clu_25057	3089	0.0145003753351206	1-5kb
clu_25061	4032	0.00844656836461126	1-5kb
clu_25062	1448	0.001261581769437	1-5kb
clu_25063	669	0.0105946648793566	<1kb
clu_25070	13390	0.117659731903485	5-20kb
clu_25071	17768	0.00905552278820375	5-20kb
clu_25074	21624	0.226347319034853	20-50kb
clu_25075	34886	0.0539587399463807	20-50kb
clu_25080	135	0.0299106702412869	<1kb
clu_25081	1105	0.0426924932975871	1-5kb
clu_25082	20867	0.101598927613941	20-50kb
clu_25083	2095	0.00496823056300268	1-5kb
clu_25084	3503	0.00775742627345844	1-5kb
clu_25085	537	0.00941790884718499	<1kb
clu_25086	3062	0.0100920107238606	1-5kb
clu_25087	670	0.0139246380697051	<1kb
clu_25089	11325	0.0538539410187668	5-20kb
clu_25090	24381	0.0117549061662198	20-50kb
clu_25097	2812	0.0289387667560322	1-5kb
clu_25098	36087	0.0040472654155496	20-50kb
clu_251	81	0.0424102144772118	<1kb
clu_25100	611	0.0224934316353887	<1kb
clu_25101	5326	0.00436949061662198	5-20kb
clu_25103	27197	0.00302032171581769	20-50kb
clu_25121	11989	0.00151348525469169	5-20kb
clu_2513	386	0.0117328150134048	<1kb
clu_25138	7144	0.0320544504021448	5-20kb
clu_25140	7822	0.0120744504021448	5-20kb
clu_25141	16679	0.0159913672922252	5-20kb
clu_25144	9005	0.0431013404825737	5-20kb
clu_25151	30260	0.00516469168900804	20-50kb
clu_25153	10996	0.0121680697050938	5-20kb
clu_25155	53873	0.273610268096515	>50kb
clu_25158	3720	0.193742332439678	1-5kb
clu_25159	138	0.0287963806970509	<1kb
clu_2516	185	0.00756077747989276	<1kb
clu_2519	236	0.0201295710455764	<1kb
clu_252	2651	0.0480515013404826	1-5kb
clu_2520	895	0.0478531903485255	<1kb
clu_2527	1822	0.0975314745308311	1-5kb
clu_2536	7105	0.570137077747989	5-20kb
clu_2537	1916	0.0149339946380697	1-5kb
clu_254	3206	0.0299731903485255	1-5kb
clu_25480	741	0.0174376407506702	<1kb
clu_25482	1785	0.0677159517426273	1-5kb
clu_25487	4214	0.0106020107238606	1-5kb
clu_255	1596	0.0220645308310992	1-5kb
clu_2558	2939	0.0953382305630027	1-5kb
clu_2562	792	0.00980611260053619	<1kb
clu_25621	1996	0.00863042895442359	1-5kb
clu_25623	5859	0.0270140482573727	5-20kb
clu_25625	3662	0.00452648793565684	1-5kb
clu_25626	1666	0.0552456032171582	1-5kb
clu_25632	3647	0.0040627345844504	1-5kb
clu_25634	8848	0.0152976675603217	5-20kb
clu_25635	26351	0.0127907238605898	20-50kb
clu_25636	8919	0.0177718766756032	5-20kb
clu_25638	1048	0.126471528150134	1-5kb
clu_25640	1591	0.0140436193029491	1-5kb
clu_25641	6079	0.199570938337802	5-20kb
clu_25647	879	0.019644745308311	<1kb
clu_25648	770	0.00385798927613941	<1kb
clu_25652	1317	0.00397340482573727	1-5kb
clu_2569	1626	0.0410392493297587	1-5kb
clu_25690	10383	0.00914892761394102	5-20kb
clu_25692	2231	0.0101474530831099	1-5kb
clu_25699	9188	0.0481817962466488	5-20kb
clu_25706	1879	0.00472635388739946	1-5kb
clu_25708	2266	0.00943166219839142	1-5kb
clu_25710	4194	0.00816916890080429	1-5kb
clu_25712	1266	0.00709563002680965	1-5kb
clu_25714	4644	0.00583699731903485	1-5kb
clu_25726	4254	0.0992845308310992	1-5kb
clu_25737	2655	0.0659957908847185	1-5kb
clu_25738	1366	0.00784327077747989	1-5kb
clu_25741	53435	0.00670833780160858	>50kb
clu_25746	10903	0.428916514745308	5-20kb
clu_25748	2867	0.0108100804289544	1-5kb
clu_25749	1473	0.0209903753351206	1-5kb
clu_25752	425	0.00272316353887399	<1kb
clu_25766	2607	0.0407835120643432	1-5kb
clu_25767	2440	0.0402808042895442	1-5kb
clu_25768	3631	0.259091018766756	1-5kb
clu_25775	5663	0.0531501608579088	5-20kb
clu_25777	88	0.0171090616621984	<1kb
clu_25778	1022	0.419122278820375	1-5kb
clu_25780	4383	0.106034745308311	1-5kb
clu_25781	853	0.0172513672922252	<1kb
clu_25782	1840	0.00148233243967828	1-5kb
clu_25785	3281	0.0169476943699732	1-5kb
clu_258	4841	0.0143029490616622	1-5kb
clu_25809	2892	0.0187661394101877	1-5kb
clu_25818	1524	0.00900938337801609	1-5kb
clu_25820	1173	0.00796396782841823	1-5kb
clu_25825	3316	0.0737451206434316	1-5kb
clu_25830	535	0.0316255495978552	<1kb
clu_25831	4832	0.0181468632707775	1-5kb
clu_25843	2136	0.0395240214477212	1-5kb
clu_25848	5410	0.0201050670241287	5-20kb
clu_25862	3476	0.00298951742627346	1-5kb
clu_25885	1876	0.00491839142091153	1-5kb
clu_25891	4517	0.191419517426273	1-5kb
clu_25895	7193	0.0190389544235925	5-20kb
clu_259	46546	0.0179054155495979	20-50kb
clu_2590	4792	0.0382606434316354	1-5kb
clu_25902	2311	0.00283533512064343	1-5kb
clu_25907	47251	0.283593297587131	20-50kb
clu_2593	1312	0.0026127345844504	1-5kb
clu_25930	823	0.00921327077747989	<1kb
clu_25939	8058	0.0303707238605898	5-20kb
clu_25940	27582	0.218254048257373	20-50kb
clu_25941	7030	0.0394614477211796	5-20kb
clu_25942	90608	0.0449298927613941	>50kb
clu_25949	11247	0.0230644772117962	5-20kb
clu_25973	918	0.175309034852547	<1kb
clu_26045	49192	0.0250479356568365	20-50kb
clu_26047	6335	0.0166192493297587	5-20kb
clu_26108	19815	0.408162922252011	5-20kb
clu_26109	11514	0.0284675871313673	5-20kb
clu_26119	1174	0.0734944772117962	1-5kb
clu_26124	668	0.0179892225201072	<1kb
clu_26125	99	0.00946536193029491	<1kb
clu_26127	92	0.0180687131367292	<1kb
clu_26135	68473	0.00833254691689008	>50kb
clu_26145	82	0.00518806970509383	<1kb
clu_26146	235	0.00808788203753351	<1kb
clu_26147	110	0.0195230026809651	<1kb
clu_26148	914	0.0199084986595174	<1kb
clu_26149	837	0.0193341554959786	<1kb
clu_26152	104	0.0540376139410188	<1kb
clu_26180	980	0.00197994638069705	<1kb
clu_2619	1829	0.019957855227882	1-5kb
clu_26218	13727	0.017929490616622	5-20kb
clu_26219	5734	0.0653425469168901	5-20kb
clu_2622	1092	0.0444748257372654	1-5kb
clu_26225	6462	0.0198770241286863	5-20kb
clu_26228	1709	0.00743029490616622	1-5kb
clu_2623	2178	0.0752639678284182	1-5kb
clu_26230	5616	0.0054128418230563	5-20kb
clu_26236	22017	0.0170507774798928	20-50kb
clu_26237	4373	0.0031486327077748	1-5kb
clu_2624	2248	0.014030563002681	1-5kb
clu_26242	537	0.00791648793565684	<1kb
clu_26244	596	0.014805254691689	<1kb
clu_26249	2252	0.00508871313672922	1-5kb
clu_2625	2278	0.014857345844504	1-5kb
clu_26251	6893	0.0112776943699732	5-20kb
clu_26253	3498	0.0290678820375335	1-5kb
clu_26259	1840	0.00559932975871314	1-5kb
clu_26260	5681	0.00770723860589812	5-20kb
clu_26264	9763	0.23539600536193	5-20kb
clu_26268	9750	0.0827164075067024	5-20kb
clu_26284	512	0.0578426809651475	<1kb
clu_2629	1399	0.0262819571045576	1-5kb
clu_26315	1824	0.022652600536193	1-5kb
clu_26319	831	0.0027454691689008	<1kb
clu_26320	87	0.0286027882037534	<1kb
clu_26326	1383	0.23213927613941	1-5kb
clu_26327	5316	0.0207476139410188	5-20kb
clu_26329	1922	0.00724520107238606	1-5kb
clu_26340	14071	0.50982418230563	5-20kb
clu_26356	41876	0.0487304289544236	20-50kb
clu_26367	2261	0.0410649061662198	1-5kb
clu_26368	2163	0.0406209383378016	1-5kb
clu_26377	3966	0.0300304021447721	1-5kb
clu_26379	2860	0.0364377479892761	1-5kb
clu_26386	2301	0.0162108847184987	1-5kb
clu_2639	288	0.0164150670241287	<1kb
clu_26403	8411	0.00331997319034853	5-20kb
clu_26405	1067	0.00193651474530831	1-5kb
clu_26406	1595	0.101380455764075	1-5kb
clu_26407	473	0.0367841286863271	<1kb
clu_26437	7719	0.106205442359249	5-20kb
clu_26453	2216	0.00569533512064343	1-5kb
clu_26455	328	0.0240539410187668	<1kb
clu_26456	6994	0.167290482573727	5-20kb
clu_26458	27064	0.115623726541555	20-50kb
clu_26503	804	0.00687166219839142	<1kb
clu_26504	3939	0.0443964343163539	1-5kb
clu_26505	2603	0.0279294101876676	1-5kb
clu_26508	5422	0.0304852010723861	5-20kb
clu_26509	2840	0.00798222520107239	1-5kb
clu_26513	191	0.00456997319034853	<1kb
clu_26523	1081	0.047453726541555	1-5kb
clu_26525	204	0.00374654155495979	<1kb
clu_26526	758	0.0115746380697051	<1kb
clu_26528	17170	0.00520906166219839	5-20kb
clu_26530	5449	0.0885840750670241	5-20kb
clu_26533	651	0.023213163538874	<1kb
clu_2667	3409	0.00864487935656836	1-5kb
clu_2668	7531	0.019283726541555	5-20kb
clu_2674	1846	0.495324316353887	1-5kb
clu_2675	8384	0.0487536997319035	5-20kb
clu_2677	463	0.193673619302949	<1kb
clu_2694	1041	0.0541748793565684	1-5kb
clu_2695	619	0.0605842895442359	<1kb
clu_2698	83	0.0436462198391421	<1kb
clu_2734	452	0.213987882037534	<1kb
clu_2735	902	0.017584691689008	<1kb
clu_2737	143	0.00902281501340483	<1kb
clu_2738	2205	0.0597965683646113	1-5kb
clu_2745	459	0.00986268096514745	<1kb
clu_2746	125	0.00699109919571046	<1kb
clu_2753	330	0.00686903485254692	<1kb
clu_2758	102	0.0164674530831099	<1kb
clu_2763	1037	0.203439946380697	1-5kb
clu_2766	3917	0.11717072386059	1-5kb
clu_2775	2134	0.0291756032171582	1-5kb
clu_2776	1165	0.0500113404825737	1-5kb
clu_2777	824	0.0056797855227882	<1kb
clu_2781	63102	0.79347091152815	>50kb
clu_2790	2027	0.0182373190348525	1-5kb
clu_2792	452	0.202904155495979	<1kb
clu_2794	2211	0.143286756032172	1-5kb
clu_2795	3980	0.0046758981233244	1-5kb
clu_2821	224	0.0256572922252011	<1kb
clu_2890	16847	0.0679381769436997	5-20kb
clu_2892	704	0.00522938337801609	<1kb
clu_2893	369	0.00202898123324397	<1kb
clu_2896	722	0.00355321715817694	<1kb
clu_2897	1093	0.268063646112601	1-5kb
clu_290	5522	0.040896836461126	5-20kb
clu_2900	2438	0.261057077747989	1-5kb
clu_2901	4217	0.148980536193029	1-5kb
clu_2902	172	0.0377891152815013	<1kb
clu_2903	271	0.0160908042895442	<1kb
clu_2904	2665	0.0138534316353887	1-5kb
clu_2905	2918	0.010376836461126	1-5kb
clu_2906	2831	0.00862340482573727	1-5kb
clu_2912	5833	0.0180780697050938	5-20kb
clu_2915	748	0.00565581769436997	<1kb
clu_2916	181	0.014030563002681	<1kb
clu_2917	181	0.00154487935656836	<1kb
clu_2919	172	0.0501495710455764	<1kb
clu_29220	5512	0.185517211796247	5-20kb
clu_29223	4236	0.0362523056300268	1-5kb
clu_29226	1226	0.0111106970509383	1-5kb
clu_29227	515	0.00900659517426274	<1kb
clu_29230	3796	0.0306166219839142	1-5kb
clu_29234	3935	0.0145377747989276	1-5kb
clu_29235	1719	0.0261789544235925	1-5kb
clu_29236	906	0.42607490616622	<1kb
clu_29238	2450	0.0633281233243968	1-5kb
clu_29262	1283	0.0122004557640751	1-5kb
clu_29263	21219	0.0221732171581769	20-50kb
clu_29265	31175	0.2408618230563	20-50kb
clu_29266	2175	0.0149683646112601	1-5kb
clu_29268	6925	0.0106771313672922	5-20kb
clu_29273	47914	0.00326825737265416	20-50kb
clu_29274	871	0.0108451742627346	<1kb
clu_29276	2306	0.0118034584450402	1-5kb
clu_29293	4074	0.00519131367292225	1-5kb
clu_29295	3172	0.00416375335120643	1-5kb
clu_29298	4296	0.0406918230563003	1-5kb
clu_29299	817	0.128072198391421	<1kb
clu_2930	1992	0.0174606970509383	1-5kb
clu_29300	383	0.0900439946380697	<1kb
clu_29301	845	0.191360563002681	<1kb
clu_29302	4549	0.0222145576407507	1-5kb
clu_29303	1630	0.0225471313672922	1-5kb
clu_29304	356	0.00745340482573727	<1kb
clu_29306	5108	0.103477587131367	5-20kb
clu_29308	5786	0.0109793029490617	5-20kb
clu_29311	326	0.0111983914209115	<1kb
clu_29312	1555	0.0255931903485255	1-5kb
clu_29313	5119	0.0184156568364611	5-20kb
clu_29314	217	0.00432930294906166	<1kb
clu_29316	804	0.00505174262734584	<1kb
clu_29318	881	0.0238187131367292	<1kb
clu_29323	790	0.0874641286863271	<1kb
clu_29324	327	0.0151047721179625	<1kb
clu_29328	2407	0.0161811796246649	1-5kb
clu_29329	1364	0.0101684986595174	1-5kb
clu_2933	253	0.00589713136729223	<1kb
clu_29331	1048	0.0206440482573727	1-5kb
clu_29332	1719	0.33677072386059	1-5kb
clu_29360	2644	0.0222105898123324	1-5kb
clu_29367	9806	0.0664357372654155	5-20kb
clu_29371	7796	0.0327391689008043	5-20kb
clu_29372	1747	0.010306327077748	1-5kb
clu_29373	444	0.0428795442359249	<1kb
clu_29375	5553	0.0136751474530831	5-20kb
clu_29376	2902	0.0173536193029491	1-5kb
clu_29378	9073	0.0307887667560322	5-20kb
clu_29384	10522	0.0397164075067024	5-20kb
clu_29385	5345	0.011411072386059	5-20kb
clu_29386	422	0.437657077747989	<1kb
clu_29392	7526	0.0104963806970509	5-20kb
clu_29395	7551	0.00466630026809651	5-20kb
clu_29396	5597	0.0114715013404826	5-20kb
clu_29420	9690	0.0065498927613941	5-20kb
clu_29421	1696	0.0245701876675603	1-5kb
clu_29454	4206	0.0479597319034853	1-5kb
clu_29457	270	0.00420777479892761	<1kb
clu_29460	1853	0.0466888471849866	1-5kb
clu_29463	131	0.0406002144772118	<1kb
clu_29471	530	0.0099941018766756	<1kb
clu_29477	5116	0.11678091152815	5-20kb
clu_29484	9602	0.0147457372654155	5-20kb
clu_29486	2267	0.011455764075067	1-5kb
clu_29488	4377	0.0544648525469169	1-5kb
clu_29489	984	0.0184933512064343	<1kb
clu_29492	5212	0.0469461394101877	5-20kb
clu_29500	136	0.0775528954423592	<1kb
clu_29501	1060	0.0381756300268097	1-5kb
clu_29503	92	0.0069841018766756	<1kb
clu_29509	2124	0.0346617426273458	1-5kb
clu_29512	33529	0.033012144772118	20-50kb
clu_29520	3620	0.017457399463807	1-5kb
clu_29522	587	0.0578829758713137	<1kb
clu_29523	8407	0.0170639410187668	5-20kb
clu_29524	6628	0.00494898123324397	5-20kb
clu_29531	27962	0.0306716353887399	20-50kb
clu_29533	21667	0.00670367292225201	20-50kb
clu_29545	24539	0.0434027345844504	20-50kb
clu_29546	5304	0.0397591689008043	5-20kb
clu_29547	31552	0.0637902949061662	20-50kb
clu_29551	3100	0.00992962466487936	1-5kb
clu_29553	1309	0.00444563002680965	1-5kb
clu_29557	96	0.0228071581769437	<1kb
clu_29568	57032	0.00462254691689008	>50kb
clu_29571	4038	0.0179038337801609	1-5kb
clu_29575	2371	0.0409359517426273	1-5kb
clu_29581	52952	0.0849141554959786	>50kb
clu_29582	3085	0.0228013672922252	1-5kb
clu_29605	2836	0.0145517426273458	1-5kb
clu_29612	1767	0.00961238605898123	1-5kb
clu_29615	3697	0.0221581233243968	1-5kb
clu_29616	2433	0.0145136193029491	1-5kb
clu_29618	5077	0.0388306702412869	5-20kb
clu_29624	8129	0.00560477211796247	5-20kb
clu_2963	17255	0.107873404825737	5-20kb
clu_29639	13134	0.0302531367292225	5-20kb
clu_2964	2108	0.118701957104558	1-5kb
clu_29640	2272	0.0609914209115281	1-5kb
clu_29645	1113	0.00558329758713137	1-5kb
clu_29650	2961	0.010715764075067	1-5kb
clu_29653	5687	0.0217865683646113	5-20kb
clu_29656	2813	0.00788227882037533	1-5kb
clu_29657	13087	0.0158177747989276	5-20kb
clu_29658	3464	0.0072441018766756	1-5kb
clu_2966	440	0.0201537801608579	<1kb
clu_2969	729	0.0400179356568365	<1kb
clu_29694	592	0.0285758445040214	<1kb
clu_29695	1392	0.0265595174262735	1-5kb
clu_29697	196	0.0485409383378016	<1kb
clu_29698	188	0.00181630026809651	<1kb
clu_29700	17056	0.00607297587131367	5-20kb
clu_29701	7882	0.0578203217158177	5-20kb
clu_29702	5426	0.0160474262734584	5-20kb
clu_29704	6408	0.00907804289544236	5-20kb
clu_29705	3296	0.0159567560321716	1-5kb
clu_29710	2181	0.0961814209115281	1-5kb
clu_2972	1493	0.0256257908847185	1-5kb
clu_29728	1098	0.179032305630027	1-5kb
clu_2973	1612	0.000360509383378016	1-5kb
clu_29730	16932	0.0174325737265416	5-20kb
clu_29732	1895	0.00591174262734584	1-5kb
clu_29734	2517	0.0279585522788204	1-5kb
clu_2974	195	0.00211474530831099	<1kb
clu_29747	728	0.142858927613941	<1kb
clu_29753	764	0.134272761394102	<1kb
clu_29756	98	0.171883646112601	<1kb
clu_29765	933	0.00202026809651475	<1kb
clu_29766	2029	0.00247823056300268	1-5kb
clu_29783	413	0.00124804289544236	<1kb
clu_29785	526	0.00664034852546917	<1kb
clu_29786	277	0.000544209115281501	<1kb
clu_29788	504	0.0175733243967828	<1kb
clu_29789	3454	0.0525252278820375	1-5kb
clu_2979	106	0.00661243967828418	<1kb
clu_29795	200	0.003081581769437	<1kb
clu_29800	88	0.00257592493297587	<1kb
clu_29802	72986	0.17070144772118	>50kb
clu_29805	1438	0.0102395442359249	1-5kb
clu_29808	9508	0.698666997319035	5-20kb
clu_29823	558	0.00642329758713137	<1kb
clu_29825	9029	0.411357050938338	5-20kb
clu_29826	1284	0.0116839678284182	1-5kb
clu_29827	756	0.0738420107238606	<1kb
clu_29828	877	0.0317128150134048	<1kb
clu_29832	506	0.368166621983914	<1kb
clu_29849	2844	0.0149843699731903	1-5kb
clu_29852	2853	0.0179818230563003	1-5kb
clu_29858	2929	0.01296581769437	1-5kb
clu_29859	5937	0.402861876675603	5-20kb
clu_2986	254	0.00371080428954424	<1kb
clu_29860	6107	0.0306151206434316	5-20kb
clu_29866	303	0.0544506970509383	<1kb
clu_29867	1491	0.114314316353887	1-5kb
clu_29868	3930	0.0231200268096515	1-5kb
clu_29869	1517	0.202922305630027	1-5kb
clu_29870	883	0.0157199463806971	<1kb
clu_29877	816	0.0191241286863271	<1kb
clu_29886	4859	0.0099927345844504	1-5kb
clu_29892	696	0.128151742627346	<1kb
clu_29893	7442	0.0024373726541555	5-20kb
clu_29894	4598	0.172027345844504	1-5kb
clu_29896	27161	0.0114463806970509	20-50kb
clu_29899	4068	0.00625675603217158	1-5kb
clu_29901	3700	0.0294402412868633	1-5kb
clu_29902	17720	0.0364520375335121	5-20kb
clu_29903	39862	0.0665623056300268	20-50kb
clu_29908	837	0.0103927613941019	<1kb
clu_29913	2590	0.0153002412868633	1-5kb
clu_29914	3489	0.0079558981233244	1-5kb
clu_29919	2209	0.0072088471849866	1-5kb
clu_29934	8756	0.0493622520107239	5-20kb
clu_29938	151	0.00865605898123324	<1kb
clu_29940	1990	0.0095288471849866	1-5kb
clu_29946	197	0.0519529758713137	<1kb
clu_29950	124	0.0239861394101877	<1kb
clu_29951	506	0.00802230563002681	<1kb
clu_29952	381	0.0147342091152815	<1kb
clu_29959	36558	0.369005335120643	20-50kb
clu_29960	1715	0.241922064343164	1-5kb
clu_29962	8434	0.0436925737265416	5-20kb
clu_29981	1546	0.00768930294906166	1-5kb
clu_29985	641	0.0222109383378016	<1kb
clu_29988	6975	0.313185951742627	5-20kb
clu_29993	82	0.0262254423592493	<1kb
clu_29994	159	0.0466878016085791	<1kb
clu_30002	33798	0.118681126005362	20-50kb
clu_30003	1258	0.049667855227882	1-5kb
clu_30004	2994	0.018251072386059	1-5kb
clu_30006	1163	0.00469659517426273	1-5kb
clu_30007	10523	0.00737230563002681	5-20kb
clu_30009	499	0.0115182037533512	<1kb
clu_30012	89	0.00312774798927614	<1kb
clu_30013	100	0.00845061662198391	<1kb
clu_30017	107	0.0935258981233244	<1kb
clu_30022	415	0.0252478284182306	<1kb
clu_30028	89	0.00401297587131367	<1kb
clu_30041	781	0.0218221983914209	<1kb
clu_30049	351	0.0354481233243968	<1kb
clu_30056	4033	0.0082473726541555	1-5kb
clu_30060	737	0.0341951206434316	<1kb
clu_30063	3310	0.0381979624664879	1-5kb
clu_30064	3332	0.00213077747989276	1-5kb
clu_30065	414	0.0370751206434316	<1kb
clu_30067	768	0.079045764075067	<1kb
clu_30068	690	0.0493134852546917	<1kb
clu_30109	1464	0.144385522788204	1-5kb
clu_30110	1356	0.0757896514745308	1-5kb
clu_30111	377	0.0486504557640751	<1kb
clu_30112	313	0.0441507238605898	<1kb
clu_30113	917	0.0292517426273458	<1kb
clu_30118	1401	0.0129966487935657	1-5kb
clu_30120	48716	0.0839674262734584	20-50kb
clu_30135	14771	0.00753166219839142	5-20kb
clu_30143	226	0.0102824128686327	<1kb
clu_30145	415	0.00913895442359249	<1kb
clu_30147	176	0.00663965147453083	<1kb
clu_30148	89	0.00878042895442359	<1kb
clu_30153	3066	0.00491450402144772	1-5kb
clu_30160	97	0.00626415549597855	<1kb
clu_30166	663	0.420296782841823	<1kb
clu_30167	1032	0.179629731903485	1-5kb
clu_30226	687	0.0964682037533512	<1kb
clu_30230	5245	0.49356764075067	5-20kb
clu_30238	974	0.00855970509383378	<1kb
clu_30239	454	0.00719187667560322	<1kb
clu_30240	166	0.0637944235924933	<1kb
clu_30242	4217	0.0059687399463807	1-5kb
clu_30243	473	0.0128363002680965	<1kb
clu_30244	1368	0.00759646112600536	1-5kb
clu_30245	358	0.011675254691689	<1kb
clu_30247	3517	0.0145136193029491	1-5kb
clu_30250	881	0.0384064879356568	<1kb
clu_30251	140	0.0116445308310992	<1kb
clu_30287	1039	0.00283530831099196	1-5kb
clu_30296	5384	0.216936461126005	5-20kb
clu_30299	28824	0.495592841823056	20-50kb
clu_30318	3069	0.013957855227882	1-5kb
clu_30331	2203	0.0063430563002681	1-5kb
clu_30332	2296	0.00948836461126005	1-5kb
clu_30333	1028	0.208674048257373	1-5kb
clu_30334	4517	0.0186169436997319	1-5kb
clu_30336	658	0.0429862198391421	<1kb
clu_30337	2468	0.25143745308311	1-5kb
clu_30338	190	0.3729318230563	<1kb
clu_30339	4127	0.369556970509383	1-5kb
clu_30341	19560	0.0953066487935657	5-20kb
clu_30342	1377	0.0805046380697051	1-5kb
clu_30343	649	0.0761551742627346	<1kb
clu_30346	1008	0.00199225201072386	1-5kb
clu_30347	3218	0.00491375335120643	1-5kb
clu_30351	605	0.0017773726541555	<1kb
clu_30357	7916	0.0105714745308311	5-20kb
clu_3036	263	0.0266533512064343	<1kb
clu_30398	8135	0.118976997319035	5-20kb
clu_30402	7881	0.00736624664879357	5-20kb
clu_30409	471	0.00389383378016086	<1kb
clu_30443	9271	0.00966573726541555	5-20kb
clu_30445	33399	0.186585656836461	20-50kb
clu_30447	39153	0.0268838337801609	20-50kb
clu_30450	363	0.0112670777479893	<1kb
clu_30456	6548	0.050906890080429	5-20kb
clu_30463	16615	0.00539924932975871	5-20kb
clu_30472	2612	0.00993600536193029	1-5kb
clu_30490	12937	0.0691386327077748	5-20kb
clu_30494	2549	0.136058873994638	1-5kb
clu_30505	31422	0.0641813672922252	20-50kb
clu_30508	1298	0.0589492761394102	1-5kb
clu_30509	19560	0.103848820375335	5-20kb
clu_30511	31056	0.0198565147453083	20-50kb
clu_30534	979	0.0457075335120643	<1kb
clu_30544	1681	0.0590746380697051	1-5kb
clu_30548	4385	0.0354569168900804	1-5kb
clu_30554	1572	0.0131683914209115	1-5kb
clu_30555	4288	0.0207869168900804	1-5kb
clu_30556	1137	0.010068418230563	1-5kb
clu_30558	349	0.00309142091152815	<1kb
clu_30560	10232	0.0842680697050938	5-20kb
clu_30561	7957	0.0721340482573727	5-20kb
clu_30564	2455	0.0230956300268097	1-5kb
clu_3057	11866	0.04126418230563	5-20kb
clu_30579	4703	0.00105225201072386	1-5kb
clu_30588	2286	0.0147667292225201	1-5kb
clu_30591	5063	0.0360685254691689	5-20kb
clu_3060	2233	0.0513203485254692	1-5kb
clu_30604	7493	0.0034611528150134	5-20kb
clu_3061	651	0.1666581769437	<1kb
clu_3062	2610	0.00861514745308311	1-5kb
clu_30649	1835	0.0179353887399464	1-5kb
clu_30653	1623	0.0161321179624665	1-5kb
clu_30656	1391	0.0201748525469169	1-5kb
clu_30657	496	0.0599821983914209	<1kb
clu_3066	540	0.0213189008042895	<1kb
clu_30669	11379	0.00615356568364611	5-20kb
clu_3067	228	0.0204387667560322	<1kb
clu_30673	12791	0.115040777479893	5-20kb
clu_30695	4296	0.00122482573726542	1-5kb
clu_30707	2269	0.246693378016086	1-5kb
clu_30714	1285	0.0434940750670241	1-5kb
clu_30717	9211	0.0841467828418231	5-20kb
clu_30718	8539	0.0139235656836461	5-20kb
clu_30719	1345	0.010564691689008	1-5kb
clu_30721	979	0.151735683646113	<1kb
clu_30722	201	0.00972351206434316	<1kb
clu_30723	3905	0.0602140214477212	1-5kb
clu_30724	1430	0.00530560321715818	1-5kb
clu_30731	24857	0.168917774798928	20-50kb
clu_30742	1928	0.124734450402145	1-5kb
clu_30748	2619	0.0411970241286863	1-5kb
clu_30753	8191	0.825853404825737	5-20kb
clu_30765	70311	0.0125310455764075	>50kb
clu_30766	2953	0.0159343699731903	1-5kb
clu_30772	2560	0.0340925201072386	1-5kb
clu_30774	713	0.018758418230563	<1kb
clu_30775	2602	0.150096112600536	1-5kb
clu_30779	1996	0.0598425201072386	1-5kb
clu_3078	312	0.00740332439678284	<1kb
clu_30780	707	0.0720788471849866	<1kb
clu_30781	3485	0.0139321179624665	1-5kb
clu_30784	1794	0.0452699195710456	1-5kb
clu_30785	2893	0.0192749329758713	1-5kb
clu_30786	5471	0.0177813672922252	5-20kb
clu_30787	3468	0.0484501608579088	1-5kb
clu_30804	1344	0.0898436997319035	1-5kb
clu_30811	4571	0.00835689008042895	1-5kb
clu_30812	19727	0.0047342091152815	5-20kb
clu_30815	9061	0.0503582841823056	5-20kb
clu_30816	2187	0.059297908847185	1-5kb
clu_30821	426	0.0346643967828418	<1kb
clu_30825	342	0.0181016353887399	<1kb
clu_30829	11861	0.0151916085790885	5-20kb
clu_3083	436	0.00338544235924933	<1kb
clu_30845	430	0.0023056836461126	<1kb
clu_30846	4438	0.016227855227882	1-5kb
clu_30847	1157	0.0818577747989276	1-5kb
clu_30848	2616	0.0215585790884718	1-5kb
clu_30849	2800	0.00565056300268096	1-5kb
clu_3085	1651	0.0452561662198391	1-5kb
clu_30850	5155	0.0188106970509383	5-20kb
clu_30851	7423	0.0717132171581769	5-20kb
clu_30863	14905	0.0559295978552279	5-20kb
clu_30865	20601	0.0292319839142091	20-50kb
clu_30866	506	0.0470520643431635	<1kb
clu_3087	356	0.00565201072386059	<1kb
clu_3088	2188	0.28025672922252	1-5kb
clu_3091	175	0.00175286863270777	<1kb
clu_30926	2321	0.0279882841823056	1-5kb
clu_30927	1784	0.0168887131367292	1-5kb
clu_30946	42665	0.0667564611260054	20-50kb
clu_30979	112	0.0114735656836461	<1kb
clu_30997	2141	0.0380520643431635	1-5kb
clu_31007	1916	0.00711345844504021	1-5kb
clu_31010	2392	0.00297675603217158	1-5kb
clu_31011	16327	0.00484083109919571	5-20kb
clu_31017	8808	0.00215981233243968	5-20kb
clu_31018	1576	0.0156041554959786	1-5kb
clu_31019	1814	0.0052960053619303	1-5kb
clu_31020	1433	0.0302901072386059	1-5kb
clu_31030	1546	0.0046001072386059	1-5kb
clu_3104	85	0.0627475871313673	<1kb
clu_31047	1566	0.0230745844504021	1-5kb
clu_3105	140	0.0287945308310992	<1kb
clu_31053	1512	0.0142718498659517	1-5kb
clu_31058	972	0.271841126005362	<1kb
clu_31078	35640	0.0181214477211796	20-50kb
clu_31080	1162	0.0150538337801609	1-5kb
clu_31081	4629	0.0236207238605898	1-5kb
clu_311	1180	0.0900421715817694	1-5kb
clu_3110	23481	0.051257908847185	20-50kb
clu_31106	16777	0.0334024932975871	5-20kb
clu_31113	2177	0.0316172117962467	1-5kb
clu_31114	1704	0.0311464879356568	1-5kb
clu_31120	1010	0.0759832707774799	1-5kb
clu_31133	2744	0.0183121983914209	1-5kb
clu_31135	221	0.0110255227882038	<1kb
clu_31136	1657	0.83073	1-5kb
clu_31137	16363	0.0344360321715818	5-20kb
clu_31141	2412	0.00069083109919571	1-5kb
clu_31162	837	0.0108296782841823	<1kb
clu_31163	8317	0.0255202144772118	5-20kb
clu_31164	9364	0.0392267292225201	5-20kb
clu_31176	9520	0.00786750670241287	5-20kb
clu_31181	3855	0.00273635388739946	1-5kb
clu_31187	1963	0.00543930294906166	1-5kb
clu_31200	6690	0.00658493297587131	5-20kb
clu_31213	14431	0.00776624664879357	5-20kb
clu_31215	7699	0.352117855227882	5-20kb
clu_31227	16989	0.0056412600536193	5-20kb
clu_31228	38357	0.0406509115281501	20-50kb
clu_31232	13247	0.0118585522788204	5-20kb
clu_31238	20925	0.24986163538874	20-50kb
clu_31243	1602	0.0333513941018767	1-5kb
clu_3126	3182	0.0130458445040214	1-5kb
clu_31260	11724	0.103954825737265	5-20kb
clu_31268	1957	0.00483554959785523	1-5kb
clu_31269	470	0.0204735924932976	<1kb
clu_3127	2184	0.00125490616621984	1-5kb
clu_31273	910	0.0134304825737265	<1kb
clu_31275	4137	0.00208981233243968	1-5kb
clu_31288	2487	0.00368825737265416	1-5kb
clu_31289	265	0.00393471849865952	<1kb
clu_31290	518	0.0128320643431635	<1kb
clu_31294	1199	0.00645112600536193	1-5kb
clu_31295	3084	0.0642634852546917	1-5kb
clu_31296	652	0.0995275603217158	<1kb
clu_31297	4111	0.0235791957104558	1-5kb
clu_3130	11711	0.0384902949061662	5-20kb
clu_31310	45767	0.189940965147453	20-50kb
clu_31312	1453	0.00171517426273458	1-5kb
clu_3133	1205	0.0284782305630027	1-5kb
clu_3135	79	0.0127817426273458	<1kb
clu_31354	30312	0.260950616621984	20-50kb
clu_31355	17605	0.00118383378016086	5-20kb
clu_31356	2080	0.00197525469168901	1-5kb
clu_31357	2909	0.000833592493297587	1-5kb
clu_31367	7398	0.0103291152815013	5-20kb
clu_31386	94793	0.0366460589812332	>50kb
clu_31394	2938	0.00337908847184987	1-5kb
clu_314	13478	0.0174178820375335	5-20kb
clu_31407	1287	0.0133346112600536	1-5kb
clu_31409	1778	0.020735308310992	1-5kb
clu_31418	7415	0.00648495978552279	5-20kb
clu_3142	230	0.0176295174262735	<1kb
clu_31420	1460	0.0196321983914209	1-5kb
clu_31421	241	0.0162058713136729	<1kb
clu_31422	1019	0.0251562198391421	1-5kb
clu_31424	1307	0.00727217158176944	1-5kb
clu_31425	2552	0.00490359249329759	1-5kb
clu_31432	2182	0.016536327077748	1-5kb
clu_3144	2793	0.0382053351206434	1-5kb
clu_3146	472	0.238609571045576	<1kb
clu_31461	4206	0.165055013404826	1-5kb
clu_31463	1061	0.0551932439678284	1-5kb
clu_31469	8749	0.0193979892761394	5-20kb
clu_3147	185	0.123298230563003	<1kb
clu_31470	2551	0.017436890080429	1-5kb
clu_31471	699	0.102077694369973	<1kb
clu_31472	40730	0.092182144772118	20-50kb
clu_31473	4007	0.0149666756032172	1-5kb
clu_31482	7257	0.0091198927613941	5-20kb
clu_31483	1935	0.113389463806971	1-5kb
clu_315	6541	0.0185482841823056	5-20kb
clu_3151	307	0.00295844504021448	<1kb
clu_31513	1346	0.00401466487935657	1-5kb
clu_3152	256	0.0098569436997319	<1kb
clu_31521	3310	0.0252307238605898	1-5kb
clu_3153	81	0.0358732975871314	<1kb
clu_31539	3260	0.0376045308310992	1-5kb
clu_31541	2936	0.00164892761394102	1-5kb
clu_31544	1700	0.00802219839142091	1-5kb
clu_31548	1749	0.0221224932975871	1-5kb
clu_31551	3097	0.00123930294906166	1-5kb
clu_31552	5398	0.00310091152815013	5-20kb
clu_31568	168	0.015848927613941	<1kb
clu_31569	935	0.199024128686327	<1kb
clu_31570	819	0.0198647184986595	<1kb
clu_31573	7376	0.0908853887399464	5-20kb
clu_31574	5763	0.00255608579088472	5-20kb
clu_31578	7743	0.00553176943699732	5-20kb
clu_31579	199	0.00857026809651474	<1kb
clu_31581	1133	0.0146463806970509	1-5kb
clu_31585	3771	0.055386890080429	1-5kb
clu_31598	1872	0.206236353887399	1-5kb
clu_31599	1069	0.046648471849866	1-5kb
clu_31605	886	0.00569050938337802	<1kb
clu_31606	651	0.021572600536193	<1kb
clu_31608	1833	0.0357080160857909	1-5kb
clu_31609	260	0.0144695710455764	<1kb
clu_31610	1194	0.028586327077748	1-5kb
clu_31611	166	0.00878541554959785	<1kb
clu_31612	123	0.0240150134048257	<1kb
clu_31614	299	0.0142141554959786	<1kb
clu_31618	103	0.0363118230563003	<1kb
clu_31619	215	0.0181911260053619	<1kb
clu_31622	1940	0.00455289544235925	1-5kb
clu_31623	1046	0.00261184986595174	1-5kb
clu_31624	198	0.000599731903485255	<1kb
clu_31625	521	0.021046836461126	<1kb
clu_31638	449	0.00929407506702413	<1kb
clu_31640	188	0.00125144772117962	<1kb
clu_31641	1376	0.0015545308310992	1-5kb
clu_31652	2640	0.012907399463807	1-5kb
clu_31656	1400	0.00275498659517426	1-5kb
clu_31657	1490	0.00144356568364611	1-5kb
clu_31673	1187	0.0277155227882038	1-5kb
clu_31675	8546	0.104836085790885	5-20kb
clu_31678	4663	0.179312707774799	1-5kb
clu_31683	17130	0.0134138873994638	5-20kb
clu_3169	466	0.00128335120643432	<1kb
clu_31695	4152	0.0678845308310992	1-5kb
clu_31704	412	0.0759229758713137	<1kb
clu_31705	1687	0.00322233243967828	1-5kb
clu_31715	781	0.104715737265416	<1kb
clu_31716	230	0.0141768096514745	<1kb
clu_31717	1242	0.378743217158177	1-5kb
clu_31719	16737	0.0151558445040214	5-20kb
clu_31721	21502	0.0344679356568365	20-50kb
clu_31732	10086	0.0771907238605898	5-20kb
clu_31747	2322	0.057824691689008	1-5kb
clu_31758	2944	0.0211257908847185	1-5kb
clu_31760	6670	0.0028527345844504	5-20kb
clu_31766	7155	0.013722144772118	5-20kb
clu_31768	347	0.00973225201072386	<1kb
clu_31769	1447	0.00329986595174263	1-5kb
clu_31771	2052	0.0205028954423593	1-5kb
clu_3178	2049	0.00285171581769437	1-5kb
clu_3179	682	0.0045641018766756	<1kb
clu_3180	480	0.000119544235924933	<1kb
clu_31820	6323	0.00664187667560322	5-20kb
clu_31823	5493	0.069517345844504	5-20kb
clu_31824	5366	0.171078873994638	5-20kb
clu_31828	1753	0.0182230294906166	1-5kb
clu_31841	11881	0.0409774530831099	5-20kb
clu_31843	1336	0.0111397050938338	1-5kb
clu_31844	3346	0.0478828150134048	1-5kb
clu_31846	1096	0.00861941018766756	1-5kb
clu_31850	1771	0.0299642895442359	1-5kb
clu_31852	4235	0.0133623592493298	1-5kb
clu_31853	7765	0.00909235924932976	5-20kb
clu_31855	2691	0.0103533780160858	1-5kb
clu_3187	2127	0.00698686327077748	1-5kb
clu_3194	155	0.221537587131367	<1kb
clu_3195	273	0.0163972654155496	<1kb
clu_32	5340	0.0133137533512064	5-20kb
clu_3203	4912	0.00215514745308311	1-5kb
clu_321	2050	0.131553351206434	1-5kb
clu_3212	11708	0.00690957104557641	5-20kb
clu_3213	574	0.108385361930295	<1kb
clu_3219	2552	0.00252739946380697	1-5kb
clu_3224	15342	0.00247407506702413	5-20kb
clu_3227	84	0.000643512064343164	<1kb
clu_3229	232	0.00733528150134048	<1kb
clu_3230	345	0.00580018766756032	<1kb
clu_3232	5587	0.0651164075067024	5-20kb
clu_3233	1202	0.0014154691689008	1-5kb
clu_325	18852	0.11044345844504	5-20kb
clu_326	4944	0.0038511528150134	1-5kb
clu_3263	488	0.0155493297587131	<1kb
clu_3265	14042	0.00858895442359249	5-20kb
clu_3266	2872	0.00722742627345845	1-5kb
clu_3267	2467	0.00330123324396783	1-5kb
clu_327	339	0.04851	<1kb
clu_3279	1464	0.00448343163538874	1-5kb
clu_3289	2079	0.00720117962466488	1-5kb
clu_3323	6020	0.0243504557640751	5-20kb
clu_3328	971	0.013828418230563	<1kb
clu_3329	880	0.0741918230563003	<1kb
clu_333	183	0.00318686327077748	<1kb
clu_334	382	0.00685233243967828	<1kb
clu_3341	1306	0.00170490616621984	1-5kb
clu_3342	1707	0.0444289008042895	1-5kb
clu_3344	384	0.0483265415549598	<1kb
clu_3350	120	0.0128697319034853	<1kb
clu_3354	200	0.0472647184986595	<1kb
clu_3357	182	0.0944670241286863	<1kb
clu_3361	384	0.0297728686327078	<1kb
clu_3362	137	0.0445032975871314	<1kb
clu_3364	2863	0.00496742627345844	1-5kb
clu_3365	899	0.00320348525469169	<1kb
clu_3368	146	0.0113846380697051	<1kb
clu_3372	138	0.00906914209115281	<1kb
clu_3376	12096	0.00758541554959785	5-20kb
clu_338	28502	0.0203665951742627	20-50kb
clu_3383	4042	0.0509224128686327	1-5kb
clu_339	1130	0.00972270777479893	1-5kb
clu_3390	730	0.0147157908847185	<1kb
clu_33960	671	0.0231597587131367	<1kb
clu_33961	4982	0.284148445040214	1-5kb
clu_33967	34475	0.0182574530831099	20-50kb
clu_33968	6149	0.0074273726541555	5-20kb
clu_3397	866	0.00142399463806971	<1kb
clu_33995	3332	0.00664195710455764	1-5kb
clu_33999	4579	0.127194048257373	1-5kb
clu_3402	253	0.0695110991957105	<1kb
clu_34026	2545	0.0355127345844504	1-5kb
clu_34028	3478	0.00601142091152815	1-5kb
clu_3403	1522	0.330250670241287	1-5kb
clu_34041	5521	0.00748887399463807	5-20kb
clu_34042	2966	0.00758844504021448	1-5kb
clu_3405	3524	0.0174442627345845	1-5kb
clu_34051	2651	0.00100906166219839	1-5kb
clu_34061	1621	0.0268908042895442	1-5kb
clu_34062	7509	0.020015308310992	5-20kb
clu_34063	12376	0.0944791689008043	5-20kb
clu_34064	9357	0.174134423592493	5-20kb
clu_34068	7898	0.0240997319034853	5-20kb
clu_34070	6452	0.0153174798927614	5-20kb
clu_34079	1550	0.00948461126005362	1-5kb
clu_34086	8575	0.135765683646113	5-20kb
clu_34087	1290	0.000779651474530831	1-5kb
clu_3409	5141	0.0012157908847185	5-20kb
clu_34090	1605	0.00122747989276139	1-5kb
clu_34093	2362	0.00812013404825737	1-5kb
clu_34095	1513	0.00178107238605898	1-5kb
clu_34096	1449	0.00828520107238606	1-5kb
clu_34099	1369	0.00757214477211796	1-5kb
clu_3410	6883	0.00418418230563003	5-20kb
clu_34100	254	0.00748222520107239	<1kb
clu_34101	4114	0.00442139410187668	1-5kb
clu_34102	1874	0.00234495978552279	1-5kb
clu_34104	1024	0.00246613941018767	1-5kb
clu_34110	20198	0.289092305630027	20-50kb
clu_34113	1130	0.0159165147453083	1-5kb
clu_34114	528	0.0124500268096515	<1kb
clu_34115	82	0.00126160857908847	<1kb
clu_34116	1515	0.0162530563002681	1-5kb
clu_34118	1003	0.0022412600536193	1-5kb
clu_34125	5901	0.00437672922252011	5-20kb
clu_34126	675	0.0470609383378016	<1kb
clu_34127	1564	0.0215252278820375	1-5kb
clu_34129	815	0.0485606434316354	<1kb
clu_34130	5433	0.207459544235925	5-20kb
clu_34131	246	0.147345576407507	<1kb
clu_34133	1717	0.00620638069705094	1-5kb
clu_34134	710	0.00903083109919571	<1kb
clu_34135	7423	0.00647914209115281	5-20kb
clu_34137	1197	0.0326735120643432	1-5kb
clu_34138	766	0.00894820375335121	<1kb
clu_3414	8651	0.00278621983914209	5-20kb
clu_34152	2460	0.0196408579088472	1-5kb
clu_34154	1734	0.0010154691689008	1-5kb
clu_34155	1182	0.00531954423592493	1-5kb
clu_34157	5341	0.0087658981233244	5-20kb
clu_34159	646	0.00479032171581769	<1kb
clu_34160	946	0.00553190348525469	<1kb
clu_34166	936	0.0228622252010724	<1kb
clu_34169	64070	0.0824845844504021	>50kb
clu_34172	3325	0.010651581769437	1-5kb
clu_34174	6143	0.012873109919571	5-20kb
clu_34175	12028	0.0144928686327078	5-20kb
clu_34176	7438	0.0550152010723861	5-20kb
clu_34177	59687	0.045579436997319	>50kb
clu_34178	19564	0.0145198659517426	5-20kb
clu_34194	63940	0.00718943699731904	>50kb
clu_3420	7280	0.00530214477211796	5-20kb
clu_34203	53413	0.144335710455764	>50kb
clu_34204	23047	0.137348069705094	20-50kb
clu_34238	3534	0.00121439678284182	1-5kb
clu_34241	2831	0.00950225201072386	1-5kb
clu_34246	1506	0.00584107238605898	1-5kb
clu_34249	378	0.0021814745308311	<1kb
clu_34250	1388	0.00114332439678284	1-5kb
clu_34251	2021	0.0113590884718499	1-5kb
clu_34253	14262	0.00658680965147453	5-20kb
clu_34288	4392	0.0393664075067024	1-5kb
clu_34294	31580	0.053403109919571	20-50kb
clu_343	38333	0.0532916353887399	20-50kb
clu_34302	1051	0.00342954423592493	1-5kb
clu_34329	16711	0.00460512064343164	5-20kb
clu_34330	21794	0.0341270241286863	20-50kb
clu_34334	8755	0.00453396782841823	5-20kb
clu_34335	764	0.213901849865952	<1kb
clu_34338	3930	0.0224095442359249	1-5kb
clu_34341	2934	0.00380128686327078	1-5kb
clu_34347	1742	0.844548525469169	1-5kb
clu_3436	3722	0.0225188471849866	1-5kb
clu_34365	108	0.0166934316353887	<1kb
clu_3437	1124	0.199801957104558	1-5kb
clu_3438	3493	0.0939421983914209	1-5kb
clu_34380	2018	0.00554833780160858	1-5kb
clu_34382	32402	0.0387795710455764	20-50kb
clu_34383	19744	0.019142144772118	5-20kb
clu_3439	731	0.0846093565683646	<1kb
clu_34399	280	0.00956587131367292	<1kb
clu_3440	6805	0.00875509383378016	5-20kb
clu_34400	1423	0.049544745308311	1-5kb
clu_34402	1946	0.0236436461126005	1-5kb
clu_3442	541	0.0339410991957105	<1kb
clu_34420	459	0.00829281501340483	<1kb
clu_34422	243	0.0724525469168901	<1kb
clu_34423	1575	0.0765051206434316	1-5kb
clu_3443	1287	0.010172144772118	1-5kb
clu_3444	1944	0.00584949061662198	1-5kb
clu_34462	1176	0.0667832171581769	1-5kb
clu_34472	2226	0.108583699731903	1-5kb
clu_34478	7994	0.00759134048257373	5-20kb
clu_34484	9081	0.00540378016085791	5-20kb
clu_34487	16045	0.110393029490617	5-20kb
clu_34494	294	0.0609464611260054	<1kb
clu_34495	351	0.0301725469168901	<1kb
clu_345	5511	0.0175030026809651	5-20kb
clu_3450	2641	0.00450198391420912	1-5kb
clu_34501	671	0.0108493297587131	<1kb
clu_34502	7126	0.0113103485254692	5-20kb
clu_34503	2458	0.00441957104557641	1-5kb
clu_34505	13838	0.0388167560321716	5-20kb
clu_34519	1815	0.077676327077748	1-5kb
clu_3453	1345	0.0159494638069705	1-5kb
clu_34531	10699	0.183151528150134	5-20kb
clu_34556	96	0.00740689008042895	<1kb
clu_34557	15462	0.0334357908847185	5-20kb
clu_34558	35571	0.0187924396782842	20-50kb
clu_34559	2693	0.158612868632708	1-5kb
clu_34560	4783	0.0755009115281501	1-5kb
clu_34561	16601	0.08693163538874	5-20kb
clu_34581	174	0.00517394101876676	<1kb
clu_34582	96	0.303503217158177	<1kb
clu_34583	1396	0.0522988739946381	1-5kb
clu_34589	2478	0.0150264075067024	1-5kb
clu_34594	123	0.00684823056300268	<1kb
clu_34595	1875	0.0211990616621984	1-5kb
clu_34596	1516	0.0144064075067024	1-5kb
clu_34597	37293	0.00401501340482574	20-50kb
clu_34598	6349	0.034602144772118	5-20kb
clu_34599	20704	0.0401107238605898	20-50kb
clu_34606	2913	0.0117459785522788	1-5kb
clu_34610	271	0.0345743699731903	<1kb
clu_34612	1024	0.125508445040214	1-5kb
clu_34624	178	0.0991720107238606	<1kb
clu_34630	271	0.088593163538874	<1kb
clu_34640	174	0.0557116890080429	<1kb
clu_34642	154	0.00376418230563003	<1kb
clu_34644	9842	0.0204634316353887	5-20kb
clu_34645	634	0.0192270777479893	<1kb
clu_34646	6217	0.164815924932976	5-20kb
clu_34647	6446	0.0110610455764075	5-20kb
clu_3468	32931	0.0350362198391421	20-50kb
clu_3474	1566	0.0254036461126005	1-5kb
clu_34766	330	0.00210892761394102	<1kb
clu_34767	2096	0.0115478820375335	1-5kb
clu_34770	893	0.00784554959785523	<1kb
clu_34775	577	0.0178417694369973	<1kb
clu_34779	83	0.309210241286863	<1kb
clu_34780	166	0.0702648793565684	<1kb
clu_34790	420	0.0973581501340483	<1kb
clu_34814	3816	0.0600238337801609	1-5kb
clu_34815	140	0.00434316353887399	<1kb
clu_34816	117	0.00226399463806971	<1kb
clu_34818	264	0.00381522788203753	<1kb
clu_3482	53470	0.120514396782842	>50kb
clu_34822	764	0.00846616621983914	<1kb
clu_34823	1910	0.00233723860589812	1-5kb
clu_34825	8559	0.00547817694369973	5-20kb
clu_34830	734	0.0143082841823056	<1kb
clu_34831	460	0.00381058981233244	<1kb
clu_34832	4548	0.00270742627345844	1-5kb
clu_34838	380	0.00582458445040215	<1kb
clu_3484	6821	0.0104967560321716	5-20kb
clu_34840	99	0.00660018766756032	<1kb
clu_34843	108	0.00134667560321716	<1kb
clu_34846	9615	0.00406171581769437	5-20kb
clu_34848	74	0.00731458445040215	<1kb
clu_34849	120	0.00349879356568365	<1kb
clu_34850	107	0.00060627345844504	<1kb
clu_34852	872	0.00483954423592493	<1kb
clu_34856	1655	0.0535241554959786	1-5kb
clu_34857	81	0.0215981769436997	<1kb
clu_3486	14451	0.0323682037533512	5-20kb
clu_34860	86	0.00773509383378016	<1kb
clu_34863	117	0.0163578820375335	<1kb
clu_34865	115	0.0324908847184987	<1kb
clu_3487	747	0.010164691689008	<1kb
clu_34873	2286	0.0238212600536193	1-5kb
clu_34875	362	0.000906407506702413	<1kb
clu_34877	1808	0.0607100536193029	1-5kb
clu_34878	1831	0.0147279356568365	1-5kb
clu_34879	13047	0.0650556836461126	5-20kb
clu_34881	2113	0.00132699731903485	1-5kb
clu_34882	5801	0.000352573726541555	5-20kb
clu_34885	997	0.110214423592493	<1kb
clu_34887	313	0.00610967828418231	<1kb
clu_34889	444	0.00705080428954424	<1kb
clu_34890	2679	0.0186698659517426	1-5kb
clu_34895	88	0.121468766756032	<1kb
clu_34899	144	0.34510855227882	<1kb
clu_34905	125	0.0252788739946381	<1kb
clu_34908	9395	0.00457627345844504	5-20kb
clu_34910	230	0.0319054423592493	<1kb
clu_34911	79	0.0446165415549598	<1kb
clu_34912	323	0.0123876139410188	<1kb
clu_34914	84	0.01490581769437	<1kb
clu_34916	611	0.00679772117962466	<1kb
clu_34917	612	0.0770693297587131	<1kb
clu_34924	3328	0.0440745308310992	1-5kb
clu_34925	135	0.12951144772118	<1kb
clu_3493	4536	0.0395440482573727	1-5kb
clu_34938	86	0.0358263806970509	<1kb
clu_34939	87	0.007411581769437	<1kb
clu_3494	1444	0.00462324396782842	1-5kb
clu_34947	170	0.072390509383378	<1kb
clu_34948	1476	0.010890563002681	1-5kb
clu_34949	5018	0.00863603217158177	5-20kb
clu_3495	18393	0.00699635388739946	5-20kb
clu_34958	91	0.0551969436997319	<1kb
clu_3496	630	0.00552174262734584	<1kb
clu_34961	75	0.0208634316353887	<1kb
clu_34962	121	0.0551520643431635	<1kb
clu_34963	2665	0.00894766756032172	1-5kb
clu_3497	3181	0.0088897855227882	1-5kb
clu_34971	580	0.00933048257372654	<1kb
clu_34972	1929	0.00724005361930295	1-5kb
clu_34973	1244	0.00532166219839142	1-5kb
clu_34977	1868	0.0052443163538874	1-5kb
clu_34978	3575	0.0109895174262735	1-5kb
clu_34979	3092	0.0132041018766756	1-5kb
clu_34980	108	0.00317935656836461	<1kb
clu_34982	636	0.00675490616621984	<1kb
clu_34985	289	0.0313986595174263	<1kb
clu_34995	915	0.0139254155495979	<1kb
clu_350	2514	0.0228250134048257	1-5kb
clu_35002	20583	0.0185769436997319	20-50kb
clu_35003	12987	0.00783002680965147	5-20kb
clu_35012	104	0.00537924932975871	<1kb
clu_35013	266	0.0105029758713137	<1kb
clu_35015	452	0.0170443163538874	<1kb
clu_35023	85	0.00688008042895442	<1kb
clu_35025	1998	0.00424946380697051	1-5kb
clu_35026	4171	0.0692168096514745	1-5kb
clu_35027	6887	0.0106914209115281	5-20kb
clu_35035	3817	0.0167890616621984	1-5kb
clu_35039	118	0.00835056300268096	<1kb
clu_35040	223	0.0140594101876676	<1kb
clu_35041	1061	0.0116759517426273	1-5kb
clu_35042	2327	0.0212994101876676	1-5kb
clu_35045	1776	0.00433525469168901	1-5kb
clu_35046	8458	0.0134693029490617	5-20kb
clu_35049	2787	0.0281925469168901	1-5kb
clu_3505	874	0.203176756032172	<1kb
clu_35050	1962	0.00814954423592493	1-5kb
clu_35053	2520	0.0712158445040214	1-5kb
clu_35055	178	0.189224879356568	<1kb
clu_35069	4850	0.0295677747989276	1-5kb
clu_35071	41846	0.153846246648794	20-50kb
clu_35074	3269	0.0111017962466488	1-5kb
clu_35079	76557	0.0277816085790885	>50kb
clu_35081	6762	0.0182865683646113	5-20kb
clu_35082	4960	0.00322407506702413	1-5kb
clu_35083	7975	0.0210619571045576	5-20kb
clu_35087	5076	0.00838973190348525	5-20kb
clu_35091	2630	0.0291320643431635	1-5kb
clu_35099	491	0.060093163538874	<1kb
clu_35102	714	0.0172483109919571	<1kb
clu_35103	663	0.058896327077748	<1kb
clu_35106	1086	0.0117322788203753	1-5kb
clu_35107	1583	0.0118578016085791	1-5kb
clu_35109	539	0.00643605898123324	<1kb
clu_35111	605	0.00615919571045576	<1kb
clu_35112	1869	0.0074302144772118	1-5kb
clu_35113	938	0.0548817158176944	<1kb
clu_35119	184	0.00656697050938338	<1kb
clu_35120	4429	0.014259436997319	1-5kb
clu_35121	1220	0.00585563002680965	1-5kb
clu_35149	376	0.0120397050938338	<1kb
clu_35152	1535	0.0108820107238606	1-5kb
clu_35159	2406	0.229629892761394	1-5kb
clu_3516	4715	0.0203413404825737	1-5kb
clu_35162	539	0.00537777479892761	<1kb
clu_35163	4381	0.0073973726541555	1-5kb
clu_35165	3659	0.0199543431635389	1-5kb
clu_35167	105	0.0290897587131367	<1kb
clu_35170	328	0.00686356568364611	<1kb
clu_35179	52531	0.0406522520107239	>50kb
clu_352	7734	0.00818809651474531	5-20kb
clu_35202	1156	0.0344549061662198	1-5kb
clu_35203	751	0.00672592493297587	<1kb
clu_3522	1649	0.02791418230563	1-5kb
clu_35234	2598	0.0144374262734584	1-5kb
clu_35236	2065	0.0203292225201072	1-5kb
clu_35240	24871	0.027236890080429	20-50kb
clu_35242	10511	0.00206911528150134	5-20kb
clu_35246	80268	0.00937257372654155	>50kb
clu_3526	13749	0.0121654155495979	5-20kb
clu_35260	1802	0.00576957104557641	1-5kb
clu_35263	3812	0.00571335120643432	1-5kb
clu_3527	1422	0.0267209651474531	1-5kb
clu_35287	40026	0.165034772117962	20-50kb
clu_3529	3920	0.00443983914209115	1-5kb
clu_353	2867	0.0271658445040214	1-5kb
clu_3530	1696	0.0241416890080429	1-5kb
clu_3531	1471	0.02765581769437	1-5kb
clu_35317	67068	0.0115596782841823	>50kb
clu_35320	42079	0.00806506702412869	20-50kb
clu_35321	19634	0.00936083109919571	5-20kb
clu_35322	2555	0.0129957908847185	1-5kb
clu_35345	6423	0.00380747989276139	5-20kb
clu_3535	2923	0.457541849865952	1-5kb
clu_35375	1585	0.000289115281501341	1-5kb
clu_35377	3068	0.00142919571045576	1-5kb
clu_35378	2373	0.00658552278820375	1-5kb
clu_35379	20916	0.0705013672922252	20-50kb
clu_35381	8632	0.369016595174263	5-20kb
clu_35391	3503	0.0402154959785523	1-5kb
clu_35393	172	0.0659589008042895	<1kb
clu_35396	1777	0.0239287399463807	1-5kb
clu_3544	7339	0.00649061662198391	5-20kb
clu_35448	2972	0.0498329758713137	1-5kb
clu_3545	3987	0.0473820107238606	1-5kb
clu_35451	41164	0.00851045576407507	20-50kb
clu_35453	7101	0.0173939678284182	5-20kb
clu_35455	278	0.000166702412868633	<1kb
clu_3546	26296	0.00345806970509383	20-50kb
clu_3547	1088	0.146848418230563	1-5kb
clu_35470	8078	0.0577583914209115	5-20kb
clu_35471	2907	0.00226412868632708	1-5kb
clu_35473	24777	0.00347423592493298	20-50kb
clu_35474	13745	0.0426773726541555	5-20kb
clu_35489	4646	0.0609199731903485	1-5kb
clu_35490	767	0.00841093833780161	<1kb
clu_35491	1701	0.00660120643431635	1-5kb
clu_35493	7234	0.00694718498659517	5-20kb
clu_35494	4513	0.0116581769436997	1-5kb
clu_35495	756	0.00583664879356568	<1kb
clu_35531	596	0.0160688203753351	<1kb
clu_35534	645	0.00317278820375335	<1kb
clu_35536	86	0.00318924932975871	<1kb
clu_35537	1042	0.0195608579088472	1-5kb
clu_3554	3505	0.0108324128686327	1-5kb
clu_35540	6663	0.0106778284182306	5-20kb
clu_35548	1453	0.0215379624664879	1-5kb
clu_35549	2383	0.00183198391420912	1-5kb
clu_35550	2578	0.000999302949061662	1-5kb
clu_35559	1407	0.0117934584450402	1-5kb
clu_3556	627	0.00999932975871314	<1kb
clu_3557	2646	0.0018011528150134	1-5kb
clu_35570	2166	0.0251275067024129	1-5kb
clu_35571	2212	0.0113991420911528	1-5kb
clu_35572	549	0.0673047989276139	<1kb
clu_35573	460	0.00629455764075067	<1kb
clu_35574	3415	0.122868525469169	1-5kb
clu_35575	2938	0.674180965147453	1-5kb
clu_35576	1903	0.0489371849865952	1-5kb
clu_3558	10420	0.0578874798927614	5-20kb
clu_35582	2597	0.164565442359249	1-5kb
clu_35584	7101	0.598627238605898	5-20kb
clu_35591	2064	0.130614396782842	1-5kb
clu_35598	2195	0.00523193029490617	1-5kb
clu_35599	3259	0.0108708042895442	1-5kb
clu_3560	2475	0.0114341018766756	1-5kb
clu_35608	3144	0.0118109651474531	1-5kb
clu_35616	2098	0.16647836461126	1-5kb
clu_35619	7656	0.0339269705093834	5-20kb
clu_3562	2521	0.0689144504021448	1-5kb
clu_35621	5916	0.0532388739946381	5-20kb
clu_35630	96802	0.311571045576408	>50kb
clu_35636	66683	0.649198230563003	>50kb
clu_35647	2305	0.0755671581769437	1-5kb
clu_35648	2805	0.00622107238605898	1-5kb
clu_35651	2547	0.0313429490616622	1-5kb
clu_35652	776	0.0587325737265416	<1kb
clu_35653	8914	0.0323031903485255	5-20kb
clu_35655	2000	0.00495938337801609	1-5kb
clu_35656	12761	0.023200509383378	5-20kb
clu_35660	5836	0.142633512064343	5-20kb
clu_35662	5479	0.00236227882037534	5-20kb
clu_35672	3453	0.0115930563002681	1-5kb
clu_35673	685	0.0109163002680965	<1kb
clu_35690	560	0.0327579892761394	<1kb
clu_35692	11674	0.019602654155496	5-20kb
clu_35694	500	0.0260757104557641	<1kb
clu_35695	3716	0.065561581769437	1-5kb
clu_35696	9198	0.0869145844504021	5-20kb
clu_35697	4838	0.0154199195710456	1-5kb
clu_35698	2117	0.0223502412868633	1-5kb
clu_35700	3086	0.0240567024128686	1-5kb
clu_35703	7495	0.0417824664879357	5-20kb
clu_35706	3247	0.0349571581769437	1-5kb
clu_35708	147	0.0021257908847185	<1kb
clu_35709	656	0.000375067024128686	<1kb
clu_35710	1053	0.122292037533512	1-5kb
clu_35711	8804	0.0843677747989276	5-20kb
clu_35717	858	0.158115656836461	<1kb
clu_35719	9029	0.0178334852546917	5-20kb
clu_35720	1640	0.0346825737265416	1-5kb
clu_35721	5241	0.00651117962466488	5-20kb
clu_35722	1472	0.00611828418230563	1-5kb
clu_35729	14858	0.381567238605898	5-20kb
clu_35734	5148	0.0302072654155496	5-20kb
clu_35738	1805	0.10484654155496	1-5kb
clu_35740	29007	0.0134570509383378	20-50kb
clu_35742	7424	0.039216327077748	5-20kb
clu_35743	591	0.0190646380697051	<1kb
clu_35744	5094	0.013387399463807	5-20kb
clu_35745	2646	0.0262551742627346	1-5kb
clu_35746	2312	0.0174777211796247	1-5kb
clu_35750	2585	0.0257219034852547	1-5kb
clu_35751	3792	0.171906836461126	1-5kb
clu_35752	8838	0.0143252010723861	5-20kb
clu_35756	5544	0.0133580428954424	5-20kb
clu_35758	14431	0.0177076139410188	5-20kb
clu_35770	73	0.0259537533512064	<1kb
clu_35772	6710	0.0118134316353887	5-20kb
clu_35792	2929	0.00893806970509383	1-5kb
clu_35806	3068	0.0722599195710456	1-5kb
clu_35807	2062	0.0689771313672922	1-5kb
clu_35808	8433	0.359139758713137	5-20kb
clu_35809	1742	0.162688793565684	1-5kb
clu_35810	41960	0.253374664879357	20-50kb
clu_35812	20777	0.104451018766756	20-50kb
clu_35816	3478	0.047178927613941	1-5kb
clu_35817	7175	0.0479861662198391	5-20kb
clu_35818	8772	0.0109961126005362	5-20kb
clu_35819	4588	0.00920707774798928	1-5kb
clu_35820	825	0.0192648525469169	<1kb
clu_35831	17264	0.00517718498659517	5-20kb
clu_35848	2213	0.0643956568364611	1-5kb
clu_35851	1797	0.0397684986595174	1-5kb
clu_35852	3934	0.0119810991957105	1-5kb
clu_35868	10246	0.26774144772118	5-20kb
clu_35869	3262	0.596967855227882	1-5kb
clu_35870	10387	0.0113672117962466	5-20kb
clu_35871	59222	0.220423967828418	>50kb
clu_35872	39798	0.0862979356568365	20-50kb
clu_35876	9491	0.0119660857908847	5-20kb
clu_35887	636	0.00357675603217158	<1kb
clu_35889	95	0.000366434316353887	<1kb
clu_3590	5959	0.0258073190348525	5-20kb
clu_35901	2324	0.0291978284182306	1-5kb
clu_35902	1779	0.00910176943699732	1-5kb
clu_3593	3833	0.00382892761394102	1-5kb
clu_3594	1333	0.00224729222520107	1-5kb
clu_35940	12934	0.442001313672922	5-20kb
clu_35956	2166	0.216399517426273	1-5kb
clu_35962	2152	0.000747265415549598	1-5kb
clu_35964	1397	0.0095754691689008	1-5kb
clu_3597	8015	0.013629436997319	5-20kb
clu_35979	1017	0.00371233243967828	1-5kb
clu_35980	13428	0.0364309115281501	5-20kb
clu_35981	7145	0.0369724932975871	5-20kb
clu_35985	610	0.269339329758713	<1kb
clu_35988	14706	0.0265895174262735	5-20kb
clu_3599	5035	0.00398032171581769	5-20kb
clu_35991	1029	0.0458107506702413	1-5kb
clu_35996	467	0.430364879356568	<1kb
clu_36000	1368	0.0502544504021448	1-5kb
clu_36001	2084	0.407099383378016	1-5kb
clu_36010	7141	0.0133488739946381	5-20kb
clu_36011	2041	0.0102661662198391	1-5kb
clu_36012	886	0.0247619302949062	<1kb
clu_36013	715	0.0772630294906166	<1kb
clu_36030	1901	0.0284075335120643	1-5kb
clu_36052	26569	0.0721682841823056	20-50kb
clu_36053	18672	0.0181676675603217	5-20kb
clu_3606	65851	0.0451110455764075	>50kb
clu_36062	283	0.00445367292225201	<1kb
clu_36063	1440	0.0154226273458445	1-5kb
clu_36078	253	0.00636903485254692	<1kb
clu_3609	2462	0.015487855227882	1-5kb
clu_36093	6657	0.0130568096514745	5-20kb
clu_36094	3906	0.00384050938337802	1-5kb
clu_36101	5025	0.0367046380697051	5-20kb
clu_36102	1357	0.0219857104557641	1-5kb
clu_36103	2879	0.556437935656836	1-5kb
clu_36104	184	0.0922309383378016	<1kb
clu_36105	11022	0.0291129758713137	5-20kb
clu_36108	95	0.0588015013404826	<1kb
clu_36109	432	0.0476498927613941	<1kb
clu_3611	79851	0.159714021447721	>50kb
clu_36111	8058	0.00565005361930295	5-20kb
clu_36112	1415	0.0049828418230563	1-5kb
clu_36117	3487	0.0329978820375335	1-5kb
clu_3612	341	0.0014754691689008	<1kb
clu_36129	1579	0.00878611260053619	1-5kb
clu_36131	3525	0.168086193029491	1-5kb
clu_36134	1083	0.00468844504021448	1-5kb
clu_36135	14956	0.0211575871313673	5-20kb
clu_36137	7849	0.023593109919571	5-20kb
clu_36138	492	0.0300196514745308	<1kb
clu_36152	810	0.0263229222520107	<1kb
clu_3616	1216	0.000529356568364611	1-5kb
clu_36166	21637	0.0700332707774799	20-50kb
clu_36172	35115	0.380302707774799	20-50kb
clu_36186	2889	0.0167974262734584	1-5kb
clu_36188	127	0.0124827077747989	<1kb
clu_36190	2989	0.00713541554959786	1-5kb
clu_36194	497	0.0049897855227882	<1kb
clu_36196	4927	0.0275993029490617	1-5kb
clu_36212	8959	0.0355850134048257	5-20kb
clu_36221	19734	0.0199201340482574	5-20kb
clu_3623	7398	0.166437613941019	5-20kb
clu_36238	2860	0.0406368632707775	1-5kb
clu_36240	2325	0.00515967828418231	1-5kb
clu_36268	1310	0.0134650134048257	1-5kb
clu_36271	4465	0.00267361930294906	1-5kb
clu_36275	99	0.00473857908847185	<1kb
clu_36277	1795	0.42420018766756	1-5kb
clu_36278	1782	0.114402252010724	1-5kb
clu_36282	2792	0.141501152815013	1-5kb
clu_36283	267	0.00606943699731903	<1kb
clu_36291	9777	0.0290462198391421	5-20kb
clu_36294	3673	0.0285098927613941	1-5kb
clu_36295	9659	0.00973428954423593	5-20kb
clu_36319	13702	0.00916080428954424	5-20kb
clu_36320	1385	0.119925978552279	1-5kb
clu_36321	3983	0.00645461126005362	1-5kb
clu_36328	494	0.0369400268096515	<1kb
clu_36330	97	0.067637855227882	<1kb
clu_36340	10070	0.155047962466488	5-20kb
clu_36341	5094	0.112662707774799	5-20kb
clu_36343	6413	0.0103367024128686	5-20kb
clu_36345	5939	0.0537050938337802	5-20kb
clu_36346	6866	0.0169519034852547	5-20kb
clu_36350	163	0.0343961662198391	<1kb
clu_36367	22401	0.0807901072386059	20-50kb
clu_36368	90321	0.011196836461126	>50kb
clu_36371	6862	0.0496420107238606	5-20kb
clu_36372	22319	0.00314605898123324	20-50kb
clu_36374	14189	0.032438927613941	5-20kb
clu_36381	10650	0.0118852278820375	5-20kb
clu_36384	72316	0.197761394101877	>50kb
clu_36385	2297	0.024318927613941	1-5kb
clu_36396	6496	0.021948471849866	5-20kb
clu_36398	7694	0.0067916890080429	5-20kb
clu_36410	20883	0.114763672922252	20-50kb
clu_36412	36483	0.0198286058981233	20-50kb
clu_36413	122	0.0251006702412869	<1kb
clu_36425	1025	0.00937093833780161	1-5kb
clu_36426	861	0.00105667560321716	<1kb
clu_36461	5620	0.00133402144772118	5-20kb
clu_36462	11502	0.0849930026809651	5-20kb
clu_36489	5308	0.0208607774798928	5-20kb
clu_36490	19336	0.00687160857908847	5-20kb
clu_36493	3782	0.00204415549597855	1-5kb
clu_36495	18426	0.00708560321715818	5-20kb
clu_3650	3186	0.0497380965147453	1-5kb
clu_3651	43947	0.0147518766756032	20-50kb
clu_36525	109	0.00378632707774799	<1kb
clu_36526	2932	0.18637981233244	1-5kb
clu_36534	400	0.0603386058981233	<1kb
clu_36545	12951	0.0925994101876676	5-20kb
clu_3655	4564	0.0239036997319035	1-5kb
clu_36551	2865	0.0241154423592493	1-5kb
clu_36553	2712	0.0149697319034853	1-5kb
clu_36554	5985	0.024465764075067	5-20kb
clu_36555	1085	0.0130312600536193	1-5kb
clu_36566	974	0.104164611260054	<1kb
clu_36569	24129	0.418059222520107	20-50kb
clu_3658	5053	0.0106627882037534	5-20kb
clu_36595	2974	0.0674121179624665	1-5kb
clu_3660	2017	0.0398897050938338	1-5kb
clu_36630	6810	0.112690831099196	5-20kb
clu_36670	6082	0.00898957104557641	5-20kb
clu_36674	2338	0.00226058981233244	1-5kb
clu_36678	2296	0.0188614209115281	1-5kb
clu_36681	15647	0.0883260053619303	5-20kb
clu_36682	4548	0.0286048257372654	1-5kb
clu_36689	5423	0.00863375335120643	5-20kb
clu_3669	1714	0.00241514745308311	1-5kb
clu_36692	86337	0.0615128418230563	>50kb
clu_36693	70127	0.0846470241286863	>50kb
clu_36702	35691	0.0658238873994638	20-50kb
clu_36703	50647	0.0737408579088472	>50kb
clu_36706	4506	0.00939463806970509	1-5kb
clu_36726	1943	0.254998391420912	1-5kb
clu_36730	828	0.113860107238606	<1kb
clu_36743	1033	0.0030326273458445	1-5kb
clu_36749	2212	0.0128921983914209	1-5kb
clu_3675	4331	0.0373890348525469	1-5kb
clu_36751	10873	0.0293802144772118	5-20kb
clu_36752	1808	0.0427596782841823	1-5kb
clu_36755	4997	0.00464209115281501	1-5kb
clu_36756	9332	0.0813915549597855	5-20kb
clu_36757	4226	0.00914849865951743	1-5kb
clu_36758	3507	0.0542705898123324	1-5kb
clu_36759	14189	0.143689061662198	5-20kb
clu_3676	5361	0.0206638873994638	5-20kb
clu_36766	427	0.00332965147453083	<1kb
clu_36768	16655	0.296860857908847	5-20kb
clu_36770	2449	0.0393148793565684	1-5kb
clu_36771	1920	0.0138186595174263	1-5kb
clu_36777	2174	0.0389218230563003	1-5kb
clu_36778	996	0.00485935656836461	<1kb
clu_36779	259	0.020128418230563	<1kb
clu_36781	7325	0.0271313404825737	5-20kb
clu_36784	88089	0.00647080428954424	>50kb
clu_36785	13500	0.0227025737265416	5-20kb
clu_36788	8223	0.0151602680965147	5-20kb
clu_36789	9630	0.0240172922252011	5-20kb
clu_36790	12799	0.0812963806970509	5-20kb
clu_3681	1570	0.170472573726542	1-5kb
clu_36810	18524	0.131676863270777	5-20kb
clu_3688	4264	0.123052439678284	1-5kb
clu_3691	1842	0.025652091152815	1-5kb
clu_3694	12011	0.00593254691689008	5-20kb
clu_3697	1869	0.00344235924932976	1-5kb
clu_37	131	0.00328879356568365	<1kb
clu_3707	2860	0.0901606970509383	1-5kb
clu_3716	14977	0.0419982841823056	5-20kb
clu_373	8160	0.623877962466488	5-20kb
clu_3730	66255	0.0783683914209115	>50kb
clu_3734	59512	0.160783029490617	>50kb
clu_3752	3014	0.0166948793565684	1-5kb
clu_3753	3869	0.0183725201072386	1-5kb
clu_3760	3088	0.00245219839142091	1-5kb
clu_3761	2353	0.0975248525469169	1-5kb
clu_3783	1593	0.0121958713136729	1-5kb
clu_3788	2030	0.00447123324396783	1-5kb
clu_3813	3005	0.0302230563002681	1-5kb
clu_3814	1696	0.0723764611260054	1-5kb
clu_3816	1188	0.0650302949061662	1-5kb
clu_3817	864	0.021383726541555	<1kb
clu_3822	2870	0.00853378016085791	1-5kb
clu_3823	432	0.0101737801608579	<1kb
clu_3837	5520	0.00954946380697051	5-20kb
clu_3839	292	0.0119620375335121	<1kb
clu_3850	4795	0.0030029490616622	1-5kb
clu_3855	5277	0.0764141286863271	5-20kb
clu_3856	398	0.0385879356568365	<1kb
clu_3866	3137	0.01810581769437	1-5kb
clu_3868	4297	0.00959445040214477	1-5kb
clu_3869	7038	0.0234013941018767	5-20kb
clu_387	5656	0.0511378016085791	5-20kb
clu_3870	1039	0.0242360857908847	1-5kb
clu_3871	844	0.00930672922252011	<1kb
clu_3873	11275	0.353440965147453	5-20kb
clu_38796	6114	0.640783538873995	5-20kb
clu_388	20271	0.0174490348525469	20-50kb
clu_38802	426	0.0802417694369973	<1kb
clu_38805	5116	0.105664075067024	5-20kb
clu_38807	4870	0.028546273458445	1-5kb
clu_38808	386	0.221085603217158	<1kb
clu_38809	1517	0.050291072386059	1-5kb
clu_38810	3072	0.0441487667560322	1-5kb
clu_38811	5171	0.0319946648793566	5-20kb
clu_38816	2448	0.0290355227882038	1-5kb
clu_38818	880	0.00940855227882038	<1kb
clu_38825	1141	0.0154892493297587	1-5kb
clu_38830	3567	0.0252408042895442	1-5kb
clu_38831	967	0.0195974262734584	<1kb
clu_38839	12662	0.11528308310992	5-20kb
clu_38846	386	0.0615859249329759	<1kb
clu_3886	9064	0.0289736997319035	5-20kb
clu_38860	5123	0.00360667560321716	5-20kb
clu_38868	269	0.0306890080428954	<1kb
clu_38871	649	0.196708820375335	<1kb
clu_38873	1927	0.0441942627345845	1-5kb
clu_38877	1999	0.0319934048257373	1-5kb
clu_38885	12492	0.0759769168900804	5-20kb
clu_38886	3188	0.0446143431635389	1-5kb
clu_38887	1092	0.048435254691689	1-5kb
clu_38893	21078	0.0242853619302949	20-50kb
clu_38894	6504	0.0105435924932976	5-20kb
clu_38897	58913	0.0409337533512064	>50kb
clu_389	40891	0.0959829222520107	20-50kb
clu_38901	10970	0.0657775335120643	5-20kb
clu_38905	17133	0.0101492761394102	5-20kb
clu_38906	1233	0.0173056568364611	1-5kb
clu_38908	15478	0.0084969436997319	5-20kb
clu_38910	1575	0.147399356568365	1-5kb
clu_38911	2033	0.020231018766756	1-5kb
clu_38913	1818	0.0121894101876676	1-5kb
clu_38915	2727	0.00257788203753351	1-5kb
clu_38916	6279	0.00224064343163539	5-20kb
clu_38924	5460	0.064724235924933	5-20kb
clu_38926	11850	0.0138906434316354	5-20kb
clu_38927	1473	0.00395426273458445	1-5kb
clu_38931	2612	0.0180266487935657	1-5kb
clu_38933	257	0.0388595174262735	<1kb
clu_38942	1589	0.00329155495978552	1-5kb
clu_38943	4067	0.0132201072386059	1-5kb
clu_38946	297	0.0568718766756032	<1kb
clu_38947	1415	0.0113826273458445	1-5kb
clu_38950	1248	0.00248313672922252	1-5kb
clu_38951	974	0.00759458445040214	<1kb
clu_38952	2229	0.00216892761394102	1-5kb
clu_38954	877	0.00181388739946381	<1kb
clu_38955	208	0.00100034852546917	<1kb
clu_38959	510	0.0500552010723861	<1kb
clu_38965	388	0.407500134048257	<1kb
clu_38972	2521	0.156276058981233	1-5kb
clu_38995	2034	0.026622091152815	1-5kb
clu_38998	3389	0.0169704825737265	1-5kb
clu_390	62940	0.0131617426273458	>50kb
clu_39002	27189	0.0724867828418231	20-50kb
clu_39003	9843	0.16918745308311	5-20kb
clu_39006	3157	0.364270697050938	1-5kb
clu_39010	727	0.0768814209115282	<1kb
clu_3902	6185	0.00365857908847185	5-20kb
clu_39024	4012	0.0404934048257373	1-5kb
clu_39030	499	0.188344959785523	<1kb
clu_39031	1143	0.00211310991957105	1-5kb
clu_39034	355	0.526858820375335	<1kb
clu_39035	41343	0.191197345844504	20-50kb
clu_39037	14959	0.0523200536193029	5-20kb
clu_39038	7390	0.334560134048257	5-20kb
clu_39040	4977	0.0190433243967828	1-5kb
clu_39046	3592	0.0178491420911528	1-5kb
clu_39050	2878	0.196093404825737	1-5kb
clu_39052	1530	0.0568883109919571	1-5kb
clu_39053	1763	0.0306350938337802	1-5kb
clu_39055	1206	0.121213592493298	1-5kb
clu_39056	699	0.0255787935656836	<1kb
clu_39058	3309	0.016565254691689	1-5kb
clu_39059	2204	0.0160083378016086	1-5kb
clu_39060	1045	0.0135979356568365	1-5kb
clu_39078	4571	0.118536568364611	1-5kb
clu_3908	2780	0.0206751206434316	1-5kb
clu_3909	51350	0.00756469168900804	>50kb
clu_39101	15882	0.016046273458445	5-20kb
clu_39102	1543	0.0253520375335121	1-5kb
clu_39133	4451	0.231434477211796	1-5kb
clu_39141	8240	0.0117771581769437	5-20kb
clu_39142	333	0.00673624664879357	<1kb
clu_39145	3682	0.00637504021447721	1-5kb
clu_39147	1901	0.000622171581769437	1-5kb
clu_39149	492	0.00234600536193029	<1kb
clu_39150	523	0.0242981501340483	<1kb
clu_39151	324	0.00557871313672922	<1kb
clu_39156	1616	0.0220375603217158	1-5kb
clu_39159	509	0.037033672922252	<1kb
clu_39162	2589	0.00220635388739946	1-5kb
clu_39163	2362	0.0659254691689008	1-5kb
clu_39166	17782	0.0474571849865952	5-20kb
clu_39168	3871	0.0348339678284182	1-5kb
clu_39171	2781	0.0284547989276139	1-5kb
clu_39174	1322	0.00841908847184987	1-5kb
clu_39175	418	0.00418163538873995	<1kb
clu_39177	1758	0.0161197855227882	1-5kb
clu_39181	3853	0.00785528150134048	1-5kb
clu_39182	94	0.0345306970509383	<1kb
clu_39183	765	0.0411824396782842	<1kb
clu_39184	415	0.00348621983914209	<1kb
clu_39194	13890	0.0361849865951743	5-20kb
clu_392	2878	0.0117783378016086	1-5kb
clu_39204	19409	0.0249687935656836	5-20kb
clu_39216	58134	0.53308273458445	>50kb
clu_3922	884	0.0058370509383378	<1kb
clu_39225	4534	0.111187211796247	1-5kb
clu_3923	13883	0.0139128954423592	5-20kb
clu_39231	4332	0.25177308310992	1-5kb
clu_39236	1079	0.0055771581769437	1-5kb
clu_3924	22171	0.014943109919571	20-50kb
clu_39241	49493	0.0167958981233244	20-50kb
clu_39243	35593	0.180029168900804	20-50kb
clu_39244	5811	0.00616509383378016	5-20kb
clu_39245	6908	0.0028271581769437	5-20kb
clu_39246	7952	0.0174269973190349	5-20kb
clu_39247	7902	0.0469684986595174	5-20kb
clu_39248	4866	0.0174695442359249	1-5kb
clu_3926	53005	0.024212654155496	>50kb
clu_39269	1926	0.0133396246648794	1-5kb
clu_3928	3128	0.00145222520107239	1-5kb
clu_39289	1746	0.120969436997319	1-5kb
clu_39290	2061	0.0858627345844504	1-5kb
clu_39295	1233	0.00497353887399464	1-5kb
clu_39296	2372	0.0384440214477212	1-5kb
clu_39303	8238	0.00632324396782842	5-20kb
clu_39305	4505	0.177195898123324	1-5kb
clu_39315	45413	0.0391181233243968	20-50kb
clu_39330	4363	0.00823530831099196	1-5kb
clu_39333	16330	0.00629075067024129	5-20kb
clu_39334	2245	0.00845131367292225	1-5kb
clu_39335	10711	0.0101915549597855	5-20kb
clu_39336	1200	0.00711190348525469	1-5kb
clu_39338	2425	0.00425613941018767	1-5kb
clu_39339	7756	0.00666246648793566	5-20kb
clu_39345	141	0.0727693833780161	<1kb
clu_39347	823	0.025722600536193	<1kb
clu_39348	1293	0.111773431635389	1-5kb
clu_39349	741	0.00656013404825737	<1kb
clu_39350	1099	0.0103875335120643	1-5kb
clu_39352	26984	0.0240767560321716	20-50kb
clu_39353	2645	0.0253399463806971	1-5kb
clu_39358	9685	0.0759382305630027	5-20kb
clu_39365	3775	0.0104134852546917	1-5kb
clu_39366	3424	0.00390747989276139	1-5kb
clu_39367	4954	0.185786487935657	1-5kb
clu_39368	3835	0.00858501340482574	1-5kb
clu_39381	5237	0.0043186327077748	5-20kb
clu_39383	20169	0.137397506702413	20-50kb
clu_39384	10561	0.00732367292225201	5-20kb
clu_39385	3377	0.026661581769437	1-5kb
clu_39386	5121	0.140470857908847	5-20kb
clu_39389	850	0.0279795174262735	<1kb
clu_39403	14469	0.00110922252010724	5-20kb
clu_39422	3316	0.0084413672922252	1-5kb
clu_39423	6552	0.0555480965147453	5-20kb
clu_39424	5232	0.0384297587131367	5-20kb
clu_39427	615	0.0372913941018767	<1kb
clu_39429	5756	0.0084543163538874	5-20kb
clu_39431	928	0.0130035388739946	<1kb
clu_39432	2459	0.014210509383378	1-5kb
clu_39439	2141	0.0123267292225201	1-5kb
clu_39440	3337	0.0383281233243968	1-5kb
clu_39441	931	0.124295254691689	<1kb
clu_39458	5610	0.0197732439678284	5-20kb
clu_3946	2306	0.027517399463807	1-5kb
clu_39465	3788	0.00699396782841823	1-5kb
clu_39472	3358	0.0222751206434316	1-5kb
clu_39474	4666	0.00321520107238606	1-5kb
clu_39479	12154	0.00644096514745308	5-20kb
clu_39481	7181	0.0193966756032172	5-20kb
clu_39482	2306	0.00249335120643432	1-5kb
clu_39488	8936	0.30857235924933	5-20kb
clu_39499	2750	0.0555644772117962	1-5kb
clu_39501	10890	0.029569436997319	5-20kb
clu_39502	4140	0.039963109919571	1-5kb
clu_39543	16224	0.937258954423593	5-20kb
clu_39545	24390	0.207807694369973	20-50kb
clu_39548	20146	0.253519249329759	20-50kb
clu_39558	79054	0.0754212332439678	>50kb
clu_39559	20732	0.00569823056300268	20-50kb
clu_39561	4756	0.0101738337801609	1-5kb
clu_39565	5720	0.00587986595174263	5-20kb
clu_3958	283	0.013790509383378	<1kb
clu_39587	1321	0.00462278820375335	1-5kb
clu_39589	8864	0.0171494638069705	5-20kb
clu_39590	15015	0.0459794101876676	5-20kb
clu_39591	40424	0.00312436997319035	20-50kb
clu_39605	2400	0.0284938337801609	1-5kb
clu_39606	2138	0.00651450402144772	1-5kb
clu_39613	5935	0.00700932975871314	5-20kb
clu_39630	9008	0.19854946380697	5-20kb
clu_39631	3191	0.00288198391420912	1-5kb
clu_39637	1175	0.000350107238605898	1-5kb
clu_39653	2608	0.0642602680965147	1-5kb
clu_39660	4396	0.0521083646112601	1-5kb
clu_39683	672	0.0313856300268096	<1kb
clu_39697	2062	0.019052144772118	1-5kb
clu_39700	3056	0.00336356568364611	1-5kb
clu_39701	2335	0.0476474530831099	1-5kb
clu_39709	16648	0.0667761930294906	5-20kb
clu_39710	1897	0.0628999463806971	1-5kb
clu_39713	1715	0.0384397855227882	1-5kb
clu_39721	4100	0.0263629490616622	1-5kb
clu_39722	6666	0.0617886327077748	5-20kb
clu_39724	4158	0.0136304289544236	1-5kb
clu_39732	1986	0.00789903485254692	1-5kb
clu_39733	3246	0.0126387399463807	1-5kb
clu_39745	1540	0.031397399463807	1-5kb
clu_39772	17534	0.037026836461126	5-20kb
clu_39777	5821	0.0552994101876676	5-20kb
clu_39784	691	0.00294289544235925	<1kb
clu_39785	4403	0.00242455764075067	1-5kb
clu_39788	49475	0.488652975871314	20-50kb
clu_39798	12788	0.0152280160857909	5-20kb
clu_39799	12396	0.00327922252010724	5-20kb
clu_398	11583	0.00774769436997319	5-20kb
clu_39803	5311	0.0246796782841823	5-20kb
clu_39804	3422	0.00235954423592493	1-5kb
clu_39805	1057	0.00461327077747989	1-5kb
clu_39806	3913	0.052917345844504	1-5kb
clu_39808	2122	0.0105377747989276	1-5kb
clu_39833	2178	0.0579002144772118	1-5kb
clu_39834	1995	0.0511497319034853	1-5kb
clu_39850	4278	0.00656632707774799	1-5kb
clu_39851	3972	0.00783445040214477	1-5kb
clu_39852	2226	0.00969013404825737	1-5kb
clu_39853	1724	0.00398672922252011	1-5kb
clu_39856	1187	0.0170041018766756	1-5kb
clu_39859	16028	0.045645308310992	5-20kb
clu_39871	1404	0.0125183378016086	1-5kb
clu_39875	2129	0.0168609651474531	1-5kb
clu_39878	1020	0.0205874798927614	1-5kb
clu_39891	8061	0.020175254691689	5-20kb
clu_39899	1770	0.0233486863270777	1-5kb
clu_39902	19694	0.00524865951742627	5-20kb
clu_39903	5415	0.0240426273458445	5-20kb
clu_39909	9359	0.00377621983914209	5-20kb
clu_39913	922	0.00667337801608579	<1kb
clu_39917	18187	0.00720742627345845	5-20kb
clu_39918	604	0.018869436997319	<1kb
clu_39919	1557	0.00398536193029491	1-5kb
clu_3994	17906	0.218077426273458	5-20kb
clu_39941	40959	0.126207560321716	20-50kb
clu_39942	21033	0.0205914745308311	20-50kb
clu_39944	2968	0.0374353887399464	1-5kb
clu_39945	1922	0.0187482305630027	1-5kb
clu_39946	18331	0.0130509919571046	5-20kb
clu_39947	4499	0.0287036193029491	1-5kb
clu_39948	1661	0.158531233243968	1-5kb
clu_39949	715	0.0329348525469169	<1kb
clu_3995	3509	0.0140486058981233	1-5kb
clu_39950	2566	0.00776101876675603	1-5kb
clu_39959	1479	0.0170491152815013	1-5kb
clu_39960	78	0.0152038337801609	<1kb
clu_39962	140	0.00231316353887399	<1kb
clu_39964	2494	0.00377184986595174	1-5kb
clu_3999	1161	0.00235388739946381	1-5kb
clu_4002	715	0.00212916890080429	<1kb
clu_40027	3292	0.038422091152815	1-5kb
clu_40035	5433	0.0836428686327078	5-20kb
clu_40065	2321	0.0259755227882038	1-5kb
clu_4007	6041	0.0168104021447721	5-20kb
clu_40086	4027	0.148939839142091	1-5kb
clu_4009	5790	0.0269460857908847	5-20kb
clu_4010	6615	0.00819678284182306	5-20kb
clu_4011	1360	0.00749104557640751	1-5kb
clu_40120	6156	0.0328439946380697	5-20kb
clu_40122	2783	0.0231963538873995	1-5kb
clu_40129	2061	0.00862160857908847	1-5kb
clu_40131	2829	0.0168158981233244	1-5kb
clu_40170	137	0.00286131367292225	<1kb
clu_40172	3307	0.00914823056300268	1-5kb
clu_40177	1335	0.00556533512064343	1-5kb
clu_40178	667	0.0265342091152815	<1kb
clu_40179	855	0.00974278820375335	<1kb
clu_40181	770	0.01826	<1kb
clu_40185	5662	0.0938076407506702	5-20kb
clu_40186	7236	0.00708764075067024	5-20kb
clu_40188	8695	0.0246871045576408	5-20kb
clu_40192	40005	0.156158310991957	20-50kb
clu_40193	718	0.0358551742627346	<1kb
clu_40194	2472	0.0171446112600536	1-5kb
clu_40204	11142	0.0101183914209115	5-20kb
clu_40218	3287	0.00558793565683646	1-5kb
clu_40223	12465	0.00194042895442359	5-20kb
clu_40230	810	0.0254956836461126	<1kb
clu_40233	1995	0.0144976139410188	1-5kb
clu_40235	32514	0.0316430831099196	20-50kb
clu_40247	2466	0.0189322788203753	1-5kb
clu_40259	3013	0.00374426273458445	1-5kb
clu_40285	1174	0.00124260053619303	1-5kb
clu_40287	2517	0.0129455495978552	1-5kb
clu_40288	99	0.00175445040214477	<1kb
clu_40291	24790	0.00463324396782842	20-50kb
clu_40295	2784	0.026799490616622	1-5kb
clu_40297	2846	0.0049386327077748	1-5kb
clu_40325	1397	0.0236120643431635	1-5kb
clu_40328	90271	0.0034627345844504	>50kb
clu_40332	24193	0.0168307506702413	20-50kb
clu_40333	6717	0.0210454959785523	5-20kb
clu_40341	1097	0.000261957104557641	1-5kb
clu_40371	49398	0.0893728150134048	20-50kb
clu_40374	5252	0.0360555764075067	5-20kb
clu_40396	2882	0.00988340482573727	1-5kb
clu_40397	76184	0.110528445040214	>50kb
clu_40399	22457	0.00657525469168901	20-50kb
clu_40401	597	0.0106676407506702	<1kb
clu_40402	1362	0.00219083109919571	1-5kb
clu_40403	1214	0.00311646112600536	1-5kb
clu_40406	349	0.0207163538873995	<1kb
clu_40407	1048	0.148850509383378	1-5kb
clu_40408	1353	0.012038471849866	1-5kb
clu_40409	729	0.0111370777479893	<1kb
clu_40415	4735	0.00977804289544236	1-5kb
clu_40420	12071	0.0154077211796247	5-20kb
clu_40448	2167	0.00574879356568365	1-5kb
clu_40460	20976	0.0670083109919571	20-50kb
clu_40464	60550	0.0103408310991957	>50kb
clu_4048	3760	0.202088927613941	1-5kb
clu_40484	1857	0.00156219839142091	1-5kb
clu_40489	16406	0.0510437801608579	5-20kb
clu_40493	30999	0.00103758713136729	20-50kb
clu_40494	4827	0.0108099463806971	1-5kb
clu_40495	4062	0.334136595174263	1-5kb
clu_40497	1375	0.00200348525469169	1-5kb
clu_40506	14849	0.016509436997319	5-20kb
clu_40507	43961	0.0883412064343164	20-50kb
clu_40520	79018	0.0973106166219839	>50kb
clu_40529	3167	0.0088614745308311	1-5kb
clu_4053	3884	0.155889115281501	1-5kb
clu_40540	239	0.0333526809651475	<1kb
clu_4055	3230	0.169070563002681	1-5kb
clu_40572	1758	0.0257267292225201	1-5kb
clu_40573	6774	0.0095714745308311	5-20kb
clu_40603	465	0.0115751206434316	<1kb
clu_40608	2185	0.0106092493297587	1-5kb
clu_40609	351	0.0110153619302949	<1kb
clu_40611	633	0.0190986058981233	<1kb
clu_40617	4567	0.00356490616621984	1-5kb
clu_40619	1736	0.0205639946380697	1-5kb
clu_4062	6078	0.182175790884718	5-20kb
clu_40620	4025	0.00629876675603217	1-5kb
clu_4063	2340	0.131472466487936	1-5kb
clu_40632	77	0.0144519571045576	<1kb
clu_40633	5814	0.0545726809651475	5-20kb
clu_40635	2809	0.0327972654155496	1-5kb
clu_40636	914	0.00670163538873995	<1kb
clu_4064	1906	0.00694321715817694	1-5kb
clu_40640	20856	0.0350544504021448	20-50kb
clu_40641	9916	0.0789250134048257	5-20kb
clu_40642	8794	0.0205421715817694	5-20kb
clu_40643	1875	0.00564327077747989	1-5kb
clu_40644	505	0.0247448793565684	<1kb
clu_40645	199	0.0160721983914209	<1kb
clu_40646	1634	0.051252654155496	1-5kb
clu_40648	3844	0.290631903485255	1-5kb
clu_40649	4180	0.555668257372654	1-5kb
clu_40661	5125	0.200851769436997	5-20kb
clu_40665	2462	0.33730563002681	1-5kb
clu_40669	3857	0.147674879356568	1-5kb
clu_40678	3245	0.00652042895442359	1-5kb
clu_40679	982	0.0268685522788204	<1kb
clu_4075	2001	0.112232252010724	1-5kb
clu_4077	219	0.0803591420911528	<1kb
clu_4078	2227	0.0761896246648794	1-5kb
clu_4080	365	0.0261167024128686	<1kb
clu_411	9567	0.0175423324396783	5-20kb
clu_4114	488	0.0199351742627346	<1kb
clu_4116	1315	0.00545804289544236	1-5kb
clu_4131	711	0.0364249329758713	<1kb
clu_4177	44467	0.651465227882038	20-50kb
clu_41803	1279	0.165369624664879	1-5kb
clu_41806	783	0.000210268096514745	<1kb
clu_41807	510	0.000170536193029491	<1kb
clu_41813	867	0.00325337801608579	<1kb
clu_41815	665	0.0276749329758713	<1kb
clu_41816	2025	0.0239977479892761	1-5kb
clu_41817	6893	0.0196424128686327	5-20kb
clu_41819	407	0.0419231367292225	<1kb
clu_41822	495	0.00852871313672922	<1kb
clu_41823	384	0.00894080428954424	<1kb
clu_41830	199	0.105190884718499	<1kb
clu_41846	5926	0.0557613672922252	5-20kb
clu_41852	21727	0.970739195710456	20-50kb
clu_41856	9839	0.000416970509383378	5-20kb
clu_41861	476	0.00917053619302949	<1kb
clu_41866	2423	0.00264112600536193	1-5kb
clu_41867	675	0.0415917426273458	<1kb
clu_41869	7060	0.00368522788203753	5-20kb
clu_41875	1674	0.0203932439678284	1-5kb
clu_41883	11467	0.146984638069705	5-20kb
clu_41887	2973	0.0469005361930295	1-5kb
clu_41894	382	0.00508399463806971	<1kb
clu_41895	5459	0.0513105361930295	5-20kb
clu_41896	3713	0.0123424128686327	1-5kb
clu_41906	12317	0.161054128686327	5-20kb
clu_41909	190	0.00155356568364611	<1kb
clu_41910	2119	0.0168356568364611	1-5kb
clu_41917	347	0.0614798391420912	<1kb
clu_41921	1721	0.0286692761394102	1-5kb
clu_41922	1525	0.0109094638069705	1-5kb
clu_41928	1835	0.00710203753351206	1-5kb
clu_41942	9547	0.0172764075067024	5-20kb
clu_41943	18681	0.0273590616621984	5-20kb
clu_41944	165	0.00579364611260054	<1kb
clu_4195	2089	0.208140643431635	1-5kb
clu_4199	1186	0.0216461126005362	1-5kb
clu_41993	1594	0.00293378016085791	1-5kb
clu_4200	315	0.015673163538874	<1kb
clu_42026	3827	0.0259619839142091	1-5kb
clu_42028	11815	0.0856808847184987	5-20kb
clu_42037	22033	0.11781399463807	20-50kb
clu_42041	8969	0.000716327077747989	5-20kb
clu_42046	2328	0.246664825737265	1-5kb
clu_42049	8210	0.160460348525469	5-20kb
clu_42050	16126	0.0139891152815013	5-20kb
clu_42056	16756	0.0351291152815013	5-20kb
clu_4206	4463	0.0460024396782842	1-5kb
clu_42061	79104	0.00950576407506702	>50kb
clu_42062	4549	0.00728184986595174	1-5kb
clu_42063	6709	0.0051056836461126	5-20kb
clu_42066	2296	0.0233943163538874	1-5kb
clu_42067	77	0.0768149329758713	<1kb
clu_42074	7277	0.347185978552279	5-20kb
clu_4208	2607	0.0728087131367292	1-5kb
clu_42080	5702	0.0109346112600536	5-20kb
clu_42081	2632	0.00392174262734584	1-5kb
clu_42083	3609	0.0161102949061662	1-5kb
clu_42087	3859	0.0790791152815013	1-5kb
clu_42092	3005	0.0193376943699732	1-5kb
clu_42094	10938	0.0605661394101877	5-20kb
clu_42096	3425	0.00252120643431635	1-5kb
clu_42101	335	0.36728471849866	<1kb
clu_42102	52557	0.151005227882038	>50kb
clu_42107	8740	0.0195498391420912	5-20kb
clu_4211	2120	0.0206537801608579	1-5kb
clu_4212	25575	0.00621812332439678	20-50kb
clu_42123	1559	0.00156603217158177	1-5kb
clu_42124	2934	0.0123409115281501	1-5kb
clu_42145	8969	0.00229605898123324	5-20kb
clu_42147	3038	0.00525753351206434	1-5kb
clu_42161	5410	0.0380379892761394	5-20kb
clu_42167	3535	0.071353109919571	1-5kb
clu_4217	43201	0.00270581769436997	20-50kb
clu_42172	658	0.0429251742627346	<1kb
clu_42174	953	0.0274762198391421	<1kb
clu_42177	9445	0.0908123324396783	5-20kb
clu_42179	1652	0.0356802412868633	1-5kb
clu_4218	296	0.0197743431635389	<1kb
clu_422	3140	0.119660134048257	1-5kb
clu_4220	113	0.0237376675603217	<1kb
clu_42205	122	0.00848892761394102	<1kb
clu_42206	1958	0.0287472922252011	1-5kb
clu_42209	15198	0.0997683914209115	5-20kb
clu_42210	4641	0.316946032171582	1-5kb
clu_42215	1934	0.0055288471849866	1-5kb
clu_42217	617	0.00388372654155496	<1kb
clu_42218	1965	0.0092887399463807	1-5kb
clu_42219	14588	0.00202608579088472	5-20kb
clu_4222	27782	0.400936300268097	20-50kb
clu_42220	2933	0.00179037533512064	1-5kb
clu_42221	14762	0.0284856568364611	5-20kb
clu_42227	1099	0.00356155495978552	1-5kb
clu_42232	4269	0.00168252010723861	1-5kb
clu_42233	33558	0.0135606702412869	20-50kb
clu_42235	841	0.0118570241286863	<1kb
clu_42236	48275	0.0598293029490617	20-50kb
clu_42238	3578	0.0465713941018767	1-5kb
clu_42253	42236	0.0520498391420912	20-50kb
clu_42255	5288	0.030268927613941	5-20kb
clu_42256	7662	0.0411329222520107	5-20kb
clu_42261	105	0.0178446648793566	<1kb
clu_42262	92	0.00366316353887399	<1kb
clu_42263	20419	0.0586764879356568	20-50kb
clu_42265	18578	0.0115219839142091	5-20kb
clu_42267	4616	0.032362600536193	1-5kb
clu_42268	5959	0.0747915549597855	5-20kb
clu_42269	15514	0.00466069705093834	5-20kb
clu_42270	29715	0.111845683646113	20-50kb
clu_42274	3026	0.0113395710455764	1-5kb
clu_42277	2996	0.026080563002681	1-5kb
clu_42278	2685	0.146570884718499	1-5kb
clu_42283	3362	0.0649263002680965	1-5kb
clu_42284	3414	0.00267600536193029	1-5kb
clu_42289	12211	0.0131679892761394	5-20kb
clu_42307	2348	0.0669529758713137	1-5kb
clu_42309	3112	0.10266327077748	1-5kb
clu_42317	3659	0.022045308310992	1-5kb
clu_42318	1172	0.108729705093834	1-5kb
clu_42319	5737	0.0338522520107239	5-20kb
clu_42323	52290	0.250241662198391	>50kb
clu_42326	5772	0.00963680965147453	5-20kb
clu_42344	2267	0.016616273458445	1-5kb
clu_42347	2750	0.0133013941018767	1-5kb
clu_42353	6019	0.278142332439678	5-20kb
clu_42359	50182	0.0391263538873995	>50kb
clu_42361	7206	0.00429396782841823	5-20kb
clu_42362	4558	0.0338440750670241	1-5kb
clu_42369	3567	0.132914450402145	1-5kb
clu_42371	886	0.0730336997319035	<1kb
clu_42375	2900	0.0257086863270777	1-5kb
clu_42377	13133	0.00252002680965147	5-20kb
clu_42381	39634	0.00864042895442359	20-50kb
clu_42390	65395	0.189250402144772	>50kb
clu_42391	21550	0.0929766756032172	20-50kb
clu_42395	34835	0.00825823056300268	20-50kb
clu_424	1602	0.048373109919571	1-5kb
clu_42402	1052	0.0114541018766756	1-5kb
clu_42417	4043	0.014097908847185	1-5kb
clu_42418	442	0.0242698659517426	<1kb
clu_42419	16027	0.00867479892761394	5-20kb
clu_42424	3093	0.0110035120643432	1-5kb
clu_42425	948	0.0773750670241287	<1kb
clu_42432	1647	0.00643790884718499	1-5kb
clu_42441	593	0.128829651474531	<1kb
clu_42442	886	0.0194778016085791	<1kb
clu_42447	3296	0.010082144772118	1-5kb
clu_42455	3698	0.030882654155496	1-5kb
clu_42458	740	0.0121482573726542	<1kb
clu_42459	1323	0.024585308310992	1-5kb
clu_42461	2026	0.00334257372654155	1-5kb
clu_42462	883	0.0135705361930295	<1kb
clu_42467	14431	0.00854493297587131	5-20kb
clu_42469	2543	0.0728493029490617	1-5kb
clu_4247	1030	0.00284396782841823	1-5kb
clu_42471	3629	0.00882739946380697	1-5kb
clu_42472	382	0.00814179624664879	<1kb
clu_42476	12772	0.0153908042895442	5-20kb
clu_42477	4903	0.00621959785522788	1-5kb
clu_42478	7402	0.0173143163538874	5-20kb
clu_4248	510	0.00301319034852547	<1kb
clu_42487	927	0.00556069705093834	<1kb
clu_42488	3156	0.00576592493297587	1-5kb
clu_42494	350	0.0117939678284182	<1kb
clu_42495	2615	0.0550101608579088	1-5kb
clu_42497	5220	0.0169166487935657	5-20kb
clu_42498	3855	0.0344493565683646	1-5kb
clu_4250	1614	0.0155597855227882	1-5kb
clu_42500	11244	0.256322144772118	5-20kb
clu_42503	1457	0.0299729758713137	1-5kb
clu_42508	1380	0.00423742627345844	1-5kb
clu_42511	16031	0.0229218498659517	5-20kb
clu_42513	80742	0.00472906166219839	>50kb
clu_42515	99	0.0269099195710456	<1kb
clu_42517	320	0.0127296782841823	<1kb
clu_4253	1465	0.00083058981233244	1-5kb
clu_42532	7914	0.0126901072386059	5-20kb
clu_42533	909	0.0054497855227882	<1kb
clu_42534	14640	0.0385808310991957	5-20kb
clu_42535	4900	0.0128846380697051	1-5kb
clu_42548	529	0.023192600536193	<1kb
clu_42554	1454	0.00259206434316354	1-5kb
clu_42557	684	0.0124143431635389	<1kb
clu_42560	462	0.129357345844504	<1kb
clu_42561	8714	0.0311895978552279	5-20kb
clu_42569	5899	0.0133900268096515	5-20kb
clu_42578	581	0.00807973190348526	<1kb
clu_42587	1554	0.0321981233243968	1-5kb
clu_42591	2573	0.0761679356568365	1-5kb
clu_42593	4795	0.0790276675603217	1-5kb
clu_426	571	0.184070804289544	<1kb
clu_42626	1394	0.000620321715817694	1-5kb
clu_42627	11888	0.000362680965147453	5-20kb
clu_42628	1153	0.0847408847184987	1-5kb
clu_42629	333	0.000178391420911528	<1kb
clu_42636	3446	0.00118139410187668	1-5kb
clu_42637	1904	0.00378040214477212	1-5kb
clu_42638	4294	0.00191793565683646	1-5kb
clu_42645	2014	0.372497587131367	1-5kb
clu_42651	6295	0.00749238605898123	5-20kb
clu_42653	10104	0.000200697050938338	5-20kb
clu_42658	3222	0.00530817694369973	1-5kb
clu_42659	2093	0.00635632707774799	1-5kb
clu_42660	1323	0.0149998391420912	1-5kb
clu_42661	5397	0.0243704021447721	5-20kb
clu_42667	1227	0.00734563002680965	1-5kb
clu_42673	2399	0.0976518230563003	1-5kb
clu_42675	591	0.151677345844504	<1kb
clu_42676	1825	0.016795308310992	1-5kb
clu_427	4192	0.0226520107238606	1-5kb
clu_42744	3180	0.249833592493298	1-5kb
clu_42745	5895	0.141709973190349	5-20kb
clu_42752	15292	0.0151327077747989	5-20kb
clu_42753	7424	0.0120889544235925	5-20kb
clu_42772	3054	0.0272304021447721	1-5kb
clu_42786	2653	0.00630906166219839	1-5kb
clu_42787	55195	0.305167962466488	>50kb
clu_42788	29309	0.115098123324397	20-50kb
clu_42815	3194	0.0948736193029491	1-5kb
clu_42819	131	0.00136560321715818	<1kb
clu_42822	3472	0.00323691689008043	1-5kb
clu_42842	810	0.0698895978552279	<1kb
clu_42843	287	0.00019857908847185	<1kb
clu_42844	276	0.011063163538874	<1kb
clu_42860	36237	0.0130221179624665	20-50kb
clu_42861	2324	0.0120002680965147	1-5kb
clu_42862	28613	0.0191784986595174	20-50kb
clu_42865	2506	0.00538911528150134	1-5kb
clu_42866	819	0.0138245308310992	<1kb
clu_42867	6980	0.00730836461126005	5-20kb
clu_42868	15503	0.156476139410188	5-20kb
clu_42869	4110	0.00844482573726541	1-5kb
clu_4287	7448	0.0645265147453083	5-20kb
clu_42870	2231	0.209515978552279	1-5kb
clu_42871	2520	0.00406806970509383	1-5kb
clu_42873	23666	0.213992788203753	20-50kb
clu_42874	34034	0.257775683646113	20-50kb
clu_42876	7033	0.0127686863270777	5-20kb
clu_42877	790	0.00399892761394102	<1kb
clu_42878	3794	0.130092278820375	1-5kb
clu_42882	1666	0.00702782841823056	1-5kb
clu_42883	1219	0.0290802680965147	1-5kb
clu_42884	11487	0.0273797050938338	5-20kb
clu_42886	8355	0.107892466487936	5-20kb
clu_42890	2419	0.0279387131367292	1-5kb
clu_42897	2248	0.00436329758713137	1-5kb
clu_42899	1803	0.52123981233244	1-5kb
clu_42900	1339	0.0216444772117962	1-5kb
clu_42902	5049	0.0241928686327078	5-20kb
clu_42919	18377	0.275165308310992	5-20kb
clu_42925	25031	0.0353195710455764	20-50kb
clu_42926	13627	0.00226093833780161	5-20kb
clu_42927	4194	0.00544672922252011	1-5kb
clu_42928	2702	0.000779597855227882	1-5kb
clu_42929	5137	0.016713163538874	5-20kb
clu_42930	2029	0.00570308310991957	1-5kb
clu_42931	8623	0.0115025737265416	5-20kb
clu_42933	48801	0.027958981233244	20-50kb
clu_42935	54716	0.115859705093834	>50kb
clu_42936	947	0.00726533512064343	<1kb
clu_42939	2056	0.0438123592493298	1-5kb
clu_42940	2374	0.0149345040214477	1-5kb
clu_42943	32881	0.101424343163539	20-50kb
clu_42944	13601	0.0178006702412869	5-20kb
clu_42947	17243	0.00290804289544236	5-20kb
clu_42948	21942	0.0325967024128686	20-50kb
clu_42950	1995	0.0120339410187668	1-5kb
clu_42951	18834	0.0627933512064343	5-20kb
clu_42967	969	0.029837399463807	<1kb
clu_42973	92618	0.296321179624665	>50kb
clu_42980	6016	0.00682008042895442	5-20kb
clu_42981	1375	0.0376754691689008	1-5kb
clu_42985	719	0.0256029758713137	<1kb
clu_42986	3094	0.232639517426273	1-5kb
clu_42987	4851	0.0241983109919571	1-5kb
clu_42988	8053	0.0533162466487936	5-20kb
clu_42994	34858	0.0022358981233244	20-50kb
clu_430	186	0.146592975871314	<1kb
clu_43000	3301	0.00821195710455764	1-5kb
clu_43003	97547	0.0807369973190349	>50kb
clu_4301	12929	0.00272804289544236	5-20kb
clu_43025	4905	0.00583463806970509	1-5kb
clu_43026	5348	0.00154817694369973	5-20kb
clu_43027	1375	0.00523088471849866	1-5kb
clu_43031	3255	0.0301857908847185	1-5kb
clu_43033	295	0.204652841823056	<1kb
clu_43046	583	0.000975495978552279	<1kb
clu_43047	997	0.0121552815013405	<1kb
clu_43055	18529	0.253770268096515	5-20kb
clu_43056	33618	0.0579028150134048	20-50kb
clu_43065	668	0.131816353887399	<1kb
clu_43077	31094	0.179440536193029	20-50kb
clu_43079	1218	0.193922010723861	1-5kb
clu_43080	687	0.0578678016085791	<1kb
clu_43082	5689	0.00831493297587131	5-20kb
clu_43087	4139	0.0297280697050938	1-5kb
clu_43088	2284	0.0127245308310992	1-5kb
clu_43089	45517	0.0157863538873995	20-50kb
clu_43090	6144	0.063063726541555	5-20kb
clu_43091	5449	0.0115066756032172	5-20kb
clu_43092	21698	0.0428546380697051	20-50kb
clu_43093	35164	0.0231153351206434	20-50kb
clu_43095	2343	0.0122469705093834	1-5kb
clu_43096	4198	0.0209809651474531	1-5kb
clu_431	1482	0.0270469436997319	1-5kb
clu_43109	1506	0.0290878284182306	1-5kb
clu_43110	1815	0.0672934048257373	1-5kb
clu_43115	716	0.0330927882037534	<1kb
clu_43116	4095	0.00828892761394102	1-5kb
clu_43118	10565	0.147049383378016	5-20kb
clu_43122	4641	0.043796836461126	1-5kb
clu_43189	3555	0.302577908847185	1-5kb
clu_43191	14234	0.123765067024129	5-20kb
clu_43193	1030	0.00916388739946381	1-5kb
clu_43199	249	0.0209094638069705	<1kb
clu_43206	3413	0.014537908847185	1-5kb
clu_43207	22430	0.0136775871313673	20-50kb
clu_43208	20683	0.0330815549597855	20-50kb
clu_43217	19951	0.0105747721179625	5-20kb
clu_43226	2215	0.0734930294906166	1-5kb
clu_43227	511	0.0136977211796247	<1kb
clu_43259	4459	0.00924584450402145	1-5kb
clu_43267	1459	0.0288338069705094	1-5kb
clu_43270	39233	0.00458908847184987	20-50kb
clu_43277	1282	0.00661176943699732	1-5kb
clu_43278	1727	0.00275104557640751	1-5kb
clu_43288	8095	0.041190563002681	5-20kb
clu_43289	26942	0.0961569705093834	20-50kb
clu_43291	7939	0.288559302949062	5-20kb
clu_4331	1615	0.0164216353887399	1-5kb
clu_43311	489	0.00344855227882038	<1kb
clu_43312	996	0.00696013404825737	<1kb
clu_4332	623	0.0180679624664879	<1kb
clu_43340	1847	0.0214703217158177	1-5kb
clu_43341	1327	0.0259918230563003	1-5kb
clu_43342	1720	0.00732018766756032	1-5kb
clu_43347	3942	0.0215820643431635	1-5kb
clu_43350	15782	0.241495415549598	5-20kb
clu_43357	705	0.0553787667560322	<1kb
clu_43358	5789	0.0156984450402145	5-20kb
clu_43359	12025	0.00942506702412869	5-20kb
clu_43370	8622	0.00634469168900804	5-20kb
clu_43372	4794	0.00909774798927614	1-5kb
clu_4338	1209	0.0019829490616622	1-5kb
clu_43386	7256	0.0329967828418231	5-20kb
clu_43390	2829	0.351249705093834	1-5kb
clu_434	13120	0.0136930294906166	5-20kb
clu_43414	9706	0.353891260053619	5-20kb
clu_43417	7567	0.0838802680965147	5-20kb
clu_43420	4549	0.0586399731903485	1-5kb
clu_43421	744	0.0340028150134048	<1kb
clu_4343	35426	0.0682570509383378	20-50kb
clu_43441	5384	0.0117995710455764	5-20kb
clu_43444	2810	0.0343648793565684	1-5kb
clu_43445	2009	0.013332144772118	1-5kb
clu_43450	6636	0.0316211796246649	5-20kb
clu_43460	73	0.00435898123324397	<1kb
clu_43463	2938	0.0137657908847185	1-5kb
clu_43478	1053	0.042160563002681	1-5kb
clu_4348	11067	0.0252780697050938	5-20kb
clu_43481	20317	0.0058497855227882	20-50kb
clu_4349	2900	0.137119249329759	1-5kb
clu_43490	1415	0.0233790616621984	1-5kb
clu_43497	17007	0.0914440750670241	5-20kb
clu_43505	9078	0.00202640750670241	5-20kb
clu_43506	45308	0.00686672922252011	20-50kb
clu_4351	8329	0.13095490616622	5-20kb
clu_43517	3016	0.0544594101876676	1-5kb
clu_4352	3443	0.036695254691689	1-5kb
clu_43520	2436	0.0121356032171582	1-5kb
clu_4353	4213	0.0759641286863271	1-5kb
clu_43534	14091	0.0190301608579088	5-20kb
clu_43540	78	0.0560616890080429	<1kb
clu_43542	2079	0.0146827077747989	1-5kb
clu_4358	7050	0.0027373726541555	5-20kb
clu_436	827	0.00431367292225201	<1kb
clu_4362	42843	0.0651834316353887	20-50kb
clu_4363	3522	0.0113617426273458	1-5kb
clu_4364	273	0.00650592493297587	<1kb
clu_4365	1387	0.00336914209115282	1-5kb
clu_437	2764	0.00485825737265416	1-5kb
clu_4373	3107	0.0360518230563003	1-5kb
clu_4376	10552	0.126672788203753	5-20kb
clu_4377	487	0.0910051474530831	<1kb
clu_4378	551	0.00611801608579088	<1kb
clu_438	694	0.00276418230563003	<1kb
clu_4383	9347	0.176998632707775	5-20kb
clu_4384	993	0.105946085790885	<1kb
clu_4386	6234	0.0042341018766756	5-20kb
clu_4389	8446	0.0116134852546917	5-20kb
clu_439	3578	0.00229257372654155	1-5kb
clu_4391	9511	0.0230961394101877	5-20kb
clu_4392	671	0.00366986595174263	<1kb
clu_4393	2395	0.00554941018766756	1-5kb
clu_4406	2251	0.0149895978552279	1-5kb
clu_4410	918	0.0236314209115282	<1kb
clu_4412	6395	0.0417280697050938	5-20kb
clu_4417	82	0.0236569973190349	<1kb
clu_442	3211	0.0333058445040215	1-5kb
clu_4430	23315	0.019765764075067	20-50kb
clu_4438	5165	0.224490938337802	5-20kb
clu_4439	17280	0.051265764075067	5-20kb
clu_4467	6143	0.0598117158176944	5-20kb
clu_4469	1986	0.0760098659517426	1-5kb
clu_44712	3014	0.00297686327077748	1-5kb
clu_44713	22698	0.0961807238605898	20-50kb
clu_44714	2500	0.026876890080429	1-5kb
clu_44721	1982	0.00998678284182306	1-5kb
clu_44722	445	0.00418375335120643	<1kb
clu_44730	6546	0.077508418230563	5-20kb
clu_44731	4209	0.0111390080428954	1-5kb
clu_44734	3694	0.260405174262735	1-5kb
clu_44736	2264	0.389268713136729	1-5kb
clu_44741	1712	0.0438606434316354	1-5kb
clu_44743	3381	0.00627876675603217	1-5kb
clu_44751	783	0.098322091152815	<1kb
clu_44786	6654	0.0780624932975871	5-20kb
clu_44789	1107	0.040864235924933	1-5kb
clu_44790	2224	0.0136786327077748	1-5kb
clu_44795	41970	0.100918418230563	20-50kb
clu_44797	4069	0.0819026809651475	1-5kb
clu_44798	6636	0.0169876675603217	5-20kb
clu_44803	2373	0.0288450134048257	1-5kb
clu_44804	966	0.00485667560321716	<1kb
clu_44805	673	0.00441892761394102	<1kb
clu_44807	1675	0.0285813672922252	1-5kb
clu_44816	2449	0.284937747989276	1-5kb
clu_44817	2568	0.0340696246648794	1-5kb
clu_44818	2423	0.00688013404825737	1-5kb
clu_44819	2391	0.0275238069705094	1-5kb
clu_44820	2096	0.139737426273458	1-5kb
clu_44823	2666	0.0219047989276139	1-5kb
clu_44831	2967	0.0054245308310992	1-5kb
clu_44833	1216	0.00515788203753351	1-5kb
clu_44835	2895	0.0213791152815013	1-5kb
clu_44836	2565	0.00955581769436997	1-5kb
clu_4484	3475	0.0904692493297587	1-5kb
clu_44841	19565	0.0976011260053619	5-20kb
clu_44848	11920	0.016595308310992	5-20kb
clu_44859	609	0.00907	<1kb
clu_44864	1892	0.0137978016085791	1-5kb
clu_44866	40997	0.103640643431635	20-50kb
clu_44871	963	0.0068986327077748	<1kb
clu_44872	2295	0.02490418230563	1-5kb
clu_44873	4306	0.123153351206434	1-5kb
clu_44874	4064	0.0107316890080429	1-5kb
clu_44875	829	0.183348605898123	<1kb
clu_44876	214	0.0487839946380697	<1kb
clu_44877	619	0.0230480697050938	<1kb
clu_4488	1441	0.00630981233243968	1-5kb
clu_44884	4962	0.0311037533512064	1-5kb
clu_44885	5913	0.0547563538873995	5-20kb
clu_44886	2545	0.00573209115281501	1-5kb
clu_44899	1326	0.0836871313672922	1-5kb
clu_44900	2366	0.141483378016086	1-5kb
clu_44903	5580	0.0789360053619303	5-20kb
clu_4492	3928	0.00689916890080429	1-5kb
clu_44923	983	0.180344262734584	<1kb
clu_44928	2978	9.53351206434316e-05	1-5kb
clu_44929	7275	0.00694069705093834	5-20kb
clu_44940	3045	0.00808949061662198	1-5kb
clu_44958	1227	0.0125885522788204	1-5kb
clu_44959	3683	0.00429461126005362	1-5kb
clu_44961	3583	0.0445481769436997	1-5kb
clu_44962	1059	0.00931206434316354	1-5kb
clu_44986	10602	0.0138226273458445	5-20kb
clu_44988	4525	0.0319691689008043	1-5kb
clu_4499	1665	0.0256945308310992	1-5kb
clu_450	318	0.0268362198391421	<1kb
clu_4500	1160	0.0106975335120643	1-5kb
clu_45004	9320	0.0121282037533512	5-20kb
clu_45005	4568	0.00965675603217158	1-5kb
clu_4501	3124	0.191584825737265	1-5kb
clu_45023	5608	0.00336329758713137	5-20kb
clu_45026	511	0.017878418230563	<1kb
clu_45027	2302	0.0121598391420912	1-5kb
clu_45028	4619	0.00421302949061662	1-5kb
clu_45029	2771	0.00175469168900804	1-5kb
clu_4503	3059	0.00297697050938338	1-5kb
clu_45033	10314	0.0670903217158177	5-20kb
clu_45034	4254	0.00263954423592493	1-5kb
clu_45035	36461	0.0190750938337802	20-50kb
clu_45040	1999	0.00272050938337802	1-5kb
clu_45041	25440	0.00468857908847185	20-50kb
clu_45047	3268	0.0694130026809651	1-5kb
clu_45048	1903	0.0886713672922252	1-5kb
clu_4505	1485	0.0484817158176944	1-5kb
clu_45050	4832	0.0183051742627346	1-5kb
clu_45051	2448	0.0712236997319035	1-5kb
clu_45053	5132	0.0230617694369973	5-20kb
clu_45065	2418	0.00422270777479893	1-5kb
clu_45077	11386	0.0393315549597855	5-20kb
clu_45078	102	0.144918954423592	<1kb
clu_45079	998	0.00864166219839142	<1kb
clu_45080	52670	0.460961715817694	>50kb
clu_45081	30989	0.0368821983914209	20-50kb
clu_45089	3636	0.0657197855227882	1-5kb
clu_45092	1445	0.00332286863270777	1-5kb
clu_45093	760	0.0142541286863271	<1kb
clu_45101	2507	0.00356225201072386	1-5kb
clu_45109	288	0.00361544235924933	<1kb
clu_4512	11173	0.173970938337802	5-20kb
clu_45123	2308	0.0232324664879357	1-5kb
clu_45133	42702	0.0477029222520107	20-50kb
clu_45145	1066	0.00562820375335121	1-5kb
clu_45158	40544	0.107952841823056	20-50kb
clu_45173	1474	0.179549249329759	1-5kb
clu_45179	10038	0.0050244235924933	5-20kb
clu_45181	2193	0.00584739946380697	1-5kb
clu_45186	98917	0.452997024128686	>50kb
clu_45191	27520	0.438044986595174	20-50kb
clu_45207	1783	0.0149477211796247	1-5kb
clu_45213	1256	0.00999651474530831	1-5kb
clu_45221	5916	0.0385300804289544	5-20kb
clu_45239	1840	0.0139319034852547	1-5kb
clu_45241	2354	0.020266273458445	1-5kb
clu_45245	1652	0.00878804289544236	1-5kb
clu_45250	4133	0.0635559517426273	1-5kb
clu_45258	17184	0.0142921179624665	5-20kb
clu_45259	1421	0.0099012600536193	1-5kb
clu_45269	1085	0.00196820375335121	1-5kb
clu_45271	5622	0.00341327077747989	5-20kb
clu_45272	5153	0.00873689008042895	5-20kb
clu_45273	1199	0.0815775871313673	1-5kb
clu_45274	860	0.0692008042895442	<1kb
clu_45276	1060	0.0745191957104558	1-5kb
clu_453	12549	0.0979172654155496	5-20kb
clu_45312	2132	0.0104373190348525	1-5kb
clu_45313	3632	0.00472908847184987	1-5kb
clu_45316	179	0.015132091152815	<1kb
clu_45317	636	0.0140432707774799	<1kb
clu_45318	3065	0.0132938337801609	1-5kb
clu_45320	624	0.00303002680965147	<1kb
clu_45322	2798	0.000462386058981233	1-5kb
clu_45325	1261	0.00378160857908847	1-5kb
clu_45326	1347	0.0113776139410188	1-5kb
clu_45333	3502	0.00510013404825737	1-5kb
clu_45334	10323	0.00419225201072386	5-20kb
clu_45335	2685	0.00372790884718499	1-5kb
clu_45337	246	0.275123780160858	<1kb
clu_4534	3492	0.00944324396782842	1-5kb
clu_45345	4237	0.00177616621983914	1-5kb
clu_45357	13648	0.0135243699731903	5-20kb
clu_4536	2012	0.0459906970509383	1-5kb
clu_45360	444	0.0124129222520107	<1kb
clu_4537	3501	0.0356033243967828	1-5kb
clu_45376	15007	0.0447656032171582	5-20kb
clu_45379	1787	0.00174270777479893	1-5kb
clu_4538	5315	0.060054235924933	5-20kb
clu_45387	13352	0.0194566219839142	5-20kb
clu_4539	5291	0.00597469168900804	5-20kb
clu_454	1693	0.00346895442359249	1-5kb
clu_45400	1804	0.032857855227882	1-5kb
clu_45402	2091	0.0233278820375335	1-5kb
clu_45403	674	0.0279549329758713	<1kb
clu_45404	2036	0.259357882037534	1-5kb
clu_45413	1662	0.017605254691689	1-5kb
clu_45416	5448	0.0110061394101877	5-20kb
clu_45420	2745	0.0467134584450402	1-5kb
clu_45422	499	0.00174833780160858	<1kb
clu_4545	3988	0.128685415549598	1-5kb
clu_45482	433	0.0234475871313673	<1kb
clu_45484	370	0.00204538873994638	<1kb
clu_45488	3057	0.00883533512064343	1-5kb
clu_45491	108	0.00762246648793566	<1kb
clu_45492	358	0.000900616621983914	<1kb
clu_45495	5314	0.0101012332439678	5-20kb
clu_45496	16748	0.0491709919571046	5-20kb
clu_45497	4275	0.0670298927613941	1-5kb
clu_45498	1844	0.0274980965147453	1-5kb
clu_45499	3285	0.013658981233244	1-5kb
clu_45531	1959	0.0211529222520107	1-5kb
clu_4554	5871	0.000582332439678284	5-20kb
clu_45548	5941	0.0651195174262735	5-20kb
clu_45552	6536	0.016988981233244	5-20kb
clu_45553	1635	0.017894691689008	1-5kb
clu_45554	2212	0.0351860321715818	1-5kb
clu_45555	368	0.0183881769436997	<1kb
clu_45586	1978	0.0663945040214477	1-5kb
clu_45587	2620	0.0163265683646113	1-5kb
clu_45595	1446	0.052617908847185	1-5kb
clu_456	2061	0.0111317694369973	1-5kb
clu_45601	40388	0.031080563002681	20-50kb
clu_45602	10496	0.00443490616621984	5-20kb
clu_45603	8173	0.0268335388739946	5-20kb
clu_45604	2463	0.00669123324396783	1-5kb
clu_45613	70816	0.045848418230563	>50kb
clu_45616	73974	0.162444504021448	>50kb
clu_45631	94447	0.233134664879357	>50kb
clu_45646	1222	0.000758230563002681	1-5kb
clu_45654	3198	0.0211384986595174	1-5kb
clu_45655	5350	0.00667112600536193	5-20kb
clu_45657	6308	0.020961072386059	5-20kb
clu_45659	3117	0.0177288471849866	1-5kb
clu_45663	2489	0.0150817694369973	1-5kb
clu_45680	2315	0.0127500536193029	1-5kb
clu_45681	5378	0.0148949329758713	5-20kb
clu_45683	1922	0.0354159249329759	1-5kb
clu_457	688	0.00676656836461126	<1kb
clu_45752	1952	0.098496890080429	1-5kb
clu_45755	7617	0.0241334584450402	5-20kb
clu_45760	2574	0.0193746380697051	1-5kb
clu_45765	14866	0.26257144772118	5-20kb
clu_45767	9221	0.0209501072386059	5-20kb
clu_4577	985	0.0390223592493298	<1kb
clu_45773	11257	0.00932348525469169	5-20kb
clu_45774	3045	0.0129770241286863	1-5kb
clu_45789	1054	0.000970804289544236	1-5kb
clu_4579	2162	0.0192516085790885	1-5kb
clu_45805	3257	0.149888016085791	1-5kb
clu_45806	1023	0.0267483109919571	1-5kb
clu_45808	462	0.0551232707774799	<1kb
clu_45811	5101	0.00351096514745308	5-20kb
clu_45820	2036	0.00335187667560322	1-5kb
clu_45835	23992	0.0595050402144772	20-50kb
clu_45838	12520	0.0239301876675603	5-20kb
clu_45840	20168	0.0175947989276139	20-50kb
clu_45847	12886	0.0199190884718499	5-20kb
clu_45851	648	0.00289549597855228	<1kb
clu_45858	138	0.0868440214477212	<1kb
clu_45864	4483	0.00500691689008043	1-5kb
clu_45869	29885	0.258515308310992	20-50kb
clu_45875	48281	0.0523472654155496	20-50kb
clu_45876	4292	0.0146815013404826	1-5kb
clu_45892	27745	0.110066166219839	20-50kb
clu_45896	7349	0.02035	5-20kb
clu_45903	402	0.0169732439678284	<1kb
clu_45905	1418	0.00543458445040214	1-5kb
clu_45909	17767	0.00809002680965147	5-20kb
clu_45924	2551	0.0367595710455764	1-5kb
clu_45930	423	0.42034890080429	<1kb
clu_45932	8313	0.0122920107238606	5-20kb
clu_45933	2267	0.0151188203753351	1-5kb
clu_45936	1408	0.044062091152815	1-5kb
clu_45945	1761	0.0120289008042895	1-5kb
clu_45949	2592	0.0145398659517426	1-5kb
clu_45958	7726	0.0120247184986595	5-20kb
clu_45976	41367	0.00397924932975871	20-50kb
clu_45980	874	0.0079013672922252	<1kb
clu_45993	26322	0.0806729758713137	20-50kb
clu_45994	4191	0.00622924932975871	1-5kb
clu_45995	1966	0.00356101876675603	1-5kb
clu_460	551	0.00509495978552279	<1kb
clu_46004	2019	0.00461474530831099	1-5kb
clu_46006	11463	0.0591706970509383	5-20kb
clu_46010	13464	0.00814600536193029	5-20kb
clu_46013	1338	0.0214289008042895	1-5kb
clu_46014	2418	0.00457219839142091	1-5kb
clu_46016	17539	0.00211651474530831	5-20kb
clu_46018	1245	0.000828418230563003	1-5kb
clu_46023	5018	0.00484541554959786	5-20kb
clu_46026	2674	0.00553538873994638	1-5kb
clu_46030	1567	0.00902391420911528	1-5kb
clu_4604	70	0.0251190884718499	<1kb
clu_46043	1185	0.0052483109919571	1-5kb
clu_46047	53752	0.0700299195710456	>50kb
clu_46050	32846	0.17059855227882	20-50kb
clu_46056	41736	0.03047581769437	20-50kb
clu_46061	4022	0.0122371849865952	1-5kb
clu_46064	4180	0.00467648793565684	1-5kb
clu_46068	7023	0.0151458713136729	5-20kb
clu_46074	5683	0.0071827345844504	5-20kb
clu_46083	16385	0.0209284986595174	5-20kb
clu_46084	2921	0.00736455764075067	1-5kb
clu_46085	5640	0.0335290616621984	5-20kb
clu_46092	2438	0.0151721179624665	1-5kb
clu_461	4568	0.0535090616621984	1-5kb
clu_46100	43064	0.0947943431635389	20-50kb
clu_46101	25995	0.00160067024128686	20-50kb
clu_46117	5665	0.0653260321715818	5-20kb
clu_46122	29709	0.0425802949061662	20-50kb
clu_46127	2834	0.00794391420911528	1-5kb
clu_46128	528	0.0166638605898123	<1kb
clu_46129	7489	0.012785308310992	5-20kb
clu_46134	2448	0.0048683109919571	1-5kb
clu_46135	1372	0.00350825737265416	1-5kb
clu_46142	422	0.0743611796246649	<1kb
clu_46143	872	0.00661455764075067	<1kb
clu_46144	1434	0.00490801608579088	1-5kb
clu_46145	669	0.130322868632708	<1kb
clu_46148	452	0.00315525469168901	<1kb
clu_46151	1325	0.0194312064343164	1-5kb
clu_46152	1986	0.0369231903485255	1-5kb
clu_46155	400	0.00180193029490617	<1kb
clu_46156	206	0.00102522788203753	<1kb
clu_46160	22025	0.0238138337801609	20-50kb
clu_46165	491	0.00520538873994638	<1kb
clu_46167	1811	0.00427289544235925	1-5kb
clu_46169	2073	0.0226750134048257	1-5kb
clu_46170	13968	0.168724128686327	5-20kb
clu_46171	7620	0.00931265415549598	5-20kb
clu_46172	3005	0.0010429490616622	1-5kb
clu_46173	2728	0.0185284986595174	1-5kb
clu_46174	3476	0.0456646112600536	1-5kb
clu_46177	1878	0.0505382573726542	1-5kb
clu_46185	3064	0.005361581769437	1-5kb
clu_46188	5111	0.0571532707774799	5-20kb
clu_46189	48573	0.0714501876675603	20-50kb
clu_46226	107	0.0015656836461126	<1kb
clu_46228	314	0.0274320643431635	<1kb
clu_46229	664	0.00338865951742627	<1kb
clu_46231	2958	0.0146691689008043	1-5kb
clu_46232	19686	0.050311581769437	5-20kb
clu_46236	3112	0.00440613941018767	1-5kb
clu_46238	4060	0.00322321715817694	1-5kb
clu_46251	1089	0.0014387399463807	1-5kb
clu_46252	6347	0.0383575871313673	5-20kb
clu_46253	2472	0.0013002144772118	1-5kb
clu_46258	38556	0.0073888471849866	20-50kb
clu_46259	31518	0.00541632707774799	20-50kb
clu_46262	1415	0.0505804021447721	1-5kb
clu_46276	33830	0.00430764075067024	20-50kb
clu_46281	9459	0.00459670241286863	5-20kb
clu_46282	5565	0.0352278820375335	5-20kb
clu_46289	496	0.0235254155495979	<1kb
clu_46290	657	0.0107561930294906	<1kb
clu_46292	6624	0.00345450402144772	5-20kb
clu_46295	126	0.123127345844504	<1kb
clu_46296	1813	0.0111730831099196	1-5kb
clu_46298	253	0.0487265683646113	<1kb
clu_46299	522	0.0367878284182306	<1kb
clu_46308	3130	0.0445001340482574	1-5kb
clu_46316	319	0.00600048257372654	<1kb
clu_46318	434	0.00424627345844504	<1kb
clu_46324	5465	0.0589463538873995	5-20kb
clu_46331	2984	0.0354906166219839	1-5kb
clu_46332	1163	0.0367996782841823	1-5kb
clu_46335	2705	0.0100417158176944	1-5kb
clu_46352	4554	0.272945415549598	1-5kb
clu_46353	12548	0.00859871313672922	5-20kb
clu_46354	63240	0.258933190348525	>50kb
clu_46355	1501	0.0158875871313673	1-5kb
clu_46356	1555	0.152723646112601	1-5kb
clu_46359	59816	0.0745239946380697	>50kb
clu_46360	8269	0.0346245576407507	5-20kb
clu_46366	8175	0.0384649597855228	5-20kb
clu_46368	746	0.0439122520107239	<1kb
clu_46371	4213	0.0580919034852547	1-5kb
clu_46374	2497	0.00850064343163539	1-5kb
clu_46375	812	0.00846742627345845	<1kb
clu_46377	4688	0.0276047989276139	1-5kb
clu_46378	3021	0.0146235924932976	1-5kb
clu_46379	665	0.0386174798927614	<1kb
clu_46380	1195	0.319983941018767	1-5kb
clu_46383	1511	0.0254250402144772	1-5kb
clu_46384	4094	0.0259741554959786	1-5kb
clu_46387	2729	0.0096783109919571	1-5kb
clu_46389	3370	0.0312419839142091	1-5kb
clu_46390	1621	0.048923109919571	1-5kb
clu_46393	1404	0.00953013404825737	1-5kb
clu_46395	4594	0.0277901608579088	1-5kb
clu_46396	631	0.00217077747989276	<1kb
clu_46427	2655	0.0301419839142091	1-5kb
clu_46430	1192	0.145332010723861	1-5kb
clu_46455	3463	0.0105803217158177	1-5kb
clu_46456	5564	0.0263350134048257	5-20kb
clu_46457	3623	0.0391319034852547	1-5kb
clu_46458	4032	0.0128793029490617	1-5kb
clu_46459	462	0.00910906166219839	<1kb
clu_46460	905	0.0033801072386059	<1kb
clu_46476	8169	0.026509436997319	5-20kb
clu_46479	581	0.00638713136729223	<1kb
clu_46482	6036	0.162553163538874	5-20kb
clu_46483	678	0.0839171581769437	<1kb
clu_46487	1357	0.0366461394101877	1-5kb
clu_46488	6100	0.362662520107239	5-20kb
clu_46498	6814	0.0210962198391421	5-20kb
clu_46527	2902	0.0338601072386059	1-5kb
clu_46532	3022	0.00699667560321716	1-5kb
clu_46533	31492	0.00843335120643432	20-50kb
clu_46535	17673	0.0141032171581769	5-20kb
clu_46536	2777	0.0107127882037534	1-5kb
clu_46539	2188	0.341686139410188	1-5kb
clu_46542	34131	0.00437254691689008	20-50kb
clu_46550	2246	0.0307895174262735	1-5kb
clu_46551	5275	0.00223991957104558	5-20kb
clu_46555	2767	0.00484739946380697	1-5kb
clu_46567	1407	0.0112427882037534	1-5kb
clu_46569	1095	0.030492144772118	1-5kb
clu_4657	1081	0.00392825737265416	1-5kb
clu_46570	2164	0.00520415549597855	1-5kb
clu_46577	1531	0.0414398123324397	1-5kb
clu_4659	608	0.00500849865951743	<1kb
clu_46596	2546	0.00785101876675603	1-5kb
clu_46607	3841	0.0041101072386059	1-5kb
clu_4662	7004	0.00398554959785523	5-20kb
clu_4665	3789	0.00229201072386059	1-5kb
clu_46663	1774	0.00520764075067024	1-5kb
clu_46664	2434	0.0101183914209115	1-5kb
clu_46666	1213	0.02648418230563	1-5kb
clu_46670	2163	0.00072254691689008	1-5kb
clu_46671	3667	0.00738957104557641	1-5kb
clu_46672	28604	0.0152555495978552	20-50kb
clu_46673	93799	0.256668096514745	>50kb
clu_46674	2661	0.00374790884718499	1-5kb
clu_46680	1450	0.00418396782841823	1-5kb
clu_46681	1016	0.00940088471849866	1-5kb
clu_4669	5285	0.00656316353887399	5-20kb
clu_4670	1540	0.0294290616621984	1-5kb
clu_46701	4376	1.59785522788204e-05	1-5kb
clu_46715	14031	0.00329517426273458	5-20kb
clu_46727	362	0.0151091957104558	<1kb
clu_46733	16764	0.0306167560321716	5-20kb
clu_46735	3023	0.00632447721179625	1-5kb
clu_46759	4074	0.0718427882037534	1-5kb
clu_46764	30717	0.023116327077748	20-50kb
clu_46765	7098	0.0077557908847185	5-20kb
clu_46767	2250	0.00251270777479893	1-5kb
clu_4677	1980	0.00525166219839142	1-5kb
clu_46775	2360	0.0290359785522788	1-5kb
clu_4679	1698	0.00433747989276139	1-5kb
clu_46792	55853	0.0299889544235925	>50kb
clu_46795	2291	0.028563163538874	1-5kb
clu_46796	7393	0.0301127882037534	5-20kb
clu_46798	1384	0.06932418230563	1-5kb
clu_46799	5097	0.00991091152815013	5-20kb
clu_4680	938	0.00357184986595174	<1kb
clu_46801	547	0.0160708310991957	<1kb
clu_46804	352	0.00618482573726542	<1kb
clu_46807	331	0.00336839142091153	<1kb
clu_46809	78	0.0111560589812332	<1kb
clu_46812	5321	0.260856139410188	5-20kb
clu_46813	2537	0.186891796246649	1-5kb
clu_46818	107	0.0179578284182306	<1kb
clu_46819	237	0.0322136193029491	<1kb
clu_4682	2870	0.0281146648793566	1-5kb
clu_46824	81	0.00770203753351206	<1kb
clu_4683	9363	0.0260695978552279	5-20kb
clu_46835	287	0.00418160857908847	<1kb
clu_4684	2039	0.0031544235924933	1-5kb
clu_4685	291	0.0157495710455764	<1kb
clu_46857	6731	0.0704627345844504	5-20kb
clu_4686	2854	0.0145556836461126	1-5kb
clu_46867	280	0.000472788203753351	<1kb
clu_4687	1158	0.0116977747989276	1-5kb
clu_46885	7649	0.0207165415549598	5-20kb
clu_46887	1716	0.0679745308310992	1-5kb
clu_46888	3680	0.0811848793565684	1-5kb
clu_46892	2651	0.0456708847184987	1-5kb
clu_46896	4982	0.220876353887399	1-5kb
clu_46897	1816	0.074163109919571	1-5kb
clu_46898	7805	0.00916335120643432	5-20kb
clu_46905	11017	0.0226222252010724	5-20kb
clu_46906	1076	0.0408092225201072	1-5kb
clu_46907	606	0.00486230563002681	<1kb
clu_46908	2555	0.010905764075067	1-5kb
clu_4691	428	0.0104198927613941	<1kb
clu_46914	535	0.0710738337801609	<1kb
clu_46919	523	0.0997901608579088	<1kb
clu_4692	7853	0.015778471849866	5-20kb
clu_46921	358	0.0636775067024129	<1kb
clu_4693	3272	0.0520646648793566	1-5kb
clu_4702	4812	0.0534019571045576	1-5kb
clu_4703	8044	0.0330546380697051	5-20kb
clu_4712	52068	0.00599750670241287	>50kb
clu_4716	77359	0.0647768096514745	>50kb
clu_4719	9333	0.0291114209115282	5-20kb
clu_4730	4854	0.0154765683646113	1-5kb
clu_4737	1242	0.0534120375335121	1-5kb
clu_4738	2799	0.042043726541555	1-5kb
clu_4740	13092	0.0660281769436997	5-20kb
clu_4742	1906	0.00490544235924933	1-5kb
clu_4746	3096	0.0126597855227882	1-5kb
clu_4748	1429	0.0166595442359249	1-5kb
clu_4750	2142	0.0162498927613941	1-5kb
clu_4753	2726	0.0027987399463807	1-5kb
clu_4767	16330	0.0781882841823056	5-20kb
clu_4778	1023	0.0218385790884718	1-5kb
clu_4781	5327	0.0273803485254692	5-20kb
clu_4782	4976	0.25174836461126	1-5kb
clu_4784	3957	0.00487463806970509	1-5kb
clu_4787	13864	0.0587222520107239	5-20kb
clu_4788	6693	0.00593367292225201	5-20kb
clu_4789	3211	0.0427440214477212	1-5kb
clu_4790	34389	0.137105603217158	20-50kb
clu_4793	8350	0.0106727613941019	5-20kb
clu_4794	62455	0.0841789544235925	>50kb
clu_4809	33241	0.114488418230563	20-50kb
clu_4810	2536	0.0551225469168901	1-5kb
clu_4811	13535	0.0127263806970509	5-20kb
clu_4812	136	0.0121593833780161	<1kb
clu_4816	42059	0.113056675603217	20-50kb
clu_4824	10259	0.0300154155495979	5-20kb
clu_4832	1700	0.0126879892761394	1-5kb
clu_4857	5931	0.00736739946380697	5-20kb
clu_48808	10770	0.00736348525469169	5-20kb
clu_48839	845	0.00817219839142091	<1kb
clu_48841	4891	0.204366487935657	1-5kb
clu_48842	4536	0.00723064343163539	1-5kb
clu_48844	2755	0.126849705093834	1-5kb
clu_48845	653	0.128064825737265	<1kb
clu_48847	1549	0.00647756032171582	1-5kb
clu_48853	3392	0.0413563806970509	1-5kb
clu_48858	647	0.049512091152815	<1kb
clu_48866	4404	0.0028485254691689	1-5kb
clu_48869	17619	0.0432302680965147	5-20kb
clu_48876	6360	0.160416970509383	5-20kb
clu_48880	10688	0.07739	5-20kb
clu_48888	3935	0.0480497587131367	1-5kb
clu_48889	4841	0.021761581769437	1-5kb
clu_48890	22106	0.126140268096515	20-50kb
clu_48891	2134	0.00401254691689008	1-5kb
clu_48892	1294	0.0342468096514745	1-5kb
clu_48918	587	0.0224929758713137	<1kb
clu_48919	2081	0.0250876675603217	1-5kb
clu_48920	1113	0.0158164879356568	1-5kb
clu_48921	6203	0.00322117962466488	5-20kb
clu_48923	1170	0.21085327077748	1-5kb
clu_48955	2359	0.002168418230563	1-5kb
clu_48956	64603	0.0457602680965147	>50kb
clu_48957	12742	0.00366101876675603	5-20kb
clu_48976	24991	0.0262030831099196	20-50kb
clu_48990	44549	0.131043565683646	20-50kb
clu_490	5952	0.4458981769437	5-20kb
clu_49033	1413	0.0338837801608579	1-5kb
clu_49035	12595	0.00391721179624665	5-20kb
clu_49037	1657	0.143233646112601	1-5kb
clu_49040	6644	0.00461710455764075	5-20kb
clu_49041	3811	0.00974171581769437	1-5kb
clu_49048	8062	0.0105598659517426	5-20kb
clu_49049	3425	0.0652008310991957	1-5kb
clu_49052	7344	0.0181057104557641	5-20kb
clu_49053	2022	0.0298553351206434	1-5kb
clu_49054	885	0.0119448525469169	<1kb
clu_49055	2559	0.0453843163538874	1-5kb
clu_49057	5335	0.0262095174262735	5-20kb
clu_49060	1600	0.00314823056300268	1-5kb
clu_49061	1914	0.00115734584450402	1-5kb
clu_49088	2188	0.261240026809651	1-5kb
clu_49094	309	0.00899436997319035	<1kb
clu_49095	1116	0.186253726541555	1-5kb
clu_49111	3336	0.0291877747989276	1-5kb
clu_49115	493	0.0372894101876676	<1kb
clu_49136	6488	0.0389211260053619	5-20kb
clu_49150	573	0.14413745308311	<1kb
clu_49151	673	0.0993176139410188	<1kb
clu_49167	4402	0.0225948257372654	1-5kb
clu_49169	1696	0.00546710455764075	1-5kb
clu_49171	3659	0.00339592493297587	1-5kb
clu_49172	5906	0.00387533512064343	5-20kb
clu_49177	1380	0.00417187667560322	1-5kb
clu_49184	743	0.0657428418230563	<1kb
clu_49199	2978	0.0269843163538874	1-5kb
clu_492	2322	0.0424057104557641	1-5kb
clu_49222	576	0.00709844504021448	<1kb
clu_49227	7530	0.0135410991957105	5-20kb
clu_49236	383	0.0300196514745308	<1kb
clu_49239	6297	0.0386325737265416	5-20kb
clu_49245	1485	0.0338561930294906	1-5kb
clu_49248	1169	0.0579619839142091	1-5kb
clu_49249	478	0.0885425737265415	<1kb
clu_49252	3858	0.00210337801608579	1-5kb
clu_49253	1178	0.00532340482573727	1-5kb
clu_49268	3307	0.00512351206434316	1-5kb
clu_49271	90	0.0169901072386059	<1kb
clu_49272	1236	0.0413214477211796	1-5kb
clu_49276	1687	0.0137442627345845	1-5kb
clu_49287	7149	0.0201268096514745	5-20kb
clu_49288	1231	0.0226122788203753	1-5kb
clu_49289	1641	0.0139347184986595	1-5kb
clu_49290	3311	0.0387944772117962	1-5kb
clu_49291	4364	0.0230255764075067	1-5kb
clu_49292	2683	0.0100650134048257	1-5kb
clu_49293	717	0.0291042091152815	<1kb
clu_49295	3874	0.0281964879356568	1-5kb
clu_49297	973	0.068738981233244	<1kb
clu_49299	1153	0.0106662466487936	1-5kb
clu_49309	1184	0.134977667560322	1-5kb
clu_49347	1160	0.00349235924932976	1-5kb
clu_49348	1885	0.0148127882037534	1-5kb
clu_49350	12818	0.0834091152815013	5-20kb
clu_49358	3368	0.0342293565683646	1-5kb
clu_49362	1075	0.0610479356568365	1-5kb
clu_49368	1188	0.00174187667560322	1-5kb
clu_49370	3903	0.00779731903485255	1-5kb
clu_49374	13114	0.0678401608579089	5-20kb
clu_49379	17642	0.226571983914209	5-20kb
clu_49386	8514	0.0930928686327078	5-20kb
clu_49391	2841	0.0378743431635389	1-5kb
clu_49392	6923	0.0342594638069705	5-20kb
clu_49393	99	0.00314796246648794	<1kb
clu_49394	8715	0.00827697050938338	5-20kb
clu_49407	99	0.019337345844504	<1kb
clu_49408	18806	0.00688916890080429	5-20kb
clu_49409	4402	0.02400418230563	1-5kb
clu_49411	10534	0.0519790884718499	5-20kb
clu_49420	5111	0.124796970509383	5-20kb
clu_49421	3719	0.0214832439678284	1-5kb
clu_49447	2874	0.0221846648793566	1-5kb
clu_49450	1710	0.0921513404825737	1-5kb
clu_49451	379	0.0560486327077748	<1kb
clu_49465	2066	0.0384930831099196	1-5kb
clu_49469	57402	0.0135585522788204	>50kb
clu_49472	835	0.00307563002680965	<1kb
clu_49473	1989	0.0143986595174263	1-5kb
clu_49474	1304	0.150943431635389	1-5kb
clu_49477	595	0.00356689008042895	<1kb
clu_49478	2623	0.0571882305630027	1-5kb
clu_49492	8555	0.0233844504021448	5-20kb
clu_49497	1598	0.00903839142091153	1-5kb
clu_49506	3195	0.0165563538873995	1-5kb
clu_49507	1217	0.0349219839142091	1-5kb
clu_49508	1833	0.00991091152815013	1-5kb
clu_49510	4978	0.00696083109919571	1-5kb
clu_49513	2463	0.0212625737265416	1-5kb
clu_49514	2597	0.0119357372654155	1-5kb
clu_49515	6026	0.561472975871314	5-20kb
clu_49532	20630	0.0570117158176944	20-50kb
clu_49533	67392	0.0297028686327078	>50kb
clu_49573	11379	0.00668876675603217	5-20kb
clu_49577	5870	0.00872104557640751	5-20kb
clu_49578	6658	0.0121323592493298	5-20kb
clu_49582	20999	0.00364595174262735	20-50kb
clu_49587	467	0.0778965415549598	<1kb
clu_49595	4722	0.00969967828418231	1-5kb
clu_49596	3096	0.00133876675603217	1-5kb
clu_49606	559	0.00887804289544236	<1kb
clu_49607	4289	0.00122268096514745	1-5kb
clu_49609	2968	0.00612761394101877	1-5kb
clu_49610	1103	0.0174522788203753	1-5kb
clu_49612	1180	0.00273646112600536	1-5kb
clu_49613	2738	0.0334666487935657	1-5kb
clu_49622	43269	0.0160511260053619	20-50kb
clu_49624	18933	0.00107254691689008	5-20kb
clu_49625	59027	0.00624731903485255	>50kb
clu_49628	5250	0.0090426273458445	5-20kb
clu_49631	5550	0.0362550134048257	5-20kb
clu_49637	275	0.00787506702412869	<1kb
clu_49638	1007	0.0458706970509383	1-5kb
clu_49647	39648	0.0140654155495979	20-50kb
clu_49648	57202	0.0281466219839142	>50kb
clu_49650	2294	0.012016327077748	1-5kb
clu_49669	944	0.157145656836461	<1kb
clu_49671	64223	0.0117405361930295	>50kb
clu_49673	341	0.0200145844504021	<1kb
clu_49676	14415	0.0898458713136729	5-20kb
clu_49680	64005	0.0429888739946381	>50kb
clu_49681	63941	0.0417269436997319	>50kb
clu_49686	170	0.00342892761394102	<1kb
clu_49687	2398	0.00270426273458445	1-5kb
clu_49688	952	0.00615104557640751	<1kb
clu_49689	2582	0.0262597855227882	1-5kb
clu_49692	85	0.00544426273458445	<1kb
clu_49697	85	0.00582718498659517	<1kb
clu_49710	11363	0.169704128686327	5-20kb
clu_49714	5829	0.00644399463806971	5-20kb
clu_49716	1972	0.00490576407506702	1-5kb
clu_49718	6988	0.0790469705093834	5-20kb
clu_49721	1610	0.00480809651474531	1-5kb
clu_49724	289	0.0211893833780161	<1kb
clu_49725	1084	0.0163264075067024	1-5kb
clu_49731	3852	0.012304235924933	1-5kb
clu_49733	1454	0.00662860589812332	1-5kb
clu_49734	4908	0.0127046380697051	1-5kb
clu_49738	2438	0.0159437533512064	1-5kb
clu_49753	9053	0.0423728954423592	5-20kb
clu_49754	7057	0.0222446380697051	5-20kb
clu_49768	1659	0.0551844235924933	1-5kb
clu_49796	6833	0.00990729222520107	5-20kb
clu_49803	67538	0.200356327077748	>50kb
clu_49806	845	0.00569833780160858	<1kb
clu_49807	949	0.0384636193029491	<1kb
clu_49811	20262	0.00178581769436997	20-50kb
clu_49833	8179	0.00510777479892761	5-20kb
clu_49856	8967	0.00781900804289544	5-20kb
clu_49857	11530	0.101970938337802	5-20kb
clu_49865	17332	0.0401881233243968	5-20kb
clu_49872	3625	0.0558799731903485	1-5kb
clu_49873	19771	0.0110837533512064	5-20kb
clu_49876	387	0.013341581769437	<1kb
clu_49881	69202	0.0239397855227882	>50kb
clu_49909	14406	0.00882128686327078	5-20kb
clu_49915	1764	0.0285043967828418	1-5kb
clu_49916	3469	0.00651812332439678	1-5kb
clu_49921	2017	0.0178826809651475	1-5kb
clu_49923	42814	0.0752108579088472	20-50kb
clu_49936	36535	0.0102870777479893	20-50kb
clu_49939	12581	0.332890294906166	5-20kb
clu_50005	2960	0.0089855764075067	1-5kb
clu_50006	2418	0.00635426273458445	1-5kb
clu_50012	3945	0.0156167560321716	1-5kb
clu_50024	13787	0.0134426809651475	5-20kb
clu_50026	30268	0.0404891420911528	20-50kb
clu_50027	4596	0.00439008042895442	1-5kb
clu_50053	534	0.00497426273458445	<1kb
clu_50054	795	0.00437632707774799	<1kb
clu_50056	2488	0.0412124396782842	1-5kb
clu_50057	362	0.0106252010723861	<1kb
clu_50061	4699	0.00471916890080429	1-5kb
clu_50065	1977	0.102731340482574	1-5kb
clu_50081	989	0.0109006970509383	<1kb
clu_50083	1880	0.0265621983914209	1-5kb
clu_50087	1281	0.0125606970509383	1-5kb
clu_50103	2503	0.00197930294906166	1-5kb
clu_50104	9898	0.00890386058981233	5-20kb
clu_50110	2832	0.000393297587131367	1-5kb
clu_50111	2293	0.158976327077748	1-5kb
clu_50125	8118	0.0238680965147453	5-20kb
clu_50126	6888	0.00797139410187668	5-20kb
clu_50127	7451	0.00422640750670241	5-20kb
clu_50128	8801	0.00310504021447721	5-20kb
clu_50139	18153	0.0444702949061662	5-20kb
clu_50141	3634	0.0554193029490617	1-5kb
clu_50144	10608	0.0258299195710456	5-20kb
clu_50151	3443	0.019665254691689	1-5kb
clu_50154	22787	0.00524361930294906	20-50kb
clu_50155	657	0.00906756032171582	<1kb
clu_50165	2801	0.0325540214477212	1-5kb
clu_50166	189	0.0101461662198391	<1kb
clu_50167	186	0.0382414209115281	<1kb
clu_50168	533	0.00619367292225201	<1kb
clu_50170	200	0.0110399463806971	<1kb
clu_50171	654	0.00699927613941019	<1kb
clu_50174	4391	0.00282077747989276	1-5kb
clu_50179	2233	0.0196700804289544	1-5kb
clu_50180	2429	0.00589957104557641	1-5kb
clu_50184	535	0.0153700536193029	<1kb
clu_50189	15627	0.00278461126005362	5-20kb
clu_50191	69988	0.00800825737265416	>50kb
clu_50192	6565	0.00311766756032172	5-20kb
clu_50196	329	0.0725965951742627	<1kb
clu_50209	2482	0.00394731903485255	1-5kb
clu_50216	754	0.00583691689008043	<1kb
clu_50217	2281	0.00805104557640751	1-5kb
clu_50222	2906	0.179505790884718	1-5kb
clu_50225	9014	0.0818080697050938	5-20kb
clu_50231	18882	0.00114935656836461	5-20kb
clu_50237	4962	0.0167817426273458	1-5kb
clu_50238	134	0.130254772117962	<1kb
clu_50239	142	0.0270346112600536	<1kb
clu_50241	81	0.0221750402144772	<1kb
clu_50244	1577	0.00234045576407507	1-5kb
clu_50249	3216	0.0264621983914209	1-5kb
clu_50254	123	0.00105798927613941	<1kb
clu_50257	4637	0.00266388739946381	1-5kb
clu_50259	489	0.00120812332439678	<1kb
clu_50268	1428	0.00383230563002681	1-5kb
clu_50272	371	0.0149063002680965	<1kb
clu_50273	4685	0.0190450938337802	1-5kb
clu_50277	168	0.0134251742627346	<1kb
clu_50278	77	0.0484379356568365	<1kb
clu_50282	860	0.0505125201072386	<1kb
clu_50293	1027	0.00719611260053619	1-5kb
clu_50294	1472	0.0049087399463807	1-5kb
clu_50305	85487	0.00275439678284182	>50kb
clu_50307	2358	0.219164235924933	1-5kb
clu_50315	6059	0.0135082573726542	5-20kb
clu_50319	1788	0.00618753351206434	1-5kb
clu_50321	327	0.00765675603217158	<1kb
clu_50323	86	0.0582888471849866	<1kb
clu_50324	4912	0.00979302949061662	1-5kb
clu_50325	506	0.00550268096514745	<1kb
clu_50365	8586	0.00345356568364611	5-20kb
clu_50366	7080	0.0102882841823056	5-20kb
clu_50367	3498	0.0774495710455764	1-5kb
clu_50386	5354	0.188432466487936	5-20kb
clu_50420	192	0.00620766756032172	<1kb
clu_50421	1265	0.0186990616621984	1-5kb
clu_50428	11321	0.0160183646112601	5-20kb
clu_50439	1202	0.00548447721179625	1-5kb
clu_50441	780	6.89812332439678e-05	<1kb
clu_50443	1082	0.00040798927613941	1-5kb
clu_50449	980	0.00444635388739946	<1kb
clu_50483	8271	0.00422836461126005	5-20kb
clu_50499	1823	0.0100232439678284	1-5kb
clu_50510	521	0.0613134852546917	<1kb
clu_50519	1595	0.0231698659517426	1-5kb
clu_50520	4046	0.928171018766756	1-5kb
clu_50533	788	0.00157289544235925	<1kb
clu_50543	3966	0.0188704021447721	1-5kb
clu_50548	1370	0.0306028686327078	1-5kb
clu_50549	2902	0.00837367292225201	1-5kb
clu_50559	8836	0.0805049061662198	5-20kb
clu_50560	636	0.00553281501340483	<1kb
clu_50564	26700	0.250650938337802	20-50kb
clu_50566	11201	0.0429509383378016	5-20kb
clu_50568	667	0.00617651474530831	<1kb
clu_50569	2214	0.177532654155496	1-5kb
clu_50571	2230	0.00592112600536193	1-5kb
clu_50572	5793	0.0100248793565684	5-20kb
clu_50573	5574	0.0247492761394102	5-20kb
clu_50579	2482	0.093386327077748	1-5kb
clu_50580	24739	0.500124691689008	20-50kb
clu_50607	481	0.0389669436997319	<1kb
clu_50610	1410	0.00871758713136729	1-5kb
clu_50611	2372	0.00609538873994638	1-5kb
clu_50625	4705	0.0211302680965147	1-5kb
clu_50632	3294	0.00343517426273458	1-5kb
clu_50635	3545	0.297416675603217	1-5kb
clu_50638	3665	0.00251756032171582	1-5kb
clu_50640	3049	0.00643621983914209	1-5kb
clu_50641	9742	0.00146378016085791	5-20kb
clu_50642	31098	0.00532922252010724	20-50kb
clu_50644	49237	0.0174224128686327	20-50kb
clu_50663	2437	0.0181579892761394	1-5kb
clu_50664	945	0.0621240482573727	<1kb
clu_50673	2256	0.011126273458445	1-5kb
clu_50677	1512	0.0335390616621984	1-5kb
clu_50678	89	0.0055855764075067	<1kb
clu_50680	12209	0.0345429222520107	5-20kb
clu_50688	441	0.0710909919571046	<1kb
clu_50689	373	0.00870075067024129	<1kb
clu_50690	172	0.475430831099196	<1kb
clu_507	2120	0.00685026809651475	1-5kb
clu_50718	2616	0.0153428954423592	1-5kb
clu_50719	31945	0.0421108579088472	20-50kb
clu_50721	1035	0.00160018766756032	1-5kb
clu_50722	4529	0.00515860589812332	1-5kb
clu_50723	6988	0.0211160321715818	5-20kb
clu_50725	117	0.0059370509383378	<1kb
clu_50729	2461	0.0572041286863271	1-5kb
clu_50731	2037	0.00136600536193029	1-5kb
clu_50734	181	0.00835107238605898	<1kb
clu_50739	555	0.0597251742627346	<1kb
clu_50762	660	0.0313523860589812	<1kb
clu_50765	95	0.00253335120643432	<1kb
clu_50766	3126	0.00205016085790885	1-5kb
clu_50770	134	0.00400865951742627	<1kb
clu_50774	1885	0.0761925201072386	1-5kb
clu_50775	152	0.0241308579088472	<1kb
clu_50776	6076	0.372051420911528	5-20kb
clu_50777	1127	0.053237908847185	1-5kb
clu_50778	797	0.0453396782841823	<1kb
clu_50779	14020	0.101894745308311	5-20kb
clu_50785	137	0.116683163538874	<1kb
clu_50813	1692	0.00591554959785523	1-5kb
clu_50814	390	0.0296964075067024	<1kb
clu_50815	271	0.109336568364611	<1kb
clu_50816	1513	0.0997090348525469	1-5kb
clu_50817	1305	0.0197348257372654	1-5kb
clu_50824	2993	0.102381367292225	1-5kb
clu_50825	1121	0.449934798927614	1-5kb
clu_50826	4477	0.389479302949062	1-5kb
clu_50835	650	0.00122471849865952	<1kb
clu_50837	1484	0.00345308310991957	1-5kb
clu_50845	317	0.00346957104557641	<1kb
clu_50846	224	0.00271032171581769	<1kb
clu_50848	4517	0.0225447721179625	1-5kb
clu_50849	947	0.0154863806970509	<1kb
clu_50850	2087	0.00917	1-5kb
clu_50853	732	0.00435195710455764	<1kb
clu_50855	1889	0.0356099731903485	1-5kb
clu_50856	1919	0.0103986863270777	1-5kb
clu_50860	8313	0.055985254691689	5-20kb
clu_50863	4574	0.0038645308310992	1-5kb
clu_50882	12545	0.00986836461126005	5-20kb
clu_509	9221	0.0120550938337802	5-20kb
clu_50914	557	0.567941018766756	<1kb
clu_50917	9034	0.0255317694369973	5-20kb
clu_51	1937	0.00386222520107239	1-5kb
clu_516	1661	0.0268034048257373	1-5kb
clu_52	272	0.18927600536193	<1kb
clu_52342	1980	0.0207771849865952	1-5kb
clu_52344	839	0.00114973190348525	<1kb
clu_52346	1575	0.00890160857908847	1-5kb
clu_52353	1237	0.0229240214477212	1-5kb
clu_52354	603	0.00562804289544236	<1kb
clu_52369	11978	0.0122291420911528	5-20kb
clu_52371	4487	0.00302651474530831	1-5kb
clu_52377	3447	0.0119643967828418	1-5kb
clu_52378	600	0.0599379892761394	<1kb
clu_52380	328	0.73317563002681	<1kb
clu_52385	43135	0.0675906166219839	20-50kb
clu_52386	5808	0.00260675603217158	5-20kb
clu_52387	1488	0.0130453887399464	1-5kb
clu_52390	10765	0.160888525469169	5-20kb
clu_52392	496	0.25220053619303	<1kb
clu_52401	36055	0.0419262466487936	20-50kb
clu_52402	1280	0.0106644235924933	1-5kb
clu_52403	4866	0.018602600536193	1-5kb
clu_52404	68594	0.0566372922252011	>50kb
clu_52409	1289	0.0293595442359249	1-5kb
clu_52411	3025	0.00900426273458445	1-5kb
clu_52412	1749	0.0453126273458445	1-5kb
clu_52413	101	0.00495670241286863	<1kb
clu_52415	1295	0.0255613672922252	1-5kb
clu_52419	6234	0.395760321715818	5-20kb
clu_52439	91514	0.189829061662198	>50kb
clu_52442	2254	0.0243815549597855	1-5kb
clu_52444	1887	0.00957300268096515	1-5kb
clu_52445	3907	0.0227863806970509	1-5kb
clu_52450	2463	0.0658681501340483	1-5kb
clu_52460	2429	0.049813163538874	1-5kb
clu_52464	40013	0.0599963806970509	20-50kb
clu_52468	9594	0.014993726541555	5-20kb
clu_52482	1647	0.072604745308311	1-5kb
clu_52493	4826	0.0303744235924933	1-5kb
clu_52494	4105	0.0128662198391421	1-5kb
clu_52495	2015	0.00757632707774799	1-5kb
clu_52500	101	0.0192051474530831	<1kb
clu_52501	1900	0.0157602949061662	1-5kb
clu_52502	1352	0.0482643699731903	1-5kb
clu_52509	41640	0.0240426273458445	20-50kb
clu_52512	2841	0.0314019571045576	1-5kb
clu_52519	1033	0.0285341286863271	1-5kb
clu_52520	1344	0.0195874798927614	1-5kb
clu_52526	4626	0.0171059249329759	1-5kb
clu_52538	1380	0.0274434852546917	1-5kb
clu_52539	5675	0.0471342895442359	5-20kb
clu_52540	3194	0.0301534584450402	1-5kb
clu_52541	909	0.00737552278820375	<1kb
clu_52543	4023	0.019452654155496	1-5kb
clu_52550	76013	0.0781380160857909	>50kb
clu_52557	9836	0.259197292225201	5-20kb
clu_52559	64809	0.00949123324396783	>50kb
clu_52564	89557	0.0144513136729223	>50kb
clu_52565	3005	0.0801612868632708	1-5kb
clu_52583	2637	0.0357451474530831	1-5kb
clu_52584	1233	0.00757587131367292	1-5kb
clu_52585	224	0.0176367024128686	<1kb
clu_52586	4358	0.0361204021447721	1-5kb
clu_52591	1329	0.00387018766756032	1-5kb
clu_52593	30538	0.00461691689008043	20-50kb
clu_52595	274	0.00203522788203753	<1kb
clu_52611	8457	0.00548300268096515	5-20kb
clu_52619	9265	0.0756319571045576	5-20kb
clu_52620	193	0.118086193029491	<1kb
clu_52621	2448	0.00526466487935657	1-5kb
clu_52622	96	0.00325520107238606	<1kb
clu_52623	9878	0.0383260589812332	5-20kb
clu_52627	158	0.10160471849866	<1kb
clu_52629	13420	0.757187345844504	5-20kb
clu_52630	12415	0.142428016085791	5-20kb
clu_52640	178	0.034469490616622	<1kb
clu_52641	1414	0.0320704557640751	1-5kb
clu_52642	160	0.0183386595174263	<1kb
clu_52645	998	0.00311560321715818	<1kb
clu_52648	1545	0.0251669436997319	1-5kb
clu_52649	2959	0.0154772117962466	1-5kb
clu_52652	1587	0.0452067560321716	1-5kb
clu_52653	1541	0.114519490616622	1-5kb
clu_52658	3415	0.578157935656836	1-5kb
clu_52659	546	0.0243630294906166	<1kb
clu_52661	1859	0.155932332439678	1-5kb
clu_52666	6625	0.0400513672922252	5-20kb
clu_52667	154	0.00144412868632708	<1kb
clu_52674	1743	0.0931366219839142	1-5kb
clu_52684	2525	0.203025549597855	1-5kb
clu_52685	10447	0.378097506702413	5-20kb
clu_52693	2508	0.279121206434316	1-5kb
clu_52702	3407	0.0406482305630027	1-5kb
clu_52704	1341	0.0301436461126005	1-5kb
clu_52705	9647	0.0441758713136729	5-20kb
clu_52708	1610	0.0430833243967828	1-5kb
clu_52714	245	0.0645309383378016	<1kb
clu_52716	140	0.0390978016085791	<1kb
clu_52717	447	0.00968793565683646	<1kb
clu_52725	578	0.0102727882037534	<1kb
clu_52736	247	0.000753565683646113	<1kb
clu_52749	69	0.0233743163538874	<1kb
clu_52750	858	0.00668142091152815	<1kb
clu_52755	699	0.359658150134048	<1kb
clu_52759	96	0.0051914745308311	<1kb
clu_52763	92	0.00174742627345844	<1kb
clu_52764	1984	0.0155948525469169	1-5kb
clu_52769	112	0.0102376675603217	<1kb
clu_52770	92	0.0869893297587131	<1kb
clu_52772	1034	0.00552391420911528	1-5kb
clu_52797	601	0.0318270509383378	<1kb
clu_52798	246	0.00761048257372654	<1kb
clu_52799	181	0.014336836461126	<1kb
clu_52800	151	0.00980621983914209	<1kb
clu_52802	145	0.00576139410187668	<1kb
clu_52803	240	0.00625144772117962	<1kb
clu_52807	120	0.0160098123324397	<1kb
clu_52808	208	0.0141058981233244	<1kb
clu_52811	121	0.00789013404825737	<1kb
clu_52812	158	0.0123842895442359	<1kb
clu_52816	2497	0.560739222520107	1-5kb
clu_52819	1739	0.00381187667560322	1-5kb
clu_52826	99	0.0325201876675603	<1kb
clu_52837	247	0.00322	<1kb
clu_52839	260	0.0946027882037534	<1kb
clu_52843	198	0.00637056300268096	<1kb
clu_52846	830	0.0069942091152815	<1kb
clu_52849	119	0.0216001608579088	<1kb
clu_52850	904	0.0103154423592493	<1kb
clu_52851	213	0.00666930294906166	<1kb
clu_52852	745	0.00918203753351206	<1kb
clu_52854	97	0.00404710455764075	<1kb
clu_52855	3920	0.0703966487935657	1-5kb
clu_52863	246	0.113789302949062	<1kb
clu_52864	655	0.423851581769437	<1kb
clu_52865	127	0.0269750670241287	<1kb
clu_52866	145	0.00399144772117962	<1kb
clu_52867	247	0.0214399195710456	<1kb
clu_52870	156	0.0533569705093834	<1kb
clu_52872	508	0.114250107238606	<1kb
clu_52919	160	0.0190327613941019	<1kb
clu_52923	186	0.00519150134048257	<1kb
clu_52925	695	0.00290278820375335	<1kb
clu_52927	245	0.0199009919571046	<1kb
clu_52928	147	0.0650652010723861	<1kb
clu_52929	190	0.0025243163538874	<1kb
clu_52933	6145	0.0793316621983914	5-20kb
clu_52934	897	0.0075512600536193	<1kb
clu_53002	1491	0.0921427345844504	1-5kb
clu_53008	504	0.0461476943699732	<1kb
clu_53011	184	0.0599127882037533	<1kb
clu_53012	81	0.0847212868632708	<1kb
clu_53017	889	0.00656075067024129	<1kb
clu_53018	102	0.00330257372654155	<1kb
clu_53023	491	0.000347855227882038	<1kb
clu_53049	11267	0.571877962466488	5-20kb
clu_53050	610	0.000476943699731904	<1kb
clu_53052	2538	0.0120328686327078	1-5kb
clu_53053	618	0.401144611260054	<1kb
clu_53055	1439	0.0207387131367292	1-5kb
clu_53058	4014	0.0126006434316354	1-5kb
clu_53066	3070	0.000296032171581769	1-5kb
clu_53071	81	0.0157967024128686	<1kb
clu_53073	722	0.0114097050938338	<1kb
clu_53074	134	0.00703495978552279	<1kb
clu_53075	2770	0.0288133512064343	1-5kb
clu_53077	209	0.00673364611260054	<1kb
clu_53079	260	0.00289206434316354	<1kb
clu_53081	3145	0.232585147453083	1-5kb
clu_53086	207	0.39119764075067	<1kb
clu_53097	15211	0.0404223056300268	5-20kb
clu_53100	346	0.00937361930294906	<1kb
clu_53113	349	0.0230653887399464	<1kb
clu_53117	414	0.00424528150134048	<1kb
clu_53119	1042	0.0208333780160858	1-5kb
clu_53122	562	0.0304733780160858	<1kb
clu_53127	415	0.0341971045576408	<1kb
clu_53128	109	0.00771091152815013	<1kb
clu_53135	505	0.0072039946380697	<1kb
clu_53136	799	0.0142414745308311	<1kb
clu_53137	651	0.0201412064343164	<1kb
clu_53159	3050	0.000915361930294906	1-5kb
clu_53168	387	0.0310886863270777	<1kb
clu_53184	617	0.045684235924933	<1kb
clu_53190	1246	0.0201117158176944	1-5kb
clu_53191	2420	0.0193081233243968	1-5kb
clu_53192	561	0.0321908847184987	<1kb
clu_53193	816	0.141153431635389	<1kb
clu_53195	540	0.020719490616622	<1kb
clu_53196	574	0.0569135656836461	<1kb
clu_53197	648	0.0102557908847185	<1kb
clu_53202	63836	0.25318345844504	>50kb
clu_53206	1202	0.0631364075067024	1-5kb
clu_53209	3329	0.0111384450402145	1-5kb
clu_53210	353	0.0143832171581769	<1kb
clu_53211	211	0.0671573190348525	<1kb
clu_53219	19378	0.00515050938337802	5-20kb
clu_53220	6504	0.00414938337801609	5-20kb
clu_53224	569	0.0383572386058981	<1kb
clu_53225	435	0.00762538873994638	<1kb
clu_53233	300	0.0918128418230563	<1kb
clu_53235	3530	0.0159490348525469	1-5kb
clu_53236	3537	0.0241445040214477	1-5kb
clu_53238	1850	0.0193477747989276	1-5kb
clu_53240	1880	0.00904482573726541	1-5kb
clu_53241	2168	0.0962187667560322	1-5kb
clu_53242	5298	0.00868667560321716	5-20kb
clu_53243	1204	0.00149166219839142	1-5kb
clu_53258	3003	0.00680445040214477	1-5kb
clu_53263	1907	0.0310807774798928	1-5kb
clu_53264	1754	0.00843163538873995	1-5kb
clu_53266	545	0.0519533243967828	<1kb
clu_53268	729	0.0765029758713137	<1kb
clu_53269	4680	0.00938943699731904	1-5kb
clu_53270	3421	0.0401050134048257	1-5kb
clu_53271	1490	0.253512815013405	1-5kb
clu_53275	11620	0.0162810991957105	5-20kb
clu_53277	517	0.0233263538873995	<1kb
clu_53278	1383	0.013488927613941	1-5kb
clu_53279	4170	0.0285410991957105	1-5kb
clu_53280	280	0.0133687935656836	<1kb
clu_53281	6170	0.0206132975871314	5-20kb
clu_53282	7909	0.0700950938337802	5-20kb
clu_53283	2293	0.0549670509383378	1-5kb
clu_53284	3045	0.0135803753351206	1-5kb
clu_53287	8236	0.00218364611260054	5-20kb
clu_53289	726	0.00829115281501341	<1kb
clu_53293	982	0.00245675603217158	<1kb
clu_53294	713	0.0248138605898123	<1kb
clu_53304	34114	0.00604938337801609	20-50kb
clu_53305	2436	0.122533512064343	1-5kb
clu_53382	4881	0.0176316353887399	1-5kb
clu_53383	493	0.00479201072386059	<1kb
clu_53384	1218	0.0973784450402145	1-5kb
clu_53400	768	0.0469621179624665	<1kb
clu_53401	12021	0.0061544235924933	5-20kb
clu_53402	142	0.0474698927613941	<1kb
clu_53404	280	0.00779592493297587	<1kb
clu_53406	1039	0.0301310455764075	1-5kb
clu_53409	838	0.0656086327077748	<1kb
clu_53412	525	0.181231930294906	<1kb
clu_53419	364	0.00841048257372654	<1kb
clu_53420	171	0.00471533512064343	<1kb
clu_53422	1374	0.00729286863270778	1-5kb
clu_53434	2513	0.064387399463807	1-5kb
clu_53437	1732	0.0239655764075067	1-5kb
clu_53442	980	0.0229464075067024	<1kb
clu_53443	1989	0.0368493833780161	1-5kb
clu_53445	591	0.0115335388739946	<1kb
clu_53447	3222	0.00256302949061662	1-5kb
clu_53448	1182	0.00412959785522788	1-5kb
clu_53451	732	0.0342872386058981	<1kb
clu_53452	1440	0.00861721179624665	1-5kb
clu_53458	2484	0.0618650938337802	1-5kb
clu_53459	998	0.027168418230563	<1kb
clu_53464	975	0.174627399463807	<1kb
clu_53477	1036	0.014637855227882	1-5kb
clu_53483	232	0.00596436997319035	<1kb
clu_53484	568	0.0152623056300268	<1kb
clu_53486	563	0.0253614477211796	<1kb
clu_53500	1677	0.0037741018766756	1-5kb
clu_53501	580	0.0109690080428954	<1kb
clu_53502	550	0.102606085790885	<1kb
clu_53503	4285	0.0250664879356568	1-5kb
clu_53505	273	0.0176502680965147	<1kb
clu_53508	1746	0.0164853619302949	1-5kb
clu_53512	372	0.0884982573726542	<1kb
clu_53513	583	0.0145695978552279	<1kb
clu_53514	6638	0.013314691689008	5-20kb
clu_53515	143	0.0414766756032172	<1kb
clu_53517	831	0.0358828150134048	<1kb
clu_53518	537	0.0127267292225201	<1kb
clu_53520	137	0.00676573726541555	<1kb
clu_53537	4002	0.0467306970509383	1-5kb
clu_53540	610	0.236034209115282	<1kb
clu_53541	3066	0.0119289544235925	1-5kb
clu_53545	801	0.0278324664879357	<1kb
clu_53546	275	0.0230127077747989	<1kb
clu_53548	943	0.0229134316353887	<1kb
clu_53549	217	0.0658728954423592	<1kb
clu_53550	394	0.0517384986595174	<1kb
clu_53555	1643	0.083501528150134	1-5kb
clu_53560	227	0.0305879624664879	<1kb
clu_53565	4130	0.0314216890080429	1-5kb
clu_53566	3122	0.0113460857908847	1-5kb
clu_53568	515	0.00434091152815013	<1kb
clu_53570	459	0.0104666756032172	<1kb
clu_53576	3028	0.00327436997319035	1-5kb
clu_53591	5748	0.0105828686327078	5-20kb
clu_53593	1216	0.014122654155496	1-5kb
clu_53611	110	0.000339383378016086	<1kb
clu_53631	2053	0.0167777747989276	1-5kb
clu_53632	30161	0.0221742895442359	20-50kb
clu_53636	406	0.0263681501340483	<1kb
clu_53640	3168	0.00395332439678284	1-5kb
clu_53651	606	0.00521718498659517	<1kb
clu_53652	8092	0.00627924932975871	5-20kb
clu_53666	14096	0.0175574798927614	5-20kb
clu_53668	9563	0.0235034316353887	5-20kb
clu_53670	10352	0.052198471849866	5-20kb
clu_53678	2163	0.0069430563002681	1-5kb
clu_53679	2337	0.00269742627345844	1-5kb
clu_53680	2846	0.021933163538874	1-5kb
clu_53681	2255	0.00452817694369973	1-5kb
clu_53682	9810	0.0186416621983914	5-20kb
clu_53683	641	0.0111407506702413	<1kb
clu_53701	1873	0.0279482573726542	1-5kb
clu_53703	11673	0.0394748525469169	5-20kb
clu_53704	2198	0.101431394101877	1-5kb
clu_53716	25592	0.0208079356568365	20-50kb
clu_53718	1509	0.0280130831099196	1-5kb
clu_53721	15836	0.402619624664879	5-20kb
clu_53723	25675	0.00632201072386059	20-50kb
clu_53729	3716	0.00359364611260054	1-5kb
clu_53732	5825	0.0158042895442359	5-20kb
clu_53736	223	0.00574514745308311	<1kb
clu_53740	27570	0.0404463538873995	20-50kb
clu_53742	21895	0.103984504021448	20-50kb
clu_53744	60756	0.0527088471849866	>50kb
clu_53746	32483	0.186676756032172	20-50kb
clu_53747	33692	0.259775361930295	20-50kb
clu_53749	8239	0.0466665147453083	5-20kb
clu_53776	3159	0.0877421983914209	1-5kb
clu_53778	7164	0.0329239678284182	5-20kb
clu_53781	22838	0.0291012064343164	20-50kb
clu_53791	12409	0.00701423592493298	5-20kb
clu_53792	9048	0.0550490348525469	5-20kb
clu_53793	64236	0.0307082305630027	>50kb
clu_53796	38203	0.00176844504021448	20-50kb
clu_53808	5940	0.0291756032171582	5-20kb
clu_53809	12843	0.0164896514745308	5-20kb
clu_53810	20718	0.0594298391420912	20-50kb
clu_53824	6077	0.0702021715817694	5-20kb
clu_53825	548	0.0274139410187668	<1kb
clu_53826	1234	0.0721749597855228	1-5kb
clu_53827	9613	0.0532883646112601	5-20kb
clu_53840	1110	0.0480927077747989	1-5kb
clu_53841	25678	0.0818906970509383	20-50kb
clu_53842	7064	0.170904343163539	5-20kb
clu_53846	693	0.0487753887399464	<1kb
clu_53850	8842	0.014973109919571	5-20kb
clu_53857	4013	0.0260354155495979	1-5kb
clu_53872	3193	0.0160150670241287	1-5kb
clu_53873	975	0.0668596514745308	<1kb
clu_53874	6454	0.0494412064343164	5-20kb
clu_53894	17486	0.139027104557641	5-20kb
clu_53895	104	0.0207574530831099	<1kb
clu_539	1308	0.0179567024128686	1-5kb
clu_53913	1057	0.0090741018766756	1-5kb
clu_53914	1415	0.00504619302949062	1-5kb
clu_53920	69922	0.00547777479892761	>50kb
clu_53921	70442	0.0594895442359249	>50kb
clu_53928	5466	0.0629534852546917	5-20kb
clu_53942	2729	0.0182012600536193	1-5kb
clu_53944	136	0.0187437533512064	<1kb
clu_53945	1709	0.00545734584450402	1-5kb
clu_53947	2829	0.119647935656836	1-5kb
clu_53952	942	0.164185067024129	<1kb
clu_53954	10002	0.06205418230563	5-20kb
clu_53965	60143	0.030408927613941	>50kb
clu_53966	2218	0.171249651474531	1-5kb
clu_53969	2949	0.0222466219839142	1-5kb
clu_53981	490	0.0584503485254692	<1kb
clu_53982	444	0.10469672922252	<1kb
clu_53983	7376	0.256734530831099	5-20kb
clu_53984	1271	0.0166679356568365	1-5kb
clu_53986	4926	0.0142843163538874	1-5kb
clu_53987	16629	0.0158717158176944	5-20kb
clu_53989	1184	0.0336549329758713	1-5kb
clu_53993	2318	0.0663769973190348	1-5kb
clu_53994	2655	0.240967667560322	1-5kb
clu_53996	3422	0.00938563002680965	1-5kb
clu_54013	9753	0.0284738337801609	5-20kb
clu_54014	1195	0.0287240750670241	1-5kb
clu_54043	3565	0.0136324932975871	1-5kb
clu_54045	411	0.0570391420911528	<1kb
clu_54048	2263	0.00353343163538874	1-5kb
clu_54049	10643	0.0313814745308311	5-20kb
clu_54050	5934	0.0143330294906166	5-20kb
clu_54051	2147	0.0225804021447721	1-5kb
clu_54052	3007	0.00384160857908847	1-5kb
clu_54053	4029	0.122007774798928	1-5kb
clu_54058	934	0.00682117962466488	<1kb
clu_54062	9344	0.0532554691689008	5-20kb
clu_54071	3593	0.0279830294906166	1-5kb
clu_54073	483	0.00552973190348525	<1kb
clu_54077	345	0.0288082037533512	<1kb
clu_54078	126	0.0786743967828418	<1kb
clu_54080	185	0.0141210455764075	<1kb
clu_54086	1707	0.00544386058981233	1-5kb
clu_54098	12548	0.0131833243967828	5-20kb
clu_54099	5818	0.0055688471849866	5-20kb
clu_54100	1329	0.00694605898123324	1-5kb
clu_54101	12289	0.00339825737265416	5-20kb
clu_54119	1835	0.0122406166219839	1-5kb
clu_54132	13834	0.0021554691689008	5-20kb
clu_54133	1102	0.0143006970509383	1-5kb
clu_54134	4785	0.0130437801608579	1-5kb
clu_54135	4062	0.410710348525469	1-5kb
clu_54138	26907	0.0793615013404826	20-50kb
clu_54140	8639	0.0023128418230563	5-20kb
clu_54148	5807	0.0748732707774799	5-20kb
clu_54151	20873	0.260724745308311	20-50kb
clu_54157	1316	0.0663650134048257	1-5kb
clu_54161	16956	0.016983109919571	5-20kb
clu_54168	6243	0.00848528150134048	5-20kb
clu_54181	7743	0.0074098927613941	5-20kb
clu_54184	3959	0.339589356568365	1-5kb
clu_54193	81784	0.080122091152815	>50kb
clu_54213	24522	0.038197855227882	20-50kb
clu_54217	9708	0.0527767560321716	5-20kb
clu_54222	8778	0.197258632707775	5-20kb
clu_54236	13305	0.055992144772118	5-20kb
clu_54237	438	0.0157399463806971	<1kb
clu_54279	1372	0.00889404825737265	1-5kb
clu_54281	2307	0.00610450402144772	1-5kb
clu_54287	4366	0.109662627345845	1-5kb
clu_54289	243	0.0124899195710456	<1kb
clu_54291	1287	0.0144770777479893	1-5kb
clu_54293	1034	0.0760494101876676	1-5kb
clu_54295	1223	0.0103570777479893	1-5kb
clu_54304	1047	0.0430076139410188	1-5kb
clu_54305	3156	0.0193595710455764	1-5kb
clu_54306	15216	0.00672965147453083	5-20kb
clu_54313	652	0.0417965147453083	<1kb
clu_54315	782	0.00546203753351206	<1kb
clu_54346	6728	0.00238549597855228	5-20kb
clu_54349	5279	0.000498364611260054	5-20kb
clu_54359	8904	0.00758541554959785	5-20kb
clu_54365	75768	0.00868962466487936	>50kb
clu_54369	6193	0.0246678284182306	5-20kb
clu_54374	2457	0.0120259249329759	1-5kb
clu_54375	3894	0.00540024128686327	1-5kb
clu_54387	307	0.0125233780160858	<1kb
clu_54388	2418	0.00648742627345845	1-5kb
clu_54392	4352	0.130558927613941	1-5kb
clu_54399	58818	0.027685764075067	>50kb
clu_54413	4900	0.0447943699731903	1-5kb
clu_54451	2631	0.0110465683646113	1-5kb
clu_54461	21344	0.123453672922252	20-50kb
clu_54473	19100	0.0475535120643432	5-20kb
clu_54495	10458	0.00831286863270777	5-20kb
clu_54496	54575	0.243941903485255	>50kb
clu_54498	52351	0.159315603217158	>50kb
clu_54502	51893	0.121748847184987	>50kb
clu_54503	18085	0.034124691689008	5-20kb
clu_54506	860	0.00987769436997319	<1kb
clu_54508	1871	0.013748927613941	1-5kb
clu_54509	8246	0.00154120643431635	5-20kb
clu_54533	2107	0.00289117962466488	1-5kb
clu_54535	12815	0.0498777747989276	5-20kb
clu_54537	6909	0.00201335120643432	5-20kb
clu_54538	37760	0.0391940750670241	20-50kb
clu_54541	55349	0.00834903485254692	>50kb
clu_54550	4800	0.00382565683646113	1-5kb
clu_54551	1396	0.0447003217158177	1-5kb
clu_54557	1824	0.00475093833780161	1-5kb
clu_54560	74320	0.0982772922252011	>50kb
clu_54578	1910	0.0202968632707775	1-5kb
clu_54588	25566	0.00457493297587131	20-50kb
clu_54589	6822	0.00853348525469169	5-20kb
clu_54595	2495	0.00521525469168901	1-5kb
clu_546	1559	0.016593109919571	1-5kb
clu_54600	50242	0.0712217426273458	>50kb
clu_54601	4347	0.0385234048257373	1-5kb
clu_54604	6156	0.061920053619303	5-20kb
clu_54606	21650	0.0191175603217158	20-50kb
clu_54613	1381	0.0790571581769437	1-5kb
clu_54634	18021	0.0589914477211796	5-20kb
clu_54645	1496	0.151268337801609	1-5kb
clu_54646	1503	0.0138475603217158	1-5kb
clu_54651	2016	0.0135509919571046	1-5kb
clu_54652	24240	0.0274339678284182	20-50kb
clu_54653	7291	0.0361901608579088	5-20kb
clu_54655	6269	0.00522632707774799	5-20kb
clu_54668	1518	0.00330965147453083	1-5kb
clu_54670	5090	0.016703726541555	5-20kb
clu_54671	776	0.0215950402144772	<1kb
clu_54672	300	0.0790175871313673	<1kb
clu_54673	533	0.0131044504021448	<1kb
clu_54691	6037	0.00652509383378016	5-20kb
clu_54697	1497	0.0130826273458445	1-5kb
clu_54700	1482	0.014633726541555	1-5kb
clu_54701	1851	0.0024788471849866	1-5kb
clu_54705	959	0.00113697050938338	<1kb
clu_54707	6335	0.00411235924932976	5-20kb
clu_54714	20628	0.00705077747989276	20-50kb
clu_54722	895	0.170224128686327	<1kb
clu_54724	23358	0.0103348793565684	20-50kb
clu_54725	1350	0.0225236193029491	1-5kb
clu_54742	452	0.0132245308310992	<1kb
clu_54743	11515	0.0081443163538874	5-20kb
clu_54744	5987	0.0360409383378016	5-20kb
clu_54746	2146	0.0105727345844504	1-5kb
clu_54747	12814	0.0286655227882038	5-20kb
clu_54758	2957	0.00760820375335121	1-5kb
clu_54774	348	0.0044886327077748	<1kb
clu_54786	593	0.0256091957104558	<1kb
clu_54787	2034	0.0161624664879357	1-5kb
clu_54790	2519	0.018214235924933	1-5kb
clu_54796	2602	0.0284004825737265	1-5kb
clu_54797	681	0.00292847184986595	<1kb
clu_553	4721	0.00612058981233244	1-5kb
clu_554	5087	0.00649959785522788	5-20kb
clu_556	5396	0.0181838873994638	5-20kb
clu_558	118	0.010240509383378	<1kb
clu_559	469	0.00376951742627346	<1kb
clu_560	631	0.0768119302949062	<1kb
clu_56383	32768	0.0530328418230563	20-50kb
clu_56412	2579	0.0183252815013405	1-5kb
clu_56418	701	0.01171	<1kb
clu_56432	860	0.046296327077748	<1kb
clu_56436	1734	0.0127705898123324	1-5kb
clu_56437	2540	0.00401780160857909	1-5kb
clu_56441	674	0.0258918230563003	<1kb
clu_56446	29637	0.0112403753351206	20-50kb
clu_56447	43909	0.00315329758713137	20-50kb
clu_56449	4197	0.0955355764075067	1-5kb
clu_56450	15508	0.00827946380697051	5-20kb
clu_56451	13655	0.0248951742627346	5-20kb
clu_56453	2391	0.0196689544235925	1-5kb
clu_56455	12995	0.0065045308310992	5-20kb
clu_56467	2437	0.00603908847184987	1-5kb
clu_56470	1092	0.0118840750670241	1-5kb
clu_56474	14713	0.054940509383378	5-20kb
clu_56478	1208	0.0129392493297587	1-5kb
clu_56480	406	0.0487144504021448	<1kb
clu_56481	5312	0.0323010991957105	5-20kb
clu_56506	92264	0.0990306166219839	>50kb
clu_56508	75983	0.121966112600536	>50kb
clu_56512	8836	0.289447372654155	5-20kb
clu_56515	10223	0.257022091152815	5-20kb
clu_56525	4199	0.0113685790884718	1-5kb
clu_56530	16007	0.167351742627346	5-20kb
clu_56534	1909	0.0275794101876676	1-5kb
clu_56536	4427	0.0339942895442359	1-5kb
clu_56537	14038	0.0136076943699732	5-20kb
clu_56538	1013	0.00683943699731903	1-5kb
clu_56539	4885	0.015624745308311	1-5kb
clu_56540	905	0.0106899195710456	<1kb
clu_56541	6970	0.129146273458445	5-20kb
clu_56545	13508	0.0373738069705094	5-20kb
clu_56550	36517	0.142105227882038	20-50kb
clu_56552	71868	0.0811687131367292	>50kb
clu_56553	7950	0.323972412868633	5-20kb
clu_56555	4308	0.0669394638069705	1-5kb
clu_56556	6002	0.0484762198391421	5-20kb
clu_56557	3589	0.0482425469168901	1-5kb
clu_56595	1352	0.00345091152815013	1-5kb
clu_56596	1072	0.0124086595174263	1-5kb
clu_56599	780	0.00973461126005362	<1kb
clu_566	32642	0.193386809651475	20-50kb
clu_56600	12134	0.034261018766756	5-20kb
clu_56608	1916	0.1471418230563	1-5kb
clu_56611	59366	0.11696418230563	>50kb
clu_56650	1258	0.0115502412868633	1-5kb
clu_56655	5406	0.0342898391420912	5-20kb
clu_56656	2215	0.00947549597855228	1-5kb
clu_56660	3589	0.0109128150134048	1-5kb
clu_56661	4470	0.00252764075067024	1-5kb
clu_56691	4930	0.0196764343163539	1-5kb
clu_56701	6062	0.268370402144772	5-20kb
clu_56718	993	0.00795474530831099	<1kb
clu_56719	1723	0.247180107238606	1-5kb
clu_56725	1159	0.112694021447721	1-5kb
clu_56734	280	0.391050643431635	<1kb
clu_56744	1382	0.468602600536193	1-5kb
clu_56755	445	0.042498927613941	<1kb
clu_56773	1682	0.00830632707774799	1-5kb
clu_56781	275	0.0319494638069705	<1kb
clu_56789	258	0.0100911796246649	<1kb
clu_56790	162	0.00830530831099196	<1kb
clu_56791	6522	0.0263765415549598	5-20kb
clu_56793	2384	0.0303856568364611	1-5kb
clu_56797	4676	0.0356395710455764	1-5kb
clu_56801	5018	0.0131087667560322	5-20kb
clu_56802	333	0.0977126273458445	<1kb
clu_56803	226	0.00544447721179625	<1kb
clu_56804	83	0.00449780160857909	<1kb
clu_56807	162	0.11703399463807	<1kb
clu_56815	391	0.00738772117962466	<1kb
clu_56822	127	0.0152648257372654	<1kb
clu_56823	1273	0.00996605898123324	1-5kb
clu_56824	92	0.0324477747989276	<1kb
clu_56825	1337	0.0111403753351206	1-5kb
clu_56828	3373	0.022998927613941	1-5kb
clu_56833	4168	0.261142037533512	1-5kb
clu_56835	93	0.000928364611260054	<1kb
clu_56836	130	0.235820107238606	<1kb
clu_56844	98	0.0496796246648794	<1kb
clu_56845	2455	0.0107851206434316	1-5kb
clu_56846	1047	0.00229584450402145	1-5kb
clu_56847	291	0.00238337801608579	<1kb
clu_56854	2552	0.00632372654155496	1-5kb
clu_56861	110	0.0026227345844504	<1kb
clu_56872	140	0.00730584450402145	<1kb
clu_56876	245	0.0208672922252011	<1kb
clu_56877	189	0.0101023324396783	<1kb
clu_56897	1304	0.00216801608579088	1-5kb
clu_56900	134	0.0110616621983914	<1kb
clu_56901	85	0.00273348525469169	<1kb
clu_56905	90	0.0836172922252011	<1kb
clu_56908	427	0.0146425737265416	<1kb
clu_56913	174	0.0294606434316354	<1kb
clu_56914	548	0.00654356568364611	<1kb
clu_56919	112	0.158051742627346	<1kb
clu_56920	92	0.00640857908847185	<1kb
clu_56925	3352	0.0799707238605898	1-5kb
clu_56932	102	0.00640817694369973	<1kb
clu_56933	1361	0.0053742091152815	1-5kb
clu_56935	139	0.0325783646112601	<1kb
clu_56936	127	0.0219444504021448	<1kb
clu_56937	86	0.201944289544236	<1kb
clu_56967	215	0.027153672922252	<1kb
clu_56971	366	0.00721943699731903	<1kb
clu_56980	226	0.0138933512064343	<1kb
clu_56983	614	0.00994991957104558	<1kb
clu_56989	239	0.0782325737265415	<1kb
clu_56998	301	0.40237308310992	<1kb
clu_56999	703	0.0977510991957105	<1kb
clu_57000	2270	0.195544316353887	1-5kb
clu_57001	5264	0.202684101876676	5-20kb
clu_57031	760	0.00432067024128686	<1kb
clu_57034	354	0.00795321715817694	<1kb
clu_57036	2145	0.00476458445040214	1-5kb
clu_57037	238	0.0216018766756032	<1kb
clu_57039	3290	0.00215887399463807	1-5kb
clu_57083	312	0.00406632707774799	<1kb
clu_57084	704	0.0680511260053619	<1kb
clu_57087	530	0.00691270777479893	<1kb
clu_57090	125	0.0102874530831099	<1kb
clu_571	419	0.013387908847185	<1kb
clu_57102	5807	0.00744686327077748	5-20kb
clu_57104	108	0.00393584450402145	<1kb
clu_57111	106	0.0134584986595174	<1kb
clu_57112	117	0.0584137801608579	<1kb
clu_57113	621	0.0371679624664879	<1kb
clu_57116	88	0.0118707774798928	<1kb
clu_57118	2183	0.00108069705093834	1-5kb
clu_57125	1606	0.0246976943699732	1-5kb
clu_57126	2389	0.0138805898123324	1-5kb
clu_57128	10128	0.0324919571045576	5-20kb
clu_57135	2306	0.00348343163538874	1-5kb
clu_57140	317	0.0331565147453083	<1kb
clu_57143	231	0.000668605898123324	<1kb
clu_57148	39696	0.0219587667560322	20-50kb
clu_57149	41666	0.0163580697050938	20-50kb
clu_57153	1246	0.000761903485254692	1-5kb
clu_57154	4706	0.00979407506702413	1-5kb
clu_57165	4105	0.005138418230563	1-5kb
clu_57166	371	0.00242270777479893	<1kb
clu_57181	112	0.0694881769436997	<1kb
clu_57183	2258	0.0277048793565684	1-5kb
clu_57186	796	0.0866208042895442	<1kb
clu_57187	6592	0.0153978284182306	5-20kb
clu_57191	505	0.00705538873994638	<1kb
clu_57192	722	0.0263535120643432	<1kb
clu_57193	880	0.0627851206434316	<1kb
clu_57194	1643	0.0173238337801609	1-5kb
clu_57197	2976	0.00824857908847185	1-5kb
clu_57201	1520	0.00883155495978552	1-5kb
clu_57209	5141	0.235143324396783	5-20kb
clu_57231	9106	0.310110294906166	5-20kb
clu_57260	925	0.215211849865952	<1kb
clu_57262	1403	0.00132064343163539	1-5kb
clu_57272	1011	0.00551364611260054	1-5kb
clu_57274	83	0.00750316353887399	<1kb
clu_57284	7262	0.0148617158176944	5-20kb
clu_57286	2975	0.000292386058981233	1-5kb
clu_57290	2202	0.0381221179624665	1-5kb
clu_57291	3457	0.0139732171581769	1-5kb
clu_57294	8306	0.0300840750670241	5-20kb
clu_57298	4980	0.0151686058981233	1-5kb
clu_57301	62247	0.0675195442359249	>50kb
clu_57309	788	0.0227975335120643	<1kb
clu_57310	3230	0.0278813941018767	1-5kb
clu_57314	304	0.00138319034852547	<1kb
clu_57318	93	0.0379632707774799	<1kb
clu_57320	89	0.00468034852546917	<1kb
clu_57325	278	0.0128788471849866	<1kb
clu_57326	1040	0.264409839142091	1-5kb
clu_57328	300	0.0197813941018767	<1kb
clu_57329	569	0.0032555764075067	<1kb
clu_57333	1058	0.00311482573726542	1-5kb
clu_57335	2865	0.0119230294906166	1-5kb
clu_57337	132	0.058806890080429	<1kb
clu_57338	340	0.126899919571046	<1kb
clu_57339	5444	0.0165772654155496	5-20kb
clu_57351	197	0.0100100536193029	<1kb
clu_57352	158	0.00747911528150134	<1kb
clu_57353	1961	0.0174787131367292	1-5kb
clu_57354	631	0.0614016353887399	<1kb
clu_57358	855	0.0100455764075067	<1kb
clu_57362	465	0.0219263806970509	<1kb
clu_57364	441	0.0134022252010724	<1kb
clu_57365	158	0.00718319034852547	<1kb
clu_57366	2028	0.0158171045576408	1-5kb
clu_57373	2331	0.00321747989276139	1-5kb
clu_57382	1086	0.0110617962466488	1-5kb
clu_57383	114	0.00954321715817694	<1kb
clu_57389	493	0.014277399463807	<1kb
clu_57391	550	0.0157739410187668	<1kb
clu_57398	20546	0.0580744235924933	20-50kb
clu_57425	4582	0.0272798391420912	1-5kb
clu_57442	6419	0.0269519571045576	5-20kb
clu_57454	20187	0.188057050938338	20-50kb
clu_57455	3678	0.00316981233243968	1-5kb
clu_57459	1611	0.00559372654155496	1-5kb
clu_57477	790	0.00314458445040214	<1kb
clu_57495	199	0.00498554959785523	<1kb
clu_57510	469	0.0114965683646113	<1kb
clu_57544	587	0.0822980160857909	<1kb
clu_57564	573	0.0220893565683646	<1kb
clu_57565	11691	0.041929436997319	5-20kb
clu_57567	7463	0.00664369973190349	5-20kb
clu_57579	17511	0.117962466487936	5-20kb
clu_57583	11397	0.0207762198391421	5-20kb
clu_57591	5136	0.00778640750670241	5-20kb
clu_57592	13419	0.0182555227882038	5-20kb
clu_57593	3191	0.0176404289544236	1-5kb
clu_57594	2482	0.0394651474530831	1-5kb
clu_57596	2312	0.00380922252010724	1-5kb
clu_57597	2451	0.00316611260053619	1-5kb
clu_57600	1333	0.00242361930294906	1-5kb
clu_57612	450	0.0280313941018767	<1kb
clu_57617	131	0.00683490616621984	<1kb
clu_57622	11223	0.174181554959786	5-20kb
clu_57647	3352	0.821607372654156	1-5kb
clu_57653	8440	0.201399517426273	5-20kb
clu_57655	1655	0.0102455227882038	1-5kb
clu_57659	2316	0.0073228418230563	1-5kb
clu_57668	5942	0.0367367828418231	5-20kb
clu_57674	2612	0.0410278820375335	1-5kb
clu_57676	3401	0.00573922252010724	1-5kb
clu_57679	61571	0.0634965415549598	>50kb
clu_57681	9251	0.00357356568364611	5-20kb
clu_57684	2841	0.0225393029490617	1-5kb
clu_57700	5134	0.153201876675603	5-20kb
clu_57704	3351	0.0399743163538874	1-5kb
clu_57705	4559	0.0211748793565684	1-5kb
clu_57718	1785	0.000694075067024129	1-5kb
clu_57719	1288	0.00813316353887399	1-5kb
clu_57720	365	0.00449908847184987	<1kb
clu_57727	20465	0.0817138069705094	20-50kb
clu_57731	63957	0.0953887399463807	>50kb
clu_57732	91354	0.0267191152815013	>50kb
clu_57733	31689	0.00637868632707775	20-50kb
clu_57734	1409	0.00869747989276139	1-5kb
clu_57737	22165	0.0279813941018767	20-50kb
clu_57752	2096	0.0154899195710456	1-5kb
clu_57753	1410	0.0144702949061662	1-5kb
clu_57755	388	0.0201065147453083	<1kb
clu_57756	789	0.208612949061662	<1kb
clu_57757	821	0.0280497587131367	<1kb
clu_57758	1382	0.00793278820375335	1-5kb
clu_57761	1008	0.0155927345844504	1-5kb
clu_57767	552	0.0278152815013405	<1kb
clu_57769	183	0.0109501072386059	<1kb
clu_57831	15951	0.119532815013405	5-20kb
clu_57843	1499	0.0047914745308311	1-5kb
clu_57854	37386	0.183113967828418	20-50kb
clu_57855	5352	0.0210075871313673	5-20kb
clu_57856	818	0.0431006166219839	<1kb
clu_57859	2613	0.0424771045576407	1-5kb
clu_57863	42203	0.0118044772117962	20-50kb
clu_57867	8601	0.0612239678284182	5-20kb
clu_57868	5786	0.0617506166219839	5-20kb
clu_57870	18643	0.0320317426273458	5-20kb
clu_57872	8757	0.0294959517426273	5-20kb
clu_57874	10249	0.136082064343164	5-20kb
clu_57875	909	0.00552024128686327	<1kb
clu_57876	1118	0.0872462466487936	1-5kb
clu_57877	1396	0.0134720643431635	1-5kb
clu_57878	1586	0.216597828418231	1-5kb
clu_57880	2369	0.101911501340483	1-5kb
clu_57881	2134	0.0629198927613941	1-5kb
clu_57883	1535	0.0540976943699732	1-5kb
clu_57885	1502	0.00088514745308311	1-5kb
clu_57886	3033	0.00495085790884719	1-5kb
clu_57887	642	0.00618613941018767	<1kb
clu_57892	3261	0.0144841286863271	1-5kb
clu_57893	22020	0.0027755764075067	20-50kb
clu_57903	7387	0.00708391420911528	5-20kb
clu_57907	40861	0.0152482305630027	20-50kb
clu_57909	31367	0.00532764075067024	20-50kb
clu_57912	15356	0.0324493297587131	5-20kb
clu_57918	6768	0.13135	5-20kb
clu_57920	95	0.126529544235925	<1kb
clu_57925	14285	0.0613917694369973	5-20kb
clu_57938	548	0.00634817694369973	<1kb
clu_57939	34770	0.0157180965147453	20-50kb
clu_57940	19466	0.00583911528150134	5-20kb
clu_57945	46060	0.00579785522788204	20-50kb
clu_57946	13204	0.0130896246648794	5-20kb
clu_57954	5778	0.0527045576407507	5-20kb
clu_57962	39044	0.0171965415549598	20-50kb
clu_57963	1538	0.0340136193029491	1-5kb
clu_57965	59970	0.0118683109919571	>50kb
clu_57972	4486	0.0065030563002681	1-5kb
clu_57973	182	0.0185727077747989	<1kb
clu_57975	1630	0.0178730563002681	1-5kb
clu_57979	4482	0.0351528954423592	1-5kb
clu_57981	1612	0.0147720375335121	1-5kb
clu_57983	2243	0.00297506702412869	1-5kb
clu_57989	5606	0.000795335120643432	5-20kb
clu_57998	273	0.130484772117962	<1kb
clu_57999	283	0.0508788203753351	<1kb
clu_58000	240	0.0388035924932976	<1kb
clu_58001	152	0.0170833780160858	<1kb
clu_58003	545	0.206731715817694	<1kb
clu_58005	1479	0.0566035388739946	1-5kb
clu_58006	7664	0.0103090080428954	5-20kb
clu_58007	692	0.0169933512064343	<1kb
clu_58008	504	0.0258195174262735	<1kb
clu_58030	2997	0.041256890080429	1-5kb
clu_58031	2343	0.0346990080428954	1-5kb
clu_58039	1497	0.0527024932975871	1-5kb
clu_58050	28727	0.0304484450402145	20-50kb
clu_58051	75584	0.0240783109919571	>50kb
clu_58055	2282	0.00663002680965147	1-5kb
clu_58056	2092	0.0219184450402145	1-5kb
clu_58057	7187	0.00866412868632708	5-20kb
clu_58058	1937	0.0725959785522788	1-5kb
clu_58063	5222	0.012978471849866	5-20kb
clu_58064	1696	0.0115116621983914	1-5kb
clu_58065	1286	0.0803913941018767	1-5kb
clu_58066	1020	0.0196051742627346	1-5kb
clu_58075	12551	0.00703391420911528	5-20kb
clu_58084	1337	0.00546415549597855	1-5kb
clu_58085	2981	0.0696445576407507	1-5kb
clu_58101	55969	0.235360643431635	>50kb
clu_58107	3961	0.036606836461126	1-5kb
clu_58108	266	0.022790509383378	<1kb
clu_58109	1811	0.0522944235924933	1-5kb
clu_58113	22939	0.0272519571045576	20-50kb
clu_58123	45514	0.282031554959786	20-50kb
clu_58124	489	0.0548358981233244	<1kb
clu_58126	55104	0.189698579088472	>50kb
clu_58130	7292	0.0459639142091153	5-20kb
clu_58148	43377	0.00566670241286863	20-50kb
clu_58151	41470	0.0238646380697051	20-50kb
clu_58159	11136	0.379471072386059	5-20kb
clu_58160	5165	0.168088203753351	5-20kb
clu_58162	9348	0.0140171849865952	5-20kb
clu_58178	4398	0.00280849865951743	1-5kb
clu_58182	15600	0.0192632707774799	5-20kb
clu_58183	1721	0.191303243967828	1-5kb
clu_58184	1189	0.0230165683646113	1-5kb
clu_58187	3664	0.00651924932975871	1-5kb
clu_58223	20938	0.0855375067024129	20-50kb
clu_58224	2370	0.286165951742627	1-5kb
clu_58236	3856	0.0188957372654155	1-5kb
clu_58256	17532	0.00447959785522788	5-20kb
clu_58257	1817	0.00874731903485255	1-5kb
clu_58264	860	0.00425037533512064	<1kb
clu_58268	1276	0.0138921983914209	1-5kb
clu_58273	1303	0.00471436997319035	1-5kb
clu_58300	5203	0.0177645308310992	5-20kb
clu_58301	942	0.153467667560322	<1kb
clu_58306	786	0.013952654155496	<1kb
clu_58329	2764	0.0124387667560322	1-5kb
clu_58334	36730	0.00880461126005362	20-50kb
clu_58337	4775	0.098036273458445	1-5kb
clu_58338	17960	0.357213753351206	5-20kb
clu_58339	34807	0.0294406434316354	20-50kb
clu_58359	1623	0.0163608042895442	1-5kb
clu_58360	1791	0.00136723860589812	1-5kb
clu_58361	4167	0.0180616890080429	1-5kb
clu_58364	1097	0.0642789008042895	1-5kb
clu_58365	2382	0.052588471849866	1-5kb
clu_58367	2344	0.0428282305630027	1-5kb
clu_58368	1356	0.0126115013404826	1-5kb
clu_58385	981	0.00352710455764075	<1kb
clu_58388	8432	0.0035226273458445	5-20kb
clu_58390	8407	0.0479486327077748	5-20kb
clu_58391	5915	0.0042426273458445	5-20kb
clu_58393	14343	0.0669897319034853	5-20kb
clu_58394	8414	0.0185991420911528	5-20kb
clu_58395	15316	0.00115439678284182	5-20kb
clu_58422	2587	0.00384908847184987	1-5kb
clu_58424	11236	0.0338330026809651	5-20kb
clu_58425	482	0.032871581769437	<1kb
clu_58426	39616	0.0667141286863271	20-50kb
clu_58461	3820	0.0154263002680965	1-5kb
clu_58463	4608	0.060011581769437	1-5kb
clu_58464	2743	0.214045844504021	1-5kb
clu_58465	1541	0.00795903485254692	1-5kb
clu_58466	232	0.00976981233243968	<1kb
clu_58470	7551	0.244352171581769	5-20kb
clu_58473	1232	0.0087597855227882	1-5kb
clu_58474	756	0.0116969973190349	<1kb
clu_58478	5779	0.0359726809651475	5-20kb
clu_58508	3943	0.00401718498659517	1-5kb
clu_58510	12268	0.00802445040214477	5-20kb
clu_58511	3609	0.0105654155495979	1-5kb
clu_58514	5203	0.00660903485254692	5-20kb
clu_58516	87	0.00736495978552279	<1kb
clu_58518	3243	0.0271758445040214	1-5kb
clu_58519	18320	0.00731766756032172	5-20kb
clu_58520	5469	0.0111785254691689	5-20kb
clu_58521	14021	0.15217091152815	5-20kb
clu_58523	3137	0.172836970509383	1-5kb
clu_58525	4414	0.0775588471849866	1-5kb
clu_58526	4735	0.00456635388739946	1-5kb
clu_58536	6572	0.0223486595174263	5-20kb
clu_58538	11442	0.0308003753351206	5-20kb
clu_58539	3845	0.0168712868632708	1-5kb
clu_58540	2555	0.0037188471849866	1-5kb
clu_58574	8802	0.120650536193029	5-20kb
clu_58576	9415	0.203293056300268	5-20kb
clu_58586	1535	0.049554691689008	1-5kb
clu_58587	459	0.215306836461126	<1kb
clu_58593	31554	0.0264413136729223	20-50kb
clu_58594	1841	0.0781832171581769	1-5kb
clu_58598	66915	0.00947906166219839	>50kb
clu_58599	3690	0.0199438069705094	1-5kb
clu_58609	24757	0.00256434316353887	20-50kb
clu_58611	11675	0.00609517426273458	5-20kb
clu_58612	2956	0.00633536193029491	1-5kb
clu_58636	3424	0.00155359249329759	1-5kb
clu_58653	2215	0.00122	1-5kb
clu_58661	65618	0.187040563002681	>50kb
clu_58674	1480	0.00546616621983914	1-5kb
clu_58675	133	0.00975847184986595	<1kb
clu_58680	2600	0.00827222520107239	1-5kb
clu_58681	12171	0.108636461126005	5-20kb
clu_58684	3326	0.0644366219839142	1-5kb
clu_58701	2972	0.0193710455764075	1-5kb
clu_58702	4010	0.000707962466487936	1-5kb
clu_58720	19290	0.461877211796247	5-20kb
clu_58721	6267	0.317300482573727	5-20kb
clu_58723	1561	0.729162680965147	1-5kb
clu_58724	1579	0.215575254691689	1-5kb
clu_58725	1792	0.101946487935657	1-5kb
clu_58732	1994	0.00231184986595174	1-5kb
clu_58733	865	0.00535825737265416	<1kb
clu_58734	1734	0.00915919571045576	1-5kb
clu_58750	551	0.0369032975871314	<1kb
clu_596	25919	0.0042312600536193	20-50kb
clu_598	2778	0.033166890080429	1-5kb
clu_599	2636	0.0218879356568365	1-5kb
clu_600	2948	0.00138345844504021	1-5kb
clu_60691	4790	0.0175438337801609	1-5kb
clu_60693	1075	0.0208623324396783	1-5kb
clu_60694	904	0.0142152278820375	<1kb
clu_60696	1301	0.0335672117962467	1-5kb
clu_60697	1426	0.0081341018766756	1-5kb
clu_60706	2008	0.441763619302949	1-5kb
clu_60728	5130	0.00444332439678284	5-20kb
clu_60770	255	0.0234541018766756	<1kb
clu_60771	1205	0.0390973190348525	1-5kb
clu_60778	1636	0.877589517426273	1-5kb
clu_60779	5915	0.0374932975871314	5-20kb
clu_60782	14876	0.00814351206434316	5-20kb
clu_60783	430	0.005408418230563	<1kb
clu_60784	4587	0.0029928418230563	1-5kb
clu_60785	3150	0.0025430563002681	1-5kb
clu_60800	1241	0.000327935656836461	1-5kb
clu_60804	1669	0.0115816353887399	1-5kb
clu_60812	3140	0.00904747989276139	1-5kb
clu_60815	1061	0.00564391420911528	1-5kb
clu_60822	1584	0.00898072386058981	1-5kb
clu_60824	5228	0.00480495978552279	5-20kb
clu_60826	5819	0.0157770241286863	5-20kb
clu_60834	7709	0.00819806970509383	5-20kb
clu_60852	51482	0.126455361930295	>50kb
clu_60853	3715	0.0343296246648794	1-5kb
clu_60857	8921	0.0767938069705094	5-20kb
clu_60858	5416	0.0109974262734584	5-20kb
clu_60862	2648	0.594230455764075	1-5kb
clu_60865	34100	0.0116806434316354	20-50kb
clu_60866	18423	0.32999927613941	5-20kb
clu_60867	10672	0.0894576943699732	5-20kb
clu_60868	1175	0.0331259785522788	1-5kb
clu_60875	122	0.0114821715817694	<1kb
clu_60876	49264	0.0528922788203753	20-50kb
clu_60877	57948	0.0307395174262735	>50kb
clu_60879	569	0.00524847184986595	<1kb
clu_60905	3756	0.00701898123324397	1-5kb
clu_60917	34996	0.413243378016086	20-50kb
clu_60919	88956	0.0137291689008043	>50kb
clu_60954	46235	0.0121393833780161	20-50kb
clu_61026	1753	0.0217203753351206	1-5kb
clu_61027	8692	0.0365962466487936	5-20kb
clu_61038	6850	0.00366131367292225	5-20kb
clu_61039	1406	0.00679538873994638	1-5kb
clu_61043	4215	0.02033581769437	1-5kb
clu_61044	2486	0.0892266219839142	1-5kb
clu_61045	1227	0.0145249865951743	1-5kb
clu_61063	1144	0.000899544235924933	1-5kb
clu_61064	1882	0.00075514745308311	1-5kb
clu_61075	4402	0.00384823056300268	1-5kb
clu_61078	1110	0.00300640750670241	1-5kb
clu_61079	1669	0.00991847184986595	1-5kb
clu_61080	16258	0.0197316353887399	5-20kb
clu_61081	495	0.0136758981233244	<1kb
clu_61084	62627	0.0884728954423593	>50kb
clu_61087	79866	0.0574662466487936	>50kb
clu_61098	1267	0.0486597319034853	1-5kb
clu_61099	2234	0.028638471849866	1-5kb
clu_61101	11328	0.0418098391420912	5-20kb
clu_61105	3578	0.00363380697050938	1-5kb
clu_61110	3652	0.0609998927613941	1-5kb
clu_61118	2435	0.082143163538874	1-5kb
clu_61133	47338	0.0261093565683646	20-50kb
clu_61134	4067	0.00427965147453083	1-5kb
clu_61135	300	0.056111018766756	<1kb
clu_61136	10555	0.0105021983914209	5-20kb
clu_61137	3044	0.0636076675603217	1-5kb
clu_61138	4146	0.00458959785522788	1-5kb
clu_61171	30651	0.013605308310992	20-50kb
clu_61190	689	0.0991826809651475	<1kb
clu_61201	1556	0.210199195710456	1-5kb
clu_61202	2259	0.0662023860589812	1-5kb
clu_61218	1649	0.0255189008042895	1-5kb
clu_61220	9263	0.00951801608579089	5-20kb
clu_61244	2438	0.00329469168900804	1-5kb
clu_61245	2185	0.105529329758713	1-5kb
clu_61247	3848	0.0170848257372654	1-5kb
clu_61251	11874	0.333781340482574	5-20kb
clu_61252	5600	0.0614318498659517	5-20kb
clu_61257	269	0.011493672922252	<1kb
clu_61272	91	0.0356308579088472	<1kb
clu_61279	1122	0.00567595174262735	1-5kb
clu_61288	407	0.0174282841823056	<1kb
clu_61289	196	0.00324300268096515	<1kb
clu_61290	855	0.0388432975871314	<1kb
clu_61291	269	0.00668233243967828	<1kb
clu_61294	325	0.00240445040214477	<1kb
clu_61295	584	0.472865442359249	<1kb
clu_61297	1412	0.00618257372654155	1-5kb
clu_61303	2764	0.017118418230563	1-5kb
clu_61314	5185	0.120335013404826	5-20kb
clu_61341	769	0.016551528150134	<1kb
clu_61342	2036	0.110964959785523	1-5kb
clu_61355	5746	0.0241587935656836	5-20kb
clu_61356	8054	0.0230619571045576	5-20kb
clu_61385	10586	0.0116842895442359	5-20kb
clu_61397	10438	0.0759307238605898	5-20kb
clu_61403	4358	0.00473474530831099	1-5kb
clu_61404	367	0.00421954423592493	<1kb
clu_61405	1019	0.0109779892761394	1-5kb
clu_61408	11107	0.269591045576408	5-20kb
clu_61411	14363	0.0607295442359249	5-20kb
clu_61413	20346	0.0652071313672922	20-50kb
clu_61414	489	0.38487308310992	<1kb
clu_61466	81	0.00262911528150134	<1kb
clu_61468	3437	0.0368795174262735	1-5kb
clu_61469	45240	0.0154328686327078	20-50kb
clu_61475	8281	0.060412600536193	5-20kb
clu_61476	1781	0.0602357104557641	1-5kb
clu_61477	3489	0.0490702144772118	1-5kb
clu_61488	20386	0.0118547721179625	20-50kb
clu_61489	2257	0.00458217158176944	1-5kb
clu_61493	5768	0.00782163538873995	5-20kb
clu_61496	42970	0.0137238873994638	20-50kb
clu_61503	73410	0.122200965147453	>50kb
clu_61510	1716	0.0188706970509383	1-5kb
clu_61511	4440	0.0117267560321716	1-5kb
clu_61517	10741	0.53638144772118	5-20kb
clu_61518	35151	0.188310831099196	20-50kb
clu_61519	8478	0.00985034852546917	5-20kb
clu_61520	843	0.010363163538874	<1kb
clu_61553	2831	0.0553042895442359	1-5kb
clu_61554	1583	0.00707868632707775	1-5kb
clu_61555	682	0.0048113672922252	<1kb
clu_61562	2611	0.00219935656836461	1-5kb
clu_61568	2031	0.00619436997319035	1-5kb
clu_61569	234	0.00164806970509383	<1kb
clu_61570	4183	0.00177764075067024	1-5kb
clu_61571	14875	0.0312948793565684	5-20kb
clu_61572	2405	0.0133044504021448	1-5kb
clu_61574	3983	0.0146116621983914	1-5kb
clu_61595	1184	0.0376227613941019	1-5kb
clu_61597	5784	0.0113311528150134	5-20kb
clu_61599	1237	0.35110091152815	1-5kb
clu_61607	1357	0.00183882037533512	1-5kb
clu_61608	2684	0.0211609383378016	1-5kb
clu_61620	2125	0.0597413941018767	1-5kb
clu_61625	1295	0.0231018766756032	1-5kb
clu_61645	4143	0.014192600536193	1-5kb
clu_61661	1777	0.0198713672922252	1-5kb
clu_61693	15430	0.0134029222520107	5-20kb
clu_61697	6872	0.056791581769437	5-20kb
clu_61698	8382	0.0114434316353887	5-20kb
clu_61729	10939	0.010716273458445	5-20kb
clu_61730	1316	0.0112598123324397	1-5kb
clu_61733	4875	0.00484659517426273	1-5kb
clu_61734	886	0.346559705093834	<1kb
clu_61735	1203	0.022939946380697	1-5kb
clu_61736	2111	0.0500799195710456	1-5kb
clu_61737	2643	0.00895627345844504	1-5kb
clu_61749	124	0.0074329490616622	<1kb
clu_61759	6753	0.154363860589812	5-20kb
clu_61760	8414	0.0207764879356568	5-20kb
clu_61761	783	0.118961849865952	<1kb
clu_61762	2881	0.0420673726541555	1-5kb
clu_61763	3413	0.00728388739946381	1-5kb
clu_61766	43149	0.278630965147453	20-50kb
clu_61767	97213	0.0882686863270778	>50kb
clu_61773	1560	0.0120260321715818	1-5kb
clu_61781	9943	0.00762477211796247	5-20kb
clu_61782	352	0.00912777479892761	<1kb
clu_61808	2073	0.0123268632707775	1-5kb
clu_61818	72522	0.0330852010723861	>50kb
clu_61821	37972	0.0294945576407507	20-50kb
clu_61846	2968	0.00641268096514745	1-5kb
clu_61847	3567	0.0153988471849866	1-5kb
clu_61852	12192	0.00536343163538874	5-20kb
clu_61853	8270	0.0511559785522788	5-20kb
clu_61854	5883	0.123827694369973	5-20kb
clu_61855	1929	0.0144906166219839	1-5kb
clu_61856	896	0.0233254691689008	<1kb
clu_61857	352	0.0111685254691689	<1kb
clu_61859	1823	0.126390402144772	1-5kb
clu_61861	1686	0.0669506702412869	1-5kb
clu_61865	1852	0.0769365415549598	1-5kb
clu_61869	11587	0.0345386327077748	5-20kb
clu_61873	2819	0.00386227882037534	1-5kb
clu_61880	1067	0.0197490080428954	1-5kb
clu_61894	8838	0.0340109115281501	5-20kb
clu_61897	1506	0.0233202949061662	1-5kb
clu_61899	1703	0.0198533780160858	1-5kb
clu_61903	63114	0.0312289008042895	>50kb
clu_61915	1277	0.0198200804289544	1-5kb
clu_61917	413	0.00988008042895442	<1kb
clu_61918	8657	0.0024129490616622	5-20kb
clu_61933	1534	0.0563270509383378	1-5kb
clu_61938	2176	0.187714530831099	1-5kb
clu_61944	222	0.00932624664879357	<1kb
clu_61954	168	0.0127138069705094	<1kb
clu_61956	1303	0.0210074798927614	1-5kb
clu_61972	894	0.00233538873994638	<1kb
clu_61973	4951	0.0137539142091153	1-5kb
clu_61974	1795	0.00484088471849866	1-5kb
clu_61979	2332	0.0204828954423592	1-5kb
clu_61984	5994	0.0534447184986595	5-20kb
clu_61985	5508	0.310333324396783	5-20kb
clu_61988	1368	0.0221276407506702	1-5kb
clu_61991	1416	0.0714387935656837	1-5kb
clu_61998	2929	0.104634128686327	1-5kb
clu_62001	5897	0.0237501072386059	5-20kb
clu_62003	89	0.0246250134048257	<1kb
clu_62010	104	0.00479249329758713	<1kb
clu_62015	2396	0.0384071581769437	1-5kb
clu_62027	498	0.0948024932975871	<1kb
clu_62044	5626	0.522892707774799	5-20kb
clu_62046	1858	0.00538238605898123	1-5kb
clu_62047	200	0.00959943699731903	<1kb
clu_62055	86	0.0103364611260054	<1kb
clu_62063	1516	0.183108713136729	1-5kb
clu_62070	1351	0.00563407506702413	1-5kb
clu_62071	214	0.00394278820375335	<1kb
clu_62072	180	0.0235647989276139	<1kb
clu_62092	107	0.00951166219839142	<1kb
clu_62094	129	0.0163512868632708	<1kb
clu_62100	5572	0.0650196514745308	5-20kb
clu_62101	247	0.00273753351206434	<1kb
clu_62102	1828	0.129601179624665	1-5kb
clu_62104	330	0.00621522788203753	<1kb
clu_62109	113	0.0102349061662198	<1kb
clu_62115	143	0.00822332439678284	<1kb
clu_62125	4386	0.181031957104558	1-5kb
clu_62144	5441	0.00419680965147453	5-20kb
clu_62145	84	0.16892235924933	<1kb
clu_62147	1849	0.265623136729222	1-5kb
clu_62148	17515	0.0185047721179625	5-20kb
clu_62149	2610	0.00942152815013405	1-5kb
clu_62152	9746	0.210465710455764	5-20kb
clu_62153	262	0.00800469168900804	<1kb
clu_62158	239	0.0871197587131367	<1kb
clu_62167	6052	0.145300563002681	5-20kb
clu_62168	20820	0.0881677211796247	20-50kb
clu_62177	950	0.0145344504021448	<1kb
clu_62180	1009	0.00234112600536193	1-5kb
clu_62183	3534	0.0211300536193029	1-5kb
clu_62184	1243	0.0143161394101877	1-5kb
clu_62189	20313	0.549447533512064	20-50kb
clu_62192	3146	0.0458758981233244	1-5kb
clu_62193	6811	0.028259490616622	5-20kb
clu_62197	393	0.00444184986595174	<1kb
clu_62198	1016	0.0683043431635389	1-5kb
clu_62200	5658	0.0421073726541555	5-20kb
clu_62201	1344	0.0455887131367292	1-5kb
clu_62202	8505	0.00666806970509383	5-20kb
clu_62203	1220	0.0144424128686327	1-5kb
clu_62214	18816	0.0173808042895442	5-20kb
clu_62225	2610	0.00826099195710456	1-5kb
clu_62226	4008	0.0059883109919571	1-5kb
clu_62229	3958	0.00431112600536193	1-5kb
clu_62230	1055	0.0287744504021448	1-5kb
clu_62234	4895	0.0913018766756032	1-5kb
clu_62236	4363	0.108476353887399	1-5kb
clu_62239	1084	0.000556756032171582	1-5kb
clu_62240	1410	0.00265206434316354	1-5kb
clu_62244	9443	0.000752493297587131	5-20kb
clu_62248	5602	0.0323563806970509	5-20kb
clu_62249	4103	0.0135608310991957	1-5kb
clu_62264	290	0.0242943967828418	<1kb
clu_62265	35906	0.0754602949061662	20-50kb
clu_62269	342	0.00891372654155496	<1kb
clu_62275	3890	0.00796246648793566	1-5kb
clu_62280	4120	0.00400254691689008	1-5kb
clu_62281	1440	0.0484938605898123	1-5kb
clu_62282	18850	0.0115087667560322	5-20kb
clu_62286	3506	0.000679865951742627	1-5kb
clu_62302	8468	0.0254596782841823	5-20kb
clu_62327	1177	0.021844235924933	1-5kb
clu_62328	206	0.00234563002680965	<1kb
clu_62329	7404	0.0142059249329759	5-20kb
clu_62353	5457	0.00611624664879357	5-20kb
clu_62368	694	0.15112235924933	<1kb
clu_62411	2314	0.00238477211796247	1-5kb
clu_62412	4021	0.0286190080428954	1-5kb
clu_62415	460	0.000964530831099196	<1kb
clu_62418	16596	0.00171656836461126	5-20kb
clu_62419	657	0.0292888471849866	<1kb
clu_62420	492	0.00339142091152815	<1kb
clu_62422	965	0.00866013404825737	<1kb
clu_62425	522	0.0331345040214477	<1kb
clu_62453	2593	0.0797925737265416	1-5kb
clu_62459	1952	0.0206463002680965	1-5kb
clu_62461	6088	0.00778249329758713	5-20kb
clu_62462	1140	0.00470675603217158	1-5kb
clu_62463	27652	0.0339448525469169	20-50kb
clu_62465	4082	0.0740773726541555	1-5kb
clu_62511	8929	0.0217535656836461	5-20kb
clu_62515	21794	0.0742832439678284	20-50kb
clu_62559	16744	0.0100147184986595	5-20kb
clu_62571	1253	0.277574959785523	1-5kb
clu_62577	16147	0.00911750670241287	5-20kb
clu_62584	13132	0.0182615013404826	5-20kb
clu_62592	2662	0.0135642627345845	1-5kb
clu_62608	43377	0.146407104557641	20-50kb
clu_62612	974	0.00686654155495979	<1kb
clu_62614	1002	0.0057585254691689	1-5kb
clu_62620	4109	0.0139401876675603	1-5kb
clu_62638	3978	0.0524292761394102	1-5kb
clu_62639	15739	0.084762654155496	5-20kb
clu_62648	17060	0.00781292225201072	5-20kb
clu_62651	2191	0.0140949061662198	1-5kb
clu_62655	1758	0.0158471313672922	1-5kb
clu_62656	1034	0.00802085790884718	1-5kb
clu_62665	12099	0.00748699731903485	5-20kb
clu_62669	2978	0.0268474798927614	1-5kb
clu_62708	3010	0.119489651474531	1-5kb
clu_62712	3489	0.0580149329758713	1-5kb
clu_62713	156	0.00229729222520107	<1kb
clu_62718	16065	0.329216595174263	5-20kb
clu_62723	606	0.0482894101876676	<1kb
clu_62743	30932	0.0111878284182306	20-50kb
clu_62745	1436	0.00250252010723861	1-5kb
clu_62749	6178	0.137019115281501	5-20kb
clu_62752	7943	0.00647396782841823	5-20kb
clu_62754	3114	0.00964823056300268	1-5kb
clu_62755	1653	0.069282654155496	1-5kb
clu_62756	1229	0.0058458981233244	1-5kb
clu_62759	10356	0.126730589812332	5-20kb
clu_62762	1898	0.0242838337801609	1-5kb
clu_62763	763	0.0387842627345844	<1kb
clu_62764	3977	0.619446193029491	1-5kb
clu_62767	11176	0.613325388739946	5-20kb
clu_62768	2977	0.236061072386059	1-5kb
clu_62780	1103	0.0384718766756032	1-5kb
clu_62782	1414	0.108716890080429	1-5kb
clu_62785	9083	0.314601930294906	5-20kb
clu_62786	1614	0.0685913136729222	1-5kb
clu_62790	544	0.00623785522788204	<1kb
clu_62792	2280	0.105064477211796	1-5kb
clu_62796	8011	0.0651069705093834	5-20kb
clu_62801	2453	0.0257526809651475	1-5kb
clu_62805	5227	0.0036126273458445	5-20kb
clu_62830	76	0.00745538873994638	<1kb
clu_62836	3618	0.00462230563002681	1-5kb
clu_62837	193	0.0879534584450402	<1kb
clu_62838	728	0.00746276139410188	<1kb
clu_62858	83	0.0219650938337802	<1kb
clu_62860	1902	0.00740857908847185	1-5kb
clu_62861	105	0.0209101340482574	<1kb
clu_62865	432	0.0275473726541555	<1kb
clu_62866	160	0.0176254155495979	<1kb
clu_62867	3648	0.0254975603217158	1-5kb
clu_62868	5715	0.0551606970509383	5-20kb
clu_62869	1781	0.0101125737265416	1-5kb
clu_62872	795	0.0214458713136729	<1kb
clu_62876	2183	0.00985091152815013	1-5kb
clu_62878	1329	0.0262877747989276	1-5kb
clu_62879	2885	0.00536214477211796	1-5kb
clu_62880	177	0.0277766487935657	<1kb
clu_62882	5209	0.00514512064343164	5-20kb
clu_62894	3758	0.073498418230563	1-5kb
clu_62899	12818	0.0494936461126005	5-20kb
clu_62900	1835	0.00201603217158177	1-5kb
clu_62901	2899	0.126436327077748	1-5kb
clu_62903	27003	0.0206129490616622	20-50kb
clu_62914	2868	0.00317450402144772	1-5kb
clu_62915	560	0.00284088471849866	<1kb
clu_62922	2448	0.00770327077747989	1-5kb
clu_62927	2822	0.0751513136729223	1-5kb
clu_62928	209	0.0740795174262735	<1kb
clu_62932	1749	0.0154025737265416	1-5kb
clu_62933	5552	0.0926216890080429	5-20kb
clu_62934	1976	0.105739142091153	1-5kb
clu_62936	2243	0.0201441554959786	1-5kb
clu_62940	24471	0.0291312332439678	20-50kb
clu_62941	1181	0.00828246648793566	1-5kb
clu_62945	2055	0.00871967828418231	1-5kb
clu_62947	14762	0.0207208042895442	5-20kb
clu_62948	6014	0.00995120643431635	5-20kb
clu_62953	4574	0.0171770241286863	1-5kb
clu_62954	10405	0.0609342627345845	5-20kb
clu_62955	3393	0.0380595978552279	1-5kb
clu_62957	3507	0.0132515549597855	1-5kb
clu_62961	189	0.0104136193029491	<1kb
clu_637	697	0.169423485254692	<1kb
clu_64553	4938	0.0484014477211796	1-5kb
clu_64556	27785	0.0685975603217158	20-50kb
clu_64557	11577	0.00380595174262735	5-20kb
clu_64558	9888	0.0656001876675603	5-20kb
clu_64560	69776	0.0129927345844504	>50kb
clu_64561	30602	0.010680563002681	20-50kb
clu_64568	6502	0.0750764879356568	5-20kb
clu_64569	8730	0.0229282305630027	5-20kb
clu_64571	18114	0.262730321715818	5-20kb
clu_64587	1478	0.221401233243968	1-5kb
clu_64589	153	0.00315383378016086	<1kb
clu_64603	632	0.00453300268096515	<1kb
clu_64604	1057	0.00858927613941019	1-5kb
clu_64605	1034	0.012523672922252	1-5kb
clu_64606	149	0.00801388739946381	<1kb
clu_64614	904	0.00725648793565684	<1kb
clu_64621	2534	0.00924402144772118	1-5kb
clu_64630	21523	0.0129058445040214	20-50kb
clu_64632	79813	0.0242323592493298	>50kb
clu_64633	63973	0.0157919034852547	>50kb
clu_64639	4433	0.00917302949061662	1-5kb
clu_64641	3853	0.278716756032172	1-5kb
clu_64642	2454	0.119576514745308	1-5kb
clu_64643	341	0.0178467828418231	<1kb
clu_64645	192	0.044506273458445	<1kb
clu_64646	1090	0.0258149329758713	1-5kb
clu_64650	266	0.0118093297587131	<1kb
clu_64651	2267	0.0928147989276139	1-5kb
clu_64652	6826	0.013663163538874	5-20kb
clu_64655	61426	0.00846166219839142	>50kb
clu_64656	48709	0.0281795174262735	20-50kb
clu_64657	3207	0.0111433780160858	1-5kb
clu_64659	784	0.0128498391420912	<1kb
clu_64660	3021	0.00886386058981233	1-5kb
clu_64661	371	0.00676780160857909	<1kb
clu_64667	1866	0.00397056300268097	1-5kb
clu_64670	1281	0.00467461126005362	1-5kb
clu_64691	1549	0.0642963538873995	1-5kb
clu_64694	3811	0.0339750938337802	1-5kb
clu_64701	441	0.00181120643431635	<1kb
clu_64705	11036	0.00785605898123324	5-20kb
clu_64706	59250	0.171107747989276	>50kb
clu_64708	1620	0.165896139410188	1-5kb
clu_64716	838	0.00497608579088472	<1kb
clu_64718	3476	0.0079343163538874	1-5kb
clu_64719	3177	0.00919943699731903	1-5kb
clu_64725	1568	0.0813839142091153	1-5kb
clu_64726	840	0.0239731903485255	<1kb
clu_64729	223	0.00278820375335121	<1kb
clu_64730	81942	0.101622010723861	>50kb
clu_64735	86	0.0631265683646113	<1kb
clu_64737	1802	0.0180953887399464	1-5kb
clu_64738	3272	0.000527506702412869	1-5kb
clu_64748	114	0.379666970509383	<1kb
clu_64749	4635	0.0141961394101877	1-5kb
clu_64767	10697	0.300959115281501	5-20kb
clu_64771	59652	0.548663565683646	>50kb
clu_64813	1759	0.0132750134048257	1-5kb
clu_64816	3918	0.00852876675603217	1-5kb
clu_64820	1696	0.0144245040214477	1-5kb
clu_64821	42837	0.0300101608579088	20-50kb
clu_64867	4814	0.000741635388739946	1-5kb
clu_64875	1424	0.0101516621983914	1-5kb
clu_64879	92	0.00450504021447721	<1kb
clu_64881	1393	0.025962091152815	1-5kb
clu_64883	324	0.000860563002680965	<1kb
clu_64884	3280	0.00400195710455764	1-5kb
clu_64885	5178	0.00204621983914209	5-20kb
clu_64886	9948	0.199568579088472	5-20kb
clu_64887	3500	0.00102959785522788	1-5kb
clu_64888	3350	0.00133731903485255	1-5kb
clu_64893	2338	0.019095254691689	1-5kb
clu_64894	5107	0.00470332439678284	5-20kb
clu_64895	3580	0.253650884718499	1-5kb
clu_64896	5953	0.0280096246648794	5-20kb
clu_64898	8978	0.0493757372654155	5-20kb
clu_64900	604	0.00754109919571046	<1kb
clu_64901	20307	0.122821072386059	20-50kb
clu_64902	87264	0.0124760321715818	>50kb
clu_64909	156	0.0643591152815013	<1kb
clu_64910	2839	0.00133697050938338	1-5kb
clu_64919	35065	0.00376310991957105	20-50kb
clu_64935	4549	0.0115853351206434	1-5kb
clu_64938	17027	0.00381597855227882	5-20kb
clu_64944	13548	0.00599402144772118	5-20kb
clu_64945	4102	0.0194994101876676	1-5kb
clu_64946	3541	0.827124772117962	1-5kb
clu_64950	3638	0.0669861930294906	1-5kb
clu_64951	2834	0.134281233243968	1-5kb
clu_64953	742	0.140610536193029	<1kb
clu_64954	1247	0.155496836461126	1-5kb
clu_64955	2109	0.0237486058981233	1-5kb
clu_64956	1567	0.0821223056300268	1-5kb
clu_64957	26149	0.0827867024128686	20-50kb
clu_64992	4111	0.0625123324396783	1-5kb
clu_64993	4277	0.084467399463807	1-5kb
clu_64995	9018	0.000607292225201072	5-20kb
clu_64996	1944	0.025350563002681	1-5kb
clu_65016	2891	0.0212891420911528	1-5kb
clu_65041	5907	0.00193702412868633	5-20kb
clu_65042	8656	0.0175511528150134	5-20kb
clu_65043	7181	0.00990833780160858	5-20kb
clu_65044	89897	0.0984750670241287	>50kb
clu_65045	83183	0.0184462198391421	>50kb
clu_65050	26652	0.0160222252010724	20-50kb
clu_65068	582	0.0260963806970509	<1kb
clu_65069	1553	0.0567066756032172	1-5kb
clu_65072	6562	0.00792463806970509	5-20kb
clu_65076	3599	0.0296380965147453	1-5kb
clu_65078	1133	0.0272093833780161	1-5kb
clu_65087	969	0.00901876675603217	<1kb
clu_65095	80776	0.00392203753351206	>50kb
clu_65102	304	0.0202608579088472	<1kb
clu_65121	247	0.00958093833780161	<1kb
clu_65122	105	0.0197039142091153	<1kb
clu_65124	369	0.00361973190348525	<1kb
clu_65125	157	0.000814530831099196	<1kb
clu_65128	115	0.117360026809651	<1kb
clu_65144	22987	0.0734275871313673	20-50kb
clu_65145	57264	0.17528654155496	>50kb
clu_65146	5124	0.0384102412868633	5-20kb
clu_65159	137	0.0143462198391421	<1kb
clu_65160	111	0.0512045308310992	<1kb
clu_65162	610	0.00683171581769437	<1kb
clu_65163	136	0.0496633512064343	<1kb
clu_65165	532	0.00565050938337802	<1kb
clu_65168	223	0.00922319034852547	<1kb
clu_65170	5240	0.000904182305630027	5-20kb
clu_65172	252	0.0126214745308311	<1kb
clu_65175	1454	0.0157127345844504	1-5kb
clu_65176	256	0.0240138873994638	<1kb
clu_65189	210	0.0776885522788204	<1kb
clu_65190	281	0.0171982305630027	<1kb
clu_65191	3062	0.00365109919571046	1-5kb
clu_65237	1042	0.0146872922252011	1-5kb
clu_65253	19236	0.0108903485254692	5-20kb
clu_65263	2220	0.0182969973190349	1-5kb
clu_65265	1906	0.0282846112600536	1-5kb
clu_65266	16983	0.156156300268097	5-20kb
clu_65273	503	0.182903941018767	<1kb
clu_65276	7830	0.485603136729223	5-20kb
clu_65283	3928	0.0513900268096515	1-5kb
clu_65284	84	0.047119436997319	<1kb
clu_65285	943	0.19857890080429	<1kb
clu_65286	185	0.0426759785522788	<1kb
clu_65348	338	0.0787556300268096	<1kb
clu_65354	2339	0.0238564343163539	1-5kb
clu_65355	10974	0.0197990348525469	5-20kb
clu_65356	3495	0.021536890080429	1-5kb
clu_65357	5244	0.0781090884718499	5-20kb
clu_65358	1502	0.0879523860589812	1-5kb
clu_65359	349	0.00804179624664879	<1kb
clu_65360	466	0.028981528150134	<1kb
clu_65362	3906	0.107767828418231	1-5kb
clu_65370	237	0.0107960589812332	<1kb
clu_65371	592	0.0791445308310992	<1kb
clu_65375	3050	0.0044802144772118	1-5kb
clu_65385	7752	0.0430876139410188	5-20kb
clu_65387	14910	0.9497718230563	5-20kb
clu_65389	3158	0.369041849865952	1-5kb
clu_65417	653	0.0058313672922252	<1kb
clu_65418	33056	0.10593018766756	20-50kb
clu_65419	9009	0.0138676675603217	5-20kb
clu_65455	4290	0.00506638069705094	1-5kb
clu_65456	8337	0.0555064611260054	5-20kb
clu_65457	17287	0.023018981233244	5-20kb
clu_65478	7221	0.0760383378016086	5-20kb
clu_65483	2032	0.0868883378016086	1-5kb
clu_65492	391	0.0110617694369973	<1kb
clu_65494	6235	0.0189775067024129	5-20kb
clu_65496	847	0.0278538069705094	<1kb
clu_65497	18983	0.0709089008042895	5-20kb
clu_65498	545	0.0383382573726542	<1kb
clu_65499	1746	0.0170274798927614	1-5kb
clu_65500	3914	0.0752728150134048	1-5kb
clu_65501	7143	0.0698286327077748	5-20kb
clu_65574	1032	0.013246327077748	1-5kb
clu_65579	695	0.0166019571045576	<1kb
clu_65587	2680	0.0376133512064343	1-5kb
clu_65589	642	0.0786387131367292	<1kb
clu_65596	3594	0.0117963806970509	1-5kb
clu_65598	1680	0.0192867828418231	1-5kb
clu_65603	1088	0.0409267024128686	1-5kb
clu_65607	1149	0.0127840482573727	1-5kb
clu_65633	368	0.0463080697050938	<1kb
clu_65635	2279	0.054366890080429	1-5kb
clu_65637	15455	0.0128280160857909	5-20kb
clu_65641	773	0.00182632707774799	<1kb
clu_65645	5290	0.0490368096514745	5-20kb
clu_65652	479	0.0224891420911528	<1kb
clu_65654	1864	0.00801951742627346	1-5kb
clu_65657	290	0.0522750402144772	<1kb
clu_65664	216	0.0216056568364611	<1kb
clu_65667	1532	0.0577867024128686	1-5kb
clu_65669	739	0.0766572922252011	<1kb
clu_65674	432	0.143360509383378	<1kb
clu_65681	2787	0.0459679892761394	1-5kb
clu_65683	8740	0.0107692493297587	5-20kb
clu_65689	1879	0.0042312600536193	1-5kb
clu_65693	733	0.00428718498659517	<1kb
clu_65703	739	0.00869120643431635	<1kb
clu_65710	23348	0.0240076407506702	20-50kb
clu_65713	1434	0.0122348793565684	1-5kb
clu_65716	25824	0.153631126005362	20-50kb
clu_65717	19559	0.0203619302949062	5-20kb
clu_65718	24990	0.0288879624664879	20-50kb
clu_65719	672	0.0276734048257373	<1kb
clu_65727	922	0.0216115013404826	<1kb
clu_65736	2062	0.0215350134048257	1-5kb
clu_65737	38369	0.0953702949061662	20-50kb
clu_65749	2393	0.229379142091153	1-5kb
clu_65756	81888	0.061776836461126	>50kb
clu_65759	3625	0.0175964343163539	1-5kb
clu_65763	1371	0.0608293029490617	1-5kb
clu_65766	5935	0.00060230563002681	5-20kb
clu_65767	795	0.0997532975871314	<1kb
clu_65791	10471	0.00606195710455764	5-20kb
clu_65793	9348	0.0477891420911528	5-20kb
clu_65800	771	0.0072372654155496	<1kb
clu_65805	431	0.00364289544235925	<1kb
clu_65808	97	0.0195121179624665	<1kb
clu_65809	215	0.00785450402144772	<1kb
clu_65810	560	0.0862811796246649	<1kb
clu_65811	101	0.0472617962466488	<1kb
clu_65820	668	0.208514504021448	<1kb
clu_65828	429	0.0503969973190349	<1kb
clu_65829	6430	0.0341602949061662	5-20kb
clu_65832	3431	0.0914639410187668	1-5kb
clu_65833	97	0.0703624932975871	<1kb
clu_65835	6673	0.00196517426273458	5-20kb
clu_65836	2836	0.0324196514745308	1-5kb
clu_65841	1348	0.0048555764075067	1-5kb
clu_65842	105	0.0136861126005362	<1kb
clu_65844	138	0.00683804289544236	<1kb
clu_65852	136	0.0379727345844504	<1kb
clu_65855	92	0.00908879356568365	<1kb
clu_65857	234	0.128525361930295	<1kb
clu_65865	171	0.0340661662198391	<1kb
clu_65867	76	0.0352111528150134	<1kb
clu_65880	995	0.0831408042895442	<1kb
clu_65883	1128	0.00341525469168901	1-5kb
clu_65886	917	0.0292991420911528	<1kb
clu_65890	1884	0.00405093833780161	1-5kb
clu_65891	142	0.0612592761394102	<1kb
clu_65904	1622	0.0354274530831099	1-5kb
clu_65905	1645	0.0848371045576407	1-5kb
clu_65908	204	0.0297334584450402	<1kb
clu_65916	1080	0.0251754423592493	1-5kb
clu_65917	25334	0.153823109919571	20-50kb
clu_65918	2751	0.077939436997319	1-5kb
clu_65919	3296	0.0423054155495979	1-5kb
clu_65920	1988	0.0570850402144772	1-5kb
clu_65921	1856	0.00678788203753351	1-5kb
clu_65924	204	0.0334619302949062	<1kb
clu_65925	3730	0.0334617426273458	1-5kb
clu_65945	465	0.254607104557641	<1kb
clu_65965	1980	0.033183163538874	1-5kb
clu_65966	971	0.193310321715818	<1kb
clu_65969	89	0.0212456836461126	<1kb
clu_65986	5728	0.0112219839142091	5-20kb
clu_65987	1184	0.0225216085790885	1-5kb
clu_65993	2562	0.0144328954423592	1-5kb
clu_65994	2224	0.0852017962466488	1-5kb
clu_65995	3390	0.00459380697050938	1-5kb
clu_66003	3268	0.0936406970509383	1-5kb
clu_66004	12657	0.0707372386058981	5-20kb
clu_66006	87103	0.125423699731903	>50kb
clu_66058	2110	0.0454426809651475	1-5kb
clu_66073	3456	0.0238063002680965	1-5kb
clu_66074	4913	0.00774002680965147	1-5kb
clu_66076	724	0.0079685254691689	<1kb
clu_66139	5036	0.00621970509383378	5-20kb
clu_66144	19566	0.00658710455764075	5-20kb
clu_66155	47751	0.0582619571045576	20-50kb
clu_66166	5158	0.201356407506702	5-20kb
clu_66172	6770	0.0121557372654155	5-20kb
clu_66179	1787	0.122254638069705	1-5kb
clu_66213	6817	0.00369868632707775	5-20kb
clu_66224	1419	0.368295335120643	1-5kb
clu_66225	1856	0.0143491957104558	1-5kb
clu_66227	4784	0.0187582573726542	1-5kb
clu_66228	1948	0.0213375603217158	1-5kb
clu_66230	4873	0.0299004289544236	1-5kb
clu_66232	794	0.017077908847185	<1kb
clu_66234	86579	0.0898036997319035	>50kb
clu_66237	8730	0.0426569973190348	5-20kb
clu_66241	2638	0.013422091152815	1-5kb
clu_66244	1123	0.00729201072386059	1-5kb
clu_66252	1325	0.00542691689008043	1-5kb
clu_66254	150	0.0224398123324397	<1kb
clu_66266	799	0.112762332439678	<1kb
clu_66285	867	0.199749946380697	<1kb
clu_66297	36493	0.0372260589812332	20-50kb
clu_66309	539	0.00324895442359249	<1kb
clu_66310	10434	0.0112067828418231	5-20kb
clu_66311	1403	0.0291167292225201	1-5kb
clu_66312	7931	0.0232909651474531	5-20kb
clu_66313	2792	0.00793908847184987	1-5kb
clu_66315	95	0.0127808042895442	<1kb
clu_66317	9026	0.0178038873994638	5-20kb
clu_66328	557	0.00844268096514745	<1kb
clu_66337	35803	0.0121297319034853	20-50kb
clu_66358	41821	0.00288455764075067	20-50kb
clu_66359	47192	0.00162533512064343	20-50kb
clu_66360	89423	0.000900536193029491	>50kb
clu_66364	11627	0.031335764075067	5-20kb
clu_66365	1311	0.0835615281501341	1-5kb
clu_66372	598	0.00239045576407507	<1kb
clu_66377	1263	0.00854753351206434	1-5kb
clu_66378	1494	0.0261991689008043	1-5kb
clu_66379	178	0.0603211528150134	<1kb
clu_66380	1261	0.0265617426273458	1-5kb
clu_66381	1655	0.134135656836461	1-5kb
clu_66388	2839	0.0330983109919571	1-5kb
clu_66420	11241	0.645903512064343	5-20kb
clu_66426	4554	0.0108576139410188	1-5kb
clu_66427	12137	0.00334643431635389	5-20kb
clu_66444	147	0.201862949061662	<1kb
clu_66445	1868	0.0636947721179625	1-5kb
clu_66446	974	0.0445983914209115	<1kb
clu_66453	8978	0.0569045844504021	5-20kb
clu_66458	84206	0.0157120107238606	>50kb
clu_66464	5546	0.038593726541555	5-20kb
clu_66465	3383	0.0307175067024129	1-5kb
clu_66466	745	0.0906616621983914	<1kb
clu_66485	610	0.13343855227882	<1kb
clu_66486	5622	0.0230814209115281	5-20kb
clu_66487	2047	0.0185832439678284	1-5kb
clu_66491	5041	0.111813726541555	5-20kb
clu_66493	9340	0.0235975335120643	5-20kb
clu_66494	22678	0.0105018766756032	20-50kb
clu_66500	930	0.0152933512064343	<1kb
clu_66502	829	0.0817371849865952	<1kb
clu_66504	15238	0.00428986595174263	5-20kb
clu_66505	3883	0.00786723860589812	1-5kb
clu_66508	1320	0.0722879624664879	1-5kb
clu_66509	663	0.00899686327077748	<1kb
clu_66511	11257	0.013811581769437	5-20kb
clu_66557	94827	0.0486003217158177	>50kb
clu_66559	25545	0.123475335120643	20-50kb
clu_66560	34029	0.0221326809651475	20-50kb
clu_66565	154	0.00445034852546917	<1kb
clu_66566	466	0.00261882037533512	<1kb
clu_66567	1137	0.0248353351206434	1-5kb
clu_66568	485	0.0205104021447721	<1kb
clu_66569	1478	0.119358847184987	1-5kb
clu_66570	6781	0.00437691689008043	5-20kb
clu_66573	2785	0.0447913941018767	1-5kb
clu_66574	583	0.00412436997319035	<1kb
clu_66575	2105	0.00228235924932976	1-5kb
clu_66577	6052	0.0791034316353887	5-20kb
clu_66581	3642	0.0160859517426273	1-5kb
clu_66605	2909	0.108973029490617	1-5kb
clu_66606	3718	0.0157930026809651	1-5kb
clu_66633	96	0.00721225201072386	<1kb
clu_66634	111	0.00614710455764075	<1kb
clu_66637	73	0.0144713941018767	<1kb
clu_66638	469	0.0877475603217158	<1kb
clu_66639	140	0.00391825737265416	<1kb
clu_66643	521	0.00441428954423592	<1kb
clu_66644	2051	0.00804123324396783	1-5kb
clu_66659	28445	0.00567664879356568	20-50kb
clu_66675	937	0.0261941554959786	<1kb
clu_66705	36098	0.0236998391420912	20-50kb
clu_66711	11337	0.0441253619302949	5-20kb
clu_66717	1089	0.010121581769437	1-5kb
clu_66725	7673	0.170053297587131	5-20kb
clu_66726	4064	0.0412718498659517	1-5kb
clu_66734	609	0.287821340482574	<1kb
clu_66742	35920	0.0355610991957105	20-50kb
clu_66743	1256	0.0123638873994638	1-5kb
clu_66744	32593	0.149730938337802	20-50kb
clu_66745	7008	0.0195702680965147	5-20kb
clu_66746	3020	0.150749892761394	1-5kb
clu_66747	56042	0.0222915013404826	>50kb
clu_66749	605	0.0106177211796247	<1kb
clu_66758	12571	0.00866415549597855	5-20kb
clu_66759	2114	0.011105764075067	1-5kb
clu_66762	4303	0.0197824664879357	1-5kb
clu_66763	8324	0.028050563002681	5-20kb
clu_66770	1843	0.0275257372654155	1-5kb
clu_66771	2401	0.0300706166219839	1-5kb
clu_66772	1368	0.00264689008042895	1-5kb
clu_66774	5232	0.00802343163538874	5-20kb
clu_682	2918	0.00658651474530831	1-5kb
clu_683	308	0.00261825737265416	<1kb
clu_68352	14282	0.0104068632707775	5-20kb
clu_68354	4455	0.00125198391420912	1-5kb
clu_68359	8652	0.0298623056300268	5-20kb
clu_68384	1003	0.226397828418231	1-5kb
clu_68395	4461	0.006438418230563	1-5kb
clu_68399	21302	0.018704691689008	20-50kb
clu_68400	7222	0.0197549865951743	5-20kb
clu_68420	3393	0.00823689008042895	1-5kb
clu_68421	4569	0.0094529490616622	1-5kb
clu_68422	9327	0.0150935924932976	5-20kb
clu_68434	1420	0.0214106434316354	1-5kb
clu_68435	12537	0.0267680697050938	5-20kb
clu_68440	6387	0.0171717694369973	5-20kb
clu_68451	4720	0.117342332439678	1-5kb
clu_68452	4692	0.0259607774798928	1-5kb
clu_68465	1173	0.0401121715817694	1-5kb
clu_68466	1124	0.017831018766756	1-5kb
clu_68467	1526	0.00666302949061662	1-5kb
clu_68499	8063	0.134747158176944	5-20kb
clu_68508	9078	0.013793163538874	5-20kb
clu_68509	2184	0.0135812600536193	1-5kb
clu_68510	5776	0.0162841286863271	5-20kb
clu_68511	77	0.0317571849865952	<1kb
clu_68525	1360	0.0248378284182306	1-5kb
clu_68526	7324	0.0358302412868633	5-20kb
clu_68531	1276	0.00447112600536193	1-5kb
clu_68533	109	0.00116345844504021	<1kb
clu_68534	7903	0.0258637801608579	5-20kb
clu_68535	3771	0.053935308310992	1-5kb
clu_68539	3149	0.0434349597855228	1-5kb
clu_68540	10520	0.0267902144772118	5-20kb
clu_68541	300	0.00177375335120643	<1kb
clu_68553	608	0.0107492493297587	<1kb
clu_68554	1230	0.0210167292225201	1-5kb
clu_68555	1920	0.00783396782841823	1-5kb
clu_68556	1453	0.0122600536193029	1-5kb
clu_68557	3846	0.0352400268096515	1-5kb
clu_68560	5687	0.00989077747989276	5-20kb
clu_68561	5851	0.0224769168900804	5-20kb
clu_68563	1444	0.00382128686327078	1-5kb
clu_68567	2479	0.00506085790884719	1-5kb
clu_68568	1565	0.00441032171581769	1-5kb
clu_68576	1145	0.0143550938337802	1-5kb
clu_68578	3155	0.00494747989276139	1-5kb
clu_68582	129	0.107926756032172	<1kb
clu_68598	1818	0.177986568364611	1-5kb
clu_68603	343	0.012944691689008	<1kb
clu_68606	467	0.0273108579088472	<1kb
clu_68607	323	0.132226836461126	<1kb
clu_68628	202	0.00895123324396783	<1kb
clu_68629	765	0.0136924664879357	<1kb
clu_68637	37287	0.0291923324396783	20-50kb
clu_68640	33495	0.00898890080428954	20-50kb
clu_68641	2061	0.0235552010723861	1-5kb
clu_68645	4642	0.00312364611260054	1-5kb
clu_68646	1116	0.0162113672922252	1-5kb
clu_68677	423	0.0044444235924933	<1kb
clu_68679	131	0.0826821715817694	<1kb
clu_68680	570	0.00327214477211796	<1kb
clu_687	732	0.158984638069705	<1kb
clu_68708	2411	0.0466387935656837	1-5kb
clu_68709	2215	0.111120643431635	1-5kb
clu_68710	1017	0.021776273458445	1-5kb
clu_68712	382	0.00409434316353887	<1kb
clu_68717	1102	0.00746659517426273	1-5kb
clu_68721	36895	0.0547550670241287	20-50kb
clu_68722	1985	0.750140750670241	1-5kb
clu_68788	83	0.0115832707774799	<1kb
clu_68789	1499	0.0160634852546917	1-5kb
clu_68791	9932	0.142276756032172	5-20kb
clu_68793	479	0.00455179624664879	<1kb
clu_68796	14683	0.0214993297587131	5-20kb
clu_68798	15480	0.00484361930294906	5-20kb
clu_68815	71866	0.0776624932975871	>50kb
clu_68816	22106	0.018114235924933	20-50kb
clu_68820	6477	0.00129434316353887	5-20kb
clu_68821	147	0.00730056300268097	<1kb
clu_68824	4841	0.00910747989276139	1-5kb
clu_68833	3732	0.027489490616622	1-5kb
clu_68835	615	0.0115300268096515	<1kb
clu_68840	2580	0.0213499463806971	1-5kb
clu_68841	27570	0.00297436997319035	20-50kb
clu_68844	3450	0.00482780160857909	1-5kb
clu_68846	17435	0.0121958981233244	5-20kb
clu_68857	28915	0.0120161126005362	20-50kb
clu_68858	9577	0.0232345844504021	5-20kb
clu_68860	1914	0.0987372386058981	1-5kb
clu_68861	241	0.0515855227882038	<1kb
clu_68880	1977	0.0355527882037533	1-5kb
clu_68884	5023	0.0415135120643432	5-20kb
clu_68887	1499	0.0128597855227882	1-5kb
clu_68891	7364	0.0123872386058981	5-20kb
clu_68892	8923	0.00783600536193029	5-20kb
clu_68896	5764	0.00546289544235925	5-20kb
clu_68904	1145	0.00881211796246649	1-5kb
clu_68910	1325	0.0118349329758713	1-5kb
clu_68915	6399	0.0468289008042895	5-20kb
clu_68916	26362	0.00317648793565684	20-50kb
clu_68918	3212	0.00220386058981233	1-5kb
clu_68920	1649	0.00517643431635389	1-5kb
clu_68921	2544	0.0414666487935657	1-5kb
clu_68922	2121	0.00255152815013405	1-5kb
clu_68930	461	0.0135449061662198	<1kb
clu_68931	1885	0.00377029490616622	1-5kb
clu_68932	1872	0.00284788203753351	1-5kb
clu_68934	452	0.0039345308310992	<1kb
clu_68945	4672	0.00397388739946381	1-5kb
clu_68946	30702	0.00975544235924933	20-50kb
clu_68948	2019	0.00594372654155496	1-5kb
clu_68951	2286	0.0019945308310992	1-5kb
clu_68952	11205	0.025594745308311	5-20kb
clu_68966	15525	0.00944812332439678	5-20kb
clu_68972	14109	0.278442573726542	5-20kb
clu_68978	6061	0.00954624664879357	5-20kb
clu_68981	140	0.0119282037533512	<1kb
clu_68983	20013	0.0656132707774799	20-50kb
clu_68984	780	0.049076273458445	<1kb
clu_68986	1915	0.0279329222520107	1-5kb
clu_68995	294	0.00435093833780161	<1kb
clu_69001	11674	0.0764114209115282	5-20kb
clu_69002	1067	0.0525978284182306	1-5kb
clu_69003	5296	0.0060583109919571	5-20kb
clu_69005	752	0.0685075335120643	<1kb
clu_69006	1088	0.047876273458445	1-5kb
clu_69015	2049	0.00292466487935657	1-5kb
clu_69028	5339	0.00244903485254692	5-20kb
clu_69029	2521	0.0105482305630027	1-5kb
clu_69030	5753	0.074948927613941	5-20kb
clu_69033	211	0.0761039946380697	<1kb
clu_69035	7665	0.0127681233243968	5-20kb
clu_69044	6938	0.00326050938337802	5-20kb
clu_69045	2729	0.0153772922252011	1-5kb
clu_69054	91	0.0141607774798928	<1kb
clu_69056	13558	0.0579996514745308	5-20kb
clu_69057	372	0.0128272654155496	<1kb
clu_69059	357	0.00105571045576407	<1kb
clu_69060	2312	0.000875067024128686	1-5kb
clu_69062	6671	0.0126823056300268	5-20kb
clu_69074	6940	0.349013002680965	5-20kb
clu_69075	3959	0.03059418230563	1-5kb
clu_69085	2906	0.00857576407506702	1-5kb
clu_69087	3193	0.0466407774798928	1-5kb
clu_69088	11462	0.0212351742627346	5-20kb
clu_69091	4456	0.00908973190348526	1-5kb
clu_69095	799	0.0205496514745308	<1kb
clu_691	1326	0.00545882037533512	1-5kb
clu_69101	5380	0.386945576407507	5-20kb
clu_69102	1151	0.00378235924932976	1-5kb
clu_69103	6136	0.0103017426273458	5-20kb
clu_69123	3105	0.055235308310992	1-5kb
clu_69131	862	0.331537372654156	<1kb
clu_69133	1070	0.0229280160857909	1-5kb
clu_69143	7222	0.0634941018766756	5-20kb
clu_69144	76322	0.091503726541555	>50kb
clu_69160	11192	0.00773517426273458	5-20kb
clu_69166	24993	0.164454584450402	20-50kb
clu_69179	1849	0.0922974262734585	1-5kb
clu_69182	1953	0.478964932975871	1-5kb
clu_69189	12019	0.338692707774799	5-20kb
clu_692	2803	0.00715174262734584	1-5kb
clu_69213	9425	0.0640518766756032	5-20kb
clu_69218	1739	0.0819068096514745	1-5kb
clu_69225	2740	0.112184235924933	1-5kb
clu_69226	1779	0.046402091152815	1-5kb
clu_69279	1949	0.0228606970509383	1-5kb
clu_69295	6693	0.0122103217158177	5-20kb
clu_69297	1968	0.00795994638069705	1-5kb
clu_693	12099	0.0788016621983914	5-20kb
clu_69304	2293	0.0992941286863271	1-5kb
clu_69305	13241	0.0015127345844504	5-20kb
clu_69306	2114	0.0280785254691689	1-5kb
clu_69309	82124	0.206264584450402	>50kb
clu_69310	3607	0.270933217158177	1-5kb
clu_69321	25418	0.0436824128686327	20-50kb
clu_69325	16707	0.0886242627345845	5-20kb
clu_69347	314	0.299182707774799	<1kb
clu_69348	1185	0.0607112600536193	1-5kb
clu_69349	539	0.0133008579088472	<1kb
clu_69350	756	0.0216988203753351	<1kb
clu_69351	3871	0.0131004289544236	1-5kb
clu_69355	837	0.0115312332439678	<1kb
clu_69358	1652	0.00854747989276139	1-5kb
clu_69359	2747	0.00517227882037534	1-5kb
clu_69362	4874	0.403193190348525	1-5kb
clu_69364	7068	0.0918822520107239	5-20kb
clu_69376	8223	0.00254697050938338	5-20kb
clu_69383	16712	0.050484745308311	5-20kb
clu_69387	2879	0.00824549597855228	1-5kb
clu_69390	2880	0.0194968632707775	1-5kb
clu_69405	2358	0.315520670241287	1-5kb
clu_69406	4275	0.0146693565683646	1-5kb
clu_69407	876	0.00307624664879357	<1kb
clu_69409	3889	0.00360796246648794	1-5kb
clu_69415	4355	0.0026611528150134	1-5kb
clu_69416	6333	0.0102899463806971	5-20kb
clu_69418	1582	0.00255337801608579	1-5kb
clu_69419	15784	0.0351354423592493	5-20kb
clu_69422	4444	0.00352474530831099	1-5kb
clu_69425	21648	0.292393485254692	20-50kb
clu_69435	7605	0.018208981233244	5-20kb
clu_69439	2761	0.0247873726541555	1-5kb
clu_69460	953	0.0173816085790885	<1kb
clu_69461	16245	0.0461930294906166	5-20kb
clu_69464	7094	0.039116273458445	5-20kb
clu_69465	2572	0.0279285254691689	1-5kb
clu_69468	318	0.00536099195710456	<1kb
clu_69469	4349	0.0194543699731903	1-5kb
clu_69470	5873	0.0181822252010724	5-20kb
clu_69472	4546	0.00397745308310992	1-5kb
clu_69475	3628	0.0073198927613941	1-5kb
clu_69476	411	0.198498042895442	<1kb
clu_69477	6789	0.135455495978552	5-20kb
clu_69478	5993	0.205844075067024	5-20kb
clu_69479	3918	0.0752187935656836	1-5kb
clu_69481	5578	0.0248069973190349	5-20kb
clu_69495	1848	0.00302053619302949	1-5kb
clu_69496	6773	0.0178063806970509	5-20kb
clu_695	3059	0.105092198391421	1-5kb
clu_69510	5410	0.0213258981233244	5-20kb
clu_69528	81140	0.0912474530831099	>50kb
clu_69531	7239	0.0437128150134048	5-20kb
clu_69536	3900	0.0639243699731903	1-5kb
clu_69554	2544	0.0137002680965147	1-5kb
clu_69559	3720	0.0191615549597855	1-5kb
clu_69561	5433	0.00635595174262735	5-20kb
clu_69562	519	0.00433493297587131	<1kb
clu_69565	4741	0.0336256032171582	1-5kb
clu_69566	998	0.0158627882037534	<1kb
clu_69567	119	0.00609659517426273	<1kb
clu_69592	7018	0.0114791689008043	5-20kb
clu_69601	1238	0.0352594101876676	1-5kb
clu_69606	4973	0.00249276139410188	1-5kb
clu_69615	21024	0.102699544235925	20-50kb
clu_69618	3291	0.0157582573726542	1-5kb
clu_69620	1857	0.00730332439678284	1-5kb
clu_69621	4943	0.00270957104557641	1-5kb
clu_69624	7401	0.00406833780160858	5-20kb
clu_69626	1653	0.00115994638069705	1-5kb
clu_69627	1098	0.0629008847184987	1-5kb
clu_69629	3397	0.083548471849866	1-5kb
clu_69631	3795	0.00494450402144772	1-5kb
clu_69632	3509	0.0120545040214477	1-5kb
clu_69640	9055	0.00315013404825737	5-20kb
clu_69681	2436	0.0263782305630027	1-5kb
clu_69682	7058	0.124911420911528	5-20kb
clu_69683	17221	0.0891607506702413	5-20kb
clu_69687	3072	0.0179446380697051	1-5kb
clu_69697	87752	0.0676389008042895	>50kb
clu_697	492	0.0823270509383378	<1kb
clu_69700	1344	0.0294361126005362	1-5kb
clu_69704	5867	0.0364692225201072	5-20kb
clu_69706	552	0.0204066219839142	<1kb
clu_69709	2260	0.00588946380697051	1-5kb
clu_69710	5180	0.0165217158176944	5-20kb
clu_69714	608	0.0642842627345844	<1kb
clu_69716	6549	0.200631957104558	5-20kb
clu_69719	5305	0.0533851742627346	5-20kb
clu_69725	404	0.0219687935656836	<1kb
clu_69727	650	0.00265235924932976	<1kb
clu_69729	1862	0.051437345844504	1-5kb
clu_69731	2042	0.00352911528150134	1-5kb
clu_69733	2167	0.00603	1-5kb
clu_69735	10540	0.0130549865951743	5-20kb
clu_69736	3799	0.00324656836461126	1-5kb
clu_69740	3481	0.00216321715817694	1-5kb
clu_69741	2096	0.00170512064343164	1-5kb
clu_69742	1685	0.00391407506702413	1-5kb
clu_69744	30825	0.123616568364611	20-50kb
clu_69746	392	0.00184892761394102	<1kb
clu_69781	5261	0.0376060053619303	5-20kb
clu_69791	1203	0.0927765147453083	1-5kb
clu_69796	1280	0.0305971849865952	1-5kb
clu_698	953	0.061370053619303	<1kb
clu_69818	630	0.00494919571045576	<1kb
clu_69821	6574	0.00798029490616622	5-20kb
clu_69823	1756	0.0314286327077748	1-5kb
clu_69825	6674	0.0292474262734584	5-20kb
clu_69826	1131	0.00786981233243968	1-5kb
clu_69827	1305	0.00787050938337802	1-5kb
clu_69828	4284	0.0193181501340483	1-5kb
clu_69830	1137	0.0394197050938338	1-5kb
clu_69832	1369	0.0202025201072386	1-5kb
clu_69834	29303	0.366854477211796	20-50kb
clu_69835	2702	0.0203358445040214	1-5kb
clu_69836	1798	0.0300191957104558	1-5kb
clu_69837	3102	0.00154050938337802	1-5kb
clu_69863	7466	0.0526980160857909	5-20kb
clu_69864	2296	0.00132260053619303	1-5kb
clu_69866	132	0.000396085790884719	<1kb
clu_69870	1940	0.404385495978552	1-5kb
clu_69871	5183	0.0480469436997319	5-20kb
clu_69883	76	0.264535764075067	<1kb
clu_69888	77	0.0124213404825737	<1kb
clu_69889	140	0.0188687935656836	<1kb
clu_69891	1957	0.0766887399463807	1-5kb
clu_69902	124	0.165237828418231	<1kb
clu_69910	77	0.00613876675603217	<1kb
clu_69911	93	0.00590772117962466	<1kb
clu_69917	94	0.00636616621983914	<1kb
clu_69918	97	8.63002680965147e-05	<1kb
clu_69922	160	0.00429375335120643	<1kb
clu_69923	124	0.00435120643431635	<1kb
clu_69938	107	0.00362077747989276	<1kb
clu_69942	11014	0.0565638069705094	5-20kb
clu_69945	20058	0.106305683646113	20-50kb
clu_69959	128	0.10985764075067	<1kb
clu_69963	325	0.0308733243967828	<1kb
clu_69965	74	0.0337990080428954	<1kb
clu_69966	72	0.0140501876675603	<1kb
clu_69970	17031	0.0368095978552279	5-20kb
clu_69971	71	0.00465008042895442	<1kb
clu_69973	126	0.00309680965147453	<1kb
clu_69975	229	0.000970938337801609	<1kb
clu_69976	70	0.00540758713136729	<1kb
clu_69980	5279	0.0444479624664879	5-20kb
clu_69982	7440	0.125303780160858	5-20kb
clu_69983	109	0.132701501340483	<1kb
clu_69986	105	0.0295413404825737	<1kb
clu_70018	90	0.0489603485254692	<1kb
clu_70027	2952	0.156438042895442	1-5kb
clu_70966	3921	0.056443109919571	1-5kb
clu_70967	4496	0.145375335120643	1-5kb
clu_70968	18430	0.17522	5-20kb
clu_70969	23248	0.0343789544235925	20-50kb
clu_70970	15132	0.0065871581769437	5-20kb
clu_71008	36611	0.042990509383378	20-50kb
clu_71011	11309	0.143052975871314	5-20kb
clu_71015	756	0.479170455764075	<1kb
clu_71017	5882	0.0146397319034853	5-20kb
clu_71024	5354	0.806494209115281	5-20kb
clu_71041	82	0.359853351206434	<1kb
clu_71042	1889	0.235445415549598	1-5kb
clu_71045	2472	0.0118845308310992	1-5kb
clu_71049	854	0.0269019839142091	<1kb
clu_71070	1850	0.00784321715817694	1-5kb
clu_711	102	0.473997667560322	<1kb
clu_71112	741	0.0183603753351206	<1kb
clu_71119	88	0.000736461126005362	<1kb
clu_71126	2346	0.0498859517426273	1-5kb
clu_71127	335	0.00287890080428954	<1kb
clu_71141	1203	0.0123182573726542	1-5kb
clu_71142	1037	0.0136808579088472	1-5kb
clu_71166	913	0.461289034852547	<1kb
clu_71168	1653	0.0228782037533512	1-5kb
clu_71182	692	0.0123748525469169	<1kb
clu_71186	912	0.135489168900804	<1kb
clu_71187	3618	0.120880965147453	1-5kb
clu_71197	4153	0.0220249329758713	1-5kb
clu_71213	2745	0.0068697855227882	1-5kb
clu_71230	835	0.013191581769437	<1kb
clu_71232	3261	0.00674844504021448	1-5kb
clu_71233	24861	0.0167257372654155	20-50kb
clu_71234	4289	0.0407185522788204	1-5kb
clu_71235	9540	0.0117704557640751	5-20kb
clu_71236	1566	0.0143446112600536	1-5kb
clu_71239	1902	0.00277790884718499	1-5kb
clu_71240	2869	0.00562836461126005	1-5kb
clu_71242	15671	0.0112427077747989	5-20kb
clu_71247	6254	0.0100671313672922	5-20kb
clu_71249	1241	0.0292521983914209	1-5kb
clu_71255	3264	0.0135308847184987	1-5kb
clu_71273	1596	0.00175890080428954	1-5kb
clu_71280	2723	0.00430914209115281	1-5kb
clu_71288	26660	0.00638514745308311	20-50kb
clu_71302	16158	0.0243213941018767	5-20kb
clu_71303	11338	0.0254540750670241	5-20kb
clu_71307	542	0.00633595174262735	<1kb
clu_71325	3986	0.00835233243967828	1-5kb
clu_71328	5961	0.000750563002680965	5-20kb
clu_71330	1536	0.127999624664879	1-5kb
clu_71331	955	0.00480828418230563	<1kb
clu_71340	3491	0.033433163538874	1-5kb
clu_71344	5557	0.00201624664879357	5-20kb
clu_71351	968	0.00929324396782842	<1kb
clu_71357	28920	0.0264493297587131	20-50kb
clu_71361	807	0.0135874798927614	<1kb
clu_71368	3789	0.0204941554959786	1-5kb
clu_71409	1314	0.06018418230563	1-5kb
clu_71428	10790	0.0577864611260054	5-20kb
clu_71432	2686	0.0880009115281501	1-5kb
clu_71433	6202	0.726340670241287	5-20kb
clu_71438	3642	0.00434091152815013	1-5kb
clu_71439	4514	0.0144616085790885	1-5kb
clu_71449	769	0.169774959785523	<1kb
clu_71454	624	0.016517399463807	<1kb
clu_71464	1803	0.00493369973190349	1-5kb
clu_71465	2232	0.00861013404825737	1-5kb
clu_71489	15081	0.0652541286863271	5-20kb
clu_71497	10140	0.0192190348525469	5-20kb
clu_71500	1619	0.0143015013404826	1-5kb
clu_71502	1385	0.0171832439678284	1-5kb
clu_71504	2094	0.0250926809651475	1-5kb
clu_71507	5959	0.00802308310991957	5-20kb
clu_71508	9267	0.00225780160857909	5-20kb
clu_71511	10379	0.0118108042895442	5-20kb
clu_71515	3262	0.0194749865951743	1-5kb
clu_71522	11697	0.133275361930295	5-20kb
clu_71526	136	0.00490252010723861	<1kb
clu_71527	431	0.0181520107238606	<1kb
clu_71528	792	0.00542986595174263	<1kb
clu_71530	1727	0.0185425201072386	1-5kb
clu_71532	1263	0.00420254691689008	1-5kb
clu_71534	1763	0.00729155495978552	1-5kb
clu_71536	7437	0.0345545040214477	5-20kb
clu_71565	4219	0.0253947184986595	1-5kb
clu_71569	4171	0.0183400536193029	1-5kb
clu_71580	7752	0.0201877211796247	5-20kb
clu_71581	10168	0.00765359249329759	5-20kb
clu_71588	84	0.00872565683646113	<1kb
clu_71589	4861	0.00232302949061662	1-5kb
clu_71591	4045	0.00273731903485255	1-5kb
clu_71594	1953	0.00829528150134048	1-5kb
clu_71595	7492	0.00980624664879357	5-20kb
clu_71596	2979	0.141598016085791	1-5kb
clu_71597	58527	0.0108660053619303	>50kb
clu_71615	5269	0.0207218766756032	5-20kb
clu_71617	2408	0.00626651474530831	1-5kb
clu_71618	1297	0.00662067024128686	1-5kb
clu_71620	1477	0.0170226809651475	1-5kb
clu_71622	1119	0.0328608310991957	1-5kb
clu_71623	5342	0.00643753351206434	5-20kb
clu_71625	989	0.00736734584450402	<1kb
clu_71641	22687	0.0572701608579088	20-50kb
clu_71642	69891	0.0326739946380697	>50kb
clu_71643	1684	0.0605154423592493	1-5kb
clu_71646	1947	0.0368322788203753	1-5kb
clu_71653	39043	0.118125335120643	20-50kb
clu_71658	2272	0.00324077747989276	1-5kb
clu_71662	897	0.0128803485254692	<1kb
clu_71665	24207	0.0236330026809651	20-50kb
clu_71666	12335	0.00970050938337802	5-20kb
clu_71668	55655	0.00571520107238606	>50kb
clu_71670	11535	0.0197628686327078	5-20kb
clu_71671	5131	0.0293596514745308	5-20kb
clu_71673	9090	0.00366353887399464	5-20kb
clu_71674	3710	0.000492198391420912	1-5kb
clu_71685	57989	0.133968069705094	>50kb
clu_71691	83850	0.00521198391420912	>50kb
clu_71693	1653	0.00924764075067024	1-5kb
clu_71704	10271	0.00304383378016086	5-20kb
clu_71705	2284	0.0212975067024129	1-5kb
clu_71706	2846	0.00914211796246649	1-5kb
clu_71709	10793	0.102754852546917	5-20kb
clu_71716	12096	0.0198834048257373	5-20kb
clu_71725	461	0.003271581769437	<1kb
clu_71726	2340	0.00861286863270777	1-5kb
clu_71728	18355	0.0288843699731903	5-20kb
clu_71739	2773	0.000860643431635389	1-5kb
clu_71740	6929	0.0207004289544236	5-20kb
clu_71741	481	0.0508330294906166	<1kb
clu_71745	5689	0.0127985790884719	5-20kb
clu_71751	11998	0.00853018766756032	5-20kb
clu_71752	992	0.0117284450402145	<1kb
clu_71754	1643	0.0053213672922252	1-5kb
clu_71755	5253	0.0228028686327078	5-20kb
clu_71756	24854	0.00668753351206434	20-50kb
clu_71783	616	0.0289203485254692	<1kb
clu_71784	3613	0.0201947184986595	1-5kb
clu_71785	3199	0.032335254691689	1-5kb
clu_71786	3400	0.0211631903485255	1-5kb
clu_71787	8968	0.0978508310991957	5-20kb
clu_71790	742	0.00806254691689008	<1kb
clu_71791	436	0.0037841018766756	<1kb
clu_71796	1706	0.019930509383378	1-5kb
clu_71797	1620	0.0126328954423592	1-5kb
clu_71798	9442	0.0124679892761394	5-20kb
clu_71816	2167	0.00229203753351206	1-5kb
clu_71819	8280	0.0181223860589812	5-20kb
clu_71820	1637	0.0466835656836461	1-5kb
clu_71821	7102	0.0841175067024129	5-20kb
clu_71822	16248	0.039249490616622	5-20kb
clu_71824	39915	0.0904500268096515	20-50kb
clu_71828	70741	0.0299464879356568	>50kb
clu_71830	16242	0.0162323860589812	5-20kb
clu_71834	41964	0.052973163538874	20-50kb
clu_71839	9224	0.000336675603217158	5-20kb
clu_71852	3015	0.432891849865952	1-5kb
clu_71853	2882	0.310505442359249	1-5kb
clu_71855	607	0.0110695174262735	<1kb
clu_71856	4939	0.00974372654155496	1-5kb
clu_71864	2280	0.000493699731903485	1-5kb
clu_71866	235	0.0101155764075067	<1kb
clu_71867	2630	0.00326206434316354	1-5kb
clu_71875	3384	0.0230216085790885	1-5kb
clu_71888	5098	0.00323908847184987	5-20kb
clu_71889	6114	0.0455853619302949	5-20kb
clu_71890	1267	0.0765499731903485	1-5kb
clu_71891	541	0.00722595174262735	<1kb
clu_71892	1668	0.00306798927613941	1-5kb
clu_71894	3891	0.0391185790884718	1-5kb
clu_71896	174	0.0292093029490617	<1kb
clu_71897	1633	0.00160565683646113	1-5kb
clu_71898	1185	0.0148227882037534	1-5kb
clu_71907	2711	0.0147265415549598	1-5kb
clu_71912	3168	0.00671616621983914	1-5kb
clu_71913	593	0.000871689008042895	<1kb
clu_71914	3119	0.0119013404825737	1-5kb
clu_71915	2353	0.0496890616621984	1-5kb
clu_71919	969	0.00860600536193029	<1kb
clu_71920	2772	0.0365197050938338	1-5kb
clu_71921	6999	0.101156300268097	5-20kb
clu_71953	1367	0.0014597855227882	1-5kb
clu_71975	4001	0.0526905898123324	1-5kb
clu_72002	1676	0.0460027613941019	1-5kb
clu_72007	1906	0.0158411260053619	1-5kb
clu_72009	3947	0.0126211796246649	1-5kb
clu_72010	12944	0.0422568096514745	5-20kb
clu_72012	3386	0.013497345844504	1-5kb
clu_72013	3242	0.0142350938337802	1-5kb
clu_72014	3301	0.0426039678284182	1-5kb
clu_72015	11061	0.00311123324396783	5-20kb
clu_72019	26127	0.011264235924933	20-50kb
clu_72030	2141	0.00265024128686327	1-5kb
clu_72031	5554	0.00116758713136729	5-20kb
clu_72032	6040	0.00859903485254692	5-20kb
clu_72033	2085	0.0528350670241287	1-5kb
clu_72035	5298	0.0122917158176944	5-20kb
clu_72044	6623	0.122692680965147	5-20kb
clu_72055	3269	0.0418145844504021	1-5kb
clu_72058	327	0.0317433780160858	<1kb
clu_72059	2669	0.143270428954424	1-5kb
clu_72068	3533	0.0152727882037534	1-5kb
clu_72070	835	0.00479300268096515	<1kb
clu_72071	2508	0.00508056300268097	1-5kb
clu_72076	454	0.00487383378016086	<1kb
clu_72077	5433	0.00288903485254692	5-20kb
clu_72138	2181	0.0058372654155496	1-5kb
clu_72149	22534	0.0152304289544236	20-50kb
clu_72151	25766	0.0955601340482574	20-50kb
clu_72153	32360	0.0462753887399464	20-50kb
clu_72154	18410	0.113066621983914	5-20kb
clu_72155	10080	0.0573804825737265	5-20kb
clu_72212	48675	0.0125560589812332	20-50kb
clu_72214	3811	0.00848471849865952	1-5kb
clu_72228	10177	0.0540601340482574	5-20kb
clu_72229	12186	0.0189390616621984	5-20kb
clu_72232	1055	0.012260509383378	1-5kb
clu_72236	25183	0.0437433780160858	20-50kb
clu_72259	3089	0.0702768632707775	1-5kb
clu_72260	13739	0.0296697587131367	5-20kb
clu_72261	8744	0.0122666487935657	5-20kb
clu_72288	24596	0.0128990884718499	20-50kb
clu_72289	32160	0.0388257372654155	20-50kb
clu_72294	109	0.202068016085791	<1kb
clu_72295	253	0.220960321715818	<1kb
clu_72306	96	0.00246396782841823	<1kb
clu_72307	219	0.00643932975871314	<1kb
clu_72314	74	0.000852252010723861	<1kb
clu_72315	438	0.000554584450402145	<1kb
clu_72330	435	0.0179577479892761	<1kb
clu_72332	72	0.00558745308310992	<1kb
clu_72334	816	0.00970067024128686	<1kb
clu_72336	7852	0.00345487935656836	5-20kb
clu_72341	920	0.0055858981233244	<1kb
clu_72385	4167	0.177956300268097	1-5kb
clu_72417	2981	0.0247175871313673	1-5kb
clu_72418	327	0.0574243163538874	<1kb
clu_72422	180	0.00614142091152815	<1kb
clu_72425	69	0.00393388739946381	<1kb
clu_72428	98	0.00614825737265416	<1kb
clu_72439	68	0.0352824932975871	<1kb
clu_72440	125	0.0147115549597855	<1kb
clu_72443	74	0.00581517426273458	<1kb
clu_72447	79	0.00470876675603217	<1kb
clu_72453	81	0.00923581769436997	<1kb
clu_72454	74	0.029236890080429	<1kb
clu_72457	140	0.0086316890080429	<1kb
clu_72458	89	0.00290139410187668	<1kb
clu_72467	7341	0.130513860589812	5-20kb
clu_72470	290	0.0692840214477212	<1kb
clu_72471	631	0.0100326809651475	<1kb
clu_72472	253	0.0321992761394102	<1kb
clu_72475	303	0.0113847721179625	<1kb
clu_72476	107	0.00890450402144772	<1kb
clu_72481	140	0.0114906970509383	<1kb
clu_72483	95	0.0213796246648794	<1kb
clu_72484	264	0.00483538873994638	<1kb
clu_72497	121	0.0050744235924933	<1kb
clu_72498	76	0.023005254691689	<1kb
clu_72499	67	0.0268090080428954	<1kb
clu_72501	306	0.107169249329759	<1kb
clu_72502	285	0.0138045844504021	<1kb
clu_72504	79	0.0142509651474531	<1kb
clu_72536	238	0.0334200804289544	<1kb
clu_72539	13420	0.039472091152815	5-20kb
clu_731	590	0.155702439678284	<1kb
clu_73632	13360	0.00685061662198391	5-20kb
clu_73634	8542	0.00522847184986595	5-20kb
clu_73639	27696	0.00386817694369973	20-50kb
clu_73643	2577	0.00727485254691689	1-5kb
clu_73648	1607	0.126921983914209	1-5kb
clu_73670	9431	0.0039187399463807	5-20kb
clu_73672	4055	0.00219447721179625	1-5kb
clu_73681	464	0.025930053619303	<1kb
clu_73690	588	0.0354350134048257	<1kb
clu_73691	321	0.0154798123324397	<1kb
clu_73705	16741	0.006958418230563	5-20kb
clu_73706	1518	0.00442825737265416	1-5kb
clu_73708	2139	0.00991908847184987	1-5kb
clu_73720	784	0.085186836461126	<1kb
clu_73736	1010	0.0245924932975871	1-5kb
clu_73738	8013	0.00809659517426273	5-20kb
clu_73739	6742	0.211520643431635	5-20kb
clu_73741	33268	0.111021769436997	20-50kb
clu_73742	11637	0.0240736193029491	5-20kb
clu_73743	4330	0.0108918498659517	1-5kb
clu_73744	289	0.0770422520107239	<1kb
clu_73745	5694	0.0194769973190349	5-20kb
clu_73759	26399	0.0993641018766756	20-50kb
clu_73760	4721	0.0409537533512064	1-5kb
clu_73761	6900	0.223123780160858	5-20kb
clu_73762	3265	0.293971501340483	1-5kb
clu_73763	657	0.096853672922252	<1kb
clu_73764	620	0.0138945308310992	<1kb
clu_73772	8856	0.00361359249329759	5-20kb
clu_73778	3047	0.173980214477212	1-5kb
clu_73779	1939	0.00771804289544236	1-5kb
clu_73780	54484	0.0144427882037534	>50kb
clu_73781	24195	0.0033941018766756	20-50kb
clu_73788	1317	0.0111243163538874	1-5kb
clu_73794	2484	0.0410283378016086	1-5kb
clu_73799	2892	0.0292615013404826	1-5kb
clu_73814	82826	0.211293887399464	>50kb
clu_73826	14223	0.185388284182306	5-20kb
clu_73838	5020	0.0059685254691689	5-20kb
clu_73839	3815	0.0134508579088472	1-5kb
clu_73840	1809	0.0130474798927614	1-5kb
clu_73851	11196	0.211607774798928	5-20kb
clu_73854	31028	0.310670804289544	20-50kb
clu_73855	19701	0.0108297319034853	5-20kb
clu_73856	423	0.0206060321715818	<1kb
clu_73858	1917	0.00605260053619303	1-5kb
clu_73860	3052	0.0177702412868633	1-5kb
clu_73861	2940	0.0128088471849866	1-5kb
clu_73866	23354	0.0119495978552279	20-50kb
clu_73867	2971	0.00709573726541555	1-5kb
clu_73878	4432	0.0233894101876676	1-5kb
clu_73888	18824	0.0133379624664879	5-20kb
clu_73914	321	0.00449595174262735	<1kb
clu_73919	3793	0.00546772117962467	1-5kb
clu_73920	6007	0.158713002680965	5-20kb
clu_73922	4442	0.0404715281501341	1-5kb
clu_73923	663	0.00884383378016086	<1kb
clu_73925	1854	0.0160230831099196	1-5kb
clu_73930	13206	0.0140685790884718	5-20kb
clu_73931	4919	0.0169835656836461	1-5kb
clu_73932	6844	0.0144490080428954	5-20kb
clu_73937	126	0.0109271045576408	<1kb
clu_73938	153	0.0810545576407507	<1kb
clu_73939	162	0.00767560321715818	<1kb
clu_73940	103	0.013334745308311	<1kb
clu_73941	804	0.0595691420911528	<1kb
clu_73972	3552	0.109505308310992	1-5kb
clu_73998	172	0.00794707774798928	<1kb
clu_74003	1673	0.145512788203753	1-5kb
clu_74011	80	0.00373131367292225	<1kb
clu_74012	214	0.0292238605898123	<1kb
clu_74016	5514	0.502774101876676	5-20kb
clu_74022	79	0.0267877479892761	<1kb
clu_74023	71	0.0222749865951743	<1kb
clu_74026	360	0.0429129222520107	<1kb
clu_74028	189	0.023918927613941	<1kb
clu_74030	167	0.0703051206434316	<1kb
clu_74032	6503	0.138766943699732	5-20kb
clu_74035	4131	0.536702600536193	1-5kb
clu_74048	4971	0.000710375335120643	1-5kb
clu_74049	7423	0.00247627345844504	5-20kb
clu_74051	5823	0.0526866219839142	5-20kb
clu_74052	2103	0.00487876675603217	1-5kb
clu_74053	9796	0.0172830563002681	5-20kb
clu_74054	7986	0.0091483109919571	5-20kb
clu_74060	59769	0.643766756032172	>50kb
clu_74061	21522	0.00632820375335121	20-50kb
clu_74062	2011	0.00241648793565684	1-5kb
clu_74065	3256	0.0199935924932976	1-5kb
clu_74068	1198	0.00334954423592493	1-5kb
clu_74073	459	0.0708161394101877	<1kb
clu_74075	5542	0.0288444504021448	5-20kb
clu_74077	12493	0.108774075067024	5-20kb
clu_74078	2258	0.0941956568364611	1-5kb
clu_74079	946	0.0708865683646113	<1kb
clu_741	3607	0.0161330026809651	1-5kb
clu_74152	3035	0.00744364611260054	1-5kb
clu_74155	2632	0.00541281501340483	1-5kb
clu_74158	387	0.0148146380697051	<1kb
clu_74174	3027	0.37836235924933	1-5kb
clu_74175	1551	0.0435993565683646	1-5kb
clu_74176	5033	0.0771934852546917	5-20kb
clu_74177	1705	0.22087672922252	1-5kb
clu_74178	11539	0.017482600536193	5-20kb
clu_74180	387	0.00521402144772118	<1kb
clu_74192	36738	0.0559756568364611	20-50kb
clu_74202	7576	0.020283163538874	5-20kb
clu_74205	4206	0.00306040214477212	1-5kb
clu_74209	1450	0.00300965147453083	1-5kb
clu_74212	1308	0.00529949061662198	1-5kb
clu_74222	3616	0.028834745308311	1-5kb
clu_74223	9381	0.0229009651474531	5-20kb
clu_74224	4519	0.0195809919571046	1-5kb
clu_74226	20000	0.134247158176944	20-50kb
clu_74227	1719	0.00301123324396783	1-5kb
clu_74228	1073	0.0485708579088472	1-5kb
clu_74259	10018	0.0129483646112601	5-20kb
clu_74262	1177	0.0254202949061662	1-5kb
clu_74272	2293	0.145176970509383	1-5kb
clu_74277	8872	0.0140814745308311	5-20kb
clu_74293	21148	0.0575916353887399	20-50kb
clu_74305	3419	0.120093967828418	1-5kb
clu_74310	1188	0.0220667560321716	1-5kb
clu_74311	7942	0.0039245308310992	5-20kb
clu_74318	36478	0.0367321179624665	20-50kb
clu_74326	357	0.0036801072386059	<1kb
clu_74335	18817	0.0214755227882038	5-20kb
clu_74362	12786	0.0205722252010724	5-20kb
clu_74363	627	0.0151528954423592	<1kb
clu_74366	574	0.0108064343163539	<1kb
clu_74372	1272	0.00526648793565684	1-5kb
clu_74375	2426	0.00714619302949062	1-5kb
clu_74380	10469	0.0050013672922252	5-20kb
clu_74381	10267	0.0282355227882038	5-20kb
clu_74382	2914	0.0215181233243968	1-5kb
clu_74388	22349	0.156874745308311	20-50kb
clu_74390	6472	0.0434533512064343	5-20kb
clu_74391	5629	0.0119265147453083	5-20kb
clu_74392	1535	0.155899731903485	1-5kb
clu_74399	133	0.0589871849865952	<1kb
clu_74406	7004	0.00353396782841823	5-20kb
clu_74407	6900	0.00822487935656836	5-20kb
clu_74412	5189	0.00424391420911528	5-20kb
clu_74413	8069	0.0162359249329759	5-20kb
clu_74425	1738	0.00200064343163539	1-5kb
clu_74428	1615	0.00606343163538874	1-5kb
clu_74429	7484	0.0123182573726542	5-20kb
clu_74430	2772	0.00971758713136729	1-5kb
clu_74433	1873	0.0916824128686327	1-5kb
clu_74434	1477	0.00948788203753351	1-5kb
clu_74435	2751	0.227414664879357	1-5kb
clu_74437	16780	0.127721983914209	5-20kb
clu_74438	10885	0.0379683646112601	5-20kb
clu_74440	5690	0.0116815013404826	5-20kb
clu_74442	1924	0.00308150134048257	1-5kb
clu_74447	1047	0.0575295442359249	1-5kb
clu_74456	1019	0.535466300268096	1-5kb
clu_74462	3442	0.012908471849866	1-5kb
clu_74468	6745	0.145218016085791	5-20kb
clu_74470	40230	0.0115485790884718	20-50kb
clu_74472	1640	0.0198955495978552	1-5kb
clu_74473	1984	0.0373534048257373	1-5kb
clu_74479	4249	0.0550464075067024	1-5kb
clu_74484	19883	0.0250475603217158	5-20kb
clu_74489	4784	0.0649083378016086	1-5kb
clu_74490	9106	0.0334532707774799	5-20kb
clu_74498	14364	0.049892091152815	5-20kb
clu_74499	3861	0.0588576139410188	1-5kb
clu_74500	7523	0.0464304557640751	5-20kb
clu_74501	1276	0.0811450134048257	1-5kb
clu_74502	13367	0.00370257372654156	5-20kb
clu_74504	1707	0.00796072386058981	1-5kb
clu_74528	4077	0.00611839142091153	1-5kb
clu_74531	2254	0.0142873190348525	1-5kb
clu_74532	6939	0.0122473190348525	5-20kb
clu_74533	22253	0.0735569973190349	20-50kb
clu_74536	1541	0.0198487131367292	1-5kb
clu_74537	446	0.0221987935656836	<1kb
clu_74538	2424	0.00395093833780161	1-5kb
clu_74546	3841	0.0141015549597855	1-5kb
clu_74547	2468	0.0160261394101877	1-5kb
clu_74548	1175	0.00646345844504021	1-5kb
clu_74574	13415	0.0310849329758713	5-20kb
clu_74575	22216	0.00704871313672922	20-50kb
clu_74581	72	0.0085157908847185	<1kb
clu_74584	5081	0.0353426273458445	5-20kb
clu_74586	99512	0.506128257372654	>50kb
clu_74589	2329	0.0175872386058981	1-5kb
clu_74590	5495	0.0429678284182306	5-20kb
clu_74592	7722	0.0333855495978552	5-20kb
clu_74593	510	0.170536380697051	<1kb
clu_74596	2557	0.00951268096514745	1-5kb
clu_74599	8200	0.012405308310992	5-20kb
clu_74608	7918	0.0478083646112601	5-20kb
clu_74622	2148	0.0164388471849866	1-5kb
clu_74629	2945	0.00277654155495979	1-5kb
clu_74635	3442	0.0374723860589812	1-5kb
clu_74638	1486	0.0160104557640751	1-5kb
clu_74639	2327	0.0640525469168901	1-5kb
clu_74641	1827	0.236424611260054	1-5kb
clu_74642	88	0.170939973190349	<1kb
clu_74644	25696	0.0425673726541555	20-50kb
clu_74645	12658	0.0111864879356568	5-20kb
clu_74646	7760	0.00942796246648793	5-20kb
clu_74647	1962	0.0154809383378016	1-5kb
clu_74649	3530	0.00382967828418231	1-5kb
clu_74655	2008	0.0159059249329759	1-5kb
clu_74657	21556	0.0267210455764075	20-50kb
clu_74662	3326	0.0399257372654155	1-5kb
clu_74663	2551	0.0889617962466488	1-5kb
clu_74665	25674	0.0256991957104558	20-50kb
clu_74691	87271	0.019974691689008	>50kb
clu_74692	11901	0.292625388739946	5-20kb
clu_74700	5099	0.272103672922252	5-20kb
clu_74702	17291	0.0169677211796247	5-20kb
clu_74703	8102	0.111534932975871	5-20kb
clu_74704	467	0.010192091152815	<1kb
clu_74708	1915	0.00749522788203753	1-5kb
clu_74709	3073	0.017200509383378	1-5kb
clu_74723	835	0.0344844235924933	<1kb
clu_74730	812	0.0152485254691689	<1kb
clu_74731	1842	0.00915879356568365	1-5kb
clu_74732	111	0.014158981233244	<1kb
clu_74734	1631	0.00401402144772118	1-5kb
clu_74745	676	0.0524608579088472	<1kb
clu_74757	2886	0.412521715817694	1-5kb
clu_74759	46531	0.0610322788203753	20-50kb
clu_74760	6905	0.0107083646112601	5-20kb
clu_74821	4631	0.0074712600536193	1-5kb
clu_74823	7048	0.0981789008042896	5-20kb
clu_74825	3111	0.0170586327077748	1-5kb
clu_74826	4407	0.0126172117962466	1-5kb
clu_74843	5390	0.0613201608579088	5-20kb
clu_74844	9869	0.00647793565683646	5-20kb
clu_74845	1632	0.0189272386058981	1-5kb
clu_74846	760	0.00779994638069705	<1kb
clu_74847	2415	0.0144770509383378	1-5kb
clu_74848	2027	0.00380849865951743	1-5kb
clu_74849	2556	0.0108599731903485	1-5kb
clu_74850	102	0.0050111528150134	<1kb
clu_74852	1553	0.00509479892761394	1-5kb
clu_74853	1694	0.0168320643431635	1-5kb
clu_74886	9367	0.00138908847184987	5-20kb
clu_74887	21386	0.16174018766756	20-50kb
clu_74899	27275	0.00686544235924933	20-50kb
clu_74906	44888	0.065416327077748	20-50kb
clu_74907	3127	0.131549383378016	1-5kb
clu_74908	12995	0.00823085790884718	5-20kb
clu_74923	43850	0.00503439678284182	20-50kb
clu_74936	7209	0.0329119034852547	5-20kb
clu_74939	36930	0.0179606434316354	20-50kb
clu_74943	2492	0.0090471581769437	1-5kb
clu_74944	449	0.039409436997319	<1kb
clu_74947	2448	0.0119986327077748	1-5kb
clu_74953	48771	0.139247801608579	20-50kb
clu_74955	13727	0.0130667828418231	5-20kb
clu_74968	1256	0.129844959785523	1-5kb
clu_74973	17675	0.463186782841823	5-20kb
clu_74985	349	0.136456327077748	<1kb
clu_74989	7922	0.196380294906166	5-20kb
clu_74998	3921	0.0923718230563003	1-5kb
clu_75004	2411	0.0159873190348525	1-5kb
clu_75005	521	0.00974584450402145	<1kb
clu_75006	5002	0.0226337533512064	5-20kb
clu_75007	994	0.0182597319034853	<1kb
clu_75011	1840	0.00516991957104558	1-5kb
clu_75037	2272	0.00458013404825737	1-5kb
clu_75038	545	0.0298155227882038	<1kb
clu_75046	2956	0.0110701072386059	1-5kb
clu_75067	539	0.00714906166219839	<1kb
clu_75069	277	0.00620731903485255	<1kb
clu_75073	6620	0.00173225201072386	5-20kb
clu_75074	9709	0.00723163538873995	5-20kb
clu_75086	275	0.00151300268096515	<1kb
clu_75088	1444	0.00951412868632708	1-5kb
clu_75092	3971	0.117745361930295	1-5kb
clu_75117	3071	0.00228281501340483	1-5kb
clu_75118	426	0.000800777479892761	<1kb
clu_75121	333	0.190548150134048	<1kb
clu_75122	1514	0.00388847184986595	1-5kb
clu_75132	110	0.0718181769436997	<1kb
clu_75135	1286	0.0100755495978552	1-5kb
clu_75140	2327	0.0520048793565684	1-5kb
clu_75141	1739	0.010622144772118	1-5kb
clu_75142	1479	0.0611325737265416	1-5kb
clu_75143	6774	0.00963986595174263	5-20kb
clu_75149	1437	0.0814999195710456	1-5kb
clu_75153	1933	0.050396836461126	1-5kb
clu_75155	395	0.00594195710455764	<1kb
clu_75157	81	0.00581490616621984	<1kb
clu_75160	5912	0.0180283914209115	5-20kb
clu_75163	1278	0.0203132975871314	1-5kb
clu_75165	228	0.0188504557640751	<1kb
clu_75167	326	0.0160869436997319	<1kb
clu_75168	743	0.59393981233244	<1kb
clu_75175	4834	0.00182193029490617	1-5kb
clu_75181	1541	0.0304624128686327	1-5kb
clu_75187	2003	0.0111500536193029	1-5kb
clu_75192	488	0.01042418230563	<1kb
clu_75199	2251	0.0158977747989276	1-5kb
clu_75201	3196	0.00646235924932976	1-5kb
clu_75215	14365	0.0548496514745308	5-20kb
clu_75216	2468	0.0238263806970509	1-5kb
clu_75217	2009	0.00449241286863271	1-5kb
clu_75219	768	0.0718224396782842	<1kb
clu_75220	2388	0.0509903485254692	1-5kb
clu_75222	1988	0.0426253887399464	1-5kb
clu_75223	534	0.00241482573726542	<1kb
clu_75224	1472	0.00329219839142091	1-5kb
clu_75226	18538	0.104738445040214	5-20kb
clu_75249	2940	0.00961375335120643	1-5kb
clu_75250	13494	0.00535402144772118	5-20kb
clu_75252	2298	0.0214879892761394	1-5kb
clu_75259	2266	0.011451581769437	1-5kb
clu_75260	2072	0.016647908847185	1-5kb
clu_75261	3997	0.0260619571045576	1-5kb
clu_75262	5406	0.0442712064343164	5-20kb
clu_75265	524	0.00208241286863271	<1kb
clu_75267	984	0.137079383378016	<1kb
clu_75268	1240	0.00367538873994638	1-5kb
clu_75269	3328	0.0124549329758713	1-5kb
clu_75270	2144	0.00325075067024129	1-5kb
clu_75276	299	0.0452675335120643	<1kb
clu_75284	3545	0.0123157372654155	1-5kb
clu_75317	675	0.00405573726541555	<1kb
clu_75340	879	0.0640007238605898	<1kb
clu_75359	117	0.090699490616622	<1kb
clu_75362	365	0.00589327077747989	<1kb
clu_75363	738	0.00309064343163539	<1kb
clu_75364	1299	0.00748034852546917	1-5kb
clu_75366	6266	0.0102086058981233	5-20kb
clu_75368	2259	0.00869281501340483	1-5kb
clu_75375	1055	0.0178969168900804	1-5kb
clu_75376	4326	0.0265780160857909	1-5kb
clu_75419	1134	0.122939249329759	1-5kb
clu_75421	720	0.00181174262734584	<1kb
clu_75422	1568	0.010173163538874	1-5kb
clu_75458	460	0.00385938337801609	<1kb
clu_75468	15198	0.0217474798927614	5-20kb
clu_75478	617	0.0181297319034853	<1kb
clu_75492	123	0.0353603217158177	<1kb
clu_75504	77	0.0629188739946381	<1kb
clu_75513	546	0.0106374262734584	<1kb
clu_75514	1123	0.0224701876675603	1-5kb
clu_75517	685	0.124185067024129	<1kb
clu_75523	440	0.0554908042895442	<1kb
clu_75543	156	0.0621918498659517	<1kb
clu_75549	295	0.00336042895442359	<1kb
clu_75551	5982	0.00387316353887399	5-20kb
clu_75552	1519	0.0109019302949062	1-5kb
clu_75553	284	0.00255193029490617	<1kb
clu_75554	166	0.00291241286863271	<1kb
clu_75566	104	0.0304078820375335	<1kb
clu_75568	73	0.0203682305630027	<1kb
clu_75570	14862	0.00242485254691689	5-20kb
clu_75571	1762	0.00204954423592493	1-5kb
clu_75572	4663	0.0830056568364611	1-5kb
clu_75574	8450	0.00972538873994638	5-20kb
clu_75575	7842	0.070089436997319	5-20kb
clu_75577	1965	0.00378563002680965	1-5kb
clu_75578	10476	0.00767605898123324	5-20kb
clu_76	258	0.00550477211796247	<1kb
clu_77060	140	0.0099372654155496	<1kb
clu_77063	206	0.0148028150134048	<1kb
clu_77065	11071	0.0642239946380697	5-20kb
clu_77066	1508	0.0271203753351206	1-5kb
clu_77067	5904	0.117782841823056	5-20kb
clu_77069	3031	0.00264150134048257	1-5kb
clu_77086	2257	0.00645991957104558	1-5kb
clu_77089	1013	0.00769924932975871	1-5kb
clu_77093	3013	0.00583973190348525	1-5kb
clu_77096	8805	0.0272108847184987	5-20kb
clu_77102	93179	0.444822707774799	>50kb
clu_77107	33524	0.0980270509383378	20-50kb
clu_77119	5809	0.0877470241286863	5-20kb
clu_77120	4175	0.132084798927614	1-5kb
clu_77125	3198	0.00486024128686327	1-5kb
clu_77128	4585	0.0431219034852547	1-5kb
clu_77129	1094	0.208441260053619	1-5kb
clu_77134	10223	0.0666193833780161	5-20kb
clu_77137	3698	0.0349049597855228	1-5kb
clu_77139	1090	0.017130509383378	1-5kb
clu_77140	1661	0.066738981233244	1-5kb
clu_77143	1348	0.29835581769437	1-5kb
clu_77144	13923	0.145437158176944	5-20kb
clu_77148	1275	0.0053057908847185	1-5kb
clu_77149	3814	0.00204780160857909	1-5kb
clu_77151	6669	0.0108486863270777	5-20kb
clu_77172	20213	0.282587774798928	20-50kb
clu_77174	10503	0.0386739946380697	5-20kb
clu_77175	5647	0.173846487935657	5-20kb
clu_77210	39135	0.184737721179625	20-50kb
clu_77211	2638	0.00416445040214477	1-5kb
clu_77212	16436	0.0338275603217158	5-20kb
clu_77213	3479	0.00153927613941019	1-5kb
clu_77214	490	0.00256946380697051	<1kb
clu_77230	3442	0.236140563002681	1-5kb
clu_77231	4202	0.0134443431635389	1-5kb
clu_77232	10585	0.00741927613941019	5-20kb
clu_77233	2154	0.0626293833780161	1-5kb
clu_77242	23670	0.0722135120643432	20-50kb
clu_77243	1218	0.00930699731903485	1-5kb
clu_77246	3149	0.0171345576407507	1-5kb
clu_77247	2144	0.0152852278820375	1-5kb
clu_77254	134	0.0785142627345845	<1kb
clu_77271	1849	0.0135446112600536	1-5kb
clu_77272	970	0.019351581769437	<1kb
clu_77274	4965	0.00177522788203753	1-5kb
clu_77277	1113	0.0233076675603217	1-5kb
clu_77278	1629	0.00263053619302949	1-5kb
clu_77281	556	0.00187345844504021	<1kb
clu_77283	1532	0.0976069973190349	1-5kb
clu_77284	1393	0.00424828418230563	1-5kb
clu_77291	143	0.00383214477211796	<1kb
clu_77297	161	0.0283610455764075	<1kb
clu_77312	861	0.0149238337801609	<1kb
clu_77313	2210	0.0434850670241287	1-5kb
clu_77315	4697	0.0506004557640751	1-5kb
clu_77317	18185	0.0340666487935657	5-20kb
clu_77322	6084	0.0111817158176944	5-20kb
clu_77333	1261	0.000690268096514745	1-5kb
clu_77348	78	0.000731581769436997	<1kb
clu_77352	154	0.0346446648793566	<1kb
clu_77353	207	0.0756117158176944	<1kb
clu_77354	403	0.0708096246648794	<1kb
clu_77358	185	0.0488129490616622	<1kb
clu_77360	491	0.000915361930294906	<1kb
clu_77361	83	0.00990238605898123	<1kb
clu_77363	244	0.0558154155495979	<1kb
clu_77369	301	0.0491182573726542	<1kb
clu_77371	486	0.230049142091153	<1kb
clu_77372	100	0.166200938337802	<1kb
clu_77373	102	0.0120843967828418	<1kb
clu_77374	86	0.00830289544235925	<1kb
clu_77377	176	0.0462215013404826	<1kb
clu_77378	244	0.0564295174262735	<1kb
clu_77384	181	0.114174021447721	<1kb
clu_77406	79	0.0128012332439678	<1kb
clu_77407	119	0.0754422788203753	<1kb
clu_77408	98	0.0108575067024129	<1kb
clu_77413	607	0.118110857908847	<1kb
clu_77419	124	0.149909651474531	<1kb
clu_77420	120	0.0267660321715818	<1kb
clu_77422	106	0.0108166756032172	<1kb
clu_77423	94	0.0436212868632708	<1kb
clu_77432	1542	0.00548734584450402	1-5kb
clu_77433	6001	0.0858576407506702	5-20kb
clu_77435	43064	0.00687308310991957	20-50kb
clu_77436	35923	0.0122846112600536	20-50kb
clu_77437	8459	0.0849716353887399	5-20kb
clu_77447	986	0.10302981233244	<1kb
clu_77448	2648	0.0168159249329759	1-5kb
clu_77451	3479	0.00429528150134048	1-5kb
clu_77453	657	0.0177440482573727	<1kb
clu_77454	11236	0.355394584450402	5-20kb
clu_77488	54985	0.298606300268097	>50kb
clu_775	1581	0.00431552278820375	1-5kb
clu_77503	387	0.0111620375335121	<1kb
clu_77504	11538	0.0962671313672922	5-20kb
clu_77505	11050	0.231555388739946	5-20kb
clu_77506	1696	0.113789946380697	1-5kb
clu_77507	777	0.107167962466488	<1kb
clu_77508	1543	0.630149597855228	1-5kb
clu_77510	3025	0.0223832171581769	1-5kb
clu_77591	4641	0.031460053619303	1-5kb
clu_77592	7537	0.0270411528150134	5-20kb
clu_77611	3076	0.00744198391420912	1-5kb
clu_77612	35550	0.0244750402144772	20-50kb
clu_77618	2682	0.00235340482573727	1-5kb
clu_77632	953	0.00980297587131367	<1kb
clu_77633	10563	0.0334429490616622	5-20kb
clu_77635	821	0.0111979892761394	<1kb
clu_77638	639	0.0103011528150134	<1kb
clu_77639	282	0.0124631903485255	<1kb
clu_77640	4857	0.0631061394101877	1-5kb
clu_77687	1935	0.00136713136729223	1-5kb
clu_77688	1204	0.00296865951742627	1-5kb
clu_77692	3762	0.153327560321716	1-5kb
clu_77697	3331	0.302630455764075	1-5kb
clu_77702	8159	0.209774932975871	5-20kb
clu_77705	5692	0.477682680965147	5-20kb
clu_77707	10391	0.00841587131367292	5-20kb
clu_77719	28028	0.0113933780160858	20-50kb
clu_77721	8511	0.0227640750670241	5-20kb
clu_77722	1049	0.00469278820375335	1-5kb
clu_77728	11353	0.0218552010723861	5-20kb
clu_77740	12531	0.278174262734584	5-20kb
clu_77741	1484	0.0450465147453083	1-5kb
clu_77746	1373	0.0598344235924933	1-5kb
clu_77759	5020	0.0114093833780161	5-20kb
clu_77761	1027	0.00215581769436997	1-5kb
clu_77762	2216	0.00494233243967828	1-5kb
clu_77763	3532	0.00140865951742627	1-5kb
clu_77765	41965	0.264533297587131	20-50kb
clu_77773	3477	0.033523109919571	1-5kb
clu_77774	75028	0.29261528150134	>50kb
clu_77775	27241	0.0228334048257373	20-50kb
clu_77776	5472	0.104316273458445	5-20kb
clu_77786	5337	0.0115198927613941	5-20kb
clu_77787	1118	0.0426491152815013	1-5kb
clu_77789	11917	0.0270848525469169	5-20kb
clu_77791	2751	0.027111581769437	1-5kb
clu_77792	11729	0.0498616353887399	5-20kb
clu_77794	885	0.0142321179624665	<1kb
clu_778	567	0.00825276139410188	<1kb
clu_77806	1534	0.0356283646112601	1-5kb
clu_77808	3146	0.0163454155495979	1-5kb
clu_77809	470	0.00603975871313673	<1kb
clu_77810	2311	0.0663852010723861	1-5kb
clu_77817	3428	0.011428418230563	1-5kb
clu_77818	14820	0.0128365951742627	5-20kb
clu_77828	7259	0.106202386058981	5-20kb
clu_77831	7504	0.0156643163538874	5-20kb
clu_77835	2781	0.590098471849866	1-5kb
clu_77836	488	0.0844299195710456	<1kb
clu_77848	5215	0.012695308310992	5-20kb
clu_77852	14420	0.0231625469168901	5-20kb
clu_77854	68501	0.0339005361930295	>50kb
clu_77863	1599	0.0433317962466488	1-5kb
clu_77882	4242	0.0203460857908847	1-5kb
clu_77883	3721	0.0129076943699732	1-5kb
clu_77884	3938	0.0235848257372654	1-5kb
clu_77885	2286	0.00410560321715818	1-5kb
clu_77900	2640	0.071239436997319	1-5kb
clu_77903	7301	0.101918284182306	5-20kb
clu_77904	17708	0.0223100268096515	5-20kb
clu_77917	4084	0.0240982305630027	1-5kb
clu_77918	1122	0.0091702144772118	1-5kb
clu_77919	6057	0.0263322520107239	5-20kb
clu_77925	9335	0.107719195710456	5-20kb
clu_77926	2055	0.00525991957104558	1-5kb
clu_77927	3361	0.0504956300268097	1-5kb
clu_77930	2605	0.0135836997319035	1-5kb
clu_77934	4901	0.0227261126005362	1-5kb
clu_77935	9724	0.0482256836461126	5-20kb
clu_77965	1379	0.0474721983914209	1-5kb
clu_77966	5227	0.0329063002680965	5-20kb
clu_77967	674	0.0480170241286863	<1kb
clu_77978	1617	0.00986423592493298	1-5kb
clu_77979	1177	0.0127535924932976	1-5kb
clu_77980	378	0.0179662466487936	<1kb
clu_780	851	0.0040414745308311	<1kb
clu_78018	5712	0.00362914209115282	5-20kb
clu_78019	3024	0.0166185254691689	1-5kb
clu_78028	308	0.0100561126005362	<1kb
clu_78038	1819	0.00434906166219839	1-5kb
clu_78043	126	0.0219185254691689	<1kb
clu_78046	3974	0.024346836461126	1-5kb
clu_78050	141	0.0065370509383378	<1kb
clu_78051	7400	0.00593083109919571	5-20kb
clu_78052	3579	0.0795786863270777	1-5kb
clu_78079	10008	0.166876085790885	5-20kb
clu_78090	1418	0.0185302144772118	1-5kb
clu_78097	2010	0.00494032171581769	1-5kb
clu_78100	998	0.00328241286863271	<1kb
clu_78105	1784	0.00708855227882038	1-5kb
clu_78107	6859	0.119462278820375	5-20kb
clu_78108	6760	0.0109147721179625	5-20kb
clu_78116	15504	0.0251023592493298	5-20kb
clu_78121	5620	0.0257276943699732	5-20kb
clu_78123	3200	0.00282504021447721	1-5kb
clu_78126	35553	0.00710621983914209	20-50kb
clu_78130	4513	0.0018497855227882	1-5kb
clu_78141	1953	0.0145716085790885	1-5kb
clu_78143	882	0.0150891957104558	<1kb
clu_78145	1776	0.00404359249329759	1-5kb
clu_78148	4987	0.0115049061662198	1-5kb
clu_78150	1943	0.0340025737265416	1-5kb
clu_78166	331	0.0127762198391421	<1kb
clu_78169	1277	0.0338497587131367	1-5kb
clu_78177	4226	0.0118360589812332	1-5kb
clu_78178	2059	0.00462718498659517	1-5kb
clu_78181	726	0.0142522252010724	<1kb
clu_78185	741	0.00394664879356568	<1kb
clu_78186	3527	0.00578991957104558	1-5kb
clu_78239	964	0.00861109919571046	<1kb
clu_78243	4576	0.00296782841823056	1-5kb
clu_78245	5471	0.00979932975871314	5-20kb
clu_78249	26949	0.0365391420911528	20-50kb
clu_78253	3585	0.0312201340482574	1-5kb
clu_78258	2124	0.0282260053619303	1-5kb
clu_78262	2122	0.0141451206434316	1-5kb
clu_78263	903	0.0211205361930295	<1kb
clu_78264	743	0.0482489544235925	<1kb
clu_78265	197	0.0148302144772118	<1kb
clu_78266	773	0.0112147721179625	<1kb
clu_78269	514	0.0190303753351206	<1kb
clu_78270	3440	0.0158388739946381	1-5kb
clu_78273	9404	0.0257509383378016	5-20kb
clu_78274	2143	0.0137329758713137	1-5kb
clu_78275	2425	0.115864798927614	1-5kb
clu_78309	1439	0.00154495978552279	1-5kb
clu_78319	3967	0.0132133780160858	1-5kb
clu_78320	3212	0.0333513941018767	1-5kb
clu_78321	4242	0.00542954423592493	1-5kb
clu_78322	9406	0.0343350134048257	5-20kb
clu_78324	2379	0.00836069705093834	1-5kb
clu_78327	2044	0.0315106434316354	1-5kb
clu_78328	814	0.0123118766756032	<1kb
clu_78331	2363	0.0134248257372654	1-5kb
clu_78335	644	0.479112707774799	<1kb
clu_78336	4586	0.0153984450402145	1-5kb
clu_78337	3013	0.0203018230563003	1-5kb
clu_78338	84137	0.0361954959785523	>50kb
clu_78341	1489	0.00311892761394102	1-5kb
clu_78342	36869	0.0248255227882038	20-50kb
clu_78343	1526	0.0156032975871314	1-5kb
clu_78345	25473	0.0987532439678284	20-50kb
clu_78346	80913	0.00971651474530831	>50kb
clu_78357	27682	0.0197251742627346	20-50kb
clu_78358	20660	0.00257914209115281	20-50kb
clu_78359	428	0.00199281501340483	<1kb
clu_78375	852	0.0179578284182306	<1kb
clu_78376	3428	0.00830997319034853	1-5kb
clu_78377	9102	0.0174468096514745	5-20kb
clu_78378	482	0.0533689544235925	<1kb
clu_78383	4269	0.112696595174263	1-5kb
clu_78384	18747	0.126099892761394	5-20kb
clu_78392	1165	0.447085174262735	1-5kb
clu_78395	4255	0.00403225201072386	1-5kb
clu_78396	18463	0.00243780160857909	5-20kb
clu_78401	16333	0.00794198391420912	5-20kb
clu_78402	16464	0.00115903485254692	5-20kb
clu_78404	2408	0.0017455764075067	1-5kb
clu_78408	13988	0.0738686863270777	5-20kb
clu_78431	693	0.0166517426273458	<1kb
clu_78432	738	0.0108017962466488	<1kb
clu_78433	2047	0.0131408310991957	1-5kb
clu_78435	12339	0.0153828418230563	5-20kb
clu_78436	4123	0.0243581501340483	1-5kb
clu_78447	3310	0.108787077747989	1-5kb
clu_78450	10536	0.0367305898123324	5-20kb
clu_78452	3468	0.0116281233243968	1-5kb
clu_78455	1369	0.0986825737265416	1-5kb
clu_78456	1975	0.042563109919571	1-5kb
clu_78461	778	0.00411249329758713	<1kb
clu_78467	2317	0.0133506166219839	1-5kb
clu_78469	2690	0.0128301340482574	1-5kb
clu_78474	454	0.0123036461126005	<1kb
clu_78480	1887	0.0775006166219839	1-5kb
clu_78481	500	0.00460785522788204	<1kb
clu_78482	218	0.00228466487935657	<1kb
clu_78486	2086	0.00171187667560322	1-5kb
clu_78499	305	0.0125081501340483	<1kb
clu_785	305	0.00291034852546917	<1kb
clu_78500	398	0.0509688471849866	<1kb
clu_78501	3663	0.0137791689008043	1-5kb
clu_78503	148	0.0586838873994638	<1kb
clu_78504	191	0.0208965415549598	<1kb
clu_78506	652	0.0181459249329759	<1kb
clu_78509	688	0.0204483914209115	<1kb
clu_78510	7870	0.0984542895442359	5-20kb
clu_78511	1448	0.0164187399463807	1-5kb
clu_78516	177	0.025885254691689	<1kb
clu_78521	1496	0.0155386863270777	1-5kb
clu_78522	728	0.10858509383378	<1kb
clu_78524	424	0.00245356568364611	<1kb
clu_78527	2112	0.00518758713136729	1-5kb
clu_78528	6186	0.0193698391420912	5-20kb
clu_78529	1062	0.00646643431635389	1-5kb
clu_78538	2405	0.454534155495979	1-5kb
clu_78540	1032	0.00776766756032172	1-5kb
clu_78542	4297	0.00845613941018767	1-5kb
clu_78544	1061	0.0117450670241287	1-5kb
clu_78546	952	0.0277114477211796	<1kb
clu_78548	997	0.0139335120643432	<1kb
clu_78550	15960	0.00615034852546917	5-20kb
clu_78558	14506	0.0957100804289544	5-20kb
clu_78562	2966	0.00340766756032172	1-5kb
clu_78563	217	0.0174164879356568	<1kb
clu_78564	901	0.042475764075067	<1kb
clu_78565	421	0.022870509383378	<1kb
clu_78569	774	0.0328565147453083	<1kb
clu_78572	4114	0.0130080428954424	1-5kb
clu_78573	3750	0.00564654155495979	1-5kb
clu_78574	19646	0.0725629222520107	5-20kb
clu_78577	6711	0.00573436997319035	5-20kb
clu_78578	88820	0.253245978552279	>50kb
clu_78579	20917	0.0152386863270777	20-50kb
clu_78584	4629	0.023551581769437	1-5kb
clu_78585	3447	0.0127811796246649	1-5kb
clu_78586	1689	0.0153975603217158	1-5kb
clu_78588	2317	0.00598903485254692	1-5kb
clu_78589	14467	0.0522839410187668	5-20kb
clu_78590	1161	0.0996417694369973	1-5kb
clu_78593	2780	0.0141463538873995	1-5kb
clu_78595	7411	0.0232843163538874	5-20kb
clu_78597	2368	0.123290804289544	1-5kb
clu_78600	6074	0.0169813404825737	5-20kb
clu_78601	1637	0.114010670241287	1-5kb
clu_78603	776	0.00383016085790885	<1kb
clu_78604	6178	0.00836166219839142	5-20kb
clu_78605	7164	0.0358253351206434	5-20kb
clu_78622	863	0.0124734852546917	<1kb
clu_78629	1462	0.00504037533512064	1-5kb
clu_78641	1505	0.00474943699731903	1-5kb
clu_78642	1137	0.0561339410187668	1-5kb
clu_78643	484	0.0206668096514745	<1kb
clu_78644	1600	0.140616166219839	1-5kb
clu_78647	759	0.00675603217158177	<1kb
clu_78648	610	0.00761517426273458	<1kb
clu_78657	1437	0.00837445040214477	1-5kb
clu_78664	1225	0.00357412868632708	1-5kb
clu_78666	379	0.00779203753351206	<1kb
clu_78668	286	0.0267557908847185	<1kb
clu_78669	625	0.0390426273458445	<1kb
clu_78691	2792	0.0295879624664879	1-5kb
clu_78701	1202	0.0896489544235925	1-5kb
clu_78702	2661	0.0117303485254692	1-5kb
clu_78721	4706	0.00870611260053619	1-5kb
clu_78737	153	0.0029639946380697	<1kb
clu_78738	748	0.0592698123324397	<1kb
clu_78747	808	0.0114773190348525	<1kb
clu_78749	1921	0.0761220375335121	1-5kb
clu_78750	370	0.0104455495978552	<1kb
clu_78751	379	0.0562440482573727	<1kb
clu_78757	1437	0.0983865415549598	1-5kb
clu_78758	875	0.013818418230563	<1kb
clu_78761	2670	0.18445600536193	1-5kb
clu_78763	595	0.0202441286863271	<1kb
clu_78765	415	0.0199568096514745	<1kb
clu_78766	78	0.0162334316353887	<1kb
clu_78773	1167	0.0189034048257373	1-5kb
clu_78775	1166	0.0409862198391421	1-5kb
clu_78780	79	0.0456822520107239	<1kb
clu_78783	1999	0.0105075335120643	1-5kb
clu_78785	277	0.01108	<1kb
clu_78786	204	0.00959485254691689	<1kb
clu_78787	1277	0.00545104557640751	1-5kb
clu_78789	1612	0.00781975871313673	1-5kb
clu_78790	330	0.00444458445040214	<1kb
clu_78791	1399	0.0100971313672922	1-5kb
clu_78792	494	0.010002144772118	<1kb
clu_78818	3284	0.0217226273458445	1-5kb
clu_78830	787	0.757706193029491	<1kb
clu_78844	371	0.000410134048257373	<1kb
clu_78845	2309	0.000833672922252011	1-5kb
clu_78847	79	0.0103892493297587	<1kb
clu_78849	361	0.0662345844504021	<1kb
clu_78900	289	0.0503743699731903	<1kb
clu_78904	294	0.0371787399463807	<1kb
clu_78905	139	0.0332286058981233	<1kb
clu_78912	3515	0.0568240750670241	1-5kb
clu_78915	82	0.0667454691689008	<1kb
clu_78916	147	0.00864970509383378	<1kb
clu_78917	86	0.0167128686327078	<1kb
clu_78918	80	0.0623082037533512	<1kb
clu_78919	70	0.0971579892761394	<1kb
clu_78923	235	0.0142693297587131	<1kb
clu_78929	1121	0.0253112332439678	1-5kb
clu_78930	1136	0.041654691689008	1-5kb
clu_78931	1124	0.0233816890080429	1-5kb
clu_78935	6295	0.0140265147453083	5-20kb
clu_78936	250	0.127646621983914	<1kb
clu_78950	1303	0.0231276139410188	1-5kb
clu_78959	1103	0.0106969168900804	1-5kb
clu_78990	8785	0.0116130831099196	5-20kb
clu_78991	286	0.0405582305630027	<1kb
clu_78992	9053	0.288973324396783	5-20kb
clu_78993	371	0.0298233512064343	<1kb
clu_78994	1236	0.417204664879357	1-5kb
clu_78997	1494	0.0796045576407507	1-5kb
clu_79	208	0.0601712064343164	<1kb
clu_799	3386	0.0147485254691689	1-5kb
clu_8	492	0.127536487935657	<1kb
clu_80412	15147	0.0481185254691689	5-20kb
clu_80423	14680	0.0124244235924933	5-20kb
clu_80424	233	0.0110164879356568	<1kb
clu_80432	9774	0.00934040214477212	5-20kb
clu_80434	611	0.00103302949061662	<1kb
clu_80454	22600	0.00463967828418231	20-50kb
clu_80459	1216	0.0978564075067024	1-5kb
clu_80469	2297	0.00767348525469169	1-5kb
clu_80472	2861	0.0706600536193029	1-5kb
clu_80473	2618	0.0384257908847185	1-5kb
clu_80476	90	0.0042286327077748	<1kb
clu_80477	2051	0.00551327077747989	1-5kb
clu_80479	8914	0.0105764611260054	5-20kb
clu_80480	522	0.0116294638069705	<1kb
clu_80483	1146	0.0712282841823056	1-5kb
clu_80485	141	0.00095627345844504	<1kb
clu_80491	1978	0.00755868632707775	1-5kb
clu_80499	891	0.000738042895442359	<1kb
clu_80500	111	0.00596924932975871	<1kb
clu_80501	2178	0.0206959249329759	1-5kb
clu_80505	4400	0.0387618498659517	1-5kb
clu_80507	395	0.0419711260053619	<1kb
clu_80511	4140	0.0258594101876676	1-5kb
clu_80513	31645	0.0460032171581769	20-50kb
clu_80514	3988	0.0826098659517426	1-5kb
clu_80515	13297	0.0407756032171582	5-20kb
clu_80516	6948	0.017886273458445	5-20kb
clu_80517	1358	0.00791032171581769	1-5kb
clu_80522	5815	0.0403494638069705	5-20kb
clu_80526	2783	0.00483597855227882	1-5kb
clu_80527	4608	0.00392402144772118	1-5kb
clu_80528	519	0.0232570777479893	<1kb
clu_80529	5816	0.282990563002681	5-20kb
clu_80531	1978	0.0960866756032172	1-5kb
clu_80532	3303	0.00607916890080429	1-5kb
clu_80538	22961	0.00214091152815013	20-50kb
clu_80540	1942	0.00487152815013405	1-5kb
clu_80544	985	0.0205909651474531	<1kb
clu_80547	1304	0.00221908847184987	1-5kb
clu_80556	133	0.0191002680965147	<1kb
clu_80557	6122	0.156577908847185	5-20kb
clu_80567	1407	0.0329239946380697	1-5kb
clu_80568	440	0.0100515549597855	<1kb
clu_80569	2021	0.00373560321715818	1-5kb
clu_80581	968	0.00607152815013405	<1kb
clu_80590	350	0.000274396782841823	<1kb
clu_80593	3099	0.009528418230563	1-5kb
clu_80594	5048	0.00915378016085791	5-20kb
clu_80606	1278	0.00837479892761394	1-5kb
clu_80622	17730	0.00721675603217158	5-20kb
clu_80623	34465	0.00784351206434316	20-50kb
clu_80624	18680	0.129894691689008	5-20kb
clu_80625	2645	0.0159116621983914	1-5kb
clu_80626	848	0.0294818498659517	<1kb
clu_80630	175	0.00876758713136729	<1kb
clu_80633	103	0.0346661126005362	<1kb
clu_80634	96	0.000835549597855228	<1kb
clu_80637	2416	0.101389544235925	1-5kb
clu_80638	3475	0.187487560321716	1-5kb
clu_80648	8417	0.0161959785522788	5-20kb
clu_80649	8985	0.0194944504021448	5-20kb
clu_80657	3171	0.0290387667560322	1-5kb
clu_80660	3536	0.00908160857908847	1-5kb
clu_80671	196	0.0775538873994638	<1kb
clu_80676	10449	0.10900273458445	5-20kb
clu_80677	11116	0.130525576407507	5-20kb
clu_80678	6917	0.060794745308311	5-20kb
clu_80680	1562	0.0168061662198391	1-5kb
clu_80681	2037	0.0153611796246649	1-5kb
clu_80682	4797	0.0164030026809651	1-5kb
clu_80688	47641	0.0210077211796247	20-50kb
clu_80691	2267	0.0736549061662198	1-5kb
clu_80692	952	0.030961528150134	<1kb
clu_80693	1487	0.268563431635389	1-5kb
clu_80698	1509	0.0113778820375335	1-5kb
clu_80707	53725	0.592712520107239	>50kb
clu_80709	6509	0.00505160857908847	5-20kb
clu_80720	1250	0.181266782841823	1-5kb
clu_80724	924	0.178516997319035	<1kb
clu_80739	147	0.0126546648793566	<1kb
clu_80740	4202	0.015110509383378	1-5kb
clu_80743	3973	0.0202154423592493	1-5kb
clu_80744	2868	0.00353798927613941	1-5kb
clu_80756	1101	0.00221635388739946	1-5kb
clu_80773	36988	0.0316715013404826	20-50kb
clu_80774	313	0.0176300268096515	<1kb
clu_80778	2099	0.386689463806971	1-5kb
clu_80802	707	0.00166868632707775	<1kb
clu_80803	2482	0.00801627345844504	1-5kb
clu_80804	2741	0.0597515549597855	1-5kb
clu_80805	83	0.00666281501340483	<1kb
clu_80812	2959	0.0907093029490617	1-5kb
clu_80823	1508	0.00829890080428954	1-5kb
clu_80824	10672	0.0439345308310992	5-20kb
clu_80826	294	0.00352134048257373	<1kb
clu_80827	1226	0.0282072117962466	1-5kb
clu_80828	835	0.00399072386058981	<1kb
clu_80829	13173	0.00791922252010724	5-20kb
clu_80830	11727	0.0192818498659517	5-20kb
clu_80831	3485	0.0227780428954424	1-5kb
clu_80832	1607	0.051627908847185	1-5kb
clu_80834	1221	0.01859581769437	1-5kb
clu_80843	8956	0.00798042895442359	5-20kb
clu_80844	2027	0.0243849061662198	1-5kb
clu_80845	1337	0.0230403217158177	1-5kb
clu_80850	3986	0.0520115013404826	1-5kb
clu_80851	2189	0.0151901340482574	1-5kb
clu_80852	3638	0.0170920107238606	1-5kb
clu_80855	360	0.0063911528150134	<1kb
clu_80858	14355	0.0371366756032172	5-20kb
clu_80895	2775	0.0572606702412869	1-5kb
clu_80912	10044	0.0506939946380697	5-20kb
clu_80913	2313	0.0229812064343164	1-5kb
clu_80917	2368	0.00535935656836461	1-5kb
clu_80921	2248	0.0129598659517426	1-5kb
clu_80922	4133	0.104962975871314	1-5kb
clu_80925	39942	0.00147587131367292	20-50kb
clu_80928	2390	0.0526045844504021	1-5kb
clu_80932	7035	0.110125040214477	5-20kb
clu_80933	14531	0.137155227882038	5-20kb
clu_80934	369	0.185303378016086	<1kb
clu_80937	1319	0.0153952278820375	1-5kb
clu_80938	2020	0.0273218766756032	1-5kb
clu_80939	1331	0.0116175335120643	1-5kb
clu_80942	2175	0.0555144504021448	1-5kb
clu_80944	3635	0.0239639678284182	1-5kb
clu_80947	607	0.00418560321715818	<1kb
clu_80969	7812	0.0146982841823056	5-20kb
clu_80970	10238	0.0245745308310992	5-20kb
clu_80977	4502	0.00453002680965147	1-5kb
clu_80978	2272	0.0028401072386059	1-5kb
clu_80980	94	0.00333745308310992	<1kb
clu_80987	4961	0.0161776675603217	1-5kb
clu_80989	9642	0.0531955495978552	5-20kb
clu_80990	5856	0.0331020643431635	5-20kb
clu_80992	9320	0.00911195710455764	5-20kb
clu_810	2069	0.105074396782842	1-5kb
clu_81001	524	0.0250928954423593	<1kb
clu_81007	8353	0.404644691689008	5-20kb
clu_81012	2739	0.00317428954423592	1-5kb
clu_81015	636	0.0173055227882038	<1kb
clu_81016	542	0.0491612332439678	<1kb
clu_81020	5239	0.148794477211796	5-20kb
clu_81027	2925	0.0303013136729223	1-5kb
clu_81030	6639	0.000240321715817694	5-20kb
clu_81031	5424	0.179905147453083	5-20kb
clu_81032	3421	0.0045554691689008	1-5kb
clu_81033	1082	0.00779281501340483	1-5kb
clu_81034	1939	0.00727249329758713	1-5kb
clu_81035	347	0.0386081233243968	<1kb
clu_81063	213	0.010687345844504	<1kb
clu_81067	373	0.0280541554959786	<1kb
clu_81070	16917	0.0582251206434316	5-20kb
clu_81080	7270	0.100324557640751	5-20kb
clu_81088	1158	0.239609678284182	1-5kb
clu_811	1322	0.0686739678284182	1-5kb
clu_81119	2560	0.0180006434316354	1-5kb
clu_81121	1362	0.0253208042895442	1-5kb
clu_81129	3054	0.182674798927614	1-5kb
clu_81131	15025	0.0752666487935657	5-20kb
clu_81132	17621	0.117128739946381	5-20kb
clu_81134	1653	0.0530261930294906	1-5kb
clu_81147	237	0.0207739142091153	<1kb
clu_81149	1725	0.102718927613941	1-5kb
clu_81152	176	0.0152732975871314	<1kb
clu_81155	147	0.0196235924932976	<1kb
clu_81157	145	0.0183202412868633	<1kb
clu_81161	1110	0.0990144504021448	1-5kb
clu_81162	175	0.0323324396782842	<1kb
clu_81163	98	0.0246551206434316	<1kb
clu_81165	520	0.00600327077747989	<1kb
clu_81168	120	0.0117013672922252	<1kb
clu_81197	63855	0.00737104557640751	>50kb
clu_81198	69689	0.00625048257372654	>50kb
clu_81199	38051	0.00185104557640751	20-50kb
clu_81208	3800	0.00997316353887399	1-5kb
clu_81210	4992	0.10482981233244	1-5kb
clu_81219	1447	0.01674	1-5kb
clu_81220	2899	0.000357640750670241	1-5kb
clu_81231	60906	0.642683404825737	>50kb
clu_81232	12449	0.00609016085790885	5-20kb
clu_81233	1024	0.630164504021448	1-5kb
clu_81238	1457	0.182909463806971	1-5kb
clu_81240	1314	0.00214788203753351	1-5kb
clu_81259	3054	0.0453730831099196	1-5kb
clu_81265	2672	0.0117399195710456	1-5kb
clu_81266	1749	0.00696206434316354	1-5kb
clu_81281	8111	0.101116756032172	5-20kb
clu_81297	1149	0.0219542895442359	1-5kb
clu_81305	7564	0.0116426273458445	5-20kb
clu_81316	213	0.251205603217158	<1kb
clu_81327	5168	0.050720509383378	5-20kb
clu_81328	3979	0.0114611260053619	1-5kb
clu_81329	3283	0.0163644235924933	1-5kb
clu_81342	2783	0.0143766756032172	1-5kb
clu_81343	30912	0.00375225201072386	20-50kb
clu_81356	1340	0.347880134048257	1-5kb
clu_81357	31403	0.026264745308311	20-50kb
clu_81358	5488	0.0383201340482574	5-20kb
clu_81359	1923	0.0118725737265416	1-5kb
clu_81360	5593	0.0266458713136729	5-20kb
clu_81361	4168	0.00207954423592493	1-5kb
clu_81377	2845	0.0510039410187668	1-5kb
clu_81378	21017	0.0410345844504021	20-50kb
clu_81380	3041	0.0057001072386059	1-5kb
clu_81381	2089	0.0301371581769437	1-5kb
clu_81382	4465	0.012847399463807	1-5kb
clu_814	1822	0.0586149597855228	1-5kb
clu_81412	5454	0.0318620375335121	5-20kb
clu_81421	562	0.00295359249329759	<1kb
clu_81425	1852	0.0167160053619303	1-5kb
clu_81426	7924	0.458370965147453	5-20kb
clu_81427	104	0.0235528418230563	<1kb
clu_81428	6571	0.124963914209115	5-20kb
clu_81450	2894	0.0163848257372654	1-5kb
clu_81459	630	0.64480345844504	<1kb
clu_81460	1398	0.0482319571045576	1-5kb
clu_81461	2170	0.0522045844504021	1-5kb
clu_81462	1771	0.00995847184986595	1-5kb
clu_81467	2538	0.00231093833780161	1-5kb
clu_81469	1032	0.136084316353887	1-5kb
clu_81471	19605	0.00596402144772118	5-20kb
clu_81472	8545	0.0152928686327078	5-20kb
clu_81473	1253	0.0120582305630027	1-5kb
clu_81474	12812	0.0127774798927614	5-20kb
clu_81487	3893	0.0854039678284182	1-5kb
clu_81491	16578	0.0313297587131367	5-20kb
clu_81496	2878	0.0133527077747989	1-5kb
clu_81497	8348	0.00157951742627346	5-20kb
clu_81499	2000	0.316729383378016	1-5kb
clu_815	5589	0.00767927613941019	5-20kb
clu_81504	3048	0.0172400268096515	1-5kb
clu_81505	1567	0.0130171849865952	1-5kb
clu_81507	7627	0.0073926273458445	5-20kb
clu_81511	1079	0.00628281501340483	1-5kb
clu_81512	78	0.00465139410187668	<1kb
clu_81524	16326	0.00321635388739946	5-20kb
clu_81525	1981	0.0220398927613941	1-5kb
clu_81526	1315	0.0400847184986595	1-5kb
clu_81527	721	0.026202654155496	<1kb
clu_81534	1065	0.333302386058981	1-5kb
clu_81536	7899	0.306617613941019	5-20kb
clu_81537	1058	0.160196809651475	1-5kb
clu_81540	6234	0.0523139142091153	5-20kb
clu_81546	149	0.0358253887399464	<1kb
clu_81564	28596	0.0726211796246649	20-50kb
clu_81565	3932	0.00153329758713137	1-5kb
clu_81566	5317	0.0478308042895442	5-20kb
clu_81568	391	0.014966273458445	<1kb
clu_81570	860	0.0260499195710456	<1kb
clu_81586	1109	0.0118855495978552	1-5kb
clu_81589	4082	0.0584776139410188	1-5kb
clu_81591	1512	0.0180175335120643	1-5kb
clu_81599	2758	0.016141072386059	1-5kb
clu_81614	17632	0.0300684450402145	5-20kb
clu_81621	674	0.0103218766756032	<1kb
clu_81622	990	0.00452906166219839	<1kb
clu_81653	1930	0.00957198391420912	1-5kb
clu_81654	3969	0.00980927613941019	1-5kb
clu_81658	275	0.027493726541555	<1kb
clu_81659	4168	0.00244209115281501	1-5kb
clu_81665	5533	0.117503136729223	5-20kb
clu_81670	6323	0.0490550670241287	5-20kb
clu_81689	325	0.0263439410187668	<1kb
clu_81691	560	0.00585386058981233	<1kb
clu_81698	161	0.0516676943699732	<1kb
clu_817	1263	0.00451383378016086	1-5kb
clu_8170	256	0.397793699731903	<1kb
clu_8171	371	0.000854986595174263	<1kb
clu_81710	961	0.00612686327077748	<1kb
clu_8172	519	0.0061512600536193	<1kb
clu_81721	4628	0.0163980697050938	1-5kb
clu_81722	113	0.0158838069705094	<1kb
clu_81723	979	0.00853327077747989	<1kb
clu_81724	106	0.0244238873994638	<1kb
clu_81726	111	0.0024743163538874	<1kb
clu_81727	124	0.00187008042895442	<1kb
clu_8173	2523	0.014215308310992	1-5kb
clu_81731	83934	0.015980563002681	>50kb
clu_81736	562	0.00422101876675603	<1kb
clu_8174	1840	0.0957156032171582	1-5kb
clu_81740	578	0.0171457908847185	<1kb
clu_81746	226	0.012885254691689	<1kb
clu_81750	215	0.00930798927613941	<1kb
clu_81754	279	0.0246004557640751	<1kb
clu_8176	93	0.00640833780160858	<1kb
clu_81763	40666	0.238810053619303	20-50kb
clu_81767	3074	0.209258230563003	1-5kb
clu_81771	331	0.00575040214477212	<1kb
clu_81773	132	0.0356655227882038	<1kb
clu_81774	361	0.00254227882037534	<1kb
clu_81776	1273	0.124891152815013	1-5kb
clu_81777	189	0.0159252010723861	<1kb
clu_81778	789	0.0264596782841823	<1kb
clu_81782	2540	0.0115972654155496	1-5kb
clu_81790	238	0.0173809651474531	<1kb
clu_81795	7243	0.529831474530831	5-20kb
clu_81804	4809	0.057963163538874	1-5kb
clu_81805	1057	0.0186998123324397	1-5kb
clu_81809	3309	0.00336241286863271	1-5kb
clu_81810	1868	0.0802033243967828	1-5kb
clu_81811	2589	0.0100021715817694	1-5kb
clu_8182	1365	0.172810482573727	1-5kb
clu_81821	421	0.0115186058981233	<1kb
clu_81824	581	0.00577163538873995	<1kb
clu_81827	473	0.0278700804289544	<1kb
clu_81832	2033	0.0129460857908847	1-5kb
clu_81840	3180	0.00182903485254692	1-5kb
clu_81869	92325	0.058287855227882	>50kb
clu_81870	11928	0.0348244235924933	5-20kb
clu_81871	3343	0.00934155495978552	1-5kb
clu_81877	34322	0.00387203753351206	20-50kb
clu_81882	4065	0.00886042895442359	1-5kb
clu_81883	1590	0.00368091152815013	1-5kb
clu_81907	5162	0.00180436997319035	5-20kb
clu_81911	1467	0.000647640750670241	1-5kb
clu_81912	1425	0.0124604557640751	1-5kb
clu_8192	499	0.0155300268096515	<1kb
clu_81922	289	0.00373380697050938	<1kb
clu_81925	13056	0.333340643431635	5-20kb
clu_81930	67724	0.262873887399464	>50kb
clu_8194	769	0.00184833780160858	<1kb
clu_81945	767	0.0127203217158177	<1kb
clu_8195	4316	0.00938150134048257	1-5kb
clu_8196	2945	0.0302134584450402	1-5kb
clu_8197	6035	0.022962654155496	5-20kb
clu_8198	4475	0.00186890080428954	1-5kb
clu_81985	100	0.0142401340482574	<1kb
clu_81988	1694	0.0217088739946381	1-5kb
clu_820	52116	0.00749324396782842	>50kb
clu_82016	3770	0.0437009919571046	1-5kb
clu_82018	3016	0.00587525469168901	1-5kb
clu_82019	3861	0.0381267024128686	1-5kb
clu_82035	2039	0.00756415549597855	1-5kb
clu_82041	5481	0.0736716085790885	5-20kb
clu_8205	76	0.00949195710455764	<1kb
clu_82051	6007	0.0251228150134048	5-20kb
clu_82054	4000	0.0238249865951743	1-5kb
clu_82055	2878	0.0108754155495979	1-5kb
clu_82057	9141	0.0215740214477212	5-20kb
clu_82059	503	0.00840139410187668	<1kb
clu_82061	754	0.0101604557640751	<1kb
clu_8208	79	0.0475957908847185	<1kb
clu_8209	256	0.0263238337801609	<1kb
clu_82094	247	0.0836501340482574	<1kb
clu_8210	306	0.00841024128686327	<1kb
clu_82105	991	0.000476085790884719	<1kb
clu_8211	1295	0.0117421983914209	1-5kb
clu_82111	1011	0.0084272654155496	1-5kb
clu_82112	19051	0.00810528150134048	5-20kb
clu_82114	2771	0.00695067024128686	1-5kb
clu_82116	1871	0.0176709383378016	1-5kb
clu_82117	23286	0.116227077747989	20-50kb
clu_82120	7310	0.0184266487935657	5-20kb
clu_82121	1085	0.00398348525469169	1-5kb
clu_82126	3004	0.16970563002681	1-5kb
clu_82128	2013	0.0101844772117962	1-5kb
clu_82129	1856	0.0830788739946381	1-5kb
clu_82130	2430	0.039010509383378	1-5kb
clu_82131	168	0.0193619302949062	<1kb
clu_82133	2923	0.00677316353887399	1-5kb
clu_82134	7308	0.00611048257372654	5-20kb
clu_8214	186	0.0292980428954424	<1kb
clu_82159	4725	0.0219262198391421	1-5kb
clu_82164	1236	0.0274997050938338	1-5kb
clu_82175	5475	0.0838061930294906	5-20kb
clu_82176	3273	0.0631421179624665	1-5kb
clu_82177	7892	0.00660565683646113	5-20kb
clu_8218	91	0.00949772117962466	<1kb
clu_82182	1822	0.0955700268096515	1-5kb
clu_82192	3830	0.259317479892761	1-5kb
clu_82193	2226	0.166441769436997	1-5kb
clu_82198	9515	0.436154155495979	5-20kb
clu_8220	931	0.00167297587131367	<1kb
clu_82204	39886	0.0153003217158177	20-50kb
clu_82205	10393	0.0378902412868633	5-20kb
clu_82206	15927	0.0549365147453083	5-20kb
clu_82211	1427	0.0212408579088472	1-5kb
clu_82212	946	0.0885477479892761	<1kb
clu_82214	974	0.0093702144772118	<1kb
clu_82215	2300	0.0309094101876676	1-5kb
clu_82216	521	0.0286492493297587	<1kb
clu_82218	302	0.0120855495978552	<1kb
clu_8222	85	0.00693764075067024	<1kb
clu_82220	446	0.0233221179624665	<1kb
clu_82221	16706	0.0109388203753351	5-20kb
clu_82223	493	0.0937746916890081	<1kb
clu_82228	816	0.10517471849866	<1kb
clu_8227	69	0.0106904289544236	<1kb
clu_8242	2164	0.13249235924933	1-5kb
clu_8243	592	0.194185013404826	<1kb
clu_8244	2718	0.00667128686327078	1-5kb
clu_8246	3552	0.00319868632707775	1-5kb
clu_8247	1022	0.0129375603217158	1-5kb
clu_8254	76	0.301732815013405	<1kb
clu_8258	4236	0.0323173726541555	1-5kb
clu_8259	2801	0.0822071045576408	1-5kb
clu_8262	1676	0.246127855227882	1-5kb
clu_8263	595	0.0503217694369973	<1kb
clu_8268	3833	0.0134082573726542	1-5kb
clu_8269	361	0.0206751206434316	<1kb
clu_8270	15602	0.0573258445040215	5-20kb
clu_8275	384	0.0105275603217158	<1kb
clu_8281	506	0.0096630563002681	<1kb
clu_8282	781	0.0014145308310992	<1kb
clu_8284	572	0.012190509383378	<1kb
clu_8292	3857	0.013103163538874	1-5kb
clu_8293	87	0.0491483914209115	<1kb
clu_8299	13765	0.22260072386059	5-20kb
clu_8305	139	0.313044879356568	<1kb
clu_8307	1556	0.0757654959785523	1-5kb
clu_8311	555	0.204087077747989	<1kb
clu_8312	240	0.0109950670241287	<1kb
clu_8313	1204	0.00711812332439678	1-5kb
clu_8320	402	0.00567619302949062	<1kb
clu_835	2017	0.00695230563002681	1-5kb
clu_8360	555	0.00498605898123324	<1kb
clu_8361	1059	0.041728981233244	1-5kb
clu_837	1188	0.0141101876675603	1-5kb
clu_83735	1528	0.00422997319034853	1-5kb
clu_83738	18687	0.0121063538873995	5-20kb
clu_83739	20176	0.0938080965147453	20-50kb
clu_83740	605	0.00198249329758713	<1kb
clu_8375	1232	0.0313933243967828	1-5kb
clu_83758	2576	0.01451581769437	1-5kb
clu_83776	2698	0.0262780697050938	1-5kb
clu_8378	2521	0.0126806434316354	1-5kb
clu_83788	198	0.000162600536193029	<1kb
clu_83793	2081	0.0382532171581769	1-5kb
clu_83794	973	0.127121769436997	<1kb
clu_83795	3299	0.0257581769436997	1-5kb
clu_83796	3175	0.0128221715817694	1-5kb
clu_83799	36062	0.0177483646112601	20-50kb
clu_838	25223	0.0129673190348525	20-50kb
clu_8380	599	0.00442117962466488	<1kb
clu_8382	5130	0.0378565147453083	5-20kb
clu_83846	3747	0.0134816353887399	1-5kb
clu_83847	2466	0.0092042091152815	1-5kb
clu_83850	3038	0.00233565683646113	1-5kb
clu_83852	4644	0.027598471849866	1-5kb
clu_83864	1609	0.0116528150134048	1-5kb
clu_83865	7872	0.0244356032171582	5-20kb
clu_83872	8557	0.00523474530831099	5-20kb
clu_83874	3557	0.00205056300268097	1-5kb
clu_83875	2704	0.00633327077747989	1-5kb
clu_83878	2905	0.00098171581769437	1-5kb
clu_83879	3979	0.0132412600536193	1-5kb
clu_8388	1825	0.0182398659517426	1-5kb
clu_83885	2515	0.0131324932975871	1-5kb
clu_83889	3478	0.0103960589812332	1-5kb
clu_8389	7175	0.0106436461126005	5-20kb
clu_83890	5949	0.00755056300268097	5-20kb
clu_83892	2123	0.0154697319034853	1-5kb
clu_83893	1800	0.0348987667560322	1-5kb
clu_83895	2899	0.0511097855227882	1-5kb
clu_83896	4382	0.00514554959785523	1-5kb
clu_83897	18853	0.0195376139410188	5-20kb
clu_83898	7300	0.00710458445040214	5-20kb
clu_839	2116	0.0144098927613941	1-5kb
clu_83903	13827	0.0190733243967828	5-20kb
clu_83906	13489	0.0911165415549598	5-20kb
clu_83912	8312	0.0137141018766756	5-20kb
clu_83913	22806	0.0133010455764075	20-50kb
clu_83917	10407	0.0366706702412869	5-20kb
clu_83918	3148	0.146121662198391	1-5kb
clu_83919	4701	0.0222686058981233	1-5kb
clu_8392	304	0.00938675603217158	<1kb
clu_83920	3216	0.0547712868632708	1-5kb
clu_83921	5235	0.224913217158177	5-20kb
clu_83922	4814	0.360235549597855	1-5kb
clu_83926	486	0.108076461126005	<1kb
clu_83927	1683	0.0261293029490617	1-5kb
clu_83930	4833	0.0787264075067024	1-5kb
clu_83935	3013	0.0295671581769437	1-5kb
clu_83936	4334	0.00569321715817694	1-5kb
clu_83939	909	0.348363512064343	<1kb
clu_83940	1612	0.0130825201072386	1-5kb
clu_83941	4591	0.0143072386058981	1-5kb
clu_83948	2706	0.0791158981233244	1-5kb
clu_83958	4148	0.00885646112600536	1-5kb
clu_83961	3585	0.0173895174262735	1-5kb
clu_83962	33977	0.015228927613941	20-50kb
clu_83963	10114	0.03182581769437	5-20kb
clu_83964	4533	0.0493042895442359	1-5kb
clu_83966	26182	0.0613552010723861	20-50kb
clu_83976	6642	0.00339624664879357	5-20kb
clu_83977	39670	0.0107981769436997	20-50kb
clu_83978	76182	0.00598924932975871	>50kb
clu_83979	22082	0.00578423592493298	20-50kb
clu_83980	487	0.00949203753351206	<1kb
clu_83983	2689	0.00418386058981233	1-5kb
clu_83984	5421	0.00223235924932976	5-20kb
clu_83985	18171	0.020938471849866	5-20kb
clu_8399	487	0.0467377211796247	<1kb
clu_84010	1282	0.0611422520107239	1-5kb
clu_84017	13434	0.00172211796246649	5-20kb
clu_84018	6719	0.000983485254691689	5-20kb
clu_84019	37441	0.0125648525469169	20-50kb
clu_84026	1193	0.0173396782841823	1-5kb
clu_84027	5919	0.00623683646112601	5-20kb
clu_84028	3868	0.0385556568364611	1-5kb
clu_84029	4340	0.117052091152815	1-5kb
clu_84034	603	0.772937024128686	<1kb
clu_84039	3641	0.0376829490616622	1-5kb
clu_8404	1723	0.00903868632707775	1-5kb
clu_84043	2996	0.00891788203753351	1-5kb
clu_84045	1294	0.000616595174262735	1-5kb
clu_84046	6001	0.00335150134048257	5-20kb
clu_84050	3480	0.00545825737265416	1-5kb
clu_84059	29809	0.137174932975871	20-50kb
clu_84108	1991	0.00162388739946381	1-5kb
clu_84118	42717	0.187119115281501	20-50kb
clu_84125	1341	0.0063244235924933	1-5kb
clu_84126	3426	0.0093143163538874	1-5kb
clu_84133	1062	0.00120536193029491	1-5kb
clu_84137	5391	0.00575801608579089	5-20kb
clu_84143	8006	0.00235214477211796	5-20kb
clu_84147	11416	0.099158981233244	5-20kb
clu_84151	40831	0.00239613941018767	20-50kb
clu_84170	2964	0.00966914209115281	1-5kb
clu_84184	1712	0.100677533512064	1-5kb
clu_84191	14161	0.162774745308311	5-20kb
clu_84192	4698	0.139753136729223	1-5kb
clu_842	2180	0.0746730026809651	1-5kb
clu_84203	37229	0.731763404825737	20-50kb
clu_84204	270	0.024880563002681	<1kb
clu_84221	1262	0.0866111528150134	1-5kb
clu_84235	576	0.00824935656836461	<1kb
clu_84236	1963	0.0268117426273458	1-5kb
clu_84237	2827	0.0349824396782842	1-5kb
clu_84240	19822	0.0267012868632708	5-20kb
clu_84242	8330	0.102004557640751	5-20kb
clu_84243	950	0.252811554959786	<1kb
clu_84252	638	0.208640589812332	<1kb
clu_84253	2292	0.0361780428954424	1-5kb
clu_84254	547	0.266905388739946	<1kb
clu_843	5376	0.00793603217158177	5-20kb
clu_84308	8333	0.112128016085791	5-20kb
clu_84314	1668	0.021592091152815	1-5kb
clu_84330	20331	0.00216375335120643	20-50kb
clu_84342	3639	0.0373345576407507	1-5kb
clu_84360	10117	0.00607710455764075	5-20kb
clu_84363	30621	0.168668713136729	20-50kb
clu_84364	9430	0.0393709115281501	5-20kb
clu_84365	912	0.0791151474530831	<1kb
clu_8437	6113	0.00504906166219839	5-20kb
clu_84374	4060	0.0409571045576408	1-5kb
clu_84375	3113	0.0117446380697051	1-5kb
clu_84377	89130	0.460572466487936	>50kb
clu_84378	27116	0.0153796246648794	20-50kb
clu_84388	80	0.0490512600536193	<1kb
clu_84390	10589	0.0634594101876676	5-20kb
clu_844	1381	0.0618225737265416	1-5kb
clu_84462	300	0.0110436997319035	<1kb
clu_84463	7730	0.00353466487935657	5-20kb
clu_84465	5590	0.00619675603217158	5-20kb
clu_84466	97	0.0755187399463807	<1kb
clu_84467	44667	0.180715844504021	20-50kb
clu_84468	3898	0.0320524664879357	1-5kb
clu_84483	7409	0.00387790884718499	5-20kb
clu_84485	21860	0.0435319571045576	20-50kb
clu_84486	21343	0.0511298123324397	20-50kb
clu_84488	28319	0.0686020375335121	20-50kb
clu_845	795	0.0281250938337802	<1kb
clu_84502	1710	0.0975495978552279	1-5kb
clu_84509	2332	0.016908981233244	1-5kb
clu_84510	1201	0.0353328686327078	1-5kb
clu_84511	3614	0.0154336193029491	1-5kb
clu_84515	250	0.0445748793565684	<1kb
clu_84516	2889	0.00758906166219839	1-5kb
clu_84517	10402	0.36072509383378	5-20kb
clu_84523	1037	0.00324667560321716	1-5kb
clu_84524	2193	0.00948573726541555	1-5kb
clu_84526	2526	0.0607885522788204	1-5kb
clu_84527	8481	0.0131611796246649	5-20kb
clu_84533	1103	0.0581275067024129	1-5kb
clu_84534	2601	0.0153217694369973	1-5kb
clu_84540	1140	0.00257941018766756	1-5kb
clu_84542	1540	0.000865174262734584	1-5kb
clu_84557	4889	0.00199034852546917	1-5kb
clu_84566	7427	0.0178612600536193	5-20kb
clu_84567	51728	0.00486450402144772	>50kb
clu_84573	2967	0.0126932707774799	1-5kb
clu_84576	6538	0.00420616621983914	5-20kb
clu_84578	323	0.00790890080428954	<1kb
clu_84580	511	0.0287172922252011	<1kb
clu_84581	181	0.0202072117962466	<1kb
clu_84583	446	0.0225190080428954	<1kb
clu_84601	2417	0.00075857908847185	1-5kb
clu_84607	1669	0.00949029490616622	1-5kb
clu_84609	105	0.0271369168900804	<1kb
clu_84613	16287	0.066252654155496	5-20kb
clu_84631	1375	0.148127345844504	1-5kb
clu_84632	2028	0.413195549597855	1-5kb
clu_84634	9248	0.138770884718499	5-20kb
clu_84647	97	0.00903002680965147	<1kb
clu_84648	195	0.0548910455764075	<1kb
clu_84649	182	0.0221496246648794	<1kb
clu_84650	296	0.0358916085790885	<1kb
clu_84652	1775	0.0291178016085791	1-5kb
clu_84653	4127	0.0124591420911528	1-5kb
clu_84665	2752	0.00696865951742627	1-5kb
clu_84667	1303	0.0131517694369973	1-5kb
clu_84668	423	0.0107245576407507	<1kb
clu_84674	384	0.0156018766756032	<1kb
clu_84676	67	0.0113682841823056	<1kb
clu_84702	749	0.0189247721179625	<1kb
clu_84715	4173	0.131117077747989	1-5kb
clu_8472	4390	0.0334786595174263	1-5kb
clu_8473	122	0.0152538605898123	<1kb
clu_84733	2514	0.0125367292225201	1-5kb
clu_84735	1102	0.0053683109919571	1-5kb
clu_8476	790	0.00608281501340483	<1kb
clu_84763	1728	0.00760246648793566	1-5kb
clu_84764	3237	0.0170708579088472	1-5kb
clu_8477	4500	0.00440485254691689	1-5kb
clu_8478	366	0.0123516621983914	<1kb
clu_8479	5550	0.0126011528150134	5-20kb
clu_84795	5991	0.0073388471849866	5-20kb
clu_84796	1113	0.0593890616621984	1-5kb
clu_84797	23227	0.0721387667560322	20-50kb
clu_8480	959	0.00254504021447721	<1kb
clu_84804	1471	0.00170849865951743	1-5kb
clu_8481	13669	0.00538890080428954	5-20kb
clu_84812	10750	0.060251018766756	5-20kb
clu_84813	5279	0.0081944235924933	5-20kb
clu_84814	8042	0.0126721715817694	5-20kb
clu_8482	2440	0.00164903485254692	1-5kb
clu_84820	28959	0.0428913672922252	20-50kb
clu_84821	492	0.0388504825737265	<1kb
clu_84828	394	0.00168898123324397	<1kb
clu_84829	3350	0.0127980965147453	1-5kb
clu_84835	5262	0.0185667024128686	5-20kb
clu_84836	32551	0.484942252010724	20-50kb
clu_84855	19131	0.0836071581769437	5-20kb
clu_84864	3833	0.00485544235924933	1-5kb
clu_84867	36371	0.0138323592493298	20-50kb
clu_8490	1978	0.0256374530831099	1-5kb
clu_84915	5804	0.124615764075067	5-20kb
clu_84916	1147	0.00587335120643432	1-5kb
clu_84917	552	0.0141024396782842	<1kb
clu_84919	2268	0.0998951206434316	1-5kb
clu_8492	12238	0.0667160321715818	5-20kb
clu_84920	328	0.0214871581769437	<1kb
clu_84925	337	0.0119928150134048	<1kb
clu_84929	751	0.0406068632707775	<1kb
clu_84930	3449	0.0193039678284182	1-5kb
clu_84942	2770	0.00641308310991957	1-5kb
clu_84955	12934	0.135678257372654	5-20kb
clu_84964	2299	0.00275900804289544	1-5kb
clu_84968	10083	0.00454908847184987	5-20kb
clu_84970	16171	0.0187596782841823	5-20kb
clu_84972	858	0.00309828418230563	<1kb
clu_84973	5200	0.00286552278820375	5-20kb
clu_84979	1263	0.00158959785522788	1-5kb
clu_8498	500	0.00457241286863271	<1kb
clu_84982	24302	0.0105349061662198	20-50kb
clu_84990	534	0.0134172654155496	<1kb
clu_84992	6645	0.0111749865951743	5-20kb
clu_84993	6771	0.00486509383378016	5-20kb
clu_84998	1046	0.0161627613941019	1-5kb
clu_84999	52632	0.536746273458445	>50kb
clu_8500	125	0.00612544235924933	<1kb
clu_85000	10398	0.0578505898123324	5-20kb
clu_8501	806	0.00716219839142091	<1kb
clu_85034	91731	0.0826280697050938	>50kb
clu_85037	3014	0.0172044235924933	1-5kb
clu_85038	538	0.0285563538873995	<1kb
clu_8504	43117	0.058108418230563	20-50kb
clu_85041	1196	0.0294221983914209	1-5kb
clu_85048	4003	0.00990844504021448	1-5kb
clu_85052	639	0.0174716085790885	<1kb
clu_85053	1977	0.0029842091152815	1-5kb
clu_85057	79	0.00216219839142091	<1kb
clu_85058	304	0.00679528150134048	<1kb
clu_85059	205	0.013030509383378	<1kb
clu_85061	344	0.151737801608579	<1kb
clu_85062	668	0.0285572117962466	<1kb
clu_85064	5821	0.00461662198391421	5-20kb
clu_85065	2552	0.0116931367292225	1-5kb
clu_85066	3060	0.0269964075067024	1-5kb
clu_85067	90	0.00483426273458445	<1kb
clu_85068	438	0.0215029758713137	<1kb
clu_85070	13663	0.0328933512064343	5-20kb
clu_85076	1078	0.0962078016085791	1-5kb
clu_85077	255	0.417915737265416	<1kb
clu_85083	7324	0.0857154959785523	5-20kb
clu_85086	436	0.0888186595174263	<1kb
clu_85087	480	0.826831313672922	<1kb
clu_85089	1787	0.00410587131367292	1-5kb
clu_85093	425	0.012943672922252	<1kb
clu_85096	220	0.00148753351206434	<1kb
clu_85097	7351	0.233938579088472	5-20kb
clu_85098	1393	0.00750313672922252	1-5kb
clu_85100	89	0.00554721179624665	<1kb
clu_85104	6120	0.00719249329758713	5-20kb
clu_85105	1629	0.023251528150134	1-5kb
clu_85106	2486	0.0244823592493298	1-5kb
clu_85107	286	0.0294466487935657	<1kb
clu_85109	3649	0.0190801876675603	1-5kb
clu_85119	37703	0.110208579088472	20-50kb
clu_85121	7769	0.0226127077747989	5-20kb
clu_85122	6801	0.00946383378016086	5-20kb
clu_85123	4508	0.0125424932975871	1-5kb
clu_85125	1241	0.00533053619302949	1-5kb
clu_85126	2329	0.0605291420911528	1-5kb
clu_8513	615	0.000449249329758713	<1kb
clu_85135	1052	0.0338606970509383	1-5kb
clu_85136	3088	0.0699389008042895	1-5kb
clu_85137	646	0.016286327077748	<1kb
clu_8514	321	0.0148019302949062	<1kb
clu_85140	5043	0.0069413672922252	5-20kb
clu_85144	231	0.0306654155495979	<1kb
clu_85145	277	0.336786648793566	<1kb
clu_85146	246	0.0285834852546917	<1kb
clu_85148	711	0.0325209383378016	<1kb
clu_85149	386	0.0464157104557641	<1kb
clu_85151	355	0.150764477211796	<1kb
clu_85153	2655	0.669623538873995	1-5kb
clu_85155	2305	0.00882128686327078	1-5kb
clu_85158	340	0.0517566756032172	<1kb
clu_85159	955	0.479968150134048	<1kb
clu_85166	430	0.00547772117962466	<1kb
clu_85167	1089	0.00879257372654156	1-5kb
clu_85170	43075	0.0191533780160858	20-50kb
clu_85177	126	0.00313361930294906	<1kb
clu_85178	241	0.0148092761394102	<1kb
clu_85179	3372	0.0179450402144772	1-5kb
clu_85180	969	0.0171504021447721	<1kb
clu_85181	786	0.00603683646112601	<1kb
clu_85187	39519	0.0101518230563003	20-50kb
clu_85188	50372	0.0474761394101877	>50kb
clu_85189	16658	0.0487003753351206	5-20kb
clu_8519	17155	0.0128607506702413	5-20kb
clu_85191	6615	0.0221025469168901	5-20kb
clu_85192	9452	0.0106385254691689	5-20kb
clu_85193	3280	0.00973986595174263	1-5kb
clu_85198	705	0.00412104557640751	<1kb
clu_85201	167	0.00195211796246649	<1kb
clu_85203	133	0.0052556836461126	<1kb
clu_85230	3891	0.00439973190348525	1-5kb
clu_85233	1523	0.00224064343163539	1-5kb
clu_85235	1556	0.0282955227882038	1-5kb
clu_85237	1025	0.246215174262735	1-5kb
clu_85238	132	0.00505927613941019	<1kb
clu_85239	787	0.129669008042895	<1kb
clu_85241	2105	0.0195376407506702	1-5kb
clu_85246	3942	0.000784343163538874	1-5kb
clu_85247	1818	0.151951608579088	1-5kb
clu_85248	983	0.236814101876676	<1kb
clu_85251	5663	0.0080572654155496	5-20kb
clu_85252	1222	0.0146916621983914	1-5kb
clu_85253	5155	0.0326889544235925	5-20kb
clu_85256	31913	0.159829061662198	20-50kb
clu_85262	1157	0.0601467292225201	1-5kb
clu_85275	3301	0.0224848793565684	1-5kb
clu_85276	701	0.0030354691689008	<1kb
clu_85277	2100	0.00234739946380697	1-5kb
clu_85278	603	0.00474396782841823	<1kb
clu_8528	500	0.00447040214477212	<1kb
clu_85280	1707	0.00509994638069705	1-5kb
clu_85281	3126	0.0146463538873995	1-5kb
clu_85289	919	0.0270771045576408	<1kb
clu_85290	4677	0.0685729490616622	1-5kb
clu_85296	1011	0.00509975871313673	1-5kb
clu_85306	3229	0.0323970777479893	1-5kb
clu_85318	1015	0.245377855227882	1-5kb
clu_85319	1496	0.00378112600536193	1-5kb
clu_85320	1163	0.0528101876675603	1-5kb
clu_8533	269	0.00275621983914209	<1kb
clu_85344	663	0.0751012332439678	<1kb
clu_8538	17962	0.0274871313672922	5-20kb
clu_85381	175	0.222700080428954	<1kb
clu_8539	50248	0.0782411260053619	>50kb
clu_85397	28523	0.0655976675603217	20-50kb
clu_85398	22005	0.00632723860589812	20-50kb
clu_85406	14840	0.0349762198391421	5-20kb
clu_85407	8870	0.010616836461126	5-20kb
clu_85408	127	0.00916313672922252	<1kb
clu_85409	5303	0.00433485254691689	5-20kb
clu_85412	4623	0.00683742627345844	1-5kb
clu_85417	1421	0.0513576943699732	1-5kb
clu_85420	643	0.00673707774798928	<1kb
clu_85423	10379	0.0125879356568365	5-20kb
clu_85424	819	0.00306479892761394	<1kb
clu_85425	329	0.0984313672922252	<1kb
clu_85426	1911	0.0649293833780161	1-5kb
clu_8543	1863	0.0158365951742627	1-5kb
clu_85434	1191	0.0201098927613941	1-5kb
clu_85439	617	0.00362924932975871	<1kb
clu_8544	891	0.00436576407506702	<1kb
clu_85440	12642	0.0187808579088472	5-20kb
clu_85443	46428	0.0175275603217158	20-50kb
clu_85445	28802	0.0119492225201072	20-50kb
clu_85446	2638	0.00924069705093834	1-5kb
clu_85448	90	0.00114276139410188	<1kb
clu_85449	1720	0.0272225469168901	1-5kb
clu_85450	792	0.0293655764075067	<1kb
clu_85454	1080	0.132210482573727	1-5kb
clu_85456	984	0.164821045576408	<1kb
clu_85457	23698	0.0404734048257373	20-50kb
clu_85459	10489	0.00905932975871314	5-20kb
clu_85460	3098	0.0303549329758713	1-5kb
clu_85461	802	0.00944445040214477	<1kb
clu_85462	1270	0.0133031903485255	1-5kb
clu_85463	2316	0.0209548525469169	1-5kb
clu_85464	8354	0.0160756300268097	5-20kb
clu_8549	221	0.0241760321715818	<1kb
clu_85492	13778	0.101319517426273	5-20kb
clu_85493	4888	0.0078429490616622	1-5kb
clu_85494	9066	0.144159383378016	5-20kb
clu_85509	5874	0.0464978016085791	5-20kb
clu_85510	1124	0.00287605898123324	1-5kb
clu_85511	9267	0.0196289008042895	5-20kb
clu_85515	10358	0.0151767024128686	5-20kb
clu_85517	15146	0.747956300268097	5-20kb
clu_85528	877	0.00949962466487936	<1kb
clu_85536	15182	0.221893753351206	5-20kb
clu_85538	30802	0.384075603217158	20-50kb
clu_85541	13539	0.097667855227882	5-20kb
clu_85549	950	0.162100697050938	<1kb
clu_85572	454	0.00272179624664879	<1kb
clu_85573	212	0.0330622520107239	<1kb
clu_85577	129	0.00247222520107239	<1kb
clu_85586	660	0.0182779892761394	<1kb
clu_85587	530	0.00821501340482574	<1kb
clu_85589	2529	0.00440678284182306	1-5kb
clu_85591	323	0.00869238605898123	<1kb
clu_85592	4182	0.0228909651474531	1-5kb
clu_85596	2678	0.016397908847185	1-5kb
clu_85597	1724	0.00717865951742627	1-5kb
clu_85598	301	0.0206288739946381	<1kb
clu_8570	696	0.00379994638069705	<1kb
clu_8574	1113	0.0577056568364611	1-5kb
clu_8576	416	0.011107908847185	<1kb
clu_8577	1449	0.0162861126005362	1-5kb
clu_8585	3122	0.00295520107238606	1-5kb
clu_8586	1535	0.0188390080428954	1-5kb
clu_8587	1988	0.00491099195710456	1-5kb
clu_8589	197	0.00931104557640751	<1kb
clu_8593	690	0.0114658981233244	<1kb
clu_8596	10150	0.00545605898123324	5-20kb
clu_8601	321	0.00899230563002681	<1kb
clu_8620	707	0.00306951742627346	<1kb
clu_8621	308	0.0304397050938338	<1kb
clu_8623	190	0.0301688739946381	<1kb
clu_8627	1481	0.0176190884718499	1-5kb
clu_8628	2303	0.0110472922252011	1-5kb
clu_8630	1715	0.0170060053619303	1-5kb
clu_8646	10202	0.0098158981233244	5-20kb
clu_8649	1032	0.0113904825737265	1-5kb
clu_865	515	0.0377879624664879	<1kb
clu_8655	204	0.00534351206434316	<1kb
clu_8659	640	0.00411962466487936	<1kb
clu_86921	811	0.0132065415549598	<1kb
clu_86923	76	0.00411112600536193	<1kb
clu_86931	862	0.031675254691689	<1kb
clu_86933	165	0.0100979624664879	<1kb
clu_86935	91	0.00549702412868633	<1kb
clu_86938	574	0.058347908847185	<1kb
clu_86952	9549	0.279290026809651	5-20kb
clu_86953	5107	0.0545720643431635	5-20kb
clu_86954	7786	0.0301038605898123	5-20kb
clu_86973	186	0.00306667560321716	<1kb
clu_86977	5177	0.0396215013404826	5-20kb
clu_8698	38023	0.0370397855227882	20-50kb
clu_86980	3417	0.0374093565683646	1-5kb
clu_86981	304	0.00454675603217158	<1kb
clu_86983	153	0.0243476943699732	<1kb
clu_8699	9249	0.00916176943699732	5-20kb
clu_8700	36819	0.059905308310992	20-50kb
clu_87006	8300	0.00984067024128686	5-20kb
clu_87007	2947	0.0331956836461126	1-5kb
clu_8701	521	0.0727367828418231	<1kb
clu_87012	1239	0.000279571045576407	1-5kb
clu_87013	126	5.37801608579089e-05	<1kb
clu_87017	548	0.178358927613941	<1kb
clu_87030	1695	0.0112471849865952	1-5kb
clu_87034	3345	0.00835155495978552	1-5kb
clu_87039	3123	0.0502398927613941	1-5kb
clu_87054	1822	0.00796053619302949	1-5kb
clu_87055	176	0.0082127345844504	<1kb
clu_87068	3400	0.0216302412868633	1-5kb
clu_87076	12796	0.00538895442359249	5-20kb
clu_87081	73106	0.561101340482574	>50kb
clu_87087	1211	0.0235715013404826	1-5kb
clu_87100	1675	0.00806045576407507	1-5kb
clu_87109	6305	0.00874278820375335	5-20kb
clu_87110	1216	0.0100152278820375	1-5kb
clu_87111	300	0.0384425201072386	<1kb
clu_87114	592	0.000934879356568365	<1kb
clu_87127	229	0.00837839142091153	<1kb
clu_87129	156	0.0516906702412869	<1kb
clu_87132	103	0.123465308310992	<1kb
clu_87133	5953	0.134071689008043	5-20kb
clu_87139	101	0.486086890080429	<1kb
clu_87141	120	0.0872137801608579	<1kb
clu_87142	196	0.120538150134048	<1kb
clu_87143	242	0.0829836193029491	<1kb
clu_87147	250	0.213223324396783	<1kb
clu_87150	193	0.247257855227882	<1kb
clu_87152	146	0.0290682573726542	<1kb
clu_87156	182	0.000841689008042895	<1kb
clu_87158	976	0.302736809651475	<1kb
clu_87159	1429	0.0986485522788204	1-5kb
clu_87168	12617	0.00274576407506702	5-20kb
clu_87169	10512	0.010121581769437	5-20kb
clu_87170	2393	0.00307772117962466	1-5kb
clu_87173	1185	0.0355417158176944	1-5kb
clu_87176	232	0.00700504021447721	<1kb
clu_87186	5114	0.00710887399463807	5-20kb
clu_87189	4168	0.00821056300268097	1-5kb
clu_87190	3262	0.0108581769436997	1-5kb
clu_87195	1171	0.0231695442359249	1-5kb
clu_87198	3290	0.00734246648793566	1-5kb
clu_87206	921	0.0272202412868633	<1kb
clu_87210	3167	0.00959383378016086	1-5kb
clu_87211	1030	0.00327549597855228	1-5kb
clu_87220	3332	0.0107486058981233	1-5kb
clu_87221	2195	0.00730943699731903	1-5kb
clu_87222	1355	0.00796093833780161	1-5kb
clu_87223	1078	0.00941638069705094	1-5kb
clu_87224	3147	0.0265278284182306	1-5kb
clu_87225	1130	0.0100716621983914	1-5kb
clu_87226	1654	0.0844836193029491	1-5kb
clu_87232	912	0.00247509383378016	<1kb
clu_8724	1293	0.0325821179624665	1-5kb
clu_87246	14607	0.0263504557640751	5-20kb
clu_87253	1746	0.0180031903485255	1-5kb
clu_87254	4832	0.00421238605898123	1-5kb
clu_87257	836	0.0131700536193029	<1kb
clu_87262	41830	0.262597345844504	20-50kb
clu_87292	1072	0.012721072386059	1-5kb
clu_87293	2835	0.0781418230563003	1-5kb
clu_87295	877	0.0338753619302949	<1kb
clu_87300	919	0.0340158713136729	<1kb
clu_87333	12380	0.0193389544235925	5-20kb
clu_87337	428	0.0241291957104558	<1kb
clu_87346	10319	0.0385981233243968	5-20kb
clu_87348	5075	0.00207270777479893	5-20kb
clu_87350	1288	0.0157398659517426	1-5kb
clu_87354	1977	0.063002654155496	1-5kb
clu_8736	269	0.328614557640751	<1kb
clu_87362	3057	0.0242580965147453	1-5kb
clu_87367	238	0.00675538873994638	<1kb
clu_87368	873	0.0130087131367292	<1kb
clu_87370	1156	0.0224444772117962	1-5kb
clu_87406	9298	0.0017455764075067	5-20kb
clu_87409	636	0.00818670241286863	<1kb
clu_87410	5197	0.0053245308310992	5-20kb
clu_87412	10271	0.0238439946380697	5-20kb
clu_87415	3292	0.0172898659517426	1-5kb
clu_87429	55844	0.106284879356568	>50kb
clu_87463	97457	0.0216849329758713	>50kb
clu_87465	33464	0.0145688471849866	20-50kb
clu_87470	1491	0.0270641554959786	1-5kb
clu_87474	43951	0.0671512332439678	20-50kb
clu_87475	3915	0.130434584450402	1-5kb
clu_87477	54986	0.00819908847184987	>50kb
clu_87480	5022	0.00191600536193029	5-20kb
clu_87485	2672	0.0184269436997319	1-5kb
clu_87488	411	0.00134436997319035	<1kb
clu_87492	6025	0.0373805898123324	5-20kb
clu_87493	1176	0.0347238069705094	1-5kb
clu_87495	18421	0.106474450402145	5-20kb
clu_87501	2389	0.0204355764075067	1-5kb
clu_87503	2434	0.0114291957104558	1-5kb
clu_87504	3614	0.0113940214477212	1-5kb
clu_87507	40998	0.0028243163538874	20-50kb
clu_87513	328	0.0200039678284182	<1kb
clu_87522	7693	0.0310176943699732	5-20kb
clu_87525	27023	0.270055737265416	20-50kb
clu_87537	2418	0.00919895442359249	1-5kb
clu_87547	4433	0.01122418230563	1-5kb
clu_87551	9777	0.00231758713136729	5-20kb
clu_87552	2534	0.0277726273458445	1-5kb
clu_87556	24786	0.00256817694369973	20-50kb
clu_87560	40587	0.00778134048257373	20-50kb
clu_87578	1177	0.00214067024128686	1-5kb
clu_87582	1774	0.0137828150134048	1-5kb
clu_87584	1186	0.0126882037533512	1-5kb
clu_87588	3792	0.0229982573726542	1-5kb
clu_87592	44198	0.00899300268096515	20-50kb
clu_87596	794	0.00344083109919571	<1kb
clu_87597	17312	0.0223532975871314	5-20kb
clu_87598	781	0.00525498659517426	<1kb
clu_87612	3340	0.0373997319034853	1-5kb
clu_87613	1848	0.212740509383378	1-5kb
clu_87616	1686	0.124199142091153	1-5kb
clu_8763	2140	0.0258406970509383	1-5kb
clu_87646	4439	0.0552186595174263	1-5kb
clu_87671	21721	0.0575778820375335	20-50kb
clu_87681	19470	0.0190050670241287	5-20kb
clu_87684	1414	0.0160167560321716	1-5kb
clu_87690	149	0.00536994638069705	<1kb
clu_87693	490	0.0116177747989276	<1kb
clu_87694	232	0.00533927613941019	<1kb
clu_87697	14178	0.0123644235924933	5-20kb
clu_87708	65077	0.00573820375335121	>50kb
clu_87709	85126	0.0149012868632708	>50kb
clu_87711	3204	0.0110277479892761	1-5kb
clu_87713	2424	0.0321956300268097	1-5kb
clu_87714	335	0.0456167828418231	<1kb
clu_87725	196	0.0026173726541555	<1kb
clu_87727	385	0.021907855227882	<1kb
clu_87728	842	0.008798418230563	<1kb
clu_87729	1512	0.00788672922252011	1-5kb
clu_8773	734	0.0118261662198391	<1kb
clu_87732	1850	0.0116579892761394	1-5kb
clu_87737	301	0.00687388739946381	<1kb
clu_87741	212	0.0111797050938338	<1kb
clu_87776	327	0.0545395978552279	<1kb
clu_87791	5233	0.0134309115281501	5-20kb
clu_87792	258	0.005641581769437	<1kb
clu_87793	615	0.0970412868632708	<1kb
clu_87800	14472	0.00262351206434316	5-20kb
clu_87801	2796	0.00550544235924933	1-5kb
clu_87802	8932	0.0530552278820375	5-20kb
clu_87804	2957	0.0102884986595174	1-5kb
clu_87805	4314	0.00333211796246649	1-5kb
clu_87827	4464	0.0553279892761394	1-5kb
clu_87828	1000	0.0253950670241287	1-5kb
clu_87833	801	0.000799678284182306	<1kb
clu_87846	2470	0.178538605898123	1-5kb
clu_87860	860	0.155509731903485	<1kb
clu_87874	3209	0.154078123324397	1-5kb
clu_87876	548	0.0113462198391421	<1kb
clu_87878	497	0.0145148257372654	<1kb
clu_87881	404	0.00849193029490617	<1kb
clu_87887	551	0.046395308310992	<1kb
clu_87890	7442	0.0134113941018767	5-20kb
clu_87898	974	0.0211654959785523	<1kb
clu_8790	2326	0.0380782573726542	1-5kb
clu_87908	666	0.351679249329759	<1kb
clu_87916	8726	0.0477719302949062	5-20kb
clu_87936	906	0.231640831099196	<1kb
clu_87937	1210	0.0193479624664879	1-5kb
clu_87954	449	0.238453753351206	<1kb
clu_87960	6295	0.0996150402144772	5-20kb
clu_87962	2155	0.0108232707774799	1-5kb
clu_87966	533	0.0625691152815013	<1kb
clu_87967	359	0.0185688203753351	<1kb
clu_87976	841	0.0120730026809651	<1kb
clu_87977	1457	0.0436007506702413	1-5kb
clu_87980	4996	0.00464571045576407	1-5kb
clu_87982	68212	0.00733815013404826	>50kb
clu_87984	149	0.0273146648793566	<1kb
clu_87987	7925	0.108197506702413	5-20kb
clu_87993	2598	0.00588646112600536	1-5kb
clu_87994	218	0.00489718498659517	<1kb
clu_87998	1132	0.00420053619302949	1-5kb
clu_87999	190	0.0121931367292225	<1kb
clu_88000	7777	0.0281328954423592	5-20kb
clu_8801	34546	0.181597747989276	20-50kb
clu_88018	133	0.00830938337801609	<1kb
clu_88019	278	0.0203174530831099	<1kb
clu_88021	1028	0.0220138605898123	1-5kb
clu_88026	244	0.01100418230563	<1kb
clu_88027	197	0.00484785522788204	<1kb
clu_8803	408	0.00233823056300268	<1kb
clu_88039	330	0.0329950134048257	<1kb
clu_88041	689	0.0088358981233244	<1kb
clu_88046	90	0.010600509383378	<1kb
clu_88047	125	0.0898321715817694	<1kb
clu_8805	766	0.00359627345844504	<1kb
clu_88055	792	0.0152272654155496	<1kb
clu_88057	154	0.0256055495978552	<1kb
clu_8806	542	0.00320967828418231	<1kb
clu_88063	146	0.0440034316353887	<1kb
clu_88065	181	0.00955554959785523	<1kb
clu_88068	92	0.00685477211796247	<1kb
clu_88069	220	0.0582705898123324	<1kb
clu_8807	2442	0.00988796246648794	1-5kb
clu_88070	166	0.00356335120643432	<1kb
clu_88074	713	0.0204598927613941	<1kb
clu_88075	541	0.00375721179624665	<1kb
clu_88078	106	0.0636088203753351	<1kb
clu_88079	2666	0.0129093297587131	1-5kb
clu_8808	381	0.00462498659517426	<1kb
clu_88083	331	0.0217250402144772	<1kb
clu_88088	627	0.18448144772118	<1kb
clu_88089	442	0.0424616621983914	<1kb
clu_88098	4531	0.00354924932975871	1-5kb
clu_88100	2358	0.0176507506702413	1-5kb
clu_88107	10453	0.0121396246648794	5-20kb
clu_88108	558	0.00393375335120643	<1kb
clu_88128	1365	0.0188618498659517	1-5kb
clu_88131	887	0.00497254691689008	<1kb
clu_88140	2239	0.00240619302949062	1-5kb
clu_88157	309	0.0152483109919571	<1kb
clu_88158	235	0.00406048257372654	<1kb
clu_88161	87	0.00182699731903485	<1kb
clu_88166	2671	0.0145805361930295	1-5kb
clu_88167	205	0.0112549061662198	<1kb
clu_88169	165	0.221849705093834	<1kb
clu_88174	102	0.0133900804289544	<1kb
clu_88177	401	0.0222287399463807	<1kb
clu_88178	1278	0.38091418230563	1-5kb
clu_88182	159	0.00936680965147453	<1kb
clu_88183	849	0.0100072386058981	<1kb
clu_88186	615	0.0222686058981233	<1kb
clu_88187	3521	0.0231251474530831	1-5kb
clu_88190	370	0.194139034852547	<1kb
clu_88192	2315	0.0217756568364611	1-5kb
clu_88193	724	0.00315080428954424	<1kb
clu_88194	263	0.00258152815013405	<1kb
clu_88198	1603	0.0124743699731903	1-5kb
clu_8820	1755	0.0183317158176944	1-5kb
clu_88206	1756	0.00266375335120643	1-5kb
clu_88207	1607	0.0223403753351206	1-5kb
clu_88233	106	0.0062441018766756	<1kb
clu_88234	201	0.140729865951743	<1kb
clu_88245	1980	0.00389040214477212	1-5kb
clu_88246	521	0.00660128686327078	<1kb
clu_8825	1567	0.0326912868632708	1-5kb
clu_88253	700	0.0021069436997319	<1kb
clu_8826	2202	0.0340236461126005	1-5kb
clu_88265	2970	0.0227776943699732	1-5kb
clu_88266	825	0.0106934048257373	<1kb
clu_8827	122	0.00510493297587131	<1kb
clu_88272	623	0.0157950402144772	<1kb
clu_88279	3103	0.00619600536193029	1-5kb
clu_8829	885	0.00519485254691689	<1kb
clu_88292	1277	0.00769849865951743	1-5kb
clu_88297	140	0.00410455764075067	<1kb
clu_8830	892	0.07207581769437	<1kb
clu_88303	2079	0.035854745308311	1-5kb
clu_88328	4789	0.0641153351206434	1-5kb
clu_88329	1886	0.00792131367292225	1-5kb
clu_88331	14123	0.0197981501340483	5-20kb
clu_88332	4276	0.0589759517426273	1-5kb
clu_88333	334	0.0505353351206434	<1kb
clu_88334	5591	0.0286129490616622	5-20kb
clu_88335	10002	0.0127550402144772	5-20kb
clu_88340	504	0.0149362198391421	<1kb
clu_88356	25617	0.0438737801608579	20-50kb
clu_88357	1781	0.0573970509383378	1-5kb
clu_88358	2096	0.0157247721179625	1-5kb
clu_88359	526	0.00639804289544236	<1kb
clu_8836	978	0.0371209919571046	<1kb
clu_88364	10459	0.00973238605898123	5-20kb
clu_88366	831	0.0047829490616622	<1kb
clu_8837	365	0.0522679624664879	<1kb
clu_88371	478	0.00260053619302949	<1kb
clu_88372	261	0.00560428954423592	<1kb
clu_88373	91	0.0219713941018767	<1kb
clu_88375	527	0.242801662198391	<1kb
clu_88377	1029	0.134383378016086	1-5kb
clu_88379	244	0.011415308310992	<1kb
clu_88380	405	0.0201623056300268	<1kb
clu_88381	215	0.147541876675603	<1kb
clu_88383	866	0.0122610455764075	<1kb
clu_88384	134	0.00402916890080429	<1kb
clu_88386	295	0.00774911528150134	<1kb
clu_88395	97	0.144059329758713	<1kb
clu_88400	422	0.0320985522788204	<1kb
clu_88402	80	0.109206809651475	<1kb
clu_88403	86	0.032854745308311	<1kb
clu_88404	87	0.177638391420912	<1kb
clu_88410	201	0.0114683378016086	<1kb
clu_88416	1772	0.0382758713136729	1-5kb
clu_88417	83	0.0182965951742627	<1kb
clu_88418	101	0.00876383378016086	<1kb
clu_88419	97	0.00138142091152815	<1kb
clu_88429	177	0.00136520107238606	<1kb
clu_88430	1319	0.000828659517426273	1-5kb
clu_88432	729	0.000811099195710456	<1kb
clu_88433	195	0.0156079356568365	<1kb
clu_88446	2969	0.00358581769436997	1-5kb
clu_88447	2148	0.00461166219839142	1-5kb
clu_88459	1627	0.0257035924932976	1-5kb
clu_88461	2824	0.0134536997319035	1-5kb
clu_88464	2068	0.0152487935656836	1-5kb
clu_88471	2275	0.0194822520107239	1-5kb
clu_88472	58673	0.00862163538873995	>50kb
clu_88474	2916	0.0226593297587131	1-5kb
clu_88476	6999	0.0564186595174263	5-20kb
clu_88481	1906	0.0194338337801609	1-5kb
clu_88482	2808	0.00701635388739946	1-5kb
clu_88485	3941	0.112180134048257	1-5kb
clu_88486	740	0.0168632171581769	<1kb
clu_88491	860	0.0408423860589812	<1kb
clu_88494	592	0.038292600536193	<1kb
clu_88499	656	0.133909705093834	<1kb
clu_885	1731	0.0286161126005362	1-5kb
clu_88515	717	0.0197175603217158	<1kb
clu_88517	5880	0.131463297587131	5-20kb
clu_88518	9726	0.0161828418230563	5-20kb
clu_88527	543	0.00795187667560322	<1kb
clu_88533	1728	0.00939638069705094	1-5kb
clu_88534	4887	0.105802815013405	1-5kb
clu_88535	567	0.00915131367292225	<1kb
clu_88536	8306	0.0107986327077748	5-20kb
clu_88538	708	0.0258261394101877	<1kb
clu_88539	3868	0.0334978820375335	1-5kb
clu_88540	5579	0.0197693565683646	5-20kb
clu_88541	2773	0.017042144772118	1-5kb
clu_88542	1663	0.0962111260053619	1-5kb
clu_88554	4088	0.0644807238605898	1-5kb
clu_88562	3023	0.0324598659517426	1-5kb
clu_88567	101	0.00698812332439678	<1kb
clu_88568	327	0.00527552278820375	<1kb
clu_88571	100	0.00529702412868633	<1kb
clu_88574	500	0.0064285254691689	<1kb
clu_88575	223	0.0100829490616622	<1kb
clu_88576	92	0.0104463002680965	<1kb
clu_88583	2164	0.026731581769437	1-5kb
clu_88585	1098	0.378021152815013	1-5kb
clu_88586	318	0.0203521179624665	<1kb
clu_88588	611	0.0101563002680965	<1kb
clu_88589	459	0.0990184986595174	<1kb
clu_88604	212	0.0612725737265416	<1kb
clu_88608	1368	0.0238922252010724	1-5kb
clu_88609	318	0.0116293297587131	<1kb
clu_88621	14930	0.00673670241286863	5-20kb
clu_88624	4819	0.0112039678284182	1-5kb
clu_88625	2587	0.0275419034852547	1-5kb
clu_88626	7179	0.190211206434316	5-20kb
clu_88634	6819	0.00758254691689008	5-20kb
clu_88636	629	0.00318769436997319	<1kb
clu_88642	3643	0.00681573726541555	1-5kb
clu_88655	15634	0.00410123324396783	5-20kb
clu_88666	1116	3.25201072386059e-05	1-5kb
clu_88685	23050	0.0259309651474531	20-50kb
clu_88686	21837	0.0063156836461126	20-50kb
clu_88688	48729	0.0114772386058981	20-50kb
clu_88689	50135	0.0215557372654155	>50kb
clu_88690	24695	0.0403604825737265	20-50kb
clu_88694	3735	0.119077613941019	1-5kb
clu_88697	8483	0.0247007506702413	5-20kb
clu_88700	1735	0.0209972117962467	1-5kb
clu_88701	3654	0.00769766756032172	1-5kb
clu_88703	32311	0.075652144772118	20-50kb
clu_88705	8188	0.0311016890080429	5-20kb
clu_88706	16194	0.0121309651474531	5-20kb
clu_88727	27093	0.0030116890080429	20-50kb
clu_88732	1526	0.388142171581769	1-5kb
clu_88754	509	0.0642728686327078	<1kb
clu_88759	1222	0.0526995442359249	1-5kb
clu_8876	1065	0.0366983914209115	1-5kb
clu_88763	2277	0.00373782841823056	1-5kb
clu_88764	1387	0.0066785254691689	1-5kb
clu_88765	1337	0.0241521715817694	1-5kb
clu_88767	1099	0.00190319034852547	1-5kb
clu_88769	30896	0.0558608579088472	20-50kb
clu_8877	1775	0.0264712868632708	1-5kb
clu_88770	7072	0.00959426273458445	5-20kb
clu_8879	1994	0.00938485254691689	1-5kb
clu_8880	778	0.00693603217158177	<1kb
clu_8882	515	0.0140960321715818	<1kb
clu_88832	3745	0.155871876675603	1-5kb
clu_88835	3466	0.0213081233243968	1-5kb
clu_88847	1929	0.00304160857908847	1-5kb
clu_8885	1140	0.0132872922252011	1-5kb
clu_88851	872	0.0479215549597855	<1kb
clu_88852	994	0.0395325469168901	<1kb
clu_88853	5545	0.0129809651474531	5-20kb
clu_88855	1009	0.0316360857908847	1-5kb
clu_88857	1119	0.0317701340482574	1-5kb
clu_8886	890	0.00216369973190349	<1kb
clu_88866	3382	0.0631915549597855	1-5kb
clu_88891	5209	0.0100433780160858	5-20kb
clu_889	2892	0.013110563002681	1-5kb
clu_88915	103	0.00833613941018767	<1kb
clu_88917	539	0.00420991957104558	<1kb
clu_88923	1221	0.00986932975871314	1-5kb
clu_88925	8947	0.00691254691689008	5-20kb
clu_8894	1631	0.0130655227882038	1-5kb
clu_8895	747	0.00757246648793566	<1kb
clu_88953	637	0.00633297587131367	<1kb
clu_88960	82	0.0127627345844504	<1kb
clu_88965	1598	0.0155040214477212	1-5kb
clu_8897	6216	0.00606613941018767	5-20kb
clu_88978	3126	0.0478618498659517	1-5kb
clu_88979	1449	0.0216669436997319	1-5kb
clu_8898	36486	0.00548552278820375	20-50kb
clu_88980	1063	0.0105251474530831	1-5kb
clu_88983	3324	0.0186341018766756	1-5kb
clu_88988	724	0.00547343163538874	<1kb
clu_88992	6400	0.0118614209115282	5-20kb
clu_8900	8373	0.0343596514745308	5-20kb
clu_89006	9041	0.0111867828418231	5-20kb
clu_89008	10676	0.00986115281501341	5-20kb
clu_8901	14775	0.0316530026809651	5-20kb
clu_89014	15504	0.0204428150134048	5-20kb
clu_89016	961	0.015540563002681	<1kb
clu_89018	20959	0.00179804289544236	20-50kb
clu_89019	5306	0.00341994638069705	5-20kb
clu_8903	12737	0.0165802412868633	5-20kb
clu_89032	67598	0.0250839678284182	>50kb
clu_89086	4986	0.0830744504021448	1-5kb
clu_8909	1494	0.0763774262734584	1-5kb
clu_89091	1103	0.0310234584450402	1-5kb
clu_89097	907	0.07785581769437	<1kb
clu_89114	967	0.00615890080428954	<1kb
clu_89116	3116	0.0123700268096515	1-5kb
clu_89129	3528	0.0104681233243968	1-5kb
clu_89139	140	0.0221600804289544	<1kb
clu_89151	689	0.00753270777479893	<1kb
clu_89160	9846	0.0762033512064343	5-20kb
clu_89162	890	0.193597989276139	<1kb
clu_89164	995	0.123773485254692	<1kb
clu_89165	3364	0.203476193029491	1-5kb
clu_89169	331	0.191620670241287	<1kb
clu_89172	857	0.0453845844504021	<1kb
clu_89173	589	0.19820327077748	<1kb
clu_89175	900	0.0419435656836461	<1kb
clu_89178	1847	0.414651769436997	1-5kb
clu_89179	3620	0.0184147184986595	1-5kb
clu_89194	419	0.00563691689008043	<1kb
clu_89195	1344	0.0347755764075067	1-5kb
clu_89197	1065	0.0226977211796247	1-5kb
clu_89199	5219	0.00148053619302949	5-20kb
clu_8923	7283	0.0826057908847185	5-20kb
clu_89230	2713	0.0108548257372654	1-5kb
clu_8924	2052	0.00297351206434316	1-5kb
clu_89246	193	0.612749705093834	<1kb
clu_89247	11654	0.113165254691689	5-20kb
clu_89248	655	0.462973029490617	<1kb
clu_89249	145	0.0983635924932976	<1kb
clu_8925	433	0.00204276139410188	<1kb
clu_89250	1731	0.0302416621983914	1-5kb
clu_89256	172	0.00938573726541555	<1kb
clu_8926	2986	0.0112241554959786	1-5kb
clu_89260	97	0.0142488471849866	<1kb
clu_89263	1354	0.0123757908847185	1-5kb
clu_89265	106	0.00594061662198391	<1kb
clu_89268	229	0.00466782841823056	<1kb
clu_8927	3237	0.0174683914209115	1-5kb
clu_89270	1147	0.00231345844504021	1-5kb
clu_89274	94	0.00818450402144772	<1kb
clu_89278	736	0.0343829222520107	<1kb
clu_8928	4152	0.012251528150134	1-5kb
clu_89282	3599	0.0200449061662198	1-5kb
clu_89283	580	0.0273527345844504	<1kb
clu_89284	513	0.268499168900804	<1kb
clu_8929	8386	0.00852356568364611	5-20kb
clu_89293	4418	0.0151166219839142	1-5kb
clu_893	2099	0.00512997319034853	1-5kb
clu_89301	6255	0.0484402412868633	5-20kb
clu_8931	14060	0.0202775603217158	5-20kb
clu_89317	6077	0.817590375335121	5-20kb
clu_89319	29020	0.0605031367292225	20-50kb
clu_89331	194	0.056846327077748	<1kb
clu_89345	3661	0.0139076139410188	1-5kb
clu_8935	36519	0.0178548793565684	20-50kb
clu_89356	6476	0.338786193029491	5-20kb
clu_8936	48057	0.00396324396782842	20-50kb
clu_89360	4760	0.0586334316353887	1-5kb
clu_89368	21382	0.0477831903485255	20-50kb
clu_89370	26692	0.0449478820375335	20-50kb
clu_89391	1892	0.0074702144772118	1-5kb
clu_89393	17390	0.064623672922252	5-20kb
clu_89394	9788	0.0383769168900804	5-20kb
clu_89397	1995	0.00676123324396783	1-5kb
clu_89399	7282	0.00259691689008043	5-20kb
clu_89400	3043	0.00859903485254692	1-5kb
clu_89404	649	0.0039929490616622	<1kb
clu_89413	2277	0.0107946648793566	1-5kb
clu_89477	669	0.264365442359249	<1kb
clu_89478	419	0.00476699731903485	<1kb
clu_89490	209	0.156288820375335	<1kb
clu_89500	481	0.0510094101876676	<1kb
clu_89504	13330	0.0205198659517426	5-20kb
clu_89511	356	0.0395203753351206	<1kb
clu_89516	2100	0.0412400536193029	1-5kb
clu_89518	2693	0.00325828418230563	1-5kb
clu_89520	1024	0.00945986595174263	1-5kb
clu_89521	1023	0.00112045576407507	1-5kb
clu_89524	1144	0.00260061662198391	1-5kb
clu_89525	1838	0.0352359785522788	1-5kb
clu_89530	858	0.299852895442359	<1kb
clu_89536	635	0.00662458445040214	<1kb
clu_89538	365	0.00288348525469169	<1kb
clu_89539	174	0.00815528150134048	<1kb
clu_89540	547	0.0320797855227882	<1kb
clu_89543	217	0.0597952010723861	<1kb
clu_89545	2288	0.0118809651474531	1-5kb
clu_89546	4907	0.00311182305630027	1-5kb
clu_89560	63838	0.00407160857908847	>50kb
clu_89561	23342	0.00538485254691689	20-50kb
clu_89574	1834	0.00592501340482574	1-5kb
clu_896	352	0.00624844504021448	<1kb
clu_89606	9551	0.00750099195710456	5-20kb
clu_89607	2963	0.0177841286863271	1-5kb
clu_8961	1334	0.0435995710455764	1-5kb
clu_89611	1257	0.0623427345844504	1-5kb
clu_89612	2285	0.118677560321716	1-5kb
clu_89613	1298	0.0447763002680965	1-5kb
clu_8962	483	0.00294144772117962	<1kb
clu_89622	931	0.0236387935656836	<1kb
clu_903	28063	0.0140753351206434	20-50kb
clu_904	287	0.0150284986595174	<1kb
clu_905	678	0.0027770509383378	<1kb
clu_9077	4122	0.000885013404825737	1-5kb
clu_908	3119	0.00272855227882038	1-5kb
clu_9092	6186	0.110669517426273	5-20kb
clu_9095	765	0.0809437801608579	<1kb
clu_9096	2326	0.0164749061662198	1-5kb
clu_910	358	0.0133669168900804	<1kb
clu_9109	91	0.00287592493297587	<1kb
clu_9110	384	0.0277661394101877	<1kb
clu_9113	2412	0.00971997319034852	1-5kb
clu_9114	4762	0.0127945308310992	1-5kb
clu_9116	5520	0.00475008042895442	5-20kb
clu_9117	3230	0.00566034852546917	1-5kb
clu_9119	2272	0.0471467024128686	1-5kb
clu_9122	223	0.00892745308310992	<1kb
clu_9131	9639	0.100536782841823	5-20kb
clu_9137	4592	0.0481867828418231	1-5kb
clu_9138	8229	0.0538814477211796	5-20kb
clu_9139	1856	0.0135340482573727	1-5kb
clu_9144	651	0.106735201072386	<1kb
clu_9148	279	0.11289764075067	<1kb
clu_9159	3702	0.0241530563002681	1-5kb
clu_91668	141	0.0462085254691689	<1kb
clu_9167	116	0.00697423592493298	<1kb
clu_91671	6212	0.00710900804289544	5-20kb
clu_91672	2430	0.0250398391420912	1-5kb
clu_91673	2513	0.24430418230563	1-5kb
clu_91676	574	0.103273753351206	<1kb
clu_9168	981	0.022511018766756	<1kb
clu_91691	74	0.00849509383378016	<1kb
clu_91692	592	0.00582753351206434	<1kb
clu_91694	158	0.141424048257373	<1kb
clu_91696	743	0.0988979624664879	<1kb
clu_91698	264	0.0146023324396783	<1kb
clu_917	16000	0.00806241286863271	5-20kb
clu_91700	80	0.0231471849865952	<1kb
clu_91706	484	0.0167224396782842	<1kb
clu_91707	1407	0.00391324396782842	1-5kb
clu_91708	2642	0.00716734584450402	1-5kb
clu_91712	230	0.064357345844504	<1kb
clu_91719	121	0.0933067828418231	<1kb
clu_91725	88	0.00436587131367292	<1kb
clu_91726	189	0.00539935656836461	<1kb
clu_91727	76	0.0309241018766756	<1kb
clu_91735	9307	0.0457883378016086	5-20kb
clu_91736	20484	0.0259515549597855	20-50kb
clu_91737	1146	0.0416494101876676	1-5kb
clu_91739	3160	0.0207623324396783	1-5kb
clu_91743	378	0.0031598927613941	<1kb
clu_91744	952	0.00372372654155496	<1kb
clu_91750	838	0.0140484450402145	<1kb
clu_91756	72	0.0717603485254692	<1kb
clu_91762	506	0.224246246648794	<1kb
clu_91763	715	0.23068764075067	<1kb
clu_91764	1933	0.00100024128686327	1-5kb
clu_91767	12648	0.110444262734584	5-20kb
clu_91772	1217	0.00869163538873995	1-5kb
clu_91776	5235	0.00656104557640751	5-20kb
clu_91777	806	0.0453740482573727	<1kb
clu_91778	8973	0.0160359249329759	5-20kb
clu_91779	238	0.0183199195710456	<1kb
clu_91790	1506	0.0500708310991957	1-5kb
clu_91798	5612	0.00578289544235925	5-20kb
clu_91801	721	0.00139225201072386	<1kb
clu_91802	487	0.0242012868632708	<1kb
clu_91804	561	0.00532308310991957	<1kb
clu_91805	108	0.0227889008042895	<1kb
clu_91806	2198	0.0180022520107239	1-5kb
clu_91807	964	0.0213923860589812	<1kb
clu_91808	1180	0.0581314477211796	1-5kb
clu_9181	2266	0.0221995978552279	1-5kb
clu_91811	10409	0.032363109919571	5-20kb
clu_91817	2531	0.00121536193029491	1-5kb
clu_91818	1261	0.0207691689008043	1-5kb
clu_91819	2307	0.0719039410187668	1-5kb
clu_91829	303	0.0118558445040214	<1kb
clu_91830	1123	0.00746932975871314	1-5kb
clu_91847	298	0.0297021715817694	<1kb
clu_91848	260	0.0176775603217158	<1kb
clu_91852	2543	0.0181535656836461	1-5kb
clu_91853	2459	0.11053091152815	1-5kb
clu_9186	4048	0.0197162198391421	1-5kb
clu_91887	449	0.00421713136729223	<1kb
clu_91888	148	0.00323128686327078	<1kb
clu_91889	539	0.00572587131367292	<1kb
clu_91894	220	0.0257121715817694	<1kb
clu_91899	211	0.00385949061662198	<1kb
clu_919	119	0.00108887399463807	<1kb
clu_91912	307	0.000536085790884718	<1kb
clu_91919	1177	0.0314175067024129	1-5kb
clu_91921	224	0.00247541554959786	<1kb
clu_91924	15521	0.173892922252011	5-20kb
clu_91926	28672	0.369105308310992	20-50kb
clu_91928	21801	0.0185404557640751	20-50kb
clu_91930	12068	0.0212954423592493	5-20kb
clu_91938	1482	0.0559035120643432	1-5kb
clu_91942	1856	0.214614557640751	1-5kb
clu_91948	2530	0.245878766756032	1-5kb
clu_91965	3740	0.516472627345845	1-5kb
clu_91967	2852	0.00158386058981233	1-5kb
clu_91974	2085	0.00557184986595174	1-5kb
clu_91976	1214	0.016683672922252	1-5kb
clu_91977	677	0.0248442091152815	<1kb
clu_91979	9978	0.00699729222520107	5-20kb
clu_92026	126	0.000328659517426273	<1kb
clu_92029	1057	0.00722595174262735	1-5kb
clu_92033	7987	0.0483911260053619	5-20kb
clu_92041	7673	0.0228069436997319	5-20kb
clu_92044	2177	0.0107813672922252	1-5kb
clu_92045	62907	0.00543369973190349	>50kb
clu_92051	4398	0.0129935924932976	1-5kb
clu_92056	5007	0.117146058981233	5-20kb
clu_92062	2395	0.0560724396782842	1-5kb
clu_92079	256	0.00136774798927614	<1kb
clu_92080	87	0.0133282573726542	<1kb
clu_92083	1984	0.00687227882037534	1-5kb
clu_92084	1308	0.0200471581769437	1-5kb
clu_92087	6486	0.0116201876675603	5-20kb
clu_92090	13047	0.0153102949061662	5-20kb
clu_92091	89794	0.0261093565683646	>50kb
clu_92092	81225	0.0144527882037534	>50kb
clu_92093	28960	0.0218164343163539	20-50kb
clu_92094	4587	0.0544001072386059	1-5kb
clu_92097	1194	0.0143053619302949	1-5kb
clu_9210	2166	0.00274332439678284	1-5kb
clu_92110	3134	0.00744426273458445	1-5kb
clu_92111	143	0.0255792761394102	<1kb
clu_92119	462	0.0168354691689008	<1kb
clu_9212	9672	0.00442337801608579	5-20kb
clu_92120	1857	0.00526302949061662	1-5kb
clu_92122	994	0.0120086327077748	<1kb
clu_92124	3354	0.0346613136729223	1-5kb
clu_92125	8153	0.00506603217158177	5-20kb
clu_92129	3311	0.0224164075067024	1-5kb
clu_92132	17208	0.010541072386059	5-20kb
clu_92136	116	0.0185204825737265	<1kb
clu_92137	3589	0.0162857372654155	1-5kb
clu_9214	12344	0.0363285522788204	5-20kb
clu_92140	222	0.0230548793565684	<1kb
clu_92145	503	0.00270938337801609	<1kb
clu_92146	1820	0.0606954155495979	1-5kb
clu_9215	175	0.0252837533512064	<1kb
clu_92158	6963	0.0151568096514745	5-20kb
clu_9216	44513	0.0384620375335121	20-50kb
clu_92175	4795	0.0544364343163539	1-5kb
clu_92181	5686	0.0117856300268097	5-20kb
clu_92184	1895	0.00891865951742627	1-5kb
clu_92188	2457	0.0445687935656836	1-5kb
clu_922	860	0.00726932975871314	<1kb
clu_92206	3501	0.079577399463807	1-5kb
clu_9221	507	0.0711658981233244	<1kb
clu_9222	1384	0.0133496514745308	1-5kb
clu_92224	1543	0.0179846112600536	1-5kb
clu_92230	19312	0.00182214477211796	5-20kb
clu_92239	10249	0.103153860589812	5-20kb
clu_92242	9907	0.195005335120643	5-20kb
clu_92255	4457	0.0666696514745308	1-5kb
clu_92267	1364	0.00652713136729223	1-5kb
clu_92282	2856	0.0161409651474531	1-5kb
clu_92286	1410	0.0672888203753351	1-5kb
clu_92287	7527	0.00456286863270777	5-20kb
clu_92289	1211	0.0135423324396783	1-5kb
clu_92290	96787	0.030502144772118	>50kb
clu_92296	15421	0.00592884718498659	5-20kb
clu_92297	50009	0.0280615013404826	>50kb
clu_92299	13986	0.0249644772117962	5-20kb
clu_92300	270	0.0175774530831099	<1kb
clu_92302	45327	0.0264097050938338	20-50kb
clu_92308	204	0.00565981233243968	<1kb
clu_9231	9220	0.00986777479892761	5-20kb
clu_92321	4007	0.0109487935656836	1-5kb
clu_9234	2581	0.284747855227882	1-5kb
clu_9235	18304	0.00720959785522788	5-20kb
clu_92362	1092	0.0129701072386059	1-5kb
clu_92363	1174	0.00537991957104558	1-5kb
clu_92373	2473	0.0501150402144772	1-5kb
clu_92386	254	0.0531719034852547	<1kb
clu_92394	596	0.00468973190348525	<1kb
clu_92396	63967	0.0249978016085791	>50kb
clu_924	17290	0.0272338337801609	5-20kb
clu_92400	2897	0.0229452278820375	1-5kb
clu_92401	810	0.003391581769437	<1kb
clu_92402	3327	0.0462765147453083	1-5kb
clu_92404	8363	0.188918579088472	5-20kb
clu_92406	4989	0.106103887399464	1-5kb
clu_92407	3772	0.130401903485255	1-5kb
clu_92410	2889	0.00509892761394102	1-5kb
clu_92411	6595	0.327166809651475	5-20kb
clu_92412	7212	0.0269116085790885	5-20kb
clu_92413	975	0.420327533512064	<1kb
clu_92415	1706	0.165744584450402	1-5kb
clu_92416	1723	0.0469192225201072	1-5kb
clu_9242	3897	0.0724738337801609	1-5kb
clu_92421	452	0.0187967292225201	<1kb
clu_92423	2026	0.00307774798927614	1-5kb
clu_92424	13486	0.0172865147453083	5-20kb
clu_92449	414	0.0021658981233244	<1kb
clu_92455	636	0.0100860321715818	<1kb
clu_92456	1466	0.0462753619302949	1-5kb
clu_92457	3084	0.0200719302949062	1-5kb
clu_92458	318	0.00121643431635389	<1kb
clu_92461	1831	0.00541501340482574	1-5kb
clu_92462	1859	0.0109810455764075	1-5kb
clu_92465	12628	0.120739356568365	5-20kb
clu_92477	9214	0.000531367292225201	5-20kb
clu_92499	12049	0.0108998659517426	5-20kb
clu_925	841	0.0113013672922252	<1kb
clu_92506	3496	0.02077	1-5kb
clu_92507	4718	0.0163890080428954	1-5kb
clu_92511	453	0.029313109919571	<1kb
clu_92512	929	0.15152509383378	<1kb
clu_92515	2005	0.0058141018766756	1-5kb
clu_92535	1483	0.00125731903485255	1-5kb
clu_9254	4503	0.000726005361930295	1-5kb
clu_92544	2249	0.0473919571045576	1-5kb
clu_92546	550	0.166685495978552	<1kb
clu_92549	128	0.0501330831099196	<1kb
clu_9255	21128	0.115991581769437	20-50kb
clu_92551	1324	0.00397093833780161	1-5kb
clu_92555	644	0.00891112600536193	<1kb
clu_92557	3728	0.00450032171581769	1-5kb
clu_92559	816	0.039065764075067	<1kb
clu_92560	7573	0.00947788203753351	5-20kb
clu_9257	184	0.0150586595174263	<1kb
clu_92574	547	0.0154400804289544	<1kb
clu_9258	1353	0.0394183646112601	1-5kb
clu_92580	256	0.00862879356568365	<1kb
clu_9259	3528	0.0110878284182306	1-5kb
clu_92596	481	0.00470756032171582	<1kb
clu_92598	71	0.00733782841823056	<1kb
clu_92599	81	0.0122355764075067	<1kb
clu_9260	14045	0.121812278820375	5-20kb
clu_92601	1182	0.0171671849865952	1-5kb
clu_92611	1306	0.00752640750670241	1-5kb
clu_92613	159	0.00231530831099196	<1kb
clu_92616	157	0.000984906166219839	<1kb
clu_92617	512	0.000557506702412869	<1kb
clu_92618	146	0.0198625737265416	<1kb
clu_92621	138	0.00164351206434316	<1kb
clu_92624	120	0.00381436997319035	<1kb
clu_92625	256	0.0181697855227882	<1kb
clu_92631	607	0.00608876675603217	<1kb
clu_92633	171	0.00293713136729223	<1kb
clu_92634	470	0.01079418230563	<1kb
clu_92637	3387	0.00539608579088472	1-5kb
clu_92638	486	0.00159654155495979	<1kb
clu_92644	1424	0.0195298927613941	1-5kb
clu_92648	5372	0.0166613941018767	5-20kb
clu_92666	294	0.0398722520107239	<1kb
clu_92668	14908	0.0382761662198391	5-20kb
clu_92673	132	0.0218000536193029	<1kb
clu_92680	1275	0.00251506702412869	1-5kb
clu_9270	1702	0.0219929490616622	1-5kb
clu_92704	784	0.0555382037533512	<1kb
clu_92714	744	0.00220034852546917	<1kb
clu_92716	2992	0.0293943431635389	1-5kb
clu_92718	261	0.0202269436997319	<1kb
clu_92719	1735	0.0100190080428954	1-5kb
clu_92720	105	0.00218839142091153	<1kb
clu_92721	103	0.00691718498659517	<1kb
clu_92722	119	0.0180463538873995	<1kb
clu_92723	102	0.00211345844504021	<1kb
clu_92724	95	0.00886056300268096	<1kb
clu_92726	88	0.00386184986595174	<1kb
clu_92729	125	0.00306096514745308	<1kb
clu_92734	395	0.0261032171581769	<1kb
clu_92735	231	0.0192174530831099	<1kb
clu_9275	3300	0.00574319034852547	1-5kb
clu_9277	3222	0.0056028418230563	1-5kb
clu_92780	1902	0.0203190616621984	1-5kb
clu_92786	85	0.741914128686327	<1kb
clu_9280	10692	0.00866839142091153	5-20kb
clu_9281	888	0.0159480965147453	<1kb
clu_92813	3576	0.00925884718498659	1-5kb
clu_92817	209	0.00711536193029491	<1kb
clu_92820	74	0.00376399463806971	<1kb
clu_92821	1014	0.00125249329758713	1-5kb
clu_92825	380	0.00674096514745308	<1kb
clu_92834	305	0.0351066219839142	<1kb
clu_92835	1739	0.0439017426273458	1-5kb
clu_92838	88	0.015553726541555	<1kb
clu_9284	10632	0.0266708579088472	5-20kb
clu_92849	5992	0.0109195174262735	5-20kb
clu_9285	30339	0.0314458713136729	20-50kb
clu_92851	105	0.0188136461126005	<1kb
clu_92853	4569	0.0079230563002681	1-5kb
clu_92856	235	0.00156383378016086	<1kb
clu_92862	781	0.0875850670241287	<1kb
clu_92865	1227	0.186909302949062	1-5kb
clu_92868	498	0.0495197319034853	<1kb
clu_9287	1407	0.0188209651474531	1-5kb
clu_92873	278	0.00656616621983914	<1kb
clu_92876	343	0.00264498659517426	<1kb
clu_92877	658	0.0197500268096515	<1kb
clu_9288	1225	0.00164962466487936	1-5kb
clu_929	19003	0.0312306166219839	5-20kb
clu_9290	1890	0.00709040214477212	1-5kb
clu_92912	438	0.00204404825737265	<1kb
clu_92913	159	0.0212466219839142	<1kb
clu_92917	1511	0.0425134316353887	1-5kb
clu_92923	86	0.000936997319034853	<1kb
clu_92924	720	0.0456813941018767	<1kb
clu_92925	372	0.0135216085790885	<1kb
clu_92927	3879	0.239502225201072	1-5kb
clu_9294	1652	0.034962091152815	1-5kb
clu_92941	7376	0.0650058445040214	5-20kb
clu_9295	1907	0.0145479892761394	1-5kb
clu_93	1293	0.0531044235924933	1-5kb
clu_930	4353	0.00524286863270777	1-5kb
clu_9300	897	0.0737272117962467	<1kb
clu_93000	836	0.0648827882037533	<1kb
clu_93001	274	0.00285809651474531	<1kb
clu_93006	106	0.0383902144772118	<1kb
clu_93008	437	0.35017764075067	<1kb
clu_93010	347	0.00769117962466488	<1kb
clu_93011	94	0.0249618498659517	<1kb
clu_93015	212	0.0290795442359249	<1kb
clu_93017	882	0.0655172922252011	<1kb
clu_93023	83	0.0396014209115281	<1kb
clu_93025	1440	0.0178765951742627	1-5kb
clu_93026	1384	0.139155442359249	1-5kb
clu_93031	311	0.0737601340482574	<1kb
clu_93039	666	0.095408927613941	<1kb
clu_93045	311	0.017022654155496	<1kb
clu_93056	890	0.00541713136729222	<1kb
clu_93057	213	0.0139345844504021	<1kb
clu_93062	7905	0.133771501340483	5-20kb
clu_93063	3859	0.122400214477212	1-5kb
clu_93064	1154	0.00763823056300268	1-5kb
clu_93069	2094	0.0160071581769437	1-5kb
clu_93070	5580	0.0216557372654155	5-20kb
clu_93072	1005	0.0287011528150134	1-5kb
clu_93073	773	0.0205495442359249	<1kb
clu_93074	4187	0.117640509383378	1-5kb
clu_93081	2096	0.170479785522788	1-5kb
clu_93092	26287	0.0390157908847185	20-50kb
clu_93093	1494	0.0103004289544236	1-5kb
clu_93094	409	0.0264141286863271	<1kb
clu_93102	838	0.0630023592493298	<1kb
clu_93104	1396	0.0179272117962466	1-5kb
clu_93126	77358	0.0948001876675603	>50kb
clu_93128	1972	0.00448734584450402	1-5kb
clu_93139	50219	0.431040241286863	>50kb
clu_93145	665	0.00494686327077748	<1kb
clu_93147	1252	0.0109207506702413	1-5kb
clu_93148	121	0.0063228418230563	<1kb
clu_93150	2040	0.0024057908847185	1-5kb
clu_93154	33866	0.0043112600536193	20-50kb
clu_93157	159	0.0012554691689008	<1kb
clu_93179	4215	0.00577345844504021	1-5kb
clu_93180	1174	0.00930812332439678	1-5kb
clu_93183	328	0.0217810455764075	<1kb
clu_93184	2096	0.00956932975871314	1-5kb
clu_93186	7528	0.0263198391420912	5-20kb
clu_93187	5342	0.009353163538874	5-20kb
clu_93188	645	0.0325465951742627	<1kb
clu_93191	408	0.0180035388739946	<1kb
clu_93192	288	0.00211351206434316	<1kb
clu_93197	309	0.00140627345844504	<1kb
clu_93198	17975	0.0152713941018767	5-20kb
clu_93206	1843	0.00682458445040214	1-5kb
clu_93215	969	0.000509651474530831	<1kb
clu_93216	2998	0.00105906166219839	1-5kb
clu_93222	14761	0.0283645040214477	5-20kb
clu_93228	2734	0.0129654423592493	1-5kb
clu_93230	647	0.0163860053619303	<1kb
clu_93235	2540	0.03907418230563	1-5kb
clu_93236	4627	0.0467496514745308	1-5kb
clu_93239	6787	0.113009839142091	5-20kb
clu_93260	688	0.148862895442359	<1kb
clu_93261	3011	0.0171133512064343	1-5kb
clu_93281	1280	0.0472148525469169	1-5kb
clu_93288	6773	0.150781689008043	5-20kb
clu_93294	14729	0.0255708310991957	5-20kb
clu_93302	5301	0.00371455764075067	5-20kb
clu_93303	4788	0.291903806970509	1-5kb
clu_93309	9369	0.00862134048257373	5-20kb
clu_93313	2804	0.00105249329758713	1-5kb
clu_93314	3944	0.0116580697050938	1-5kb
clu_93315	2805	0.025440509383378	1-5kb
clu_93320	2027	0.0384610455764075	1-5kb
clu_93321	55838	0.241019329758713	>50kb
clu_93325	4704	0.00952638069705094	1-5kb
clu_93326	7071	0.0132426809651475	5-20kb
clu_93328	11010	0.154798016085791	5-20kb
clu_93329	2361	0.00625359249329759	1-5kb
clu_93334	2356	0.00294423592493298	1-5kb
clu_93339	2784	0.00254434316353887	1-5kb
clu_93340	2495	0.0650720375335121	1-5kb
clu_93355	22117	0.00518793565683646	20-50kb
clu_93372	3898	0.00356597855227882	1-5kb
clu_93373	1311	0.124755469168901	1-5kb
clu_93374	5612	0.457462600536193	5-20kb
clu_93380	213	0.102958981233244	<1kb
clu_93399	3822	0.0237870241286863	1-5kb
clu_934	1205	0.0356430831099196	1-5kb
clu_93405	1633	0.107050402144772	1-5kb
clu_93411	25227	0.0479802949061662	20-50kb
clu_93412	6740	0.00181257372654156	5-20kb
clu_93430	4263	0.101330670241287	1-5kb
clu_93434	3042	0.0123485522788204	1-5kb
clu_93435	12625	0.28569981233244	5-20kb
clu_93445	312	0.0754839142091153	<1kb
clu_93453	4529	0.0204661662198391	1-5kb
clu_93454	6162	0.0252811796246649	5-20kb
clu_93461	309	0.00332627345844504	<1kb
clu_93474	649	0.444733860589812	<1kb
clu_93475	3138	0.00753418230563003	1-5kb
clu_93479	828	0.0181286058981233	<1kb
clu_93500	1534	0.0119236997319035	1-5kb
clu_93506	416	0.0418845308310992	<1kb
clu_93507	5900	0.0176530831099196	5-20kb
clu_93508	85	0.00125404825737265	<1kb
clu_93523	2741	0.0177133243967828	1-5kb
clu_93537	11127	0.148844021447721	5-20kb
clu_93542	12223	0.0381533780160858	5-20kb
clu_93545	23313	0.00971466487935657	20-50kb
clu_93546	10511	0.0125545844504021	5-20kb
clu_93553	17346	0.0215002412868633	5-20kb
clu_93556	2787	0.139412788203753	1-5kb
clu_93559	1201	0.00984619302949062	1-5kb
clu_93561	3995	0.00500680965147453	1-5kb
clu_93564	1860	0.00601436997319035	1-5kb
clu_93565	105	0.0156801340482574	<1kb
clu_93567	1528	0.00913297587131367	1-5kb
clu_93570	25079	0.114840214477212	20-50kb
clu_93571	7232	0.193216675603217	5-20kb
clu_93574	2654	0.0102218498659517	1-5kb
clu_93581	51605	0.19771981233244	>50kb
clu_93592	10050	0.0230066219839142	5-20kb
clu_93610	2869	0.0348479892761394	1-5kb
clu_93611	84	0.0107732707774799	<1kb
clu_93612	20243	0.0790511260053619	20-50kb
clu_93622	440	0.00418630026809652	<1kb
clu_93627	23122	0.0980612064343164	20-50kb
clu_93628	3791	0.0155687667560322	1-5kb
clu_93630	2809	0.00482970509383378	1-5kb
clu_93632	1495	0.0496058981233244	1-5kb
clu_93633	376	0.0110447184986595	<1kb
clu_93634	1544	0.0731133243967828	1-5kb
clu_93642	1177	0.215754075067024	1-5kb
clu_93658	749	0.0106301072386059	<1kb
clu_93659	700	0.0191587399463807	<1kb
clu_93660	1502	0.0265942091152815	1-5kb
clu_93665	3251	0.00691667560321716	1-5kb
clu_93666	3021	0.00901477211796247	1-5kb
clu_93667	5767	0.0173329222520107	5-20kb
clu_93668	1836	0.072174235924933	1-5kb
clu_93669	1521	0.0307425737265416	1-5kb
clu_93671	10732	0.0119691689008043	5-20kb
clu_93684	8570	0.0470766487935657	5-20kb
clu_93685	318	0.0135298659517426	<1kb
clu_93687	177	0.00214428954423592	<1kb
clu_93694	560	0.0235910991957105	<1kb
clu_93695	275	0.00296576407506702	<1kb
clu_93696	4127	0.019810509383378	1-5kb
clu_937	8328	0.00456265415549598	5-20kb
clu_93701	29901	0.0735645308310992	20-50kb
clu_93702	2840	0.0199336997319035	1-5kb
clu_93707	324	0.042458418230563	<1kb
clu_93708	268	0.188970938337802	<1kb
clu_93709	9412	0.0395399731903485	5-20kb
clu_93710	488	0.00191469168900804	<1kb
clu_93712	769	0.0347008847184987	<1kb
clu_93713	1175	0.0193613672922252	1-5kb
clu_93714	1026	0.00866898123324397	1-5kb
clu_93722	18573	0.122142654155496	5-20kb
clu_93748	1726	0.186906836461126	1-5kb
clu_93754	293	0.149645469168901	<1kb
clu_93758	1936	0.176836058981233	1-5kb
clu_93772	2655	0.284180509383378	1-5kb
clu_93779	1176	0.0214641286863271	1-5kb
clu_93786	2950	0.0605476943699732	1-5kb
clu_93787	11844	0.0659009651474531	5-20kb
clu_938	1265	0.316967050938338	1-5kb
clu_9380	1077	0.0100326809651475	1-5kb
clu_93803	1902	0.0153615549597855	1-5kb
clu_93812	412	0.00950469168900804	<1kb
clu_93814	248	0.0522427613941019	<1kb
clu_93815	321	0.0142497050938338	<1kb
clu_93816	795	0.0202326809651475	<1kb
clu_93817	1284	0.0656416085790885	1-5kb
clu_93819	94	0.0117070509383378	<1kb
clu_93821	178	0.00139538873994638	<1kb
clu_93825	303	0.0114698927613941	<1kb
clu_93826	221	0.0206663002680965	<1kb
clu_93829	429	0.198771367292225	<1kb
clu_93830	433	0.0178084986595174	<1kb
clu_93832	94	0.0178347989276139	<1kb
clu_9386	311	0.0717990080428954	<1kb
clu_93874	324	0.00187477211796247	<1kb
clu_9388	669	0.190293512064343	<1kb
clu_93882	484	0.0487899731903485	<1kb
clu_93884	400	0.163126621983914	<1kb
clu_93885	1012	0.156679946380697	1-5kb
clu_93890	4858	0.177139329758713	1-5kb
clu_93900	252	0.0958781233243968	<1kb
clu_93901	1443	0.0105992761394102	1-5kb
clu_93902	4965	0.0304408579088472	1-5kb
clu_93903	1664	0.141144638069705	1-5kb
clu_93908	828	0.00987386058981233	<1kb
clu_93909	2390	0.00665785522788204	1-5kb
clu_93910	2817	0.00852179624664879	1-5kb
clu_93919	117	0.0394310455764075	<1kb
clu_93936	573	0.00805509383378016	<1kb
clu_93937	3739	0.0160590884718499	1-5kb
clu_93947	31336	0.0060541018766756	20-50kb
clu_9395	7711	0.0173995978552279	5-20kb
clu_9396	7184	0.00693576407506702	5-20kb
clu_93973	3510	0.0764069436997319	1-5kb
clu_93979	923	0.0106974798927614	<1kb
clu_9398	5559	0.00735790884718499	5-20kb
clu_93987	588	0.0961925201072386	<1kb
clu_9399	6508	0.0295044504021448	5-20kb
clu_94004	2736	0.0460142091152815	1-5kb
clu_94005	1204	0.0967336193029491	1-5kb
clu_94006	20959	0.00863520107238606	20-50kb
clu_94009	910	0.131472439678284	<1kb
clu_94012	132	0.00834069705093834	<1kb
clu_94014	2494	0.0098597855227882	1-5kb
clu_94023	779	0.10888109919571	<1kb
clu_94039	3654	0.00273026809651475	1-5kb
clu_94044	2140	0.00383616621983914	1-5kb
clu_94045	3452	0.0956629490616622	1-5kb
clu_9405	1137	0.0108194101876676	1-5kb
clu_94052	193	0.00549536193029491	<1kb
clu_94053	3473	0.0055328418230563	1-5kb
clu_94056	324	0.0124534852546917	<1kb
clu_94057	786	0.00530954423592493	<1kb
clu_9409	6772	0.000263538873994638	5-20kb
clu_941	1097	0.0279298927613941	1-5kb
clu_9410	2738	0.046650509383378	1-5kb
clu_9414	3850	0.0793357908847185	1-5kb
clu_9417	812	0.0252859517426273	<1kb
clu_9418	1685	0.193291045576407	1-5kb
clu_9435	1647	0.0264549329758713	1-5kb
clu_9436	1126	0.00678938337801609	1-5kb
clu_9437	1678	0.00960088471849866	1-5kb
clu_9438	2115	0.0448542091152815	1-5kb
clu_9439	780	0.00789144772117962	<1kb
clu_9441	160	0.0279676407506702	<1kb
clu_9443	2407	0.13709528150134	1-5kb
clu_9445	5965	0.01402418230563	5-20kb
clu_9447	1132	0.0296796246648794	1-5kb
clu_9449	1527	0.00997565683646113	1-5kb
clu_9450	3894	0.0113260857908847	1-5kb
clu_9451	27399	0.0426951206434316	20-50kb
clu_9454	4965	0.00263321715817694	1-5kb
clu_9456	307	0.0571213404825737	<1kb
clu_9457	263	0.00773882037533512	<1kb
clu_947	153	0.0581613404825737	<1kb
clu_9472	473	0.00448528150134048	<1kb
clu_9474	245	0.0209570509383378	<1kb
clu_9478	2398	0.0187086327077748	1-5kb
clu_9479	3613	0.00332638069705094	1-5kb
clu_948	308	0.00249871313672922	<1kb
clu_9484	539	0.0844039142091153	<1kb
clu_9486	295	0.00515447721179625	<1kb
clu_9493	11889	0.0396592225201072	5-20kb
clu_9495	930	0.0107341018766756	<1kb
clu_9497	2835	0.149506380697051	1-5kb
clu_9498	3153	0.0354063806970509	1-5kb
clu_9499	332	0.0403143163538874	<1kb
clu_9503	4638	0.0127044504021448	1-5kb
clu_9511	1957	0.0166283378016086	1-5kb
clu_9512	1450	0.0121661394101877	1-5kb
clu_9513	570	0.0026186327077748	<1kb
clu_9514	1761	0.0475498659517426	1-5kb
clu_9515	1062	0.0257744235924933	1-5kb
clu_9517	1633	0.0448153351206434	1-5kb
clu_9518	40218	0.00943487935656837	20-50kb
clu_9519	2841	0.133854986595174	1-5kb
clu_9522	1856	0.00589656836461126	1-5kb
clu_9523	7148	0.00504348525469169	5-20kb
clu_9524	1711	0.0192574798927614	1-5kb
clu_9525	124	0.015892144772118	<1kb
clu_9526	841	0.0255948257372654	<1kb
clu_9527	108	0.00691316353887399	<1kb
clu_9532	5407	0.00610522788203753	5-20kb
clu_9538	562	0.000986943699731903	<1kb
clu_9539	94	0.00168171581769437	<1kb
clu_9540	143	0.0110694101876676	<1kb
clu_9541	1231	0.0788194101876676	1-5kb
clu_9550	2523	0.267646836461126	1-5kb
clu_9555	392	0.0695207506702413	<1kb
clu_9560	2579	0.00627386058981233	1-5kb
clu_9562	1093	0.0103580160857909	1-5kb
clu_9570	4607	0.00193217158176944	1-5kb
clu_9572	344	0.00636635388739946	<1kb
clu_9578	1258	0.0795538605898123	1-5kb
clu_958	8430	0.00905235924932976	5-20kb
clu_9580	325	0.0098056836461126	<1kb
clu_9582	213	0.0331716353887399	<1kb
clu_9583	343	0.0095858981233244	<1kb
clu_95925	10132	0.020636836461126	5-20kb
clu_95926	1219	0.0263318230563003	1-5kb
clu_95927	5012	0.0420761662198391	5-20kb
clu_95928	2062	0.0233993297587131	1-5kb
clu_95955	3330	0.00352619302949062	1-5kb
clu_95957	4048	0.00254367292225201	1-5kb
clu_95960	7176	0.00557198391420912	5-20kb
clu_95962	54591	0.158518927613941	>50kb
clu_95977	63066	0.0310532439678284	>50kb
clu_95978	18327	0.00487753351206434	5-20kb
clu_95979	251	0.0196543431635389	<1kb
clu_95982	446	0.00295959785522788	<1kb
clu_95985	1794	0.00107265415549598	1-5kb
clu_95987	1808	0.0211255227882038	1-5kb
clu_95991	2376	0.00778554959785523	1-5kb
clu_95994	1339	0.0754301876675603	1-5kb
clu_95997	384	0.0141056300268097	<1kb
clu_96015	9922	0.014745308310992	5-20kb
clu_96017	1673	0.053052144772118	1-5kb
clu_96019	3205	0.0636714745308311	1-5kb
clu_96020	1312	0.260731206434316	1-5kb
clu_96027	2767	0.328893297587131	1-5kb
clu_96028	2258	0.048017855227882	1-5kb
clu_96032	5821	0.00446029490616622	5-20kb
clu_9604	5256	0.0316811528150134	5-20kb
clu_9605	8865	0.198111018766756	5-20kb
clu_96050	160	0.0829443431635389	<1kb
clu_9606	4497	0.0127252010723861	1-5kb
clu_96060	192	0.0131767024128686	<1kb
clu_96061	4617	0.0313634852546917	1-5kb
clu_96062	253	0.00693922252010724	<1kb
clu_96063	754	0.118500160857909	<1kb
clu_96065	1095	0.0900103217158177	1-5kb
clu_96069	185	0.00139774798927614	<1kb
clu_9607	3395	0.0234835924932976	1-5kb
clu_96070	790	0.0395725469168901	<1kb
clu_96071	95	0.00811640750670241	<1kb
clu_96076	103	0.0017216890080429	<1kb
clu_9608	25867	0.0268986327077748	20-50kb
clu_96083	221	0.00681815013404826	<1kb
clu_96085	2852	0.00594801608579088	1-5kb
clu_96088	593	0.0675993297587131	<1kb
clu_96090	1715	0.00150364611260054	1-5kb
clu_96092	458	0.0774515549597855	<1kb
clu_96123	627	0.0157847184986595	<1kb
clu_96125	461	0.00248313672922252	<1kb
clu_96130	1182	0.000988847184986595	1-5kb
clu_96132	9922	0.858593029490617	5-20kb
clu_96133	681	0.234525227882038	<1kb
clu_96137	273	0.000426193029490617	<1kb
clu_96138	968	0.125349302949062	<1kb
clu_96140	413	0.0551283914209115	<1kb
clu_96144	88	0.00534932975871314	<1kb
clu_96145	251	0.0531682037533512	<1kb
clu_96146	2627	0.00975788203753351	1-5kb
clu_96149	1853	0.0376049865951743	1-5kb
clu_96152	80	0.00577536193029491	<1kb
clu_96154	8855	0.248892654155496	5-20kb
clu_9617	6246	0.245105603217158	5-20kb
clu_96172	437	0.00990426273458445	<1kb
clu_96173	3174	0.0282728418230563	1-5kb
clu_96175	249	0.00667603217158177	<1kb
clu_96180	7310	0.00340112600536193	5-20kb
clu_96182	727	0.0056160053619303	<1kb
clu_96190	5985	0.0271451206434316	5-20kb
clu_96195	950	0.0235313941018767	<1kb
clu_96196	2141	0.0283358445040214	1-5kb
clu_96197	825	0.00330375335120643	<1kb
clu_96198	1600	0.22072836461126	1-5kb
clu_96222	4123	0.258148632707775	1-5kb
clu_96223	2772	0.427437935656836	1-5kb
clu_96228	535	0.0297218766756032	<1kb
clu_96230	514	0.164695978552279	<1kb
clu_96236	13686	0.323135254691689	5-20kb
clu_9628	6712	0.00749466487935657	5-20kb
clu_963	2915	0.00283761394101877	1-5kb
clu_96302	6868	0.022371528150134	5-20kb
clu_96304	4741	0.0466038873994638	1-5kb
clu_96306	1984	0.0620940482573727	1-5kb
clu_96326	2298	0.017441018766756	1-5kb
clu_96348	86560	0.120058310991957	>50kb
clu_96349	14122	0.00743613941018767	5-20kb
clu_96350	4914	0.00494707774798928	1-5kb
clu_96353	7474	0.120197104557641	5-20kb
clu_96357	29760	0.0167576139410188	20-50kb
clu_96364	60812	0.81070745308311	>50kb
clu_96365	676	0.0192462198391421	<1kb
clu_96367	523	0.00181825737265416	<1kb
clu_96368	1175	0.00206134048257373	1-5kb
clu_9638	8441	0.147774691689008	5-20kb
clu_96395	572	0.00561659517426273	<1kb
clu_9641	419	0.00978997319034853	<1kb
clu_96417	1032	0.0788299463806971	1-5kb
clu_96418	6251	0.0104187667560322	5-20kb
clu_96419	893	0.00170678284182306	<1kb
clu_9642	310	0.00620485254691689	<1kb
clu_96424	2888	0.00461327077747989	1-5kb
clu_96427	6095	0.0102243431635389	5-20kb
clu_96444	10530	0.00816656836461126	5-20kb
clu_96445	2205	0.00305187667560322	1-5kb
clu_9645	1937	0.0149235924932976	1-5kb
clu_96450	2977	0.0297378284182306	1-5kb
clu_96451	4929	0.117730643431635	1-5kb
clu_96453	619	0.0299854959785523	<1kb
clu_96456	3733	0.0629946112600536	1-5kb
clu_96466	828	0.0181647184986595	<1kb
clu_96467	14991	0.0428732707774799	5-20kb
clu_96468	10066	0.118704932975871	5-20kb
clu_96469	10822	0.0121103753351206	5-20kb
clu_96478	5989	0.382418337801609	5-20kb
clu_96485	819	0.000524369973190349	<1kb
clu_96486	2548	0.00283790884718499	1-5kb
clu_96487	9812	0.00203906166219839	5-20kb
clu_96489	2480	0.0418850938337802	1-5kb
clu_9649	330	0.0334649597855228	<1kb
clu_96490	872	0.0013802144772118	<1kb
clu_96500	5598	0.00544128686327078	5-20kb
clu_96501	1140	0.00283790884718499	1-5kb
clu_96516	4282	0.126514155495979	1-5kb
clu_96517	6150	0.00385040214477212	5-20kb
clu_96518	3351	0.00331404825737265	1-5kb
clu_96519	2719	0.00514190348525469	1-5kb
clu_9652	4031	0.0357541554959786	1-5kb
clu_96521	11834	0.0594876139410188	5-20kb
clu_96522	799	0.0239467560321716	<1kb
clu_96523	10294	0.00880386058981233	5-20kb
clu_96525	160	0.00246538873994638	<1kb
clu_96528	2140	0.00448506702412869	1-5kb
clu_9653	8930	0.0107123324396783	5-20kb
clu_96530	1323	0.21018471849866	1-5kb
clu_96551	1470	0.00647662198391421	1-5kb
clu_96553	10505	0.0531016890080429	5-20kb
clu_96554	5813	0.248772949061662	5-20kb
clu_96555	1539	0.015874235924933	1-5kb
clu_96556	46206	0.0766679356568365	20-50kb
clu_96558	935	0.0535547184986595	<1kb
clu_96585	2811	0.0148866487935657	1-5kb
clu_96587	251	0.0760817426273458	<1kb
clu_96588	1624	0.0663244235924933	1-5kb
clu_96589	974	0.0102306970509383	<1kb
clu_96590	352	0.00731973190348525	<1kb
clu_96594	2637	0.0147301876675603	1-5kb
clu_96595	115	0.0168916085790885	<1kb
clu_96596	408	0.0283790080428954	<1kb
clu_96607	5055	0.0131708310991957	5-20kb
clu_96609	77534	0.0938866219839142	>50kb
clu_96614	9794	0.189065656836461	5-20kb
clu_96619	21949	0.00254951742627346	20-50kb
clu_96626	1196	0.0330188471849866	1-5kb
clu_9663	81	0.0102299731903485	<1kb
clu_9666	504	0.00642823056300268	<1kb
clu_96665	1955	0.00478697050938338	1-5kb
clu_9667	662	0.0125332171581769	<1kb
clu_96722	19640	0.0202106434316354	5-20kb
clu_96723	9865	0.00140348525469169	5-20kb
clu_96729	814	0.144612841823056	<1kb
clu_96730	2674	0.0135385254691689	1-5kb
clu_96731	549	0.0705988471849866	<1kb
clu_96736	88192	0.0627729490616622	>50kb
clu_96739	29201	0.0277464075067024	20-50kb
clu_96747	4166	0.00281434316353887	1-5kb
clu_96748	6042	0.0196982037533512	5-20kb
clu_96751	80103	0.0692511796246649	>50kb
clu_96780	5587	0.0621780428954424	5-20kb
clu_96786	3360	0.0028428418230563	1-5kb
clu_96787	7503	0.00153745308310992	5-20kb
clu_96790	2337	0.00192469168900804	1-5kb
clu_96805	597	0.081482091152815	<1kb
clu_96833	92	0.0046113672922252	<1kb
clu_96834	88	0.0249343431635389	<1kb
clu_96838	270	0.0220317694369973	<1kb
clu_96841	4795	0.0339276675603217	1-5kb
clu_96842	14349	0.171544986595174	5-20kb
clu_96844	3568	0.00360142091152815	1-5kb
clu_96845	1828	0.00310914209115281	1-5kb
clu_96846	1047	0.0529731367292225	1-5kb
clu_96889	1246	0.0010711528150134	1-5kb
clu_96894	488	0.127814450402145	<1kb
clu_96902	26733	0.0205897855227882	20-50kb
clu_96905	6717	0.0314989544235925	5-20kb
clu_96906	4328	0.0193495710455764	1-5kb
clu_96910	19341	0.0204116621983914	5-20kb
clu_96911	10866	0.0290483109919571	5-20kb
clu_96913	3230	0.0384067828418231	1-5kb
clu_96916	2584	0.0346183378016086	1-5kb
clu_96918	2253	0.00906573726541555	1-5kb
clu_96936	1974	0.0163095978552279	1-5kb
clu_96937	1232	0.0163531903485255	1-5kb
clu_9694	26298	0.021756327077748	20-50kb
clu_9695	19300	0.027179490616622	5-20kb
clu_9696	14035	0.034728927613941	5-20kb
clu_96980	2758	0.0413805361930295	1-5kb
clu_96985	2883	0.00294184986595174	1-5kb
clu_96986	2274	0.993792466487936	1-5kb
clu_96987	2544	0.0400497050938338	1-5kb
clu_97	982	0.0120893029490617	<1kb
clu_97001	9976	0.0185489544235925	5-20kb
clu_97002	1779	0.0109348257372654	1-5kb
clu_97003	95	0.00976088471849866	<1kb
clu_97004	2699	0.00252823056300268	1-5kb
clu_97005	826	0.00991257372654156	<1kb
clu_9701	145	0.243969651474531	<1kb
clu_97030	2660	0.159363887399464	1-5kb
clu_97035	317	0.0942836193029491	<1kb
clu_97042	346	0.0748065683646113	<1kb
clu_97043	991	0.123475737265416	<1kb
clu_97048	176	0.137047667560322	<1kb
clu_97049	292	0.0150256300268097	<1kb
clu_97050	1922	0.0078586327077748	1-5kb
clu_97051	212	0.0197698391420912	<1kb
clu_97057	1059	0.0491315013404826	1-5kb
clu_97060	137	0.00711230563002681	<1kb
clu_97066	1611	0.0268597050938338	1-5kb
clu_97068	1247	0.0198916890080429	1-5kb
clu_97069	511	0.00323455764075067	<1kb
clu_97070	842	0.00349179624664879	<1kb
clu_97071	583	0.108694128686327	<1kb
clu_97072	228	0.0499439678284182	<1kb
clu_97087	231	0.000665201072386059	<1kb
clu_97098	1817	0.0194323056300268	1-5kb
clu_97099	4133	0.00490093833780161	1-5kb
clu_97101	181	0.014012091152815	<1kb
clu_97134	434	0.0162679624664879	<1kb
clu_97135	458	0.0480984986595174	<1kb
clu_97136	354	0.0466969705093834	<1kb
clu_97138	143	0.0193796514745308	<1kb
clu_97139	413	0.00578227882037534	<1kb
clu_97141	9359	0.0604279624664879	5-20kb
clu_97142	241	0.00662077747989276	<1kb
clu_97161	270	0.0064929490616622	<1kb
clu_97172	83	0.00618699731903485	<1kb
clu_97173	3271	0.0155950670241287	1-5kb
clu_97178	1875	0.0333441554959786	1-5kb
clu_97179	523	0.0201961394101877	<1kb
clu_97189	219	0.192614745308311	<1kb
clu_97193	4696	0.00896391420911528	1-5kb
clu_97196	629	0.0976765951742627	<1kb
clu_97202	335	0.00398034852546917	<1kb
clu_9723	16870	0.00160230563002681	5-20kb
clu_9724	29183	0.0087526273458445	20-50kb
clu_9727	123	0.00639040214477212	<1kb
clu_97298	480	0.0103005898123324	<1kb
clu_97300	160	0.0195181769436997	<1kb
clu_97302	98	0.000786219839142091	<1kb
clu_9731	302	0.0049702144772118	<1kb
clu_97318	78	0.0153861662198391	<1kb
clu_97319	235	0.0038457908847185	<1kb
clu_97326	227	0.0196915013404826	<1kb
clu_97327	150	0.0691029222520107	<1kb
clu_97352	665	0.0192610991957105	<1kb
clu_97360	211	0.0145865683646113	<1kb
clu_97363	219	0.0176263806970509	<1kb
clu_97364	124	0.0484465683646113	<1kb
clu_97375	236	0.0184171581769437	<1kb
clu_97380	142	0.000482493297587131	<1kb
clu_97383	332	0.0174387131367292	<1kb
clu_97387	1023	0.0505860857908847	1-5kb
clu_97390	2879	0.0179570241286863	1-5kb
clu_97393	4681	0.0268109651474531	1-5kb
clu_97398	66200	0.101180536193029	>50kb
clu_97402	11869	0.0369931903485255	5-20kb
clu_97403	6023	0.00277077747989276	5-20kb
clu_97404	26014	0.189218927613941	20-50kb
clu_97405	97	0.0115428150134048	<1kb
clu_97407	386	0.0041329490616622	<1kb
clu_97408	385	0.0151828150134048	<1kb
clu_97410	3092	0.00199254691689008	1-5kb
clu_97412	3771	0.0591367024128686	1-5kb
clu_97414	16034	0.0215333780160858	5-20kb
clu_97419	598	0.0260898123324397	<1kb
clu_9742	1078	0.0913103485254692	1-5kb
clu_97427	4941	0.0151002412868633	1-5kb
clu_9743	137	0.0134058445040214	<1kb
clu_97432	889	0.718072949061662	<1kb
clu_97433	3795	0.363569839142091	1-5kb
clu_97434	17018	0.10933654155496	5-20kb
clu_9744	829	0.140782412868633	<1kb
clu_9745	5387	0.0215550134048257	5-20kb
clu_97459	760	0.00376640750670241	<1kb
clu_9746	7302	0.029333109919571	5-20kb
clu_97460	1533	0.0130548525469169	1-5kb
clu_97462	155	0.0303354155495979	<1kb
clu_97463	1928	0.00294447721179625	1-5kb
clu_97465	1590	0.00583613941018767	1-5kb
clu_97467	3569	0.00422367292225201	1-5kb
clu_9747	35764	0.0663324932975871	20-50kb
clu_97470	2437	0.00524718498659517	1-5kb
clu_97472	591	0.090826327077748	<1kb
clu_97473	112	0.0249891420911528	<1kb
clu_97474	3016	0.0166357372654155	1-5kb
clu_97477	2801	0.0835073726541555	1-5kb
clu_9748	173	0.0103658445040214	<1kb
clu_97483	3698	0.0148148257372654	1-5kb
clu_97485	39807	0.0154210991957105	20-50kb
clu_9749	32980	0.0657134048257373	20-50kb
clu_97498	5562	0.0509097587131367	5-20kb
clu_9750	251	0.272274557640751	<1kb
clu_97506	3377	0.0923977747989276	1-5kb
clu_9751	88	0.0506383646112601	<1kb
clu_97512	799	0.00788112600536193	<1kb
clu_97524	6453	0.0102295442359249	5-20kb
clu_97525	1818	0.0237316085790885	1-5kb
clu_97526	1463	0.00466753351206434	1-5kb
clu_97531	3991	0.0733721715817694	1-5kb
clu_97532	6966	0.0608544235924933	5-20kb
clu_97534	3379	0.0294424128686327	1-5kb
clu_97535	6897	0.00792592493297587	5-20kb
clu_97542	2175	0.152786890080429	1-5kb
clu_97548	2764	0.00526445040214477	1-5kb
clu_97550	19171	0.0108723592493298	5-20kb
clu_97563	1271	0.0252985790884718	1-5kb
clu_97582	2591	0.00416278820375335	1-5kb
clu_97593	484	0.00816455764075067	<1kb
clu_97596	7465	0.0123174262734584	5-20kb
clu_976	531	0.00552892761394102	<1kb
clu_9760	24350	0.188580509383378	20-50kb
clu_97600	6687	0.0422577747989276	5-20kb
clu_97601	1528	0.00462193029490617	1-5kb
clu_97607	8326	0.00653415549597855	5-20kb
clu_9761	14055	0.0858098659517426	5-20kb
clu_97618	646	0.222476380697051	<1kb
clu_97619	6386	0.400157077747989	5-20kb
clu_9762	2185	0.0160114209115282	1-5kb
clu_97621	985	0.00855327077747989	<1kb
clu_97650	27762	0.0510474262734584	20-50kb
clu_97651	19823	0.0528175335120643	5-20kb
clu_97653	3588	0.0221721179624665	1-5kb
clu_97659	33784	0.0491576407506702	20-50kb
clu_97669	2559	0.150328632707775	1-5kb
clu_9767	10423	0.00527356568364611	5-20kb
clu_97671	1027	0.00305249329758713	1-5kb
clu_97706	1560	0.271153029490617	1-5kb
clu_97707	1007	0.0965207238605898	1-5kb
clu_97716	769	0.00170407506702413	<1kb
clu_97717	321	0.0101727345844504	<1kb
clu_97720	7598	0.0393206702412869	5-20kb
clu_97730	23116	0.0583060053619303	20-50kb
clu_97734	10428	0.0688874262734585	5-20kb
clu_97742	234	0.0131391689008043	<1kb
clu_97747	12084	0.106263914209115	5-20kb
clu_97748	2648	0.0114200268096515	1-5kb
clu_97749	2114	0.0120499731903485	1-5kb
clu_9775	175	0.00393986595174263	<1kb
clu_97755	34053	0.0605012332439678	20-50kb
clu_97756	3275	0.0301425737265416	1-5kb
clu_97757	3418	0.0138157104557641	1-5kb
clu_97758	3906	0.161381394101877	1-5kb
clu_97759	4553	0.0471678820375335	1-5kb
clu_97774	2898	0.127165576407507	1-5kb
clu_97782	6203	0.05328	5-20kb
clu_97783	365	0.0198331903485255	<1kb
clu_978	3681	0.00488412868632708	1-5kb
clu_97809	6562	0.05353163538874	5-20kb
clu_97813	4803	0.00946018766756032	1-5kb
clu_97814	14850	0.133295201072386	5-20kb
clu_97817	5582	0.0273336461126005	5-20kb
clu_97819	5636	0.0029330563002681	5-20kb
clu_9782	4753	0.0267202144772118	1-5kb
clu_97820	1297	0.000241099195710456	1-5kb
clu_97823	2007	0.00343619302949062	1-5kb
clu_97829	398	0.055108471849866	<1kb
clu_97837	1632	0.0438730026809651	1-5kb
clu_9784	2197	0.00468072386058981	1-5kb
clu_97844	6370	0.0323995174262735	5-20kb
clu_97847	5599	0.0268383109919571	5-20kb
clu_97848	2983	0.0101381769436997	1-5kb
clu_97849	2446	0.0147832171581769	1-5kb
clu_97850	4846	0.00949217158176944	1-5kb
clu_9787	1554	0.00783654155495979	1-5kb
clu_9788	3875	0.00695321715817694	1-5kb
clu_9789	10783	0.0741663002680965	5-20kb
clu_97898	2913	0.00324058981233244	1-5kb
clu_97905	19942	0.248832627345844	5-20kb
clu_97906	1014	0.0255171313672922	1-5kb
clu_97909	24188	0.0316940482573727	20-50kb
clu_97910	1120	0.0801010991957105	1-5kb
clu_97911	3778	0.0297317158176944	1-5kb
clu_9792	7324	0.00079171581769437	5-20kb
clu_97927	418	0.0123698927613941	<1kb
clu_97929	201	0.00649876675603217	<1kb
clu_97939	971	0.00650812332439678	<1kb
clu_9794	6518	0.0264549865951743	5-20kb
clu_97941	796	0.0219096782841823	<1kb
clu_97942	1909	0.223378766756032	1-5kb
clu_97946	9079	0.0226201608579088	5-20kb
clu_97955	333	0.0228622252010724	<1kb
clu_97956	2123	0.0218624664879357	1-5kb
clu_97957	2717	0.00673613941018767	1-5kb
clu_97959	503	0.0873450938337802	<1kb
clu_97964	2593	0.0441953887399464	1-5kb
clu_97965	4274	0.0228354155495979	1-5kb
clu_9797	2181	0.0266619034852547	1-5kb
clu_97978	3125	0.0711141286863271	1-5kb
clu_97998	25491	0.107417479892761	20-50kb
clu_980	51621	0.098784745308311	>50kb
clu_9800	4613	0.00447603217158177	1-5kb
clu_98000	3924	0.00177847184986595	1-5kb
clu_98003	882	0.00313479892761394	<1kb
clu_9801	11256	0.00331150134048257	5-20kb
clu_98013	9415	0.0108065683646113	5-20kb
clu_98014	594	0.056355764075067	<1kb
clu_9802	8243	0.0239802949061662	5-20kb
clu_98070	1860	0.09899581769437	1-5kb
clu_98073	4263	0.0318556032171582	1-5kb
clu_98074	2426	0.0117056032171582	1-5kb
clu_98075	2807	0.0132593833780161	1-5kb
clu_98076	1032	0.0645066756032172	1-5kb
clu_98077	3656	0.0295691957104558	1-5kb
clu_9808	2363	0.00719745308310992	1-5kb
clu_98083	886	0.00861785522788204	<1kb
clu_98084	1369	0.00627697050938338	1-5kb
clu_98086	12220	0.0992842091152815	5-20kb
clu_98087	3138	0.0144795978552279	1-5kb
clu_98088	4717	0.0913197855227882	1-5kb
clu_98090	745	0.0620344504021448	<1kb
clu_98091	3038	0.0164112332439678	1-5kb
clu_98098	1338	0.014406890080429	1-5kb
clu_98099	15870	0.05207418230563	5-20kb
clu_98105	4579	0.00567571045576408	1-5kb
clu_98111	1451	0.0086673726541555	1-5kb
clu_98115	4059	0.0293125737265416	1-5kb
clu_98119	3519	0.104195522788204	1-5kb
clu_98123	6405	0.0096613672922252	5-20kb
clu_98124	2274	0.102073351206434	1-5kb
clu_98126	1701	0.059348927613941	1-5kb
clu_98128	2081	0.0358319302949062	1-5kb
clu_9813	3673	0.0184712332439678	1-5kb
clu_98130	412	0.0114764611260054	<1kb
clu_98147	27875	0.199883351206434	20-50kb
clu_98148	91	0.102886568364611	<1kb
clu_98154	3593	0.0292082305630027	1-5kb
clu_98155	3163	0.0406988739946381	1-5kb
clu_98156	6222	0.0264060589812332	5-20kb
clu_98157	1752	0.0862904825737265	1-5kb
clu_98160	931	0.107453404825737	<1kb
clu_98161	587	0.109558659517426	<1kb
clu_98162	14821	0.0411749329758713	5-20kb
clu_98166	724	0.0260649865951743	<1kb
clu_98167	2147	0.0158311260053619	1-5kb
clu_98169	2822	0.0464741554959786	1-5kb
clu_98170	2255	0.000851367292225201	1-5kb
clu_98173	5752	0.0299434584450402	5-20kb
clu_98175	3919	0.0197643163538874	1-5kb
clu_98187	1335	0.00370903485254692	1-5kb
clu_98189	7987	0.00208525469168901	5-20kb
clu_98190	1831	0.00907198391420912	1-5kb
clu_98201	33403	0.00886686327077748	20-50kb
clu_98202	785	0.0429519839142091	<1kb
clu_98204	278	0.00591806970509383	<1kb
clu_98205	204	0.0126315013404826	<1kb
clu_98207	1315	0.0101055764075067	1-5kb
clu_98209	523	0.228305388739946	<1kb
clu_98213	196	0.00336276139410188	<1kb
clu_98214	975	0.0127906970509383	<1kb
clu_98216	2610	0.126662010723861	1-5kb
clu_98238	13031	0.107189973190349	5-20kb
clu_98240	4089	0.0124181233243968	1-5kb
clu_98241	3260	0.0236659517426273	1-5kb
clu_98242	21453	0.0445892493297587	20-50kb
clu_98246	1356	0.0148776407506702	1-5kb
clu_98249	934	0.00756343163538874	<1kb
clu_9825	6170	0.0438513672922252	5-20kb
clu_98254	2046	0.0139719034852547	1-5kb
clu_98255	3741	0.0173060321715818	1-5kb
clu_98258	1407	0.0109288739946381	1-5kb
clu_9826	2052	0.232518203753351	1-5kb
clu_98260	3897	0.0786307238605898	1-5kb
clu_98261	3262	0.0164158713136729	1-5kb
clu_98264	62973	0.0680376943699732	>50kb
clu_98265	6742	0.0375254959785523	5-20kb
clu_98277	10246	0.100248525469169	5-20kb
clu_98282	276	0.00260075067024129	<1kb
clu_98284	4210	0.0551381501340483	1-5kb
clu_98285	3605	0.0275116621983914	1-5kb
clu_98289	6559	0.0039785254691689	5-20kb
clu_98291	2555	0.0662755764075067	1-5kb
clu_98295	21689	0.0193689008042895	20-50kb
clu_98296	4754	0.0453740214477212	1-5kb
clu_98298	620	0.0297312868632708	<1kb
clu_983	11549	0.0063485254691689	5-20kb
clu_98301	4631	0.0496931367292225	1-5kb
clu_98302	96	0.032605308310992	<1kb
clu_98303	320	0.015672654155496	<1kb
clu_98304	111	0.0118958445040214	<1kb
clu_98310	13990	0.00752806970509383	5-20kb
clu_98315	1937	0.0236449329758713	1-5kb
clu_9833	59225	0.0107758981233244	>50kb
clu_98337	3160	0.00391179624664879	1-5kb
clu_98350	3388	0.244420589812332	1-5kb
clu_98356	8458	0.0202914477211796	5-20kb
clu_98369	603	0.0438538069705094	<1kb
clu_98375	4471	0.0136957104557641	1-5kb
clu_98381	3345	0.0367490080428954	1-5kb
clu_98382	1810	0.00801289544235925	1-5kb
clu_98394	1990	0.00561662198391421	1-5kb
clu_98396	8379	0.00683997319034853	5-20kb
clu_98425	103	0.0119556300268097	<1kb
clu_98433	2856	0.0419192493297587	1-5kb
clu_98436	1075	0.0607657372654156	1-5kb
clu_98437	1251	0.0165338069705094	1-5kb
clu_98438	4260	0.00993809651474531	1-5kb
clu_98446	1109	0.107028284182306	1-5kb
clu_98447	1932	0.0334851474530831	1-5kb
clu_98448	594	0.0715587131367292	<1kb
clu_98451	3691	0.0323563538873995	1-5kb
clu_98457	1983	0.0184216085790885	1-5kb
clu_98465	1053	0.0297692225201072	1-5kb
clu_98466	940	0.0044957908847185	<1kb
clu_98468	1434	0.0145391957104558	1-5kb
clu_98473	23242	0.00750541554959786	20-50kb
clu_98488	12354	0.0148854423592493	5-20kb
clu_98489	4542	0.0179769705093834	1-5kb
clu_98490	132	0.011569436997319	<1kb
clu_98491	5227	0.0451056300268097	5-20kb
clu_98494	64225	0.0362119571045576	>50kb
clu_98495	60081	0.0817480697050938	>50kb
clu_985	2699	0.00896916890080429	1-5kb
clu_98500	18171	0.0321202144772118	5-20kb
clu_98503	25285	0.0413281501340483	20-50kb
clu_98510	4911	0.101903190348525	1-5kb
clu_98511	1158	0.0718586058981233	1-5kb
clu_98518	2395	0.0979837533512064	1-5kb
clu_98520	4220	0.119061206434316	1-5kb
clu_98524	581	0.128307828418231	<1kb
clu_98525	24694	0.0253930831099196	20-50kb
clu_98529	11756	0.0111033512064343	5-20kb
clu_9853	2026	0.0141771581769437	1-5kb
clu_98531	10589	0.00536919571045576	5-20kb
clu_98538	96	0.212075710455764	<1kb
clu_9854	12955	0.00971485254691689	5-20kb
clu_98556	2016	0.0135091957104558	1-5kb
clu_9856	37884	0.0367546112600536	20-50kb
clu_98560	2299	0.179867024128686	1-5kb
clu_98569	1672	0.0123537533512064	1-5kb
clu_98571	85	0.0180438337801609	<1kb
clu_98578	1966	0.0102490616621984	1-5kb
clu_98579	142	0.0167026809651475	<1kb
clu_98581	6874	0.0178490080428954	5-20kb
clu_98589	216	0.00718554959785523	<1kb
clu_98590	124	0.0085012600536193	<1kb
clu_98595	20014	0.0193339946380697	20-50kb
clu_98596	19448	0.0770758981233244	5-20kb
clu_98601	4507	0.0837175603217158	1-5kb
clu_98602	224	0.0133180697050938	<1kb
clu_98605	3249	0.0123824664879357	1-5kb
clu_98614	268	0.194354155495979	<1kb
clu_98617	8105	0.0836159249329759	5-20kb
clu_9863	1500	0.00841680965147453	1-5kb
clu_9864	4013	0.00881268096514745	1-5kb
clu_9865	37760	0.00265067024128686	20-50kb
clu_9873	960	0.249406836461126	<1kb
clu_9876	558	0.0291228150134048	<1kb
clu_9878	190	0.0427499195710456	<1kb
clu_988	502	0.0361997587131367	<1kb
clu_9881	380	0.10980418230563	<1kb
clu_9887	612	0.00934099195710456	<1kb
clu_9888	2492	0.0223297587131367	1-5kb
clu_9889	4121	0.0360893565683646	1-5kb
clu_989	613	0.205882091152815	<1kb
clu_9890	2242	0.0430594638069705	1-5kb
clu_990	3762	0.0130688471849866	1-5kb
clu_9903	2684	0.00820308310991957	1-5kb
clu_9904	3300	0.142068579088472	1-5kb
clu_9905	3540	0.0224514745308311	1-5kb
clu_991	5599	0.089946327077748	5-20kb
clu_9912	4558	0.00836453083109919	1-5kb
clu_9913	839	0.08428836461126	<1kb
clu_9914	3611	0.0361271581769437	1-5kb
clu_9915	9762	0.582258579088472	5-20kb
clu_9919	1924	0.00231008042895442	1-5kb
clu_9921	3633	0.0129864611260054	1-5kb
clu_9923	2054	0.0249075603217158	1-5kb
clu_9924	238	0.00982699731903485	<1kb
clu_9926	4284	0.0104665147453083	1-5kb
clu_9927	37183	0.0470229222520107	20-50kb
clu_9931	5004	0.376592171581769	5-20kb
clu_9935	4424	0.00180211796246649	1-5kb
clu_9937	886	0.253537935656836	<1kb
clu_9940	4522	0.191506380697051	1-5kb
clu_9946	8316	0.00251868632707775	5-20kb
clu_9962	2706	0.00823217158176944	1-5kb
clu_997	6190	0.00895603217158177	5-20kb
clu_9979	2125	0.0343327882037534	1-5kb
