Gene_name	medUPratio	meanrpkm	rpkm_bin
AAAS	0.00625	6.82633061478586	Q5 - highly expressed
AACS	0.00981	0.686011869733363	Q3
AAGAB	0.0054	0.977393671395005	Q3
AAK1	0.02128	0.0532927544976231	Q1 - lowly expressed
AARS1	0.00178	9.88688480539904	Q5 - highly expressed
AARS2	0.00353	2.53296172882709	Q4
AARSD1	0.02604	4.03526432648927	Q4
AASDH	0.00613	0.262986449649419	Q2
AASDHPPT	0.00168	1.34055832396702	Q3
AATF	0.00051	1.40408552101226	Q3
ABCA10	0.03947	0.0508136856966838	Q1 - lowly expressed
ABCA5	0.03963	1.36706834573861	Q3
ABCA6	0.01286	0.686013498254485	Q3
ABCA7	0.00628	1.17527468647006	Q3
ABCB10	0.00559	0.629872453603166	Q3
ABCB4	0.00462	0.201842096727079	Q1 - lowly expressed
ABCB6	0.00452	6.46261608347096	Q5 - highly expressed
ABCB8	0.00823	1.41710993597998	Q3
ABCC1	0.00704	0.425481948410936	Q2
ABCC10	0.0289	0.848664576602914	Q3
ABCC4	0.00883	0.199291210210617	Q1 - lowly expressed
ABCD2	0.02381	0.0677046574689557	Q1 - lowly expressed
ABCD3	0.00094	0.559112793859036	Q2
ABCD4	0.0102	1.85254019355742	Q4
ABCE1	0.00093	7.12557207561111	Q5 - highly expressed
ABCF1	0.00079	9.3216869487573	Q5 - highly expressed
ABCF2-H2BK1	0.00156	6.52614317539551	Q5 - highly expressed
ABCF3	0.00115	11.8063102526225	Q5 - highly expressed
ABCG1	0.02174	0.0841874938843525	Q1 - lowly expressed
ABHD11	0.01818	2.1013833535978	Q4
ABHD12	0.00571	0.632824336659917	Q3
ABHD16A	0.00279	2.94107102731137	Q4
ABHD17B	0.0102	0.126387845390825	Q1 - lowly expressed
ABHD18	0.01554	0.165864991227797	Q1 - lowly expressed
ABHD3	0.01389	0.397783714220668	Q2
ABHD4	0.00935	0.883453416506899	Q3
ABHD6	0.01887	0.218847853519033	Q2
ABI1	0.00253	0.686619936041896	Q3
ABI2	0.02941	0.300272942640274	Q2
ABL1	0.00109	0.121358948078773	Q1 - lowly expressed
ABR	0.00663	0.383894839848796	Q2
ABRACL	0.00192	5.44547407695083	Q5 - highly expressed
ABRAXAS1	0.00505	0.131774165294251	Q1 - lowly expressed
ABRAXAS2	0.00433	0.606226666257338	Q3
ACAA1	0.01946	2.77689182950581	Q4
ACAA2	0.00059	3.6972388302045	Q4
ACACA	0.00425	0.227620326929816	Q2
ACAD10	0.0362	0.342666262445117	Q2
ACAD11	0.01769	0.387152854826987	Q2
ACAD8	0.02632	1.83182521483805	Q4
ACAD9	0.00416	1.8987694889663	Q4
ACADM	0.01326	4.59971622228343	Q5 - highly expressed
ACADVL	0.00096	41.3167304132076	Q5 - highly expressed
ACAP1	0.0024	20.9394418084268	Q5 - highly expressed
ACAP2	0.00404	0.335157605274789	Q2
ACAP3	0.00719	1.69624418637648	Q4
ACAT2	0.00329	12.3871108482325	Q5 - highly expressed
ACBD3	0.00289	0.702482634728311	Q3
ACBD4	0.01481	1.02018772193367	Q3
ACBD6	0.00295	0.425000218726885	Q2
ACCS	0.03419	0.511211505798162	Q2
ACD	0.00218	12.5173597751774	Q5 - highly expressed
ACER2	0.08	0.0320191328959357	Q1 - lowly expressed
ACER3	0.02041	0.0365996966290937	Q1 - lowly expressed
ACHE	0.03226	0.184869196463655	Q1 - lowly expressed
ACIN1	0.01316	4.67842233572807	Q5 - highly expressed
ACLY	0.00108	6.94699609021517	Q5 - highly expressed
ACO2	0.00058	3.80841550863155	Q4
ACOT2	0.0411	0.77583979844308	Q3
ACOT8	0.02011	1.08633862337279	Q3
ACOX3	0.0084	0.434758473548581	Q2
ACOXL	0.01562	0.0162906308428001	Q1 - lowly expressed
ACP1	0.0033	7.0805399501701	Q5 - highly expressed
ACP2	0.00332	1.58601495086378	Q4
ACSF2	0.02695	0.46040234214165	Q2
ACSF3	0.00809	0.28516293314461	Q2
ACSL1	0.00067	1.64546172738638	Q4
ACSL3	0.00102	0.815821875484668	Q3
ACSL5	0.00159	2.30974811901917	Q4
ACSM3	0.00291	0.129115016194117	Q1 - lowly expressed
ACSS1	0.00896	0.760450899279344	Q3
ACSS2	0.01667	0.351058094758979	Q2
ACTA2	0.00162	0.848865511213088	Q3
ACTB	0.00049	214.098103397182	Q5 - highly expressed
ACTG1	0.00067	139.412784884712	Q5 - highly expressed
ACTL6A	0.00209	5.78045778730465	Q5 - highly expressed
ACTR10	0.00466	1.58301576642028	Q4
ACTR1A	0.00181	2.80107382559431	Q4
ACTR1B	0.00248	9.48009437324047	Q5 - highly expressed
ACTR2	0.00065	8.06376062555942	Q5 - highly expressed
ACTR3	6e-05	9.10116704622391	Q5 - highly expressed
ACTR3B	0.01935	0.154854237669598	Q1 - lowly expressed
ACTR3C	0.0303	0.0400901691808378	Q1 - lowly expressed
ACTR5	0.03738	0.413241999058083	Q2
ACTR6	0.00209	1.00998964360781	Q3
ACTR8	0.00686	3.19673393016183	Q4
ACYP1	0.02655	0.62118242455243	Q3
ACYP2	0.04082	0.00962402028636486	Q1 - lowly expressed
ADAL	0.01852	0.623991069262388	Q3
ADAM10	0.00466	0.444320118399343	Q2
ADAM15	0.00373	2.64486161686902	Q4
ADAM17	0.00514	0.3847845384061	Q2
ADAM22	0.00718	0.0915084779572817	Q1 - lowly expressed
ADAM8	0.00305	6.53247978127197	Q5 - highly expressed
ADAMTS6	0.03846	0.00454609832946886	Q1 - lowly expressed
ADAMTS7	0.04167	0.0524331097343967	Q1 - lowly expressed
ADAP1	0.01014	0.542233555088611	Q2
ADAR	0.00123	6.16372277029018	Q5 - highly expressed
ADAT1	0.02174	0.459020274286742	Q2
ADAT2	0.05263	0.458371052331394	Q2
ADCK1	0.01695	0.0439119845843813	Q1 - lowly expressed
ADCK2	0.0082	0.804259750315939	Q3
ADCK5	0.02239	0.498851135543042	Q2
ADCY3	0.01173	1.22093359594666	Q3
ADCY7	0.00459	0.684647452868962	Q3
ADD1	0.00099	2.2142472043444	Q4
ADD3	0.00592	0.351158286805966	Q2
ADGRD1	0.04027	0.0248297250249	Q1 - lowly expressed
ADGRE5	0.00342	4.24061462608915	Q4
ADGRG5	0.01633	0.502058792731652	Q2
ADHFE1	0.0625	0.0373777886473696	Q1 - lowly expressed
ADIPOR1	0.00155	4.28654763113748	Q4
ADIPOR2	0.00894	0.358536340491894	Q2
ADIRF	0.25	0.180858418427242	Q1 - lowly expressed
ADK	0.00266	0.225773671762262	Q2
ADORA2A	0.02174	0.28360808214777	Q2
ADPGK	0.05373	0.745515789525517	Q3
ADPRM	0.09375	0.377079842950725	Q2
ADPRS	0.00207	7.73130371136635	Q5 - highly expressed
ADRM1	0.00484	17.8154127036061	Q5 - highly expressed
ADSL	0.00119	5.52784925717636	Q5 - highly expressed
ADSS2	0.00253	2.16470960190057	Q4
ADTRP	0.25	0.0332277458610363	Q1 - lowly expressed
AEBP2	0.00195	0.0923991076931901	Q1 - lowly expressed
AEN	0.0073	0.867420897435715	Q3
AFF1	0.00199	0.296473743429126	Q2
AFG1L	0.00952	0.0354635782983527	Q1 - lowly expressed
AFG3L2	0.00291	3.504220679342	Q4
AFTPH	0.01148	1.13023699810241	Q3
AGA	0.00772	1.60350987533144	Q4
AGAP2	0.0036	1.98784327976829	Q4
AGAP3	0.00742	0.795575167057427	Q3
AGAP4	0.12766	0.17961985127457	Q1 - lowly expressed
AGAP5	0.04444	0.145407445782519	Q1 - lowly expressed
AGAP6	0.04027	0.360705376680684	Q2
AGBL2	0.09091	0.0345178120913381	Q1 - lowly expressed
AGBL3	0.1875	0.0147124166699787	Q1 - lowly expressed
AGBL4	0.07692	0.00108638102634211	Q1 - lowly expressed
AGBL5	0.02946	0.949080198709379	Q3
AGFG1	0.00095	1.23823457769803	Q3
AGFG2	0.00284	1.49421658220944	Q4
AGGF1	0.00229	1.30138708972018	Q3
AGK	0.00093	0.75279721546063	Q3
AGL	0.00155	0.761510245858956	Q3
AGO1	0.00247	0.428966438820719	Q2
AGO2	0.0034	0.249724006631298	Q2
AGO3	0.01075	0.107850762054512	Q1 - lowly expressed
AGO4	0.01299	0.148854882964078	Q1 - lowly expressed
AGPAT1	0.00282	3.28212464320732	Q4
AGPAT3	0.03135	0.516889331862722	Q2
AGPAT4	0.05128	0.0161460904216575	Q1 - lowly expressed
AGPAT5	0.01171	1.2218858299078	Q3
AGPS	0.00077	0.496121096914384	Q2
AGRN	0.00348	2.43065273694054	Q4
AGTPBP1	0.00566	0.398367146486509	Q2
AHCTF1	0.01361	0.722331376009797	Q3
AHCY	0.0017	5.75076556295389	Q5 - highly expressed
AHCYL1	0.00274	3.43989727634067	Q4
AHDC1	0.01887	0.0400355535569479	Q1 - lowly expressed
AHI1	0.02804	0.0525936126070172	Q1 - lowly expressed
AHRR	0.04781	0.181951412032872	Q1 - lowly expressed
AHSA1	0.00032	21.09825129558	Q5 - highly expressed
AIDA	0.00243	1.02696912463199	Q3
AIF1	0.00255	14.7927107755357	Q5 - highly expressed
AIFM2	0.00261	1.3647045879038	Q3
AIG1	0.00912	0.0660378277840112	Q1 - lowly expressed
AIM2	0.01351	0.185755298438265	Q1 - lowly expressed
AJM1	0.99999	0.139495266146049	Q1 - lowly expressed
AK1	0.02273	0.708560280572176	Q3
AK2	0.01479	2.54252514541869	Q4
AK3	0.00446	0.701193160085489	Q3
AKAP10	0.01558	0.294386686696593	Q2
AKAP11	0.12146	0.44857155940965	Q2
AKAP13	0.02839	0.384742021587014	Q2
AKAP8	0.02	1.42861876847524	Q3
AKAP8L	0.01242	2.23545646827872	Q4
AKNA	0.00413	2.18238574855824	Q4
AKNAD1	0.00348	0.199635772199286	Q1 - lowly expressed
AKR1A1	0.01616	11.1180935775903	Q5 - highly expressed
AKR1B1	0.00094	8.28772738073763	Q5 - highly expressed
AKR7A2	0.00469	4.03400245417593	Q4
AKT1	0.0013	5.62260604957789	Q5 - highly expressed
AKT2	0.00106	3.10202893807216	Q4
ALAD	0.00633	1.50989601081826	Q4
ALAS1	0.00081	6.62605359294106	Q5 - highly expressed
ALDH18A1	0.00069	3.43885394304818	Q4
ALDH1L2	0.02273	0.159960521008739	Q1 - lowly expressed
ALDH4A1	0.00474	0.377138795436845	Q2
ALDH6A1	0.00247	0.629872230861291	Q3
ALDH9A1	0.00087	1.92330104366236	Q4
ALG11	0.02752	0.0674863739926253	Q1 - lowly expressed
ALG12	0.01531	0.905161829059884	Q3
ALG14	0.03053	0.0551896503224015	Q1 - lowly expressed
ALG1L2	0.33333	0.0170074345110388	Q1 - lowly expressed
ALG3	0.01263	6.21268147193524	Q5 - highly expressed
ALG5	0.01283	1.25687878681787	Q3
ALG6	0.00391	0.302761671223336	Q2
ALG8	0.00532	1.51494651700014	Q4
ALG9	0.02644	0.413854153065016	Q2
ALKBH1	0.04255	0.235578155185591	Q2
ALKBH3	0.01014	0.919859789609525	Q3
ALKBH4	0.0303	0.306344337256354	Q2
ALKBH5	0.00171	2.02717643487141	Q4
ALKBH6	0.03333	4.6539336455897	Q5 - highly expressed
ALKBH8	0.01342	0.110610942004649	Q1 - lowly expressed
ALMS1	0.00995	0.0783949158795272	Q1 - lowly expressed
ALOX5	0.01036	1.17841222024399	Q3
ALOX5AP	0.00148	0.621367320421244	Q3
ALPK1	0.0211	0.151922437771263	Q1 - lowly expressed
ALPK2	0.03125	0.0458396890738644	Q1 - lowly expressed
ALYREF	0.01031	51.6421789205485	Q5 - highly expressed
AMBRA1	0.00775	0.148183880300316	Q1 - lowly expressed
AMD1	0.00146	3.79092252419179	Q4
AMMECR1L	0.02632	0.303579177502157	Q2
AMPD2	0.00384	4.28166834838563	Q4
AMPD3	0.02511	0.178363361210648	Q1 - lowly expressed
AMY2B	0.00794	0.233084411440544	Q2
AMZ2	0.0077	1.50699395498217	Q4
ANAPC1	0.00366	0.656248506650086	Q3
ANAPC10	0.12371	0.080980288221259	Q1 - lowly expressed
ANAPC16	0.01766	3.67124020083168	Q4
ANAPC2	0.00684	2.47506544399024	Q4
ANAPC4	0.00616	1.86883303869327	Q4
ANAPC5	0.00592	2.7393774269915	Q4
ANAPC7	0.01726	1.69904731495014	Q4
ANGEL1	0.03817	0.252320995090984	Q2
ANGEL2	0.07353	0.712765913048658	Q3
ANGPTL6	0.0049	1.84318384137877	Q4
ANKAR	0.38462	0.0188011292905146	Q1 - lowly expressed
ANKDD1A	0.14793	0.0946573252419925	Q1 - lowly expressed
ANKFY1	0.00977	0.264135894498772	Q2
ANKH	0.00476	0.127091338288451	Q1 - lowly expressed
ANKHD1	0.00552	1.23924233140798	Q3
ANKIB1	0.01467	0.400675586163581	Q2
ANKLE2	0.02629	1.76730595246773	Q4
ANKMY1	0.04412	0.0572595910231063	Q1 - lowly expressed
ANKRA2	0.02132	2.18071273697888	Q4
ANKRD10	0.1723	0.762301662944416	Q3
ANKRD11	0.04093	0.121561444970099	Q1 - lowly expressed
ANKRD12	0.00532	0.0985571642188017	Q1 - lowly expressed
ANKRD13A	0.01976	1.65228291496228	Q4
ANKRD13C	0.03562	0.289465846828622	Q2
ANKRD13D	0.03226	3.02423467182193	Q4
ANKRD16	0.0177	0.231398890952063	Q2
ANKRD17	0.01111	0.601875799438571	Q2
ANKRD23	0.01802	0.310478870386514	Q2
ANKRD26	0.03365	0.210812606527654	Q1 - lowly expressed
ANKRD27	0.00775	1.00390047860225	Q3
ANKRD28	0.00633	0.365084895327822	Q2
ANKRD29	0.16	0.0220120696073319	Q1 - lowly expressed
ANKRD33B	0.08511	0.0473253432736251	Q1 - lowly expressed
ANKRD36	0.0443	0.13145009698948	Q1 - lowly expressed
ANKRD36B	0.01807	0.139007213981014	Q1 - lowly expressed
ANKRD36C	0.04678	0.0890249726390892	Q1 - lowly expressed
ANKRD37	0.01883	20.2447959857879	Q5 - highly expressed
ANKRD44	0.00394	0.191605058671462	Q1 - lowly expressed
ANKRD49	0.01724	0.78923723760594	Q3
ANKRD52	0.00258	2.82827200814911	Q4
ANKZF1	0.00586	13.7047342005439	Q5 - highly expressed
ANLN	0.00105	0.656168099231761	Q3
ANO10	0.00459	0.0463651399745082	Q1 - lowly expressed
ANO6	0.00191	0.188286684218844	Q1 - lowly expressed
ANO9	0.03257	1.13863549221296	Q3
ANP32A	0.00429	7.71593439240715	Q5 - highly expressed
ANP32B	0.00211	18.2019270643116	Q5 - highly expressed
ANXA11	0.00189	7.59871160978885	Q5 - highly expressed
ANXA4	0.0042	0.871001801342839	Q3
ANXA5	0.00129	14.0180382144513	Q5 - highly expressed
ANXA6	0.00039	47.7286874291231	Q5 - highly expressed
ANXA7	0.00168	6.80344677331699	Q5 - highly expressed
AP1AR	0.01136	0.518654597122879	Q2
AP1B1	0.00088	3.19073797517576	Q4
AP1G1	0.00043	1.05955729031731	Q3
AP1G2	0.03002	13.7796522120182	Q5 - highly expressed
AP1S3	0.01695	0.0399478777674225	Q1 - lowly expressed
AP2A2	0.00235	0.821729812261929	Q3
AP2B1	0.00133	1.36815991574969	Q3
AP2M1	0.00053	28.9811181703357	Q5 - highly expressed
AP3D1	0.0016	4.2063480930234	Q4
AP3M1	0.00434	1.91022238885895	Q4
AP3M2	0.00311	1.05209349316734	Q3
AP3S1	0.01155	2.38331357258751	Q4
AP3S2	0.03623	0.254558842296573	Q2
AP4B1	0.02585	2.75980533936594	Q4
AP5M1	0.00962	0.894712091140808	Q3
AP5Z1	0.00667	1.3918903199596	Q3
APAF1	0.00403	0.494797845405986	Q2
APBB1IP	0.0032	1.36178336766988	Q3
APBB3	0.025	1.83774871566489	Q4
APEH	0.00116	32.1403779636291	Q5 - highly expressed
APH1A	0.00295	26.3164952660338	Q5 - highly expressed
APIP	0.01202	0.553747153413665	Q2
APLF	0.05	0.0105370315745795	Q1 - lowly expressed
APMAP	0.00639	1.10931905973798	Q3
APOBEC3C	0.00968	8.52000021477187	Q5 - highly expressed
APOBEC3F	0.01429	0.536942433951633	Q2
APOBEC3G	0.01139	11.657500084336	Q5 - highly expressed
APOL1	0.01202	4.28671745333845	Q4
APOLD1	0.00377	1.27859175126299	Q3
APOM	0.02326	0.697190932995949	Q3
APP	0.00062	0.443083554089341	Q2
APPL1	0.00114	1.76901707897449	Q4
APPL2	0.00481	0.249674344419679	Q2
APTX	0.01036	0.307070020639965	Q2
ARAP1	0.00366	2.45384682930412	Q4
ARAP2	0.01852	0.118086580204874	Q1 - lowly expressed
ARCN1	0.00213	3.26389290060776	Q4
AREL1	0.00771	0.669664638370696	Q3
ARF4	0.00214	4.5497668954865	Q5 - highly expressed
ARFGAP1	0.00925	2.63305132409477	Q4
ARFGAP2	0.00104	8.48530006650103	Q5 - highly expressed
ARFGAP3	5e-04	1.30646776527159	Q3
ARFGEF1	0.00359	0.477855516927554	Q2
ARFGEF2	0.00351	0.747090300306692	Q3
ARFIP1	0.01538	0.0759439571167188	Q1 - lowly expressed
ARFIP2	0.00167	5.81100158311859	Q5 - highly expressed
ARGLU1	0.03709	2.04427310626424	Q4
ARHGAP10	0.00228	0.223523432166986	Q2
ARHGAP11A-SCG5	0.00655	0.445456637971336	Q2
ARHGAP11B	0.03521	0.553318387945927	Q2
ARHGAP15	0.00292	0.188853911846974	Q1 - lowly expressed
ARHGAP17	0.00121	2.07838019125589	Q4
ARHGAP18	0.003	0.41515082326302	Q2
ARHGAP19	0.00602	0.325860538292515	Q2
ARHGAP24	0.01053	0.00591791774346312	Q1 - lowly expressed
ARHGAP26	0.08214	0.0500347575155242	Q1 - lowly expressed
ARHGAP27	0.01131	0.630213850637363	Q3
ARHGAP30	0.0261	5.58863733359077	Q5 - highly expressed
ARHGAP31	0.00615	0.166684422838522	Q1 - lowly expressed
ARHGAP33	0.05229	0.429180491775986	Q2
ARHGAP45	0.0022	7.65043535761392	Q5 - highly expressed
ARHGAP9	0.00353	5.44043383011624	Q5 - highly expressed
ARHGDIB	0.00402	27.8020835416116	Q5 - highly expressed
ARHGEF1	0.00253	6.07147001951476	Q5 - highly expressed
ARHGEF12	0.00239	0.320550573994136	Q2
ARHGEF17	0.00403	0.170267790410543	Q1 - lowly expressed
ARHGEF18	0.00183	0.358392270112658	Q2
ARHGEF2	0.00374	2.15991329068607	Q4
ARHGEF25	0.0137	1.31833146020496	Q3
ARHGEF39	0.06044	0.947815844177672	Q3
ARHGEF7	0.00662	0.590712429509603	Q2
ARID1A	0.00199	0.777876713818803	Q3
ARID1B	0.00134	0.116086933829297	Q1 - lowly expressed
ARID3A	0.0198	0.600665386738323	Q2
ARID3B	0.00398	0.559215161140086	Q2
ARID4A	0.00748	0.305570966907671	Q2
ARID4B	0.0136	0.638453723215399	Q3
ARID5A	0.05933	3.55139852062122	Q4
ARIH1	0.00533	0.440449144828513	Q2
ARIH2	0.02058	1.2258850789858	Q3
ARL1	0.00202	3.91760300128007	Q4
ARL11	0.07692	0.212970372125555	Q1 - lowly expressed
ARL13B	0.01639	0.0765417321110534	Q1 - lowly expressed
ARL14EP	0.01487	1.07652572652835	Q3
ARL17B	0.01205	0.0824913884611872	Q1 - lowly expressed
ARL2BP	0.00503	2.13862038932348	Q4
ARL3	0.00278	1.27298456740398	Q3
ARL5A	0.01187	0.812104543344388	Q3
ARL6IP5	0.00435	1.85048110067256	Q4
ARMC1	0.00308	0.913756971966566	Q3
ARMC10	0.00898	1.34403904144669	Q3
ARMC6	0.01031	1.38747228773721	Q3
ARMC8	0.00113	0.614143075134821	Q3
ARMH1	0.17857	0.0325671555617222	Q1 - lowly expressed
ARMH3	0.00988	0.308713914024525	Q2
ARMH4	1	0.0161487231802755	Q1 - lowly expressed
ARNT	0.01046	1.16715334470927	Q3
ARPC2	0.00439	29.9056861027598	Q5 - highly expressed
ARPC3	0.00282	35.7669862805861	Q5 - highly expressed
ARPC4	0.00859	16.0308424144461	Q5 - highly expressed
ARPC4-TTLL3	0.06931	5.74777568018015	Q5 - highly expressed
ARRB2	0.00336	6.84646837860278	Q5 - highly expressed
ARRDC1	0.01485	1.89764329425033	Q4
ARRDC3	0.01143	0.529036752250998	Q2
ARSA	0.00578	2.56179258820455	Q4
ARSG	0.02778	0.0278353313142327	Q1 - lowly expressed
ARSK	0.04762	0.0694308871122524	Q1 - lowly expressed
ARV1	0.02168	0.753687366484406	Q3
ASB1	0.01961	0.313714052018245	Q2
ASB3	0.01316	0.0593259170028215	Q1 - lowly expressed
ASCC2	0.00505	2.36467064084162	Q4
ASCC3	0.00207	0.461180917505336	Q2
ASF1B	0.00128	2.26744823200015	Q4
ASH1L	0.00169	0.131703377783323	Q1 - lowly expressed
ASH2L	0.00418	2.05032274205495	Q4
ASL	0.00161	5.16778519498545	Q5 - highly expressed
ASNS	0.00206	6.90375689743448	Q5 - highly expressed
ASPH	0.00442	0.0985478043742281	Q1 - lowly expressed
ASTE1	0.04211	0.303409500664327	Q2
ASXL1	0.03014	0.460948808148267	Q2
ATAD1	0.01085	0.655306900582195	Q3
ATAD2	0.00112	1.37803843090853	Q3
ATAD2B	0.01584	0.130959120804014	Q1 - lowly expressed
ATAD3A	0.00189	3.86097666941552	Q4
ATAD3B	0.0027	0.858751580037917	Q3
ATAD5	0.01401	0.440726236720835	Q2
ATAT1	0.01205	0.437731308319429	Q2
ATE1	0.00413	0.0840659803214249	Q1 - lowly expressed
ATF2	0.01336	0.566783069905702	Q2
ATF6B	0.00313	11.6610341238228	Q5 - highly expressed
ATF7IP2	0.0119	0.0777537797985584	Q1 - lowly expressed
ATG10	0.04211	0.0216467559807979	Q1 - lowly expressed
ATG12	0.03846	1.88104265699829	Q4
ATG13	0.00403	1.19588980338787	Q3
ATG14	0.00552	0.123447021450489	Q1 - lowly expressed
ATG16L1	0.01087	0.238583458143194	Q2
ATG16L2	0.02985	1.53915075520653	Q4
ATG2A	0.00637	1.27313806172891	Q3
ATG4C	0.00658	0.350392658395743	Q2
ATG5	0.00221	0.102806422960243	Q1 - lowly expressed
ATG7	0.0027	0.139362396116365	Q1 - lowly expressed
ATG9A	0.00409	3.43998468998522	Q4
ATIC	0.00143	10.7876826127396	Q5 - highly expressed
ATL2	0.00354	0.42337216898938	Q2
ATL3	0.0018	0.597026390506778	Q2
ATM	0.00224	0.732009195400946	Q3
ATN1	0.02179	1.90323283137008	Q4
ATOSA	0.008	0.175281888890631	Q1 - lowly expressed
ATOX1	0.00716	3.10813038130109	Q4
ATP10D	0.01657	0.305758918995837	Q2
ATP11A	0.00943	0.117792335396604	Q1 - lowly expressed
ATP11B	0.00294	0.831056666665926	Q3
ATP13A1	0.01107	6.34675127990609	Q5 - highly expressed
ATP13A3	0.00218	1.13233589366932	Q3
ATP13A4	0.42857	0.00618997788843621	Q1 - lowly expressed
ATP1A1	0.00023	30.2286667373935	Q5 - highly expressed
ATP1B3	0.00258	2.18459164632927	Q4
ATP23	0.01389	0.301393621495112	Q2
ATP2A2	0.00068	2.83184385321613	Q4
ATP2A3	0.00187	2.61108275375581	Q4
ATP2B1	0.00203	0.447132001960183	Q2
ATP2C1	0.00272	1.7446216002066	Q4
ATP5F1A	7e-05	42.9589572171023	Q5 - highly expressed
ATP5F1B	1e-04	157.478210128537	Q5 - highly expressed
ATP5F1C	0.004	23.7782060536463	Q5 - highly expressed
ATP5MC1	0.00314	72.4495860352094	Q5 - highly expressed
ATP5MC2	0.001	11.3757915548185	Q5 - highly expressed
ATP5MG	0.00074	8.51052001437671	Q5 - highly expressed
ATP5MJ	0.00045	8.34241053098119	Q5 - highly expressed
ATP5PB	0.00255	24.1114185110736	Q5 - highly expressed
ATP5PD	0.00018	36.3680791358884	Q5 - highly expressed
ATP5PO	0.00315	34.4025858856078	Q5 - highly expressed
ATP6V0A1	0.00878	0.837268134068781	Q3
ATP6V0A2	0.00311	0.861544503184833	Q3
ATP6V0D1	0.00223	1.77701872124761	Q4
ATP6V0E1	0.0031	2.34650726709479	Q4
ATP6V1B2	0.00098	3.51488995925946	Q4
ATP6V1D	0.00136	0.815445989353097	Q3
ATP6V1E2	0.2381	0.057808519623379	Q1 - lowly expressed
ATP6V1F	0.00199	13.3172088280223	Q5 - highly expressed
ATP6V1G1	0.00268	2.62004227335072	Q4
ATP6V1H	0.00253	0.531654215734373	Q2
ATP8A1	0.00823	0.484150923371855	Q2
ATP8B2	0.00298	1.6156628226968	Q4
ATP9B	0.0119	0.0717276935903143	Q1 - lowly expressed
ATPAF1	0.00257	1.78450498612043	Q4
ATPAF2	0.01829	0.318010509525615	Q2
ATR	0.01405	0.558619490251146	Q2
ATRIP	0.01389	1.31692896703725	Q3
ATXN1	0.2069	0.0118687088144804	Q1 - lowly expressed
ATXN10	0.00169	1.2264182937436	Q3
ATXN1L	0.08333	0.0204436236716528	Q1 - lowly expressed
ATXN2	0.00505	0.296660813812079	Q2
ATXN2L	0.00524	19.7197942908491	Q5 - highly expressed
ATXN3	0.01031	0.272712097401403	Q2
ATXN7	0.01282	0.0701077505934038	Q1 - lowly expressed
ATXN7L1	0.05	0.0107952821914033	Q1 - lowly expressed
ATXN7L3	0.00428	5.96341331774691	Q5 - highly expressed
AUH	0.06557	0.0614634937654648	Q1 - lowly expressed
AUP1	0.01694	78.2320814536734	Q5 - highly expressed
AURKA	0.00146	2.60130490906763	Q4
AURKB	0.00728	20.641252789214	Q5 - highly expressed
AUTS2	0.00372	0.0153069003148794	Q1 - lowly expressed
AVL9	0.01208	0.395739558397436	Q2
AXIN1	0.0069	0.304303052173707	Q2
AZIN1	0.00632	2.7667418380599	Q4
B2M	0.02524	556.995904268177	Q5 - highly expressed
B3GNT5	0.99999	0.00143606692009037	Q1 - lowly expressed
B3GNTL1	0.00826	0.0774697022187163	Q1 - lowly expressed
B4GALT1	0.003	0.719268954190536	Q3
B4GALT3	0.01634	5.64868876385169	Q5 - highly expressed
B4GALT4	0.02624	0.502152564291024	Q2
B4GALT5	0.00465	0.333058137217173	Q2
B4GALT6	0.01493	0.324728388128455	Q2
BABAM1	0.00414	7.95648827697647	Q5 - highly expressed
BABAM2	0.00327	0.14000314434393	Q1 - lowly expressed
BACE2	0.15385	0.0492466261344516	Q1 - lowly expressed
BACH1	0.07692	0.0139153663175601	Q1 - lowly expressed
BAG1	0.01684	5.0721138232409	Q5 - highly expressed
BAG6	0.00027	27.7728653460074	Q5 - highly expressed
BAIAP2L1	0.00565	0.288422233659841	Q2
BAK1	0.00749	3.46993584774182	Q4
BANP	0.01105	0.100384398486069	Q1 - lowly expressed
BAP1	0.00253	8.51650126919408	Q5 - highly expressed
BARD1	0.00538	0.169422599476334	Q1 - lowly expressed
BATF	0.04119	1.5126068347789	Q4
BATF3	0.06849	0.676726282267446	Q3
BAX	0.01518	25.0591889138946	Q5 - highly expressed
BAZ1A	0.0017	0.95513852995649	Q3
BAZ1B	0.00317	1.28906198708961	Q3
BAZ2A	0.00863	3.01897104186447	Q4
BAZ2B	0.00813	0.0558812710852136	Q1 - lowly expressed
BBC3	0.07059	0.372023351030969	Q2
BBS7	0.00538	0.385046389627579	Q2
BCAS2	0.00364	4.05929061270478	Q4
BCAS3	0.01575	0.0209598606589751	Q1 - lowly expressed
BCAS4	0.01075	0.49591270065418	Q2
BCAT1	0.00716	0.395911975071664	Q2
BCCIP	0.00295	3.28367973703327	Q4
BCKDHB	0.00585	0.152912720173374	Q1 - lowly expressed
BCKDK	0.00066	18.1237434804453	Q5 - highly expressed
BCL10	0.01449	0.655479186350384	Q3
BCL2	0.03333	0.043325187546178	Q1 - lowly expressed
BCL2A1	0.03241	2.72265009273533	Q4
BCL2L1	0.01176	0.200786530294828	Q1 - lowly expressed
BCL2L13	0.02273	0.236837013525687	Q2
BCL2L2-PABPN1	0.00064	11.1241276704779	Q5 - highly expressed
BCL7B	0.02802	1.69991029127205	Q4
BCL7C	0.01	0.43695906863466	Q2
BCL9	0.03846	0.0753616859160113	Q1 - lowly expressed
BCLAF1	0.01379	3.48446795222408	Q4
BDH1	0.02542	0.422213111653767	Q2
BDP1	0.02941	0.310735571723857	Q2
BECN1	0.01471	4.34103579122508	Q5 - highly expressed
BEST1	0.99999	0.0065772034086788	Q1 - lowly expressed
BET1	0.00735	0.454650599541014	Q2
BET1L	0.01433	0.389395465062758	Q2
BFAR	0.00627	1.01211461589904	Q3
BFSP2	0.12245	0.0647039937252586	Q1 - lowly expressed
BICD1	0.0303	0.0192649417840276	Q1 - lowly expressed
BICDL1	0.02353	0.0612969362930371	Q1 - lowly expressed
BIN1	0.01342	1.39603608145277	Q3
BIN2	0.01227	0.844383691136104	Q3
BIN3	0.00601	0.701138915088372	Q3
BIRC2	0.00127	1.50008750226371	Q4
BIRC3	0.00193	7.60187761312139	Q5 - highly expressed
BIRC5	0.00545	3.60882724976211	Q4
BIRC6	0.011	0.695697326976431	Q3
BIVM-ERCC5	0.00581	1.06792971419359	Q3
BLK	0.00662	1.49158598541286	Q4
BLM	0.00205	0.526593073075854	Q2
BLMH	0.00064	2.22154354019993	Q4
BLNK	0.00182	4.35763005081025	Q5 - highly expressed
BLOC1S2	0.00169	2.68956711915103	Q4
BLOC1S5	0.04969	0.159026739002876	Q1 - lowly expressed
BLOC1S6	0.02098	0.519289018899694	Q2
BLTP1	0.002	0.361643804939376	Q2
BLTP2	0.00277	9.16005979217445	Q5 - highly expressed
BLTP3B	0.00592	0.245459329421284	Q2
BMAL1	0.00647	0.180715795528267	Q1 - lowly expressed
BMAL2	0.01093	1.18991587240753	Q3
BMF	0.02344	0.455001335493032	Q2
BMP2K	0.00312	0.167916213920869	Q1 - lowly expressed
BMP8B	0.09302	0.0447730934234137	Q1 - lowly expressed
BMPR2	0.00592	0.103804384827149	Q1 - lowly expressed
BMS1	0.0027	2.30636573514502	Q4
BNIP2	0.00344	1.81680281137565	Q4
BOD1	0.0625	1.18309479507963	Q3
BOD1L1	0.00875	1.13757136927735	Q3
BOLA2-SMG1P6	0.15116	2.22811611549955	Q4
BOP1	0.00083	4.09889628889958	Q4
BORA	0.01695	1.11731852005142	Q3
BPNT1	0.00181	1.58307058317785	Q4
BPNT2	0.0375	0.244241563550634	Q2
BPTF	0.00275	0.624276610852341	Q3
BRAF	0.01846	0.139020711994651	Q1 - lowly expressed
BRAP	0.00409	0.67441557656161	Q3
BRAT1	0.02454	1.8352800741594	Q4
BRCA1	0.00784	0.401304864771479	Q2
BRCA2	0.01994	0.268415697528373	Q2
BRD1	0.01684	0.332103130105234	Q2
BRD2	0.03662	17.062090494578	Q5 - highly expressed
BRD3	0.0303	0.218018958098732	Q2
BRD3OS	0.06667	0.204705279332264	Q1 - lowly expressed
BRD4	0.01658	0.591191259718394	Q2
BRD7	0.00617	2.79737364228309	Q4
BRD8	0.01203	1.62474934993887	Q4
BRD9	0.04298	0.975247239109909	Q3
BRF1	0.00752	0.232515283056515	Q2
BRI3	0.00312	0.278136771300914	Q2
BRI3BP	0.01176	0.212626630858415	Q1 - lowly expressed
BRIP1	0.00498	0.10171853199771	Q1 - lowly expressed
BRK1	0.0364	8.41581295734358	Q5 - highly expressed
BRMS1	0.00287	9.83951882112746	Q5 - highly expressed
BRMS1L	0.0059	0.148993252346463	Q1 - lowly expressed
BROX	0.02	0.804286446035382	Q3
BRPF1	0.00888	1.08908155596708	Q3
BRPF3	0.01667	0.154460864347583	Q1 - lowly expressed
BRWD1	0.00403	0.138100072541863	Q1 - lowly expressed
BSCL2	0.00313	2.40226114876384	Q4
BSDC1	0.00383	1.03858958175505	Q3
BST2	0.00163	125.981852878213	Q5 - highly expressed
BTAF1	0.02309	1.77934546799834	Q4
BTBD1	0.02456	1.1302450663827	Q3
BTBD10	0.00481	0.278285250877476	Q2
BTBD2	0.00321	1.0975835156922	Q3
BTBD3	0.07692	0.0447698122282504	Q1 - lowly expressed
BTBD7	0.02174	0.0689015193970808	Q1 - lowly expressed
BTF3	0.00013	121.512584330265	Q5 - highly expressed
BTG1	0.00337	6.52800151958619	Q5 - highly expressed
BTG3	0.00789	1.45105190763447	Q3
BTLA	0.00567	0.791012647943367	Q3
BTN2A1	0.11579	0.670736321412439	Q3
BTN2A2	0.00357	1.01303340715043	Q3
BTN3A1	0.01422	2.25547753898942	Q4
BTN3A2	0.00756	3.97317742797594	Q4
BTN3A3	0.01244	1.9758591572442	Q4
BUB1	0.00111	6.97801456845728	Q5 - highly expressed
BUB1B	0.00403	2.37181261321659	Q4
BUD13	0.01	1.1653382203382	Q3
BUD23	0.00717	15.572074585022	Q5 - highly expressed
BUD31	0.00461	9.13327003018056	Q5 - highly expressed
BYSL	0.00279	2.24123425253315	Q4
C10orf143	0.17647	0.0120742805561826	Q1 - lowly expressed
C10orf88	0.0101	0.250032637888416	Q2
C11orf24	0.04027	1.53867046088469	Q4
C11orf58	0.00089	1.23835022900522	Q3
C11orf65	0.04762	0.00797295420172578	Q1 - lowly expressed
C11orf80	0.02626	0.210197276952196	Q1 - lowly expressed
C12orf29	0.03743	0.991901124875177	Q3
C12orf4	0.00364	0.557065923259737	Q2
C12orf42	0.33333	0.00268866893631533	Q1 - lowly expressed
C12orf76	0.64706	0.0326779384449974	Q1 - lowly expressed
C15orf39	0.00483	0.613616969928809	Q3
C15orf40	0.03349	0.481159788927273	Q2
C16orf87	0.00687	0.54251026157667	Q2
C17orf100	1	0.00954503284111123	Q1 - lowly expressed
C17orf99	0.03704	0.0944249314182455	Q1 - lowly expressed
C18orf21	0.00427	3.24638711942899	Q4
C19orf12	0.11765	0.0531768130867244	Q1 - lowly expressed
C19orf38	0.1	0.162620342178159	Q1 - lowly expressed
C19orf47	0.01887	0.540726518142032	Q2
C19orf54	0.05319	1.15759662571214	Q3
C1GALT1	0.04167	0.081440149150318	Q1 - lowly expressed
C1QBP	0.00119	21.2810867574722	Q5 - highly expressed
C1QTNF3	0.14286	0.0511219369554844	Q1 - lowly expressed
C1QTNF6	0.55555	0.0279278917349357	Q1 - lowly expressed
C1RL	0.01667	0.266109215702185	Q2
C1orf109	0.05634	0.507343268849263	Q2
C1orf112	0.00753	0.296101013180463	Q2
C1orf131	0.00188	1.41718966620575	Q3
C1orf159	0.01493	0.124468076696663	Q1 - lowly expressed
C1orf174	0.00621	1.41240009872131	Q3
C1orf43	0.00396	10.0668555219414	Q5 - highly expressed
C1orf50	0.0266	0.879289226812769	Q3
C1orf52	0.27778	0.743778107005396	Q3
C1orf54	0.08333	0.535667290072515	Q2
C20orf204	0.05882	0.63716708521862	Q3
C21orf58	0.01307	0.252360129102973	Q2
C2CD2	0.01087	0.0877979063879436	Q1 - lowly expressed
C2CD2L	0.00633	0.871718022156148	Q3
C2CD3	0.0102	0.140953566876007	Q1 - lowly expressed
C2CD5	0.00166	0.629932789548702	Q3
C2orf42	0.00647	0.750599113781512	Q3
C2orf68	0.03268	1.40215528082791	Q3
C2orf74	0.05714	0.466666469768287	Q2
C2orf76	0.03086	0.187499078251936	Q1 - lowly expressed
C2orf92	0.375	0.0333830276129808	Q1 - lowly expressed
C3orf38	0.07018	0.41764499452089	Q2
C4orf36	0.14286	0.01940358405652	Q1 - lowly expressed
C4orf46	0.01299	0.560623815152474	Q2
C4orf47	0.16667	0.0769215451359067	Q1 - lowly expressed
C5orf15	0.03704	1.11720442693239	Q3
C5orf22	0.04444	0.709745804583346	Q3
C5orf34	0.02703	0.345125241430115	Q2
C5orf63	0.22222	0.207932403794145	Q1 - lowly expressed
C6orf62	0.01207	6.44745440219993	Q5 - highly expressed
C7orf50	0.02519	0.316116611305724	Q2
C8orf44-SGK3	0.14583	0.0191731882898147	Q1 - lowly expressed
C8orf76	0.00615	1.05660783901543	Q3
C9orf78	0.00439	6.63276887210307	Q5 - highly expressed
C9orf85	0.04545	0.0899122789469015	Q1 - lowly expressed
CA13	0.4	0.0169388486446589	Q1 - lowly expressed
CAAP1	0.0195	0.378063388850104	Q2
CAB39	0.00121	0.618077345837693	Q3
CABIN1	0.00843	0.53887345648675	Q2
CABLES1	0.00727	0.412847476935971	Q2
CACNA1D	0.02235	0.0108885586937996	Q1 - lowly expressed
CACNA1E	0.02889	0.073462332550001	Q1 - lowly expressed
CACNB1	0.07143	0.203049178718332	Q1 - lowly expressed
CAD	0.00191	8.8871936575079	Q5 - highly expressed
CALCOCO2	0.00081	4.39824392490243	Q5 - highly expressed
CALHM2	0.2	0.6352484301334	Q3
CALR	0.00052	180.304722667485	Q5 - highly expressed
CALU	0.00207	1.07383799161232	Q3
CAMK1D	0.00267	0.0628541636199113	Q1 - lowly expressed
CAMK2D	0.005	0.21685806521412	Q2
CAMK4	0.00515	0.120599914790699	Q1 - lowly expressed
CAMKK2	0.00504	0.55450712932373	Q2
CAMSAP2	0.00325	0.142431834212863	Q1 - lowly expressed
CAMTA1	0.01528	0.0336748158921582	Q1 - lowly expressed
CAMTA2	0.00664	2.30155707113134	Q4
CAND1	0.00086	3.10760590436122	Q4
CANT1	0.03448	0.49633413920436	Q2
CANX	0.00065	13.1137648163066	Q5 - highly expressed
CAPG	0.00069	4.76780406729517	Q5 - highly expressed
CAPN10	0.01351	0.422617560508441	Q2
CAPN12	0.05263	0.127456094694056	Q1 - lowly expressed
CAPN15	0.02972	0.65135147106874	Q3
CAPN3	0.00929	0.153944919399287	Q1 - lowly expressed
CAPN7	0.02011	0.650249136042163	Q3
CAPRIN1	0.00065	7.6372300644337	Q5 - highly expressed
CAPRIN2	0.01111	0.0902172992670311	Q1 - lowly expressed
CAPS2	0.23077	0.012409513496027	Q1 - lowly expressed
CAPZA1	0.00166	4.95087789997693	Q5 - highly expressed
CAPZA2	0.00088	1.06575916565254	Q3
CAPZB	0.00028	3.41884089653608	Q4
CARD11	0.00211	0.855101377848036	Q3
CARD19	0.12745	0.666514587231491	Q3
CARD8	0.06183	0.557909704649143	Q2
CARD9	0.01639	0.521847844206851	Q2
CARHSP1	0.00297	1.46905805534499	Q3
CARM1	0.00354	3.43719630787607	Q4
CARMIL1	0.00266	0.106132750735207	Q1 - lowly expressed
CARMIL2	0.00174	10.7066528726382	Q5 - highly expressed
CARNMT1	0.00719	0.225270614296503	Q2
CARS1	0.00664	2.57009078404319	Q4
CARS2	0.01695	1.05602365355146	Q3
CASC3	0.00316	2.18666929874126	Q4
CASD1	0.00639	0.397825261704598	Q2
CASP10	0.02564	0.218569514888467	Q2
CASP2	0.01445	1.40192729432575	Q3
CASP4	0.00199	2.21627288086866	Q4
CASP8	0.01379	0.123650699034005	Q1 - lowly expressed
CAST	0.00024	1.03997935028878	Q3
CASTOR1	0.02069	1.59276659718302	Q4
CAT	0.00066	2.35571809488348	Q4
CATSPER2	0.19512	0.0521582263748856	Q1 - lowly expressed
CBFB	0.01333	0.424895109898632	Q2
CBLB	0.00894	0.187917876362283	Q1 - lowly expressed
CBLL1	0.02362	0.577188702461812	Q2
CBR4	0.05674	0.103413065177997	Q1 - lowly expressed
CBX1	0.00276	1.31856061257707	Q3
CBX3	0.00029	17.050286869013	Q5 - highly expressed
CBX5	0.01835	1.0036668545913	Q3
CBX7	0.08108	0.14449348197367	Q1 - lowly expressed
CBY1	0.03529	0.516174292323093	Q2
CC2D1A	0.00238	1.82783378524749	Q4
CC2D1B	0.02576	2.63380793343063	Q4
CC2D2B	0.11111	0.0124803916878988	Q1 - lowly expressed
CCAR1	0.0022	2.04591653310449	Q4
CCAR2	0.00612	8.76221117244438	Q5 - highly expressed
CCDC102A	0.01136	0.342663808100045	Q2
CCDC106	0.00247	2.24979482347244	Q4
CCDC107	0.02281	5.38302936719829	Q5 - highly expressed
CCDC115	0.0524	3.45179521518636	Q4
CCDC12	0.01104	1.14818763478012	Q3
CCDC125	0.04065	0.1796186698515	Q1 - lowly expressed
CCDC137	0.0165	2.76060401389211	Q4
CCDC138	0.0221	0.13447413213182	Q1 - lowly expressed
CCDC14	0.01007	0.488782390915023	Q2
CCDC15	0.01351	0.0616785987188069	Q1 - lowly expressed
CCDC150	0.13953	0.0688683455079207	Q1 - lowly expressed
CCDC159	0.00279	1.62516354560908	Q4
CCDC163	0.21429	0.411897150738574	Q2
CCDC167	0.00295	3.59891401596222	Q4
CCDC17	0.14286	0.0863527834791353	Q1 - lowly expressed
CCDC171	0.01613	0.0118725645425945	Q1 - lowly expressed
CCDC174	0.00311	1.18100781005446	Q3
CCDC18	0.02749	0.384656394455197	Q2
CCDC191	0.01923	0.0497779455215947	Q1 - lowly expressed
CCDC198	0.1	0.446034379034668	Q2
CCDC200	0.99999	0.00132756874495482	Q1 - lowly expressed
CCDC24	0.06667	0.302512181490007	Q2
CCDC32	0.00397	0.637556201571104	Q3
CCDC34	0.00922	0.619147211422297	Q3
CCDC50	0.00267	3.21035631863334	Q4
CCDC57	0.5618	0.0778907417180407	Q1 - lowly expressed
CCDC59	0.02988	0.216557192648514	Q2
CCDC66	0.08654	0.154621271396469	Q1 - lowly expressed
CCDC69	0.01585	1.75579698398001	Q4
CCDC7	0.06522	0.00790820946273087	Q1 - lowly expressed
CCDC77	0.0127	0.332593945329656	Q2
CCDC78	0.07895	1.66988807666261	Q4
CCDC88A	0.00264	0.496731423252082	Q2
CCDC88B	0.00601	4.88897666302645	Q5 - highly expressed
CCDC88C	0.0218	0.394968300727674	Q2
CCDC90B	0.06222	2.57021432215805	Q4
CCDC91	0.00935	0.0556810740715665	Q1 - lowly expressed
CCDC93	0.00856	0.345466321955585	Q2
CCDC97	0.00585	0.703418993493799	Q3
CCHCR1	0.00731	2.91848588764517	Q4
CCL22	0.00051	13.8814923028568	Q5 - highly expressed
CCL28	0.01786	0.100271651674346	Q1 - lowly expressed
CCL3	0.00442	88.2380620081569	Q5 - highly expressed
CCL3L1	0.01456	16.7778499444137	Q5 - highly expressed
CCM2	0.01083	1.49019736155532	Q4
CCNA2	0.00102	14.5839666061742	Q5 - highly expressed
CCNB1	0.00049	15.8082654469425	Q5 - highly expressed
CCNB1IP1	0.02538	2.31633662238093	Q4
CCNC	0.00191	5.11971596724077	Q5 - highly expressed
CCND2	0.00726	2.74296315343191	Q4
CCNDBP1	0.01592	7.06145871274409	Q5 - highly expressed
CCNF	0.00219	1.48368331718568	Q4
CCNG1	0.01271	18.1516548837723	Q5 - highly expressed
CCNH	0.00402	0.545116921305868	Q2
CCNI	0.00495	5.54419022828113	Q5 - highly expressed
CCNI2	0.05882	2.32056719558437	Q4
CCNK	0.00165	1.9517218533364	Q4
CCNL1	0.03533	4.78463885176287	Q5 - highly expressed
CCNL2	0.03565	4.08977592502677	Q4
CCNT2	0.07353	0.277863112777147	Q2
CCNY	0.00565	0.191359006839284	Q1 - lowly expressed
CCP110	0.00355	1.05128647427081	Q3
CCS	0.01063	2.83844563814398	Q4
CCT2	0.00039	34.1082908630307	Q5 - highly expressed
CCT4	0.00566	25.8515345672781	Q5 - highly expressed
CCT5	0.00028	24.715700069744	Q5 - highly expressed
CCT6A	0.00078	47.5531659794139	Q5 - highly expressed
CCT7	0.00066	31.1303390269422	Q5 - highly expressed
CCT8	0.00041	55.9764158208227	Q5 - highly expressed
CCZ1	0.00169	2.57344902074128	Q4
CCZ1B	0.00081	3.0188369695362	Q4
CD109	0.0073	0.176363425456592	Q1 - lowly expressed
CD180	0.02151	0.242964245115541	Q2
CD19	0.00615	28.5271275098419	Q5 - highly expressed
CD200	0.04878	0.521141928644792	Q2
CD22	0.00756	10.4320217896137	Q5 - highly expressed
CD226	0.02928	0.36741610505574	Q2
CD244	0.00899	0.321920753351717	Q2
CD27	0.01092	18.6368795922505	Q5 - highly expressed
CD274	0.03053	0.991329668724932	Q3
CD2AP	0.00329	0.465808374398213	Q2
CD2BP2	0.00117	12.4195931917648	Q5 - highly expressed
CD300A	0.00243	5.11551889716557	Q5 - highly expressed
CD320	0.00704	3.61194466914222	Q4
CD38	0.00525	0.484865976304378	Q2
CD40	0.00343	20.898306855797	Q5 - highly expressed
CD44	0.00104	2.63245429505525	Q4
CD47	0.02392	2.74765827363621	Q4
CD48	0.00756	11.6864635464458	Q5 - highly expressed
CD52	0.00478	45.9884572983152	Q5 - highly expressed
CD53	0.01072	17.0766425844977	Q5 - highly expressed
CD70	0.02876	4.43963094195408	Q5 - highly expressed
CD72	0.05405	0.343440368710434	Q2
CD74	3e-05	349.244077745928	Q5 - highly expressed
CD79A	0.00016	106.032235059727	Q5 - highly expressed
CD80	0.00592	1.19855017526508	Q3
CD81	0.00021	10.1526957456888	Q5 - highly expressed
CD82	0.00051	5.65323123896609	Q5 - highly expressed
CD83	0.02687	1.66883083085957	Q4
CD86	0.0045	0.71816944445419	Q3
CDADC1	0.09459	0.124887910806961	Q1 - lowly expressed
CDAN1	0.01176	1.58164003433761	Q4
CDC123	0.00136	4.98454884474362	Q5 - highly expressed
CDC16	0.01101	2.88595437673364	Q4
CDC25B	0.01256	3.43936321021961	Q4
CDC25C	0.00518	0.427361813749518	Q2
CDC26	0.01029	1.2900815572846	Q3
CDC27	0.00901	1.56879435787923	Q4
CDC34	0.00923	2.44703271825327	Q4
CDC37	0.00086	7.80345537605807	Q5 - highly expressed
CDC40	0.00142	0.60210541681192	Q2
CDC42BPB	0.00311	0.298108491801403	Q2
CDC42SE1	0.01549	2.78139620282129	Q4
CDC42SE2	0.03425	0.357321752103995	Q2
CDC45	0.00854	2.40860298569294	Q4
CDC5L	0.00147	1.34409246813568	Q3
CDC6	0.0031	4.06079211659198	Q4
CDC7	0.00606	0.862827621578687	Q3
CDC73	0.00136	0.597666787528426	Q2
CDCA2	0.01523	0.820792389334216	Q3
CDCA3	0.025	7.17751786226359	Q5 - highly expressed
CDCA5	0.00194	1.83789088561055	Q4
CDCA7	0.0112	2.63974083666049	Q4
CDCA8	0.00076	4.95788862962067	Q5 - highly expressed
CDK1	0.00175	6.60143666800148	Q5 - highly expressed
CDK10	0.00679	2.10484072971532	Q4
CDK11A	0.03399	2.3307939803078	Q4
CDK11B	0.0163	2.77252986020381	Q4
CDK12	0.11034	0.388324465502973	Q2
CDK14	0.00429	0.0272636663563806	Q1 - lowly expressed
CDK17	0.00193	0.37686335644987	Q2
CDK19	0.00637	0.0775690633391985	Q1 - lowly expressed
CDK2AP1	0.00937	1.30535330122089	Q3
CDK2AP2	0.012	14.1385828361728	Q5 - highly expressed
CDK4	0.00032	25.4948427046984	Q5 - highly expressed
CDK5	0.00115	12.3640187632544	Q5 - highly expressed
CDK5RAP1	0.00933	1.07357247307178	Q3
CDK5RAP2	0.00227	0.615881559789988	Q3
CDK5RAP3	0.00363	11.1220580187944	Q5 - highly expressed
CDK8	0.03982	0.187502577226583	Q1 - lowly expressed
CDKAL1	0.01145	0.0371202437728481	Q1 - lowly expressed
CDKL1	0.07273	0.057111976575533	Q1 - lowly expressed
CDKL3	0.08333	0.0148737594280583	Q1 - lowly expressed
CDKN1A	0.00207	5.97919135603123	Q5 - highly expressed
CDKN3	0.00203	2.72771523694982	Q4
CDPF1	0.03846	0.269971634194627	Q2
CDR2	0.15954	0.229689438479642	Q2
CDS2	0.00611	0.68120358594382	Q3
CDYL	0.01575	0.0653751008112854	Q1 - lowly expressed
CEACAM21	0.30667	0.270687946452399	Q2
CEBPZOS	0.00136	1.51061061852633	Q4
CELF1	0.00257	0.532075489002228	Q2
CELF2	0.02496	0.153806163781859	Q1 - lowly expressed
CENATAC	0.0748	0.82142814941871	Q3
CENPA	0.00641	0.618249864066754	Q3
CENPC	0.01111	0.511488138470623	Q2
CENPE	0.01558	0.858714523365001	Q3
CENPF	0.00102	1.30763116622756	Q3
CENPH	0.00644	4.75533339416235	Q5 - highly expressed
CENPJ	0.01906	0.966409243605973	Q3
CENPK	0.01147	1.13544756788025	Q3
CENPL	0.01754	0.313486646998663	Q2
CENPM	0.00712	6.8073116111604	Q5 - highly expressed
CENPN	0.00336	1.66638246906801	Q4
CENPO	0.04132	0.411601106099671	Q2
CENPP	0.01005	0.0508991657589754	Q1 - lowly expressed
CENPS-CORT	0.04895	0.666103066171991	Q3
CENPT	0.00514	1.71932949001517	Q4
CENPU	0.00782	2.32255695349543	Q4
CENPV	0.04058	2.83443994941421	Q4
CENPX	0.00905	3.1833806250759	Q4
CEP104	0.00202	0.791893502326564	Q3
CEP120	0.00176	0.421149891871668	Q2
CEP135	0.0061	0.229084850566296	Q2
CEP152	0.00593	0.342686357661839	Q2
CEP162	0.00595	0.124274944983675	Q1 - lowly expressed
CEP164	0.0403	0.391800392805591	Q2
CEP170	0.00967	0.297865946230044	Q2
CEP192	0.02667	0.635776964787355	Q3
CEP20	0.00976	0.734989930570319	Q3
CEP250	0.00513	0.757538545755118	Q3
CEP290	0.00353	0.587274276681998	Q2
CEP350	0.00924	0.301811497583734	Q2
CEP43	0.01423	0.844996671723409	Q3
CEP44	0.00829	0.287157537716173	Q2
CEP55	0.00268	1.50379252269119	Q4
CEP57	0.00294	1.54418375068436	Q4
CEP57L1	0.00296	0.212231243622123	Q1 - lowly expressed
CEP63	0.00681	0.324062518068332	Q2
CEP72	0.04237	0.173625888153564	Q1 - lowly expressed
CEP76	0.0195	0.335347060659985	Q2
CEP78	0.00559	0.745186936133436	Q3
CEP83	0.04661	0.121755083566592	Q1 - lowly expressed
CEP85	0.00562	0.535044346446044	Q2
CEP85L	0.0274	0.0289158717047179	Q1 - lowly expressed
CEP89	0.01136	0.159231968949182	Q1 - lowly expressed
CEP95	0.01194	1.07140792948003	Q3
CEPT1	0.02535	1.30496160253773	Q3
CERK	0.00444	0.591158748066182	Q2
CERS4	0.03179	0.847947497555104	Q3
CERS5	0.03289	0.797428091967292	Q3
CERT1	0.00137	0.33567294570254	Q2
CES2	0.01333	2.58015502255625	Q4
CETN3	0.00212	2.45633116141459	Q4
CETP	0.01802	0.830548674502262	Q3
CFAP20	0.00768	2.18646474237456	Q4
CFAP298-TCP10L	0.0015	0.243047342086879	Q2
CFAP36	0.0055	2.00266223628814	Q4
CFAP410	0.03448	0.796565343151018	Q3
CFAP44	0.11404	0.0351073330346826	Q1 - lowly expressed
CFAP54	0.01136	0.014823350959202	Q1 - lowly expressed
CFAP57	0.02976	0.167270499051304	Q1 - lowly expressed
CFAP97	0.00476	0.329798152752207	Q2
CFDP1	0.01522	0.542816492214451	Q2
CFL2	0.06122	0.594300525045034	Q2
CFLAR	0.01286	2.31655993136046	Q4
CGAS	0.01493	0.305419394778137	Q2
CGRRF1	0.0339	0.24229718689855	Q2
CHAC2	0.03676	0.798354138578286	Q3
CHAF1A	0.00906	1.40976741923037	Q3
CHAF1B	0.0128	1.26905327062963	Q3
CHCHD3	0.00409	0.411415926107518	Q2
CHCHD5	0.00873	3.87397898092423	Q4
CHCHD6	0.00909	0.038476214461002	Q1 - lowly expressed
CHCHD7	0.00598	8.02956483422586	Q5 - highly expressed
CHD1	0.00198	1.13285320351814	Q3
CHD1L	0.00765	2.33643532020304	Q4
CHD2	0.18547	1.13247384956867	Q3
CHD3	0.00178	8.3821556732426	Q5 - highly expressed
CHD4	0.00158	13.3299911906377	Q5 - highly expressed
CHD6	0.00389	0.171817028769865	Q1 - lowly expressed
CHD7	0.01297	0.245364750350838	Q2
CHD9	0.02928	0.141609390485752	Q1 - lowly expressed
CHDH	0.01943	0.513843780564347	Q2
CHEK1	0.01119	1.54411803940004	Q4
CHEK2	0.01061	0.659252894911273	Q3
CHERP	0.00117	2.52633409213652	Q4
CHFR	0.04255	0.421186624863722	Q2
CHI3L2	0.00085	6.27151343015723	Q5 - highly expressed
CHID1	0.0099	1.33991321656373	Q3
CHKA	0.04795	0.668059238195781	Q3
CHKB	0.06387	2.38346775764584	Q4
CHL1	0.01095	0.116933154773206	Q1 - lowly expressed
CHMP3	0.01944	0.545623295010396	Q2
CHMP5	0.00131	12.2083274710828	Q5 - highly expressed
CHMP7	0.00976	1.35527767382233	Q3
CHORDC1	0.00995	3.24855379874423	Q4
CHP1	0.0036	0.545653144701481	Q2
CHPF2	0.0531	1.10648703241581	Q3
CHRNA5	0.03	0.228723153719031	Q2
CHST12	0.2381	0.0355864913983521	Q1 - lowly expressed
CHSY1	0.10714	0.0430265184535503	Q1 - lowly expressed
CHTF18	0.01802	1.60819621581773	Q4
CHUK	0.00347	1.14764225564067	Q3
CHURC1-FNTB	0.03306	0.594510174134325	Q2
CIAO1	0.00123	5.4259657626498	Q5 - highly expressed
CIAO2A	0.00331	3.84248917570866	Q4
CIAO2B	0.00066	48.3667687595223	Q5 - highly expressed
CIB1	0.00073	33.2825354394571	Q5 - highly expressed
CIBAR1	0.0031	0.570794112338796	Q2
CIC	0.00091	1.60008357918113	Q4
CIITA	0.01048	1.07531177251196	Q3
CINP	0.00628	1.60525494224731	Q4
CIP2A	0.00265	1.5731995880757	Q4
CIRBP	0.01	11.4364507151153	Q5 - highly expressed
CISD1	0.02204	1.01094003995321	Q3
CISD2	0.02676	1.00781755370812	Q3
CIT	0.01871	0.293685163462481	Q2
CIZ1	0.01017	2.75406730871793	Q4
CKAP5	0.00051	2.95004403288757	Q4
CKS1B	0.00484	14.4009180789505	Q5 - highly expressed
CKS2	7e-04	19.9688462127122	Q5 - highly expressed
CLASP1	0.00162	0.296479700802512	Q2
CLASP2	0.0148	0.256586070373389	Q2
CLASRP	0.02097	2.91589776551572	Q4
CLCN3	0.00565	0.195712925762544	Q1 - lowly expressed
CLCN6	0.05236	0.497864945945113	Q2
CLDN14	0.25532	0.0226180388744298	Q1 - lowly expressed
CLDND1	0.02	2.03742256176827	Q4
CLEC16A	0.00292	0.200054517077675	Q1 - lowly expressed
CLEC17A	0.01538	4.41403606504421	Q5 - highly expressed
CLEC2B	0.00565	1.2160910483637	Q3
CLEC2D	0.03757	2.76445617237479	Q4
CLHC1	0.14286	0.0350268253576137	Q1 - lowly expressed
CLIC1	0.00036	62.0266346097916	Q5 - highly expressed
CLIC6	0.00789	0.202710115411878	Q1 - lowly expressed
CLINT1	0.00704	0.71596681577927	Q3
CLIP1	0.00189	0.29192526478507	Q2
CLIP2	0.00302	0.610643264112358	Q3
CLIP4	0.00444	0.274507479171328	Q2
CLK1	0.04433	8.14348932245	Q5 - highly expressed
CLK2	0.02222	5.10116638394051	Q5 - highly expressed
CLK3	0.00142	2.73816534399947	Q4
CLK4	0.11483	0.89876761258055	Q3
CLN3	0.00458	1.79953295595231	Q4
CLN5	0.01042	0.24444439015564	Q2
CLNK	0.01408	0.0905433391747685	Q1 - lowly expressed
CLNS1A	0.00278	0.999744765172492	Q3
CLPTM1	0.0018	1.86334364458301	Q4
CLPTM1L	0.00099	5.47238718154836	Q5 - highly expressed
CLPX	0.00341	2.12272415518001	Q4
CLSPN	0.00331	0.84327001786007	Q3
CLSTN1	0.00207	0.851120270522846	Q3
CLSTN3	0.00325	1.02354126306419	Q3
CLTA	0.00161	1.22980774884064	Q3
CLTB	0.00276	1.21715919012714	Q3
CMAS	0.0054	3.30707791090335	Q4
CMC1	0.05446	0.374085190776417	Q2
CMPK1	0.00266	2.07636217375161	Q4
CMPK2	0.03774	0.254087814685987	Q2
CMSS1	0.00077	0.215256708406124	Q2
CMTR1	0.00202	3.7196000552217	Q4
CNDP2	0.00187	5.43614105674728	Q5 - highly expressed
CNIH1	0.01423	2.75868297189751	Q4
CNIH3	0.93333	0.00238184476843108	Q1 - lowly expressed
CNIH4	0.02421	1.5262490805276	Q4
CNNM2	0.06818	0.0158034486764802	Q1 - lowly expressed
CNNM3	0.024	0.588505218317467	Q2
CNOT1	0.00171	5.11952247059391	Q5 - highly expressed
CNOT10	0.00887	1.01301646228744	Q3
CNOT11	0.005	4.02306429659022	Q4
CNOT2	0.00302	0.824765346180054	Q3
CNOT3	0.00051	5.68508916481293	Q5 - highly expressed
CNOT6	0.00997	0.311419551948507	Q2
CNOT7	0.00112	3.04764285058692	Q4
CNOT9	0.01889	2.30548188274301	Q4
CNPY2	0.00781	9.79540328992922	Q5 - highly expressed
CNPY3	0.05317	9.9884172468695	Q5 - highly expressed
CNR2	0.04545	0.0332801434280766	Q1 - lowly expressed
CNST	0.00412	0.130315656397826	Q1 - lowly expressed
CNTLN	0.02198	0.0144084750159335	Q1 - lowly expressed
CNTNAP1	0.00386	2.47746498494682	Q4
CNTRL	0.00471	1.1151017606478	Q3
CNTROB	0.00549	3.05012620721009	Q4
COA1	0.01822	0.573676391728873	Q2
COA5	0.00535	1.61939537609731	Q4
COA6	0.01587	1.72379170673752	Q4
COASY	0.008	15.8364754085033	Q5 - highly expressed
COCH	0.00135	1.42990096157395	Q3
COG1	0.00397	1.83938640172488	Q4
COG2	0.00064	0.939627301373311	Q3
COG3	0.01807	0.446344913532125	Q2
COG4	0.00931	2.47975974702263	Q4
COG6	0.00201	0.289903258630315	Q2
COG7	0.0061	0.384729616153072	Q2
COL19A1	0.02883	0.0949550339908735	Q1 - lowly expressed
COL24A1	0.01786	0.0507277157063896	Q1 - lowly expressed
COL4A3	0.03687	0.0854109073307219	Q1 - lowly expressed
COL9A2	0.00461	4.72757842572106	Q5 - highly expressed
COLGALT1	0.0119	1.03326177109035	Q3
COMMD10	0.02214	0.0614657186062617	Q1 - lowly expressed
COMMD2	0.02041	0.914985755902053	Q3
COMMD3	0.00332	22.774114213631	Q5 - highly expressed
COMMD4	0.0021	11.0148237662856	Q5 - highly expressed
COMMD6	0.00513	6.24559748931361	Q5 - highly expressed
COMMD8	0.0211	1.86901497270851	Q4
COMMD9	0.00342	0.898322401443999	Q3
COMT	0.00463	1.32981818711638	Q3
COMTD1	0.00769	5.57065278173037	Q5 - highly expressed
COP1	0.00481	0.337092447679291	Q2
COPA	0.00033	9.22015572015459	Q5 - highly expressed
COPB1	0.00052	6.15189698312632	Q5 - highly expressed
COPB2	5e-04	9.49499042153063	Q5 - highly expressed
COPE	0.00052	14.3472400662487	Q5 - highly expressed
COPG1	0.001	11.9677255217146	Q5 - highly expressed
COPG2	0.00087	0.509185000022892	Q2
COPS2	0.00182	2.410589164343	Q4
COPS3	0.00723	4.22100121611496	Q4
COPS5	0.00164	2.22294463697628	Q4
COPS6	0.00354	49.1447042753628	Q5 - highly expressed
COPS7A	0.0014	5.38168413296428	Q5 - highly expressed
COPS7B	0.00193	1.06988082619855	Q3
COPS8	0.00156	3.38775806080895	Q4
COPZ2	0.06897	0.32621922761305	Q2
COQ2	0.00898	0.644042345059744	Q3
COQ3	0.03614	0.691793421217384	Q3
COQ5	0.00199	1.44333928040804	Q3
COQ6	0.00748	1.80921917190477	Q4
COQ7	0.02013	0.736097787274708	Q3
COQ8B	0.00193	0.89114697870719	Q3
COQ9	0.00111	2.93880283831492	Q4
CORO1A	0.00036	174.123112043992	Q5 - highly expressed
CORO1B	0.00606	6.07204670017465	Q5 - highly expressed
CORO1C	0.00224	2.06835005525549	Q4
CORO6	0.1875	0.129605000817924	Q1 - lowly expressed
CORO7-PAM16	0.00333	1.87451620010138	Q4
COX10	0.02581	0.05714834501809	Q1 - lowly expressed
COX11	0.0241	1.05842819243147	Q3
COX15	0.01164	1.60854896969757	Q4
COX16	0.0246	0.939449763725534	Q3
COX17	0.00047	4.22728474311707	Q4
COX18	0.02532	0.67840081559722	Q3
COX20	0.00725	3.97856329593074	Q4
COX5A	0.00175	14.2106816594963	Q5 - highly expressed
COX5B	0.004	79.2946299604138	Q5 - highly expressed
COX7A2	0.00355	13.7641368672363	Q5 - highly expressed
COX7A2L	0.00139	0.757483792692104	Q3
CPLANE1	0.00643	0.123250218464337	Q1 - lowly expressed
CPNE1	0.00128	5.12847349341586	Q5 - highly expressed
CPNE5	0.0148	0.237578450084331	Q2
CPNE7	0.04977	0.714012014336604	Q3
CPNE8	0.01127	0.117643857927723	Q1 - lowly expressed
CPOX	0.00434	6.55889904605139	Q5 - highly expressed
CPSF1	0.00468	8.76656123439403	Q5 - highly expressed
CPSF6	0.02459	3.02695792676456	Q4
CPSF7	0.00887	1.92934195396502	Q4
CPT1B	0.06118	5.62051386400816	Q5 - highly expressed
CPTP	0.05714	0.827083196313419	Q3
CPXM1	0.00256	8.1184039000852	Q5 - highly expressed
CR1	0.0048	0.161419521475198	Q1 - lowly expressed
CR2	0.00184	4.39428241013346	Q5 - highly expressed
CRACR2A	0.02959	0.0852241098573783	Q1 - lowly expressed
CRAMP1	0.03093	0.0972185585825441	Q1 - lowly expressed
CRAT	0.0292	0.552462404817457	Q2
CRBN	0.04762	0.73043340126595	Q3
CRCP	0.01734	0.457427220348069	Q2
CREB1	0.02377	0.408433679945307	Q2
CREBBP	0.00105	0.41259121390542	Q2
CREBZF	0.75806	0.245128465685609	Q2
CRELD1	0.00469	1.65657486178933	Q4
CRELD2	0.01078	7.04985663864809	Q5 - highly expressed
CREM	0.0129	0.233776759291865	Q2
CRIM1	0.0056	0.0771782697976325	Q1 - lowly expressed
CRIP1	0.00027	85.3855170684294	Q5 - highly expressed
CRIP3	0.05128	0.468546280071768	Q2
CRKL	0.01954	0.371793187722013	Q2
CRLF3	0.00253	0.492590407478227	Q2
CRTC2	0.03476	7.27603272376214	Q5 - highly expressed
CRTC3	0.00752	0.168869961893833	Q1 - lowly expressed
CRYBG1	0.00049	0.71423692507119	Q3
CRYGS	0.14286	0.0773531888802807	Q1 - lowly expressed
CRYL1	0.00251	0.192555719649787	Q1 - lowly expressed
CRYZ	0.00043	4.28538267581116	Q4
CRYZL1	0.01139	0.640319635725742	Q3
CS	0.00489	6.36901512332788	Q5 - highly expressed
CSAD	0.06711	0.340821292594813	Q2
CSDE1	0.00028	22.2149617626835	Q5 - highly expressed
CSE1L	0.00399	6.49418136823382	Q5 - highly expressed
CSF2RB	0.01629	0.607703020658103	Q3
CSGALNACT2	0.0405	0.28007212988514	Q2
CSK	0.00015	19.6742295946408	Q5 - highly expressed
CSNK1A1	0.00833	2.36360531734727	Q4
CSNK1D	0.01326	2.17736784222201	Q4
CSNK1G1	0.00722	0.0804737006080149	Q1 - lowly expressed
CSNK1G2	0.00136	1.32861028842092	Q3
CSNK1G3	0.00249	0.24271549041862	Q2
CSNK2A2	0.00297	2.22272764113159	Q4
CSNK2B	0.00019	53.6385659442681	Q5 - highly expressed
CSPP1	0.0125	0.144572355436674	Q1 - lowly expressed
CSTF3	0.00091	1.18343676422071	Q3
CSTPP1	0.00391	0.110713871410542	Q1 - lowly expressed
CTAGE6	1	0.0667228357631962	Q1 - lowly expressed
CTBP1	0.00055	2.49850108371622	Q4
CTBS	0.13178	0.522970727118511	Q2
CTC1	0.0139	1.70887682183443	Q4
CTDNEP1	0.00076	19.3235866990973	Q5 - highly expressed
CTDSP1	0.00096	5.31137135986728	Q5 - highly expressed
CTDSP2	0.00204	1.37754510488622	Q3
CTDSPL2	0.01606	0.403397386776874	Q2
CTH	0.0042	0.908475446061347	Q3
CTIF	0.01639	0.0157858547031914	Q1 - lowly expressed
CTNNA1	0.00032	0.615830463479136	Q3
CTNNAL1	0.0029	1.16395098567102	Q3
CTPS1	0.00225	5.15536518414754	Q5 - highly expressed
CTSC	0.00209	1.49052086023638	Q4
CTSH	0.00213	22.4847758876815	Q5 - highly expressed
CTSZ	0.00243	4.81834416971	Q5 - highly expressed
CTU2	0.00219	2.98244303010864	Q4
CUL1	0.00048	1.54738156990875	Q4
CUL3	0.00105	1.32737508853349	Q3
CUL4A	0.00163	1.85260431367893	Q4
CUL5	0.01455	0.32142066997853	Q2
CUL7	0.01145	3.20971047274963	Q4
CUL9	0.00843	1.20267250888002	Q3
CUTC	0.00265	0.820500659968158	Q3
CWC15	0.00043	10.9298730142404	Q5 - highly expressed
CWC25	0.03252	1.28079894674588	Q3
CWF19L1	0.01884	1.57207160637597	Q4
CWF19L2	0.0037	0.174061453583902	Q1 - lowly expressed
CXXC1	0.00046	25.6550895703947	Q5 - highly expressed
CXXC4	0.28571	0.0204195373186383	Q1 - lowly expressed
CXXC5	0.06087	0.337819720844461	Q2
CYB5A	0.00101	1.31764711606463	Q3
CYB5R1	0.0027	2.78641855591443	Q4
CYB5R2	0.00671	1.82527993203417	Q4
CYB5R3	0.00054	1.36209648840793	Q3
CYB5R4	0.00405	0.540835937519395	Q2
CYB5RL	0.07895	0.094151742951157	Q1 - lowly expressed
CYBRD1	0.03571	0.337120910603222	Q2
CYC1	0.00067	77.0044666199083	Q5 - highly expressed
CYFIP1	0.00047	1.11655213422805	Q3
CYFIP2	0.0036	3.73059288278546	Q4
CYLD	0.00534	2.42347479413331	Q4
CYP20A1	0.01765	0.185479183618558	Q1 - lowly expressed
CYP2R1	0.06849	0.340191098120404	Q2
CYP4V2	0.0339	0.134136848443697	Q1 - lowly expressed
CYP7B1	0.01351	0.037171711668249	Q1 - lowly expressed
CYTH1	0.00354	2.12931662362859	Q4
CYTH4	0.01432	0.629509497890265	Q3
CZIB	0.00313	6.34240250899391	Q5 - highly expressed
D2HGDH	0.09333	0.589125563470897	Q2
DAB1	0.03042	0.0193242087238577	Q1 - lowly expressed
DAD1	0.01033	4.72273455283589	Q5 - highly expressed
DAGLB	0.00299	1.1713011795245	Q3
DALRD3	0.00259	4.2649747988736	Q4
DAP	0.01765	0.313611194087503	Q2
DAP3	0.00081	4.4329201667023	Q5 - highly expressed
DAPK1	0.0041	0.346287722856812	Q2
DAPP1	0.01005	0.703157684217575	Q3
DARS1	0.00123	5.12485480382978	Q5 - highly expressed
DARS2	0.00193	2.80691475287785	Q4
DAZAP1	0.00918	10.8249351193104	Q5 - highly expressed
DBF4	0.03113	1.7551320700768	Q4
DBF4B	0.01031	0.400143611402295	Q2
DBI	0.00036	73.630013176827	Q5 - highly expressed
DBNL	0.00199	8.83461752789785	Q5 - highly expressed
DBT	0.00459	0.261925297800788	Q2
DCAF1	0.00195	0.692130857207176	Q3
DCAF10	0.08209	0.133327772154479	Q1 - lowly expressed
DCAF11	6e-04	10.0635982868262	Q5 - highly expressed
DCAF13	0.00047	3.91868678206337	Q4
DCAF15	0.00129	5.64721561092476	Q5 - highly expressed
DCAF16	0.35294	0.224576960313079	Q2
DCAF17	0.0303	0.308691193084665	Q2
DCAF4	0.01408	0.647268227492859	Q3
DCAF5	0.00913	0.206057697283273	Q1 - lowly expressed
DCAF6	0.00783	0.859919028237852	Q3
DCAF8	0.01664	1.79402413540751	Q4
DCBLD1	0.01818	0.0571066329758327	Q1 - lowly expressed
DCLRE1B	0.10526	0.446958385656487	Q2
DCLRE1C	0.11504	0.235902430106118	Q2
DCP2	0.10078	0.432422810944383	Q2
DCPS	0.00407	1.52892392981591	Q4
DCTD	0.00219	1.97263641803184	Q4
DCTN1	0.00068	7.33350446441401	Q5 - highly expressed
DCTN2	0.00097	13.0909856217194	Q5 - highly expressed
DCTN4	0.00136	0.60222345250459	Q2
DCTN5	0.01156	0.970462960301898	Q3
DCUN1D2	0.18	0.0906546184077303	Q1 - lowly expressed
DCUN1D4	0.0621	0.240490704430234	Q2
DCUN1D5	0.01634	1.97188187994409	Q4
DCXR	0.00279	17.0614167960593	Q5 - highly expressed
DDA1	0.00202	2.73331719121466	Q4
DDB1	0.00038	12.4193607459828	Q5 - highly expressed
DDB2	0.02031	5.80448353997815	Q5 - highly expressed
DDHD1	0.00451	0.399675908250479	Q2
DDHD2	0.00313	1.26795679408451	Q3
DDOST	0.00021	39.2265202201544	Q5 - highly expressed
DDRGK1	0.00471	4.73744408804246	Q5 - highly expressed
DDT	0.00488	4.33985907691919	Q5 - highly expressed
DDX10	0.0031	0.163455612625941	Q1 - lowly expressed
DDX11	0.01107	1.90403958061632	Q4
DDX17	0.00811	7.63401788168481	Q5 - highly expressed
DDX18	0.00219	8.6502502085728	Q5 - highly expressed
DDX21	0.00041	5.44478907871468	Q5 - highly expressed
DDX23	0.0048	7.26374407478797	Q5 - highly expressed
DDX27	0.00046	6.91354879835133	Q5 - highly expressed
DDX31	0.00916	0.49964477327589	Q2
DDX39A	0.01259	20.8009247148271	Q5 - highly expressed
DDX39B	0.00783	32.3019738116893	Q5 - highly expressed
DDX42	0.00439	3.28642372433369	Q4
DDX46	0.00258	1.70180532117723	Q4
DDX49	0.01036	8.24648525244436	Q5 - highly expressed
DDX5	0.00538	64.837888401003	Q5 - highly expressed
DDX50	0.01164	2.05455486363093	Q4
DDX51	0.01481	2.71360685059794	Q4
DDX52	0.00447	1.38348789527333	Q3
DDX54	0.00064	4.81751979881467	Q5 - highly expressed
DDX55	0.04078	1.74332254105024	Q4
DDX56	0.01033	13.5214682476798	Q5 - highly expressed
DDX59	0.00891	0.488696608513156	Q2
DDX6	0.00274	1.99154121565387	Q4
DDX60L	0.02918	0.0685870480568081	Q1 - lowly expressed
DEAF1	0.01382	0.686342902747294	Q3
DECR1	0.00439	2.61868503749815	Q4
DEDD	0.0086	1.56317701062829	Q4
DEF6	0.00254	2.79709417091337	Q4
DEGS1	0.04278	0.940556925501309	Q3
DEK	0.00556	5.33467420876449	Q5 - highly expressed
DELE1	0.00737	3.06521720356536	Q4
DENND10	0.01156	0.419904999998978	Q2
DENND11	0.01217	0.474061331287528	Q2
DENND1A	0.00955	0.156958015235993	Q1 - lowly expressed
DENND1C	0.00335	6.2202822682574	Q5 - highly expressed
DENND2B	0.11765	0.0107860165759618	Q1 - lowly expressed
DENND2D	0.02141	6.09289125164454	Q5 - highly expressed
DENND3	0.01207	1.00126778919226	Q3
DENND4A	0.00178	0.913446751383027	Q3
DENND4B	0.00627	5.39456127634943	Q5 - highly expressed
DENND4C	0.00153	0.420310963972185	Q2
DENND5A	0.00385	0.457170312320056	Q2
DENND5B	0.00629	0.0602321653738531	Q1 - lowly expressed
DENND6A	0.02146	0.21671400075485	Q2
DENND6B	0.01309	3.68561487861262	Q4
DENR	0.00135	4.52317650599313	Q5 - highly expressed
DEPDC1B	0.00495	0.339478472638292	Q2
DEPDC5	0.00344	0.268418103503353	Q2
DERL2	0.01053	2.80439472009043	Q4
DERL3	0.00125	3.65661889696024	Q4
DESI1	0.01533	3.53050789820678	Q4
DESI2	0.04545	0.0867792102920736	Q1 - lowly expressed
DEXI	0.17647	0.146969787989644	Q1 - lowly expressed
DFFA	0.0107	2.07695976566678	Q4
DFFB	0.03636	0.100006350472098	Q1 - lowly expressed
DGCR2	0.02574	0.198236150180148	Q1 - lowly expressed
DGCR8	0.00313	1.18841290825066	Q3
DGKA	0.0096	2.42474675537775	Q4
DGKD	0.01553	0.740405577227473	Q3
DGKE	0.03448	0.204192753086197	Q1 - lowly expressed
DGKI	0.07222	0.0122662674324021	Q1 - lowly expressed
DGKQ	0.01053	0.256420062484988	Q2
DGKZ	0.00141	3.29173971570856	Q4
DGLUCY	0.03571	0.240850731474103	Q2
DGUOK	0.02208	2.19342969975396	Q4
DHFR	0.00314	2.22053155035531	Q4
DHODH	0.00478	0.769267425341206	Q3
DHPS	0.01401	16.0898442626095	Q5 - highly expressed
DHRS1	0.01408	1.94722924909896	Q4
DHRS11	0.01163	0.970825103502226	Q3
DHRS12	0.0479	0.23391743889272	Q2
DHRS7	0.00058	2.92989929918391	Q4
DHRS7B	0.00962	0.174533613131066	Q1 - lowly expressed
DHTKD1	0.0033	1.03234540923899	Q3
DHX15	0.00164	3.72420697851692	Q4
DHX16	0.00354	4.68377678277899	Q5 - highly expressed
DHX29	0.00334	1.05049760040488	Q3
DHX30	0.00063	2.38771403593852	Q4
DHX32	0.02186	0.548501391145577	Q2
DHX34	0.05946	0.550726238378361	Q2
DHX35	0.01114	0.316436366017816	Q2
DHX36	0.00118	1.47389297996661	Q3
DHX37	0.00248	2.05592654297628	Q4
DHX38	0.00167	6.68276098826223	Q5 - highly expressed
DHX40	0.00269	0.791950840890136	Q3
DHX58	0.01474	2.730856385535	Q4
DHX8	0.00367	0.614224849968064	Q3
DHX9	0.00282	9.65838785731611	Q5 - highly expressed
DIAPH1	0.00048	2.4811634849084	Q4
DICER1	0.0022	0.8182701952968	Q3
DIDO1	0.00292	0.573812840063396	Q2
DIMT1	0.00083	1.10818213163346	Q3
DIP2A	0.00521	0.248493323604222	Q2
DIP2B	0.0039	0.296488732719871	Q2
DIS3	0.00048	3.89620821284138	Q4
DIS3L	0.00977	0.721023773173758	Q3
DIS3L2	0.00821	0.0881009294805466	Q1 - lowly expressed
DISP1	0.58333	0.0120736207614426	Q1 - lowly expressed
DLD	0.00046	4.76566429025425	Q5 - highly expressed
DLG1	0.00451	0.269596660788539	Q2
DLG4	0.02548	0.224351810891265	Q2
DLGAP5	0.00259	3.52223043360655	Q4
DLST	0.00193	6.20221050692455	Q5 - highly expressed
DMAC2	0.00375	1.94200542636757	Q4
DMAC2L	0.0146	0.308833390454236	Q2
DMAP1	0.00097	5.21421732273686	Q5 - highly expressed
DMC1	0.02632	0.137813259664323	Q1 - lowly expressed
DMGDH	0.33333	0.000925666846876629	Q1 - lowly expressed
DMPK	0.0338	1.24572688744095	Q3
DMTF1	0.025	1.05715935473424	Q3
DMXL1	0.00592	0.400771116186526	Q2
DMXL2	0.00314	0.214102672423877	Q2
DNA2	0.0068	0.596897171744134	Q2
DNAAF10	0.00725	0.426104610789065	Q2
DNAAF5	0.00433	0.507000326934206	Q2
DNAH1	0.01143	0.167496134398917	Q1 - lowly expressed
DNAJA1	0.00077	23.6203589208188	Q5 - highly expressed
DNAJA2	0.00155	5.36224999961657	Q5 - highly expressed
DNAJA3	0.00613	2.23877888323872	Q4
DNAJB14	0.04702	0.332703808298736	Q2
DNAJB2	0.00338	7.46814549272598	Q5 - highly expressed
DNAJB4	0.04918	0.0514766972754517	Q1 - lowly expressed
DNAJB6	0.00199	1.1968157830935	Q3
DNAJC1	0.00415	0.198081273360066	Q1 - lowly expressed
DNAJC10	0.00177	1.42538034192741	Q3
DNAJC11	0.00312	1.2415954849039	Q3
DNAJC13	0.00202	1.10231772620749	Q3
DNAJC15	0.00222	0.721863407196357	Q3
DNAJC17	0.00661	0.879500629273498	Q3
DNAJC2	0.01071	2.70957931643563	Q4
DNAJC21	0.00653	3.16284522036856	Q4
DNAJC24	0.06383	0.114123798368334	Q1 - lowly expressed
DNAJC25	0.22	0.296017084153426	Q2
DNAJC27	0.375	0.0427343205599551	Q1 - lowly expressed
DNAJC3	0.00261	0.351903997410721	Q2
DNAJC4	0.00769	7.94933006318477	Q5 - highly expressed
DNAJC5	0.22483	0.434332623795408	Q2
DNAJC5B	0.14815	0.0117705950932074	Q1 - lowly expressed
DNAJC8	0.00512	6.91105620357858	Q5 - highly expressed
DNAJC9	0.01136	0.688347374652095	Q3
DNASE1	0.225	0.0482226159461185	Q1 - lowly expressed
DNASE1L3	0.00826	1.09263230834559	Q3
DNHD1	0.05307	0.159424832979247	Q1 - lowly expressed
DNMBP	0.00345	0.146907240926913	Q1 - lowly expressed
DNMT1	0.00111	3.52562940095762	Q4
DNMT3A	0.01317	0.479300738201069	Q2
DNTTIP2	0.00231	3.30901115354093	Q4
DOCK10	0.00348	0.833388241750017	Q3
DOCK2	0.00233	1.48358346651294	Q3
DOCK6	0.00208	0.309750652934838	Q2
DOCK7	0.00116	0.311396061523819	Q2
DOCK8	5e-04	0.920353985825162	Q3
DOK1	0.01159	1.97459732027748	Q4
DOK2	0.01515	1.01463898722085	Q3
DONSON	0.01135	1.18089111412286	Q3
DOP1A	0.02878	0.292549507108477	Q2
DOT1L	0.00618	1.44778353257238	Q3
DPAGT1	0.01061	3.01315653644466	Q4
DPF3	0.27273	0.00233824858633179	Q1 - lowly expressed
DPH2	0.01195	5.33288930976895	Q5 - highly expressed
DPH3	0.00877	1.0513110324215	Q3
DPH5	0.04281	1.64851756089363	Q4
DPH6	0.00334	0.0681899564827891	Q1 - lowly expressed
DPH7	0.15244	0.670055711397748	Q3
DPM1	0.00264	4.6884905306682	Q5 - highly expressed
DPM2	0.00249	5.85613444628176	Q5 - highly expressed
DPP3	0.00115	4.23316504973788	Q4
DPP7	0.01976	16.9524780224684	Q5 - highly expressed
DPP8	0.02103	0.404304187535057	Q2
DPP9	0.00823	1.95856626803322	Q4
DPY19L3	0.0317	0.138061047553096	Q1 - lowly expressed
DPY19L4	0.00952	0.133645657519648	Q1 - lowly expressed
DPY30	0.02245	0.797500418975173	Q3
DR1	0.00578	0.931720338082111	Q3
DRAM1	0.04626	0.274243238858583	Q2
DRAM2	0.04302	6.46055740587228	Q5 - highly expressed
DRG1	0.0028	0.769696934907047	Q3
DRG2	0.00601	3.31485189437471	Q4
DROSHA	0.00636	0.959982400932287	Q3
DSCAML1	0.08772	0.0053926467132751	Q1 - lowly expressed
DSCC1	0.01212	1.06085618552987	Q3
DSE	0.02193	0.0840975141055795	Q1 - lowly expressed
DSN1	0.00454	1.25831520793347	Q3
DST	0.00047	0.372747685963399	Q2
DTL	0.00091	0.990010924568053	Q3
DTNB	0.01099	0.0345681227303489	Q1 - lowly expressed
DTNBP1	0.01149	0.232333516257421	Q2
DTWD1	0.13139	0.262032176551353	Q2
DTX4	0.00409	0.562340036063701	Q2
DTYMK	0.04159	3.98118658311228	Q4
DUS1L	0.00052	14.7510720129573	Q5 - highly expressed
DUS2	0.00139	0.656347190298925	Q3
DUS3L	0.002	4.35372336267846	Q5 - highly expressed
DUS4L-BCAP29	0.01511	0.533844689479306	Q2
DUSP10	0.01739	0.300543658396852	Q2
DUSP11	0.00295	2.48742303813191	Q4
DUSP12	0.04255	3.11260068906602	Q4
DUSP16	0.01456	0.326791232449138	Q2
DUSP22	0.00182	1.0353808347294	Q3
DUSP28	0.03571	0.241118519069294	Q2
DUSP5	0.00788	2.72492153748304	Q4
DUT	0.00098	20.3964882806785	Q5 - highly expressed
DVL2	0.00517	5.43471603752504	Q5 - highly expressed
DVL3	0.00403	3.03774404466994	Q4
DXO	0.02885	3.48094998218694	Q4
DYM	0.00996	0.166622507408479	Q1 - lowly expressed
DYNC1H1	0.00014	3.99726476936908	Q4
DYNC1LI2	0.00662	0.735515838189837	Q3
DYNC2I1	0.00913	0.203709555787444	Q1 - lowly expressed
DYNC2I2	0.0104	2.43393787624052	Q4
DYNLL2	0.00862	1.60967572865672	Q4
DYNLT2B	0.02358	0.651649756448094	Q3
DYRK4	0.11607	0.311785435518537	Q2
DZANK1	0.00671	0.0736069055791097	Q1 - lowly expressed
DZIP3	0.00583	0.434480679531583	Q2
E2F2	0.03333	0.165528874099766	Q1 - lowly expressed
E2F4	0.00466	14.0549365078356	Q5 - highly expressed
E2F5	0.00606	0.614529719490698	Q3
E2F6	0.00952	0.429303023196331	Q2
E2F7	0.0069	0.284732638424222	Q2
E2F8	0.00521	0.975034902093694	Q3
E4F1	0.01365	1.44132578487503	Q3
EAF1	0.01254	0.369612489323245	Q2
EAF2	0.03071	0.766279154658497	Q3
EAPP	0.00562	1.16171585656928	Q3
EARS2	0.03741	0.542147714979842	Q2
EBAG9	0.00297	1.06778663080449	Q3
EBF1	0.02875	0.0601420828278455	Q1 - lowly expressed
EBI3	0.00169	15.367834905083	Q5 - highly expressed
EBPL	0.00357	0.501025195479353	Q2
ECH1	0.00125	19.9256285730982	Q5 - highly expressed
ECHDC1	0.00128	0.683495687882423	Q3
ECHDC2	0.09091	0.449603397830459	Q2
ECHDC3	0.01695	0.207185047903832	Q1 - lowly expressed
ECHS1	0.00197	13.0056272043795	Q5 - highly expressed
ECI2	0.0019	2.86749404253443	Q4
ECPAS	0.00133	3.03483619178148	Q4
ECT2	0.00134	0.825365376776786	Q3
EDC4	0.00292	10.8767855527367	Q5 - highly expressed
EDEM1	0.00366	3.71403377881862	Q4
EDEM2	0.04441	1.05798417536649	Q3
EDEM3	0.01183	0.278807627222708	Q2
EDF1	0.00072	99.8410160967708	Q5 - highly expressed
EDRF1	0.01258	1.53031247594222	Q4
EEA1	0.00452	0.205164293978854	Q1 - lowly expressed
EED	0.00319	1.81795819452966	Q4
EEF1A1	0.00478	539.887220328228	Q5 - highly expressed
EEF1AKMT1	0.09868	0.15594808080309	Q1 - lowly expressed
EEF1AKMT2	0.04815	0.414614014751258	Q2
EEF1B2	0.00089	374.307033896297	Q5 - highly expressed
EEF1D	0.00018	24.7074672747658	Q5 - highly expressed
EEF1G	0.00123	333.291911251072	Q5 - highly expressed
EEF2	0.00015	358.221520055347	Q5 - highly expressed
EEF2K	0.00922	0.41885237154306	Q2
EEF2KMT	0.04808	0.41786813966875	Q2
EEFSEC	0.0023	0.0827063904415953	Q1 - lowly expressed
EFCAB11	0.00995	0.0491684202840127	Q1 - lowly expressed
EFCAB13	0.01408	0.0502957308957876	Q1 - lowly expressed
EFCAB14	0.00585	1.10010117616658	Q3
EFCAB2	0.02941	0.0252791279994622	Q1 - lowly expressed
EFCAB7	0.00541	0.260233193530764	Q2
EFEMP2	0.0303	0.614819066284942	Q3
EFHC1	0.01429	0.0322089466357273	Q1 - lowly expressed
EFHD2	0.01008	2.04277999128786	Q4
EFL1	0.0032	0.331386053380942	Q2
EFNA4-EFNA3	0.15556	0.18984791071215	Q1 - lowly expressed
EFR3A	0.00333	0.789786374598299	Q3
EFTUD2	0.00041	6.95893627098006	Q5 - highly expressed
EGLN3	0.03497	0.0539125121466811	Q1 - lowly expressed
EHBP1	0.00662	0.145658687987974	Q1 - lowly expressed
EHBP1L1	0.0185	5.23435593435166	Q5 - highly expressed
EHMT1	0.01002	0.73510710702488	Q3
EHMT2	0.00801	5.71392041032494	Q5 - highly expressed
EI24	0.00362	5.29323876001506	Q5 - highly expressed
EID2B	0.99999	0.0597968139022758	Q1 - lowly expressed
EIF1	0.00015	137.891482240163	Q5 - highly expressed
EIF2A	0.00231	6.29399898750749	Q5 - highly expressed
EIF2AK1	0.00923	4.7138230827446	Q5 - highly expressed
EIF2AK2	0.00289	2.29906897322757	Q4
EIF2AK3	0.01227	0.487146017166935	Q2
EIF2AK4	0.0018	1.45868699642701	Q3
EIF2B1	0.00104	5.07098584924164	Q5 - highly expressed
EIF2B2	0.00208	4.30583094194297	Q4
EIF2B3	0.00257	0.434139982828677	Q2
EIF2B4	0.00751	8.67366718489076	Q5 - highly expressed
EIF2B5	0.00996	8.99131219716622	Q5 - highly expressed
EIF2D	0.00931	4.63189643375196	Q5 - highly expressed
EIF2S1	0.00067	4.23643138387319	Q4
EIF2S2	0.00725	11.291833303875	Q5 - highly expressed
EIF3A	0.00062	9.74162738374371	Q5 - highly expressed
EIF3B	0.00035	17.1205114404777	Q5 - highly expressed
EIF3C	0.00094	12.6504770366022	Q5 - highly expressed
EIF3CL	1e-04	21.7074611630166	Q5 - highly expressed
EIF3D	0.00044	39.0062249307567	Q5 - highly expressed
EIF3E	6e-05	3.77558987301657	Q4
EIF3F	0.00062	12.9980943374226	Q5 - highly expressed
EIF3G	0.00423	56.9706571577541	Q5 - highly expressed
EIF3H	6e-04	5.56918841405216	Q5 - highly expressed
EIF3I	0.00078	25.3202834109391	Q5 - highly expressed
EIF3J	0.00704	3.58219616391002	Q4
EIF3K	0.00048	25.601350342579	Q5 - highly expressed
EIF3L	0.00021	19.5039259110694	Q5 - highly expressed
EIF3M	0.00041	26.5163584612428	Q5 - highly expressed
EIF4A1	0.00013	269.764552689119	Q5 - highly expressed
EIF4A2	0.07926	70.7852055785007	Q5 - highly expressed
EIF4B	0.00439	26.945683949746	Q5 - highly expressed
EIF4E	0.00065	2.05459185117733	Q4
EIF4ENIF1	0.00124	0.936088999112734	Q3
EIF4G1	0.00086	29.9464968730777	Q5 - highly expressed
EIF4G2	0.00051	99.5074295793284	Q5 - highly expressed
EIF4G3	0.00468	0.355769658694636	Q2
EIF5B	0.00177	4.86133318907886	Q5 - highly expressed
EIPR1	0.00157	0.276673895008531	Q2
ELAC1	0.01389	0.180170519966942	Q1 - lowly expressed
ELAC2	0.00269	7.66114792900933	Q5 - highly expressed
ELAVL1	0.00546	1.64813757731587	Q4
ELF1	0.00685	0.447451046548045	Q2
ELF2	0.02575	0.0983540500959515	Q1 - lowly expressed
ELK4	0.02885	0.180298421347881	Q1 - lowly expressed
ELL2	0.02579	1.34230089621659	Q3
ELL3	0.0092	2.74362217349916	Q4
ELMO1	0.00657	0.247702700672795	Q2
ELMO2	0.00266	0.870116079663938	Q3
ELMOD3	0.0791	0.29014861999316	Q2
ELOA	0.0012	2.42755515779544	Q4
ELOC	0.00177	2.46556600274604	Q4
ELOVL1	0.00105	14.8737111388214	Q5 - highly expressed
ELOVL5	0.00121	0.830427826177259	Q3
ELOVL6	0.1	0.0268291859038643	Q1 - lowly expressed
ELP1	0.00103	1.67519450604749	Q4
ELP2	0.00463	3.01241888330976	Q4
ELP3	0.00323	0.712486735191612	Q3
ELP6	0.00691	1.89592168137743	Q4
EMC1	0.00645	1.50948730665822	Q4
EMC10	0.00548	2.69481646497348	Q4
EMC2	0.00218	1.86231439461661	Q4
EMC3	0.00187	1.35157619455073	Q3
EMC7	0.00155	1.98329795752505	Q4
EMC8	0.00324	0.806726827467296	Q3
EME1	0.00694	1.45769399834615	Q3
EME2	0.04762	0.161672188381637	Q1 - lowly expressed
EMG1	0.0021	7.89831177687572	Q5 - highly expressed
EMID1	0.08488	0.952742473799286	Q3
EML2	0.01302	3.65164730243919	Q4
EML3	0.00305	9.57829255229143	Q5 - highly expressed
EML4	0.00301	0.468213616494964	Q2
EMSY	0.01465	0.1566126954017	Q1 - lowly expressed
ENDOG	0.03158	1.70571058204483	Q4
ENGASE	0.05618	0.774885357215882	Q3
ENO1	0.00015	366.105012412207	Q5 - highly expressed
ENO2	0.00083	24.9816837951829	Q5 - highly expressed
ENO3	0.01613	1.24964612601132	Q3
ENOSF1	0.03759	1.03915538690732	Q3
ENSA	0.00058	4.86203389405844	Q5 - highly expressed
ENSG00000111780	0.03636	6.04992109676783	Q5 - highly expressed
ENSG00000170846	0.5	0.037912199773565	Q1 - lowly expressed
ENSG00000203546	0.32143	0.0774181942577458	Q1 - lowly expressed
ENSG00000248751	0.00976	1.6138419712827	Q4
ENSG00000249141	0.00526	3.49264387521607	Q4
ENSG00000249624	0.00726	1.75252671542242	Q4
ENSG00000254692	0.00934	4.96444430977344	Q5 - highly expressed
ENSG00000255730	0.00232	1.15030699663848	Q3
ENSG00000255835	0.00416	1.9855259845565	Q4
ENSG00000256646	0.00095	21.6869912140605	Q5 - highly expressed
ENSG00000258529	0.03704	0.436229171799252	Q2
ENSG00000258881	0.02892	0.326868506532658	Q2
ENSG00000260007	0.01377	0.826063829746172	Q3
ENSG00000260537	0.00253	1.55497912256963	Q4
ENSG00000262660	0.01006	8.01691700536307	Q5 - highly expressed
ENSG00000264668	0.03571	0.0933686817022938	Q1 - lowly expressed
ENSG00000267140	0.01215	0.462626525455536	Q2
ENSG00000267360	0.0303	0.046718790959995	Q1 - lowly expressed
ENSG00000267618	0.00621	0.381850763951347	Q2
ENSG00000268533	0.24242	0.0738425173178096	Q1 - lowly expressed
ENSG00000268790	0.06375	0.668854215597216	Q3
ENSG00000272772	0.00104	6.4007845294521	Q5 - highly expressed
ENSG00000272822	0.00385	3.1640892916347	Q4
ENSG00000275740	0.00364	0.444946500972965	Q2
ENSG00000280571	0.00435	0.572745429085849	Q2
ENSG00000281039	0.2	0.716295795810937	Q3
ENSG00000283128	0.62338	0.0240336125929689	Q1 - lowly expressed
ENSG00000283189	0.00746	0.928292891147647	Q3
ENSG00000283761	0.00927	0.741016955995539	Q3
ENSG00000283765	0.00128	1.19774923806449	Q3
ENSG00000283782	0.00365	0.679617039892411	Q3
ENSG00000283886	0.11111	0.0045068324294521	Q1 - lowly expressed
ENSG00000284057	0.0121	0.90027202499665	Q3
ENSG00000284292	0.0011	9.3747843814189	Q5 - highly expressed
ENSG00000284554	0.02344	3.98818086000728	Q4
ENSG00000284691	0.125	0.157007238542308	Q1 - lowly expressed
ENSG00000284773	0.00422	1.02288342972759	Q3
ENSG00000284906	0.03571	0.10901080212408	Q1 - lowly expressed
ENSG00000285130	0.00165	0.711664071572498	Q3
ENSG00000285283	0.0023	0.201748687955357	Q1 - lowly expressed
ENSG00000285382	0.00254	0.351215310028	Q2
ENSG00000285458	0.125	0.0341606309818916	Q1 - lowly expressed
ENSG00000285733	0.25301	0.0305197035031591	Q1 - lowly expressed
ENSG00000285920	0.03773	2.15688333740166	Q4
ENSG00000285947	0.00064	7.91593225797313	Q5 - highly expressed
ENSG00000286098	0.075	0.0625630625309615	Q1 - lowly expressed
ENSG00000286112	0.00855	0.884609281560038	Q3
ENSG00000286221	0.01544	0.273273795081476	Q2
ENSG00000286235	0.02151	1.15671831935387	Q3
ENSG00000287856	0.07407	0.146555305794481	Q1 - lowly expressed
ENSG00000288637	0.00619	0.152792963385866	Q1 - lowly expressed
ENSG00000289027	0.00152	1.04811362800593	Q3
ENSG00000289346	0.12766	0.127457222035706	Q1 - lowly expressed
ENSG00000289694	0.00671	4.23489643894231	Q4
ENSG00000290183	0.0119	0.275673502779837	Q2
ENSG00000290315	0.00114	11.6345184673091	Q5 - highly expressed
ENSG00000290318	0.00059	9.57545653128471	Q5 - highly expressed
ENTPD1	0.01889	1.26747798722333	Q3
ENTPD2	0.01413	1.2373912633773	Q3
ENTPD4	0.03871	0.222048333032658	Q2
ENTPD5	0.00939	0.15812899125785	Q1 - lowly expressed
ENTPD6	0.00415	1.08820405563816	Q3
ENTR1	0.00803	4.48045148475302	Q5 - highly expressed
ENTREP3	0.00567	2.85964024716973	Q4
ENY2	0.01526	12.521859314282	Q5 - highly expressed
EP400	0.00399	0.559586351906726	Q2
EPB41L2	0.00383	0.487791378568338	Q2
EPC1	0.00935	0.227490349824268	Q2
EPC2	0.00456	0.116831192166539	Q1 - lowly expressed
EPG5	0.00493	0.198180961425653	Q1 - lowly expressed
EPM2A	0.2381	0.00363963536339583	Q1 - lowly expressed
EPN1	0.00823	1.33625433030449	Q3
EPN2	0.01587	0.0304944865084357	Q1 - lowly expressed
EPRS1	0.00011	5.23045210695023	Q5 - highly expressed
EPS15	0.00363	1.23436726964927	Q3
EPS15L1	0.01392	0.762139233505547	Q3
EPSTI1	0.00138	0.75131947458457	Q3
ERAL1	0.00214	11.5560541172284	Q5 - highly expressed
ERAP1	0.00188	2.41360201834596	Q4
ERAP2	0.00616	1.79758959580639	Q4
ERBIN	0.00091	0.385835798672508	Q2
ERCC1	0.00634	1.1207589305217	Q3
ERCC2	0.00329	3.03399910213564	Q4
ERCC3	0.00245	1.86478479029183	Q4
ERCC6L2	0.02299	0.0438007826134189	Q1 - lowly expressed
ERCC8	0.01587	0.184495222553191	Q1 - lowly expressed
ERF	0.02273	0.987656472170911	Q3
ERG28	0.00951	4.43397224293937	Q5 - highly expressed
ERGIC1	0.00196	1.09240798243775	Q3
ERGIC3	0.00185	18.1088111603738	Q5 - highly expressed
ERH	0.00087	12.3701920769194	Q5 - highly expressed
ERI1	0.00694	0.124581055037161	Q1 - lowly expressed
ERI2	0.01818	0.0886831083462585	Q1 - lowly expressed
ERI3	0.01252	0.389272034145603	Q2
ERICH1	0.084	0.125099399689308	Q1 - lowly expressed
ERLIN1	0.00552	0.629507039076408	Q3
ERLIN2	0.00195	1.18691369956787	Q3
ERMAP	0.03448	0.140179291906303	Q1 - lowly expressed
ERMARD	0.00858	1.31584948009126	Q3
ERMP1	0.0163	0.196453043069455	Q1 - lowly expressed
ERO1A	0.00075	3.2753855990435	Q4
ERO1B	0.00449	0.503527848931504	Q2
ERP29	6e-04	7.51593800090517	Q5 - highly expressed
ERP44	0.00049	1.58115360754415	Q4
ERVK3-1	0.0113	1.32628160712859	Q3
ESAM	0.04712	1.88909300699884	Q4
ESCO1	0.00862	0.275420683356334	Q2
ESCO2	0.00538	0.633454665518095	Q3
ESD	0.00074	9.07395545920784	Q5 - highly expressed
ESPL1	0.00743	2.57497834881797	Q4
ESR2	0.03846	0.0108337478173787	Q1 - lowly expressed
ESS2	0.01124	1.33927907404872	Q3
ESYT1	0.00134	10.4989089631108	Q5 - highly expressed
ESYT2	0.0029	0.926462098882978	Q3
ETAA1	0.01136	0.62436574757643	Q3
ETF1	0.00041	4.02547226715	Q4
ETFA	0.00262	3.30541571945105	Q4
ETFB	0.00088	3.56477659885901	Q4
ETHE1	0.01874	2.25529887126515	Q4
ETNK1	0.0198	0.386667871340033	Q2
ETS1	0.00138	0.613317254608357	Q3
ETV4	0.0076	0.483842270632596	Q2
ETV5	0.0459	0.17244002868169	Q1 - lowly expressed
ETV6	0.01626	0.108909643811126	Q1 - lowly expressed
EVC	0.10924	0.0763414296711299	Q1 - lowly expressed
EVL	0.00776	1.72166466069516	Q4
EWSR1	0.00135	17.2552905729035	Q5 - highly expressed
EXO1	0.02356	0.628616849291272	Q3
EXOC1	0.00721	0.871697895874314	Q3
EXOC2	0.00134	0.296909220589981	Q2
EXOC3	0.01313	2.7376846420577	Q4
EXOC4	0.00466	0.0756003024944633	Q1 - lowly expressed
EXOC6	0.00483	0.0583889031486941	Q1 - lowly expressed
EXOC7	0.00151	2.23942655343035	Q4
EXOG	0.05833	0.116916155452005	Q1 - lowly expressed
EXOSC1	0.00623	7.27031801406531	Q5 - highly expressed
EXOSC10	0.00459	6.28439396575412	Q5 - highly expressed
EXOSC2	0.00735	3.57414197250243	Q4
EXOSC3	0.00536	0.34627419184495	Q2
EXOSC7	0.00216	1.77850279233855	Q4
EXOSC8	0.00027	5.095543782034	Q5 - highly expressed
EXOSC9	0.00512	7.86968819068991	Q5 - highly expressed
EXTL2	0.02353	0.231753981937925	Q2
EYA3	0.01945	0.283713473349861	Q2
EZH1	0.00518	0.521094123662757	Q2
EZH2	0.01364	1.90418784088155	Q4
EZR	0.00053	8.39364684858771	Q5 - highly expressed
F12	0.02083	0.362389101344665	Q2
F13A1	0.00387	0.276659060764742	Q2
FAAP100	0.04889	1.26305395977497	Q3
FAAP20	0.03562	0.750045527716218	Q3
FABP5	0.00094	26.3552327026171	Q5 - highly expressed
FADS1	0.00103	2.21377605465974	Q4
FADS2	0.00569	4.39822528884972	Q5 - highly expressed
FAF1	0.00059	0.275271098279658	Q2
FAF2	0.00446	0.524537621410527	Q2
FAH	0.00209	2.75026577355334	Q4
FAHD2A	0.00368	2.01087237754334	Q4
FAHD2B	0.0073	2.21996736554943	Q4
FAM102A	0.00344	0.948602768545929	Q3
FAM107B	0.00695	0.127829595652542	Q1 - lowly expressed
FAM117A	0.0224	0.465708087114799	Q2
FAM118A	0.02809	0.535253262176965	Q2
FAM120A	0.0103	1.39281954211798	Q3
FAM120AOS	0.4661	0.416630434185448	Q2
FAM120B	0.01094	0.21876124354763	Q2
FAM133B	0.01285	0.936826648514111	Q3
FAM136A	0.01299	3.01190493448656	Q4
FAM13A	0.02083	0.0231947730892947	Q1 - lowly expressed
FAM13B	0.00214	0.33021197085719	Q2
FAM149B1	0.05462	0.208729834332782	Q1 - lowly expressed
FAM161A	0.02041	0.11769491567876	Q1 - lowly expressed
FAM168B	0.01099	0.627139072200768	Q3
FAM172A	0.00559	0.018285754071897	Q1 - lowly expressed
FAM174A	0.02151	0.0791846591909445	Q1 - lowly expressed
FAM177A1	0.01075	0.250545293342626	Q2
FAM185A	0.10256	0.104935011053781	Q1 - lowly expressed
FAM193A	0.00721	0.190698007858813	Q1 - lowly expressed
FAM193B	0.11364	0.625379318749578	Q3
FAM200B	0.13636	0.331437967243378	Q2
FAM204A	0.01131	1.07390504213816	Q3
FAM210A	0.03977	0.221230676605767	Q2
FAM216A	0.00434	1.91462763932785	Q4
FAM219B	0.11494	2.01025810848899	Q4
FAM221A	0.03846	0.226532894767922	Q2
FAM227B	0.08333	0.0140311560624544	Q1 - lowly expressed
FAM228B	0.01124	0.0447653890279919	Q1 - lowly expressed
FAM234A	0.00152	0.749387279086917	Q3
FAM241A	0.10417	0.0503481887609396	Q1 - lowly expressed
FAM24B	0.11538	0.0942107990633539	Q1 - lowly expressed
FAM3C	0.00196	1.73353470343533	Q4
FAM53B	0.07407	0.0264892343511263	Q1 - lowly expressed
FAM53C	0.03333	0.607784779501418	Q3
FAM72C	0.00775	0.4264273122414	Q2
FAM76B	0.05986	1.43042251638048	Q3
FAM78A	0.08824	0.161295102832826	Q1 - lowly expressed
FAM81A	0.00645	0.0955052260400228	Q1 - lowly expressed
FAM83D	0.00909	0.251673119166	Q2
FAM86B2	0.26316	0.045007546333803	Q1 - lowly expressed
FAM91A1	0.00485	1.40936175315167	Q3
FAN1	0.0202	0.307796862190283	Q2
FANCA	0.01424	0.929394913037705	Q3
FANCC	0.02008	0.0424800136101667	Q1 - lowly expressed
FANCD2	0.00661	2.11960810936172	Q4
FANCE	0.02273	0.661135926882801	Q3
FANCG	0.01906	7.76814442773809	Q5 - highly expressed
FANCI	0.0026	3.61745923967824	Q4
FANCL	0.00628	0.792554127300269	Q3
FANCM	0.00575	0.227458046141281	Q2
FAR1	0.00269	0.440584433509735	Q2
FARP2	0.0089	0.153734436704993	Q1 - lowly expressed
FARSA	0.00211	15.1185092346584	Q5 - highly expressed
FARSB	0.00336	2.44237223350564	Q4
FASN	0.00025	13.0861494161271	Q5 - highly expressed
FASTK	0.03185	15.0802318763338	Q5 - highly expressed
FASTKD1	0.00525	1.60781298157855	Q4
FASTKD2	0.0026	1.81584791320465	Q4
FASTKD3	0.03268	1.18987662844504	Q3
FBF1	0.01351	0.315958837333596	Q2
FBH1	0.00664	2.42607761642099	Q4
FBL	0.00047	42.4035396461234	Q5 - highly expressed
FBRS	0.00438	5.55545633513568	Q5 - highly expressed
FBRSL1	0.01158	0.232176042503495	Q2
FBXL12	0.04	0.275147402325852	Q2
FBXL16	0.09091	0.0396229284664047	Q1 - lowly expressed
FBXL17	0.03846	0.00883488638462939	Q1 - lowly expressed
FBXL3	0.03636	0.283712184256899	Q2
FBXL4	0.0241	0.143619047248984	Q1 - lowly expressed
FBXL5	0.05224	0.390829951857742	Q2
FBXL6	0.00851	4.55067276974883	Q5 - highly expressed
FBXO10	0.01198	0.153326407617154	Q1 - lowly expressed
FBXO11	0.00143	0.545321634293295	Q2
FBXO16	0.01235	0.423707304064786	Q2
FBXO22	0.00191	1.15028285971409	Q3
FBXO3	0.00833	0.479983496505887	Q2
FBXO31	0.0082	0.198199845650975	Q1 - lowly expressed
FBXO32	0.02381	0.0693515191697767	Q1 - lowly expressed
FBXO34	0.11111	0.00660251594438822	Q1 - lowly expressed
FBXO38	0.00899	0.870806276684441	Q3
FBXO4	0.0219	0.832049306701672	Q3
FBXO41	0.08955	0.478316052759427	Q2
FBXO42	0.00957	0.23476435109742	Q2
FBXO43	0.27273	0.103508678141614	Q1 - lowly expressed
FBXO7	0.00292	4.6598825439523	Q5 - highly expressed
FBXO9	0.00499	1.01419955257608	Q3
FBXW11	0.0281	0.303682392615492	Q2
FBXW2	0.00417	0.629415087278412	Q3
FBXW4	0.00719	0.462526676856172	Q2
FBXW5	0.00936	8.38966542122238	Q5 - highly expressed
FBXW7	0.002	0.282715842795525	Q2
FBXW8	0.01333	0.0706288686456368	Q1 - lowly expressed
FCER2	0.00283	41.4406013442627	Q5 - highly expressed
FCGR2C	1	0.668801078331122	Q3
FCHSD1	0.00804	2.16035519841267	Q4
FCHSD2	0.00269	0.418643383134019	Q2
FCMR	0.00387	5.66864033314188	Q5 - highly expressed
FCRL5	0.04	1.06781182259015	Q3
FCRLA	0.00103	8.80037103993318	Q5 - highly expressed
FCSK	0.01286	0.639564749031183	Q3
FDFT1	0.00268	6.89874138009712	Q5 - highly expressed
FDPS	0.00199	58.3368280428725	Q5 - highly expressed
FDXR	0.00111	8.09640065403574	Q5 - highly expressed
FECH	0.00263	0.541727443447241	Q2
FER	0.01835	0.0216394774274332	Q1 - lowly expressed
FEZ1	0.00363	0.244067563435144	Q2
FEZ2	0.00855	0.083039192952288	Q1 - lowly expressed
FGD2	0.03219	2.61331466927814	Q4
FGD3	0.00236	0.45980978125937	Q2
FGF11	0.06742	1.66783999576222	Q4
FGFR1OP2	0.00147	1.47917888903211	Q3
FGGY	0.02415	0.0280142645439514	Q1 - lowly expressed
FGR	0.01334	4.91127507645828	Q5 - highly expressed
FH	0.00056	8.73577811787995	Q5 - highly expressed
FHIP1B	0.02703	0.54393420455029	Q2
FHIP2B	0.0384	1.22952500276574	Q3
FHIT	0.008	0.00405381593186031	Q1 - lowly expressed
FHL3	0.01471	1.09863148736377	Q3
FHOD1	0.01229	3.9969763229418	Q4
FIBP	0.00626	27.6043985877245	Q5 - highly expressed
FKBP14	0.36	0.211292325533185	Q1 - lowly expressed
FKBP15	0.00185	1.81272176133522	Q4
FKBP1A	0.00185	7.66668782959307	Q5 - highly expressed
FKBP3	0.00104	8.61878592459709	Q5 - highly expressed
FKBP4	0.00047	21.0793334226496	Q5 - highly expressed
FKBP5	0.00233	0.523034843874437	Q2
FKBP7	0.18605	0.175166460107959	Q1 - lowly expressed
FKBP8	5e-04	21.4993338868777	Q5 - highly expressed
FKTN	0.05224	0.053719518853711	Q1 - lowly expressed
FLAD1	0.00203	2.92697887775678	Q4
FLCN	0.01299	0.814213448727078	Q3
FLI1	0.0024	0.328322070624584	Q2
FLII	0.00044	16.7252673950148	Q5 - highly expressed
FLOT1	0.00206	15.1783718527074	Q5 - highly expressed
FLOT2	0.00891	3.9689047265468	Q4
FLT1	0.00641	0.0900844490536426	Q1 - lowly expressed
FLVCR1	0.048	0.393446392930709	Q2
FLVCR2	0.00909	0.0724862152598564	Q1 - lowly expressed
FLYWCH2	0.01695	0.49072973031324	Q2
FMC1	0.04762	0.531566893694129	Q2
FMNL1	0.0175	7.23554230878895	Q5 - highly expressed
FMNL2	0.0463	0.0375182047776987	Q1 - lowly expressed
FMNL3	0.00495	2.43678356129957	Q4
FNBP1	0.00288	3.52096173420804	Q4
FNBP4	0.05769	1.57354568510296	Q4
FNDC3A	0.00536	0.30737251016826	Q2
FNTA	0.01302	1.54621839083694	Q4
FOCAD	0.005	0.521706640670461	Q2
FOXJ2	0.0049	0.37975121432043	Q2
FOXK2	0.00667	0.2505607116	Q2
FOXM1	0.01028	1.5615059406841	Q4
FOXN3	0.02247	0.0265879472037004	Q1 - lowly expressed
FOXP4	0.00612	0.912488395041759	Q3
FOXRED1	0.00629	5.44847648876836	Q5 - highly expressed
FPGS	0.01104	4.84847408626911	Q5 - highly expressed
FRA10AC1	0.01832	1.4526137578619	Q3
FRG1	0.00469	4.48904761441683	Q5 - highly expressed
FRK	0.03333	0.0202439868370245	Q1 - lowly expressed
FRMD4A	0.0149	0.042752819910516	Q1 - lowly expressed
FRRS1	0.01515	0.171914940392936	Q1 - lowly expressed
FRYL	0.00336	0.331519726535333	Q2
FSCN1	0.00044	13.6618597349173	Q5 - highly expressed
FSD1L	0.0123	0.157933080046577	Q1 - lowly expressed
FTH1	0.00382	205.129834542985	Q5 - highly expressed
FTL	0.00072	1042.61929755647	Q5 - highly expressed
FTSJ3	0.00131	12.4109857409997	Q5 - highly expressed
FUBP1	0.00429	11.080891492502	Q5 - highly expressed
FUBP3	0.01219	1.27071513946118	Q3
FUCA1	0.00446	1.28244831036808	Q3
FUCA2	0.00612	1.61718336322991	Q4
FUOM	0.00306	6.1219601319705	Q5 - highly expressed
FUS	0.00012	57.4802913254031	Q5 - highly expressed
FUT11	0.08861	1.18036392162559	Q3
FUT8	0.00973	0.13200619873177	Q1 - lowly expressed
FUZ	0.00541	1.421869708805	Q3
FXR1	0.00043	2.42964679946797	Q4
FXR2	0.0067	2.30157609922378	Q4
FXYD2	0.05814	0.370918251945879	Q2
FYCO1	0.0125	0.117597789978226	Q1 - lowly expressed
FYTTD1	0.01422	1.1410162264641	Q3
FZR1	0.00311	1.11855203797759	Q3
G2E3	0.01553	0.321302120407323	Q2
G6PC3	0.01119	2.00973753979806	Q4
GABBR1	0.04651	0.0820307428025159	Q1 - lowly expressed
GABPA	0.00529	0.628629061612449	Q3
GABPB1	0.00199	0.46137748688451	Q2
GABPB2	0.04825	0.146712477931469	Q1 - lowly expressed
GAK	0.00892	1.2427537559282	Q3
GALE	0.00162	10.3732320486447	Q5 - highly expressed
GALK2	0.0118	0.169823724323181	Q1 - lowly expressed
GALM	0.01111	0.0970950381176815	Q1 - lowly expressed
GALNS	0.01754	0.161363356803796	Q1 - lowly expressed
GALNT1	0.00295	0.472277093701219	Q2
GALNT10	0.00743	0.156259274288989	Q1 - lowly expressed
GALNT11	0.00667	0.138168566090043	Q1 - lowly expressed
GALNT18	0.0087	0.0388337780253578	Q1 - lowly expressed
GALNT2	0.00095	0.433743472615002	Q2
GALNT6	0.0045	0.306519085839558	Q2
GALNT7	0.00283	0.149115072244499	Q1 - lowly expressed
GALT	0.02016	1.29303520410344	Q3
GANAB	0.00072	14.2851793593358	Q5 - highly expressed
GANC	0.00775	0.45715665030789	Q2
GAPDH	5e-05	3265.82064228623	Q5 - highly expressed
GAPVD1	0.00304	0.474705811088305	Q2
GARNL3	0.04545	0.0341234423091184	Q1 - lowly expressed
GARS1	0.0028	7.58586598610376	Q5 - highly expressed
GART	0.00173	5.0538718484794	Q5 - highly expressed
GAS2	0.0102	0.0544610921017304	Q1 - lowly expressed
GAS7	0.001	0.144856184855477	Q1 - lowly expressed
GAS8	0.02094	0.358623030252401	Q2
GATAD1	0.05298	0.682353989242528	Q3
GATAD2A	0.00463	0.494114078872904	Q2
GATAD2B	0.00307	0.142115369482653	Q1 - lowly expressed
GATB	0.00587	0.41335622063313	Q2
GATD3	0.00588	0.64295400945735	Q3
GATM	0.00046	3.37703118568341	Q4
GBA1	0.00483	2.56386314191883	Q4
GBA2	0.01961	3.06317445749736	Q4
GBE1	0.00419	1.08684957902509	Q3
GBF1	0.00095	1.243730871934	Q3
GBP2	0.00741	1.80503802761404	Q4
GBP3	0.04	0.366004350482172	Q2
GCA	0.00179	0.865665044986608	Q3
GCAT	0.00578	1.80170784691519	Q4
GCC2	0.00464	0.688406568649302	Q3
GCDH	0.00426	2.38426977990253	Q4
GCFC2	0.0073	0.678249401689332	Q3
GCH1	0.0198	0.295578716553125	Q2
GCLM	0.00671	0.494012036591914	Q2
GCN1	0.00192	4.57873296378419	Q5 - highly expressed
GCNT2	0.08333	0.0107982487882547	Q1 - lowly expressed
GCSAM	0.01021	7.28328253378962	Q5 - highly expressed
GDAP2	0.0125	0.213403150127209	Q2
GDI2	0.00021	5.559814993803	Q5 - highly expressed
GDPD3	0.03125	0.252740757830488	Q2
GDPD5	0.01575	0.113965846047394	Q1 - lowly expressed
GEMIN2	0.00171	1.5280564882126	Q4
GEMIN5	0.00216	1.23871470949939	Q3
GEMIN7	0.01449	0.945532903447334	Q3
GEN1	0.0283	0.628987968235787	Q3
GET3	0.00132	7.27613047518535	Q5 - highly expressed
GFM2	0.0068	1.47969780728329	Q3
GFOD1	0.18182	0.00427815943296367	Q1 - lowly expressed
GFPT1	0.00087	2.53615083385203	Q4
GGA1	0.00735	2.51397611927729	Q4
GGA2	0.00441	3.0251383610292	Q4
GGA3	0.00481	2.06529553591643	Q4
GGCT	0.08174	4.57662746851804	Q5 - highly expressed
GGCX	0.0125	0.510500403061671	Q2
GGNBP2	0.03037	1.86355926081834	Q4
GGT1	0.00382	0.53304366461395	Q2
GGT7	0.00694	0.215883465709849	Q2
GHDC	0.00342	3.00958863966689	Q4
GID8	0.00318	3.67397961683744	Q4
GIGYF1	0.0047	2.31549816145572	Q4
GIN1	0.0098	0.148165493421135	Q1 - lowly expressed
GINM1	0.00311	2.08691821122584	Q4
GINS4	0.00126	1.39429237460286	Q3
GIPR	0.05882	0.346702588221477	Q2
GIT2	0.00647	1.0921018859131	Q3
GK5	0.06504	0.154374619901585	Q1 - lowly expressed
GKAP1	0.04762	0.0708793636070348	Q1 - lowly expressed
GLB1	0.00206	0.515254759241059	Q2
GLCCI1	0.13043	0.258593339731876	Q2
GLCE	0.28571	0.00634688846012898	Q1 - lowly expressed
GLDC	0.00157	0.939167543048196	Q3
GLE1	0.00467	2.17312746684193	Q4
GLMN	0.01293	0.690664994033381	Q3
GLMP	0.03252	2.71333118764711	Q4
GLO1	0.00052	4.24007923408575	Q4
GLRX	0.00251	0.686196385386774	Q3
GLRX3	0.00279	4.04413871846107	Q4
GLRX5	0.00508	1.04633194825231	Q3
GLS	0.00672	2.99762708251275	Q4
GLT1D1	0.02206	0.100449049914692	Q1 - lowly expressed
GLT8D1	0.01047	3.82565353133546	Q4
GLTP	0.01508	0.489904595108388	Q2
GLUD1	0.00074	4.06776514630592	Q4
GLYR1	0.02249	2.49218060345523	Q4
GM2A	0.01273	0.906448671871444	Q3
GMCL1	0.00704	0.483679659040267	Q2
GMDS	0.00325	0.0724364905393919	Q1 - lowly expressed
GMEB2	0.00766	0.334912594103738	Q2
GMIP	0.00213	5.28762887842995	Q5 - highly expressed
GMNN	0.0011	4.88057483137577	Q5 - highly expressed
GMPPA	0.00577	5.4318250218458	Q5 - highly expressed
GMPPB	0.00324	6.77545320172151	Q5 - highly expressed
GMPR2	0.00332	10.5438234694881	Q5 - highly expressed
GMPS	0.00054	3.08110589282048	Q4
GNA12	0.01205	0.0848413695787186	Q1 - lowly expressed
GNA13	0.00993	0.264311345212954	Q2
GNB1	2e-04	4.14929476381565	Q4
GNB5	0.00209	0.2895765951043	Q2
GNG5	0.00126	17.4557544123929	Q5 - highly expressed
GNG7	0.00709	0.175672120453712	Q1 - lowly expressed
GNGT2	0.07692	2.2020568558783	Q4
GNL1	0.00207	4.67494728189861	Q5 - highly expressed
GNL2	0.00036	4.76205042022276	Q5 - highly expressed
GNL3	0.00298	26.7514321453687	Q5 - highly expressed
GNPAT	0.00468	3.32346312108023	Q4
GNPDA2	0.00719	0.390830642712698	Q2
GNPNAT1	0.00402	1.07494117696647	Q3
GNPTAB	0.00208	0.571815148677865	Q2
GNPTG	0.0027	1.98869032610905	Q4
GOLGA1	0.00477	0.423564626226641	Q2
GOLGA3	0.00214	0.766912934955278	Q3
GOLGA4	0.00329	0.48047268113975	Q2
GOLGA6L4	0.5	0.0245182069515754	Q1 - lowly expressed
GOLGA6L9	0.2037	0.581735816066825	Q2
GOLGA8A	0.01684	2.33502321036882	Q4
GOLGA8B	0.03524	2.18754638373366	Q4
GOLGB1	0.01815	0.818681071056318	Q3
GOLIM4	0.00743	0.448591520990384	Q2
GOLM2	0.00102	0.364490076474897	Q2
GOLPH3	0.00522	0.463161041025348	Q2
GOLPH3L	0.01786	0.32219677823764	Q2
GOLT1B	0.04027	0.885366158549988	Q3
GON4L	0.00815	0.460639134132564	Q2
GOPC	0.00287	0.478501185337021	Q2
GORAB	0.2439	0.276956022487424	Q2
GORASP1	0.02564	0.66521511407676	Q3
GORASP2	0.00513	3.37156888846736	Q4
GOSR1	0.00394	0.967516050836994	Q3
GOSR2	0.00187	0.594633302025005	Q2
GOT1	0.00107	1.95558993240163	Q4
GOT2	0.00102	4.79801448278678	Q5 - highly expressed
GPAA1	0.00107	6.49707901937312	Q5 - highly expressed
GPALPP1	0.00662	0.6203061963978	Q3
GPAT4	0.00916	1.67852312671119	Q4
GPATCH1	0.00476	0.362757822378242	Q2
GPATCH2	0.01695	0.0279435246017946	Q1 - lowly expressed
GPATCH2L	0.01266	0.28448263741465	Q2
GPATCH8	0.02789	0.108507415022288	Q1 - lowly expressed
GPBP1	0.00165	1.18194641541757	Q3
GPBP1L1	0.01855	1.8186703066855	Q4
GPC2	0.05405	0.114438622101524	Q1 - lowly expressed
GPC5	0.25	0.00142269755744631	Q1 - lowly expressed
GPCPD1	0.01058	1.4094377882699	Q3
GPHN	0.00256	0.163777591419147	Q1 - lowly expressed
GPI	0.00129	41.8538862596993	Q5 - highly expressed
GPN1	0.00082	3.97066634458485	Q4
GPR107	0.00357	0.3076139830979	Q2
GPR108	0.00081	9.73158189338468	Q5 - highly expressed
GPR132	0.16327	0.332250302624975	Q2
GPR135	1	0.00863623795138297	Q1 - lowly expressed
GPR137	0.03093	0.63956739337525	Q3
GPR137B	0.04626	0.387533944253904	Q2
GPR146	0.46429	0.0210877013889371	Q1 - lowly expressed
GPR157	0.02083	0.0899794168042991	Q1 - lowly expressed
GPR15LG	0.03321	0.209239723927766	Q1 - lowly expressed
GPR160	0.05564	0.303134187482755	Q2
GPR180	0.01887	0.451216872976498	Q2
GPR19	0.09524	0.0392107232975604	Q1 - lowly expressed
GPR55	0.5	0.0345982834453181	Q1 - lowly expressed
GPR68	0.5	0.00783248152290662	Q1 - lowly expressed
GPR89A	0.02394	0.405924867833059	Q2
GPR89B	0.03673	0.448433961462917	Q2
GPS1	0.00045	18.4315613329616	Q5 - highly expressed
GPS2	0.00093	16.3770692224791	Q5 - highly expressed
GPSM3	0.0401	14.2708345630351	Q5 - highly expressed
GRAMD1A	0.00518	4.42544697879762	Q5 - highly expressed
GRAMD2B	0.00142	0.191767569193533	Q1 - lowly expressed
GRAMD4	0.00298	0.142902602123653	Q1 - lowly expressed
GRAP	0.0101	0.821206201876571	Q3
GRB2	0.0014	1.90942242305497	Q4
GRHPR	0.00325	16.0686840759781	Q5 - highly expressed
GRIK4	0.03774	0.00442277614354121	Q1 - lowly expressed
GRK2	0.00165	20.0728630556155	Q5 - highly expressed
GRK3	0.01041	0.57022074077273	Q2
GRK5	0.00419	0.214763975636025	Q2
GRK6	0.00467	3.37356592385206	Q4
GRN	5e-04	37.6830909630345	Q5 - highly expressed
GRSF1	0.00296	6.10611002799275	Q5 - highly expressed
GSAP	0.01655	0.266737789319263	Q2
GSDMB	0.0375	0.676539490463833	Q3
GSDMD	0.00161	5.28596635523473	Q5 - highly expressed
GSDME	8e-04	2.10822993483347	Q4
GSE1	0.00379	0.0385134269126848	Q1 - lowly expressed
GSK3A	0.00403	5.35987433252953	Q5 - highly expressed
GSN	0.00282	0.251016844412444	Q2
GSPT1	0.00045	4.22461247500367	Q4
GSS	0.00223	3.0699222791594	Q4
GSTK1	0.00082	4.42004943831548	Q5 - highly expressed
GSTM2	0.01644	1.08777099092634	Q3
GSTM4	0.01333	2.02790356933566	Q4
GSTO1	0.0015	4.14817287667486	Q4
GSTP1	0.00058	269.738732876983	Q5 - highly expressed
GTDC1	0.02828	0.0374665464152791	Q1 - lowly expressed
GTF2A1	0.00448	0.431360313945266	Q2
GTF2B	0.00509	1.11028907427097	Q3
GTF2E2	0.00283	0.885197613054358	Q3
GTF2F1	0.00152	9.14051247744597	Q5 - highly expressed
GTF2F2	0.00337	0.263503753958388	Q2
GTF2H1	0.00404	1.61339882859932	Q4
GTF2H2	0.02174	1.81473767234022	Q4
GTF2H2C	0.00138	1.42646688684722	Q3
GTF2H3	0.00537	1.52122835475641	Q4
GTF2H4	0.00424	8.12816590281008	Q5 - highly expressed
GTF2I	0.00264	2.4234846587945	Q4
GTF2IRD2B	0.01053	0.120292163048591	Q1 - lowly expressed
GTF3A	0.00856	22.2017219955682	Q5 - highly expressed
GTF3C2	0.00182	3.67283887534081	Q4
GTF3C3	0.00209	2.37817311148453	Q4
GTF3C4	0.00575	0.392478916803507	Q2
GTF3C6	0.0023	10.112102200951	Q5 - highly expressed
GTPBP1	0.01912	2.29716556143537	Q4
GTPBP10	0.00431	0.411069479469528	Q2
GTPBP2	0.00623	1.83255149374201	Q4
GTPBP4	0.00088	5.74430292259947	Q5 - highly expressed
GTPBP8	0.00629	0.434873442273115	Q2
GUCD1	0.00554	1.75229648704454	Q4
GUCY1B1	0.00177	0.775712929581769	Q3
GUF1	0.02128	2.09831968318701	Q4
GUK1	0.0041	19.0621328565755	Q5 - highly expressed
GUSB	0.04509	2.87081936180166	Q4
GYPC	0.00253	1.37792170581644	Q3
GYPE	0.3	0.0257359096787979	Q1 - lowly expressed
GYS1	0.00138	4.39647201104308	Q5 - highly expressed
GZF1	0.07895	0.376340226960199	Q2
H2AC6	0.75728	0.270543819054916	Q2
H2AX	1	1.29073242236478	Q3
H2AZ1	0.00342	243.779041314622	Q5 - highly expressed
H2AZ2	0.00078	5.63228094353944	Q5 - highly expressed
H2BC11	0.25	0.319912806105353	Q2
H2BC15	0.28571	0.0235151827173737	Q1 - lowly expressed
H2BC5	0.10526	0.153564055667701	Q1 - lowly expressed
H3C6	0.4	0.087526426333412	Q1 - lowly expressed
H4C14	1	0.188560687764267	Q1 - lowly expressed
H4C15	1	0.0922441348168126	Q1 - lowly expressed
H4C16	0.81818	0.193355416939203	Q1 - lowly expressed
H4C8	1	0.144428570961154	Q1 - lowly expressed
HAAO	0.03183	0.982300997082018	Q3
HACD2	0.0027	0.127040827725478	Q1 - lowly expressed
HACD4	0.11881	0.493517966961073	Q2
HACE1	0.01587	0.123148473814471	Q1 - lowly expressed
HACL1	0.00235	1.34948432716775	Q3
HADH	0.00386	1.95620995848749	Q4
HADHA	0.00082	10.1871440717125	Q5 - highly expressed
HADHB	0.00211	4.19495781649473	Q4
HARS1	0.00294	8.30287525141478	Q5 - highly expressed
HAT1	0.00455	2.18119355439657	Q4
HAUS1	0.00557	3.57807544647138	Q4
HAUS2	0.01246	1.00815876873542	Q3
HAUS4	0.00154	10.1018893593599	Q5 - highly expressed
HAUS5	0.00422	2.67423101564937	Q4
HAUS8	0.00172	1.40064147164973	Q3
HBP1	0.00204	0.623253875208737	Q3
HBS1L	0.00188	0.822967524760251	Q3
HCFC2	0.02597	0.374648514533372	Q2
HCG22	0.60714	0.201902448456706	Q1 - lowly expressed
HCK	0.00247	0.798952119673011	Q3
HCLS1	0.00066	17.1252123035026	Q5 - highly expressed
HDAC1	0.00241	8.95483186632122	Q5 - highly expressed
HDAC10	0.00744	6.74231386679244	Q5 - highly expressed
HDAC2	0.00032	2.75944465493544	Q4
HDAC3	0.00458	11.3038109940332	Q5 - highly expressed
HDAC5	0.00299	1.8236278251843	Q4
HDAC7	0.00367	0.750050501268435	Q3
HDAC9	0.01064	0.0176725059740432	Q1 - lowly expressed
HDDC2	0.08737	0.906537406609976	Q3
HDGF	0.01339	6.56406091061433	Q5 - highly expressed
HDGFL2	0.00179	3.84553426192948	Q4
HDGFL3	0.00737	0.251537573249812	Q2
HDHD2	0.01587	0.412237989407942	Q2
HDHD5	0.03543	1.54165343528678	Q4
HDLBP	0.00075	9.16758828113817	Q5 - highly expressed
HEATR1	0.00083	3.50251761061518	Q4
HEATR3	0.0104	0.774057012343823	Q3
HEATR5B	0.01036	0.396449587530411	Q2
HEATR6	0.00308	0.424710069131836	Q2
HECTD1	0.00205	1.0084301633038	Q3
HECTD4	0.02469	0.258658167172197	Q2
HECW2	0.01333	0.0609812354061478	Q1 - lowly expressed
HELLS	0.0011	1.37723186516856	Q3
HELQ	0.05447	0.245411101856043	Q2
HELZ	0.00113	0.174443281913424	Q1 - lowly expressed
HEMK1	0.0298	0.894252109036955	Q3
HERC1	0.01151	0.676087965143814	Q3
HERC2	0.00375	0.458425870236626	Q2
HERC3	0.00391	0.0788836713611359	Q1 - lowly expressed
HERC4	0.00893	0.553176736012974	Q2
HERC5	0.00241	2.8284175853624	Q4
HERC6	0.00698	0.405355760082316	Q2
HERPUD1	0.00074	18.2651368736441	Q5 - highly expressed
HERPUD2	0.0045	0.320141393795271	Q2
HES7	0.28571	0.33206694993708	Q2
HEXA	0.01328	3.47035777321542	Q4
HEXB	0.00157	0.978920559913569	Q3
HEXD	0.04701	0.627258794166288	Q3
HGS	0.00058	4.69385703688818	Q5 - highly expressed
HGSNAT	0.00602	0.256448223657168	Q2
HIBCH	0.00425	0.437416112441145	Q2
HIF1A	0.00297	1.71501076342788	Q4
HIF1AN	0.00314	0.771891257731999	Q3
HIKESHI	0.02963	1.08020398324795	Q3
HILPDA	0.01802	4.75986253373009	Q5 - highly expressed
HINFP	0.03704	1.21749908758421	Q3
HINT1	0.01456	2.53028933960992	Q4
HINT2	0.02544	15.1372619261349	Q5 - highly expressed
HINT3	0.0101	0.302192091408945	Q2
HIPK1	0.00316	0.404257177313321	Q2
HIPK2	0.00358	0.134656651063557	Q1 - lowly expressed
HIPK3	0.00251	0.290732854885343	Q2
HIRA	0.02039	0.66139720574819	Q3
HIVEP3	0.16176	0.0119700980609526	Q1 - lowly expressed
HJURP	0.00366	1.32868152849905	Q3
HK2	0.00115	1.93822574550948	Q4
HLA-A	0.00752	44.5148389304809	Q5 - highly expressed
HLA-B	7e-04	119.273557789166	Q5 - highly expressed
HLA-C	0.00319	112.006262502133	Q5 - highly expressed
HLA-DMA	0.00292	7.26944639840812	Q5 - highly expressed
HLA-DMB	0.00516	12.7820646577844	Q5 - highly expressed
HLA-DOA	0.01531	3.07338799910091	Q4
HLA-DPA1	0.00092	20.967222909942	Q5 - highly expressed
HLA-DPB1	0.00395	8.39854168418113	Q5 - highly expressed
HLA-DRA	0.00089	347.882957891566	Q5 - highly expressed
HLA-DRB1	0.02794	107.962661777466	Q5 - highly expressed
HLA-DRB5	0.11118	15.9463012523655	Q5 - highly expressed
HLA-E	0.00089	167.364106725208	Q5 - highly expressed
HLA-F	0.02438	15.1035223508862	Q5 - highly expressed
HLCS	0.00893	0.0242066442496369	Q1 - lowly expressed
HLTF	0.00114	1.33757458337886	Q3
HM13	0.01347	2.53683654174825	Q4
HMBOX1	0.05652	0.0507087612325824	Q1 - lowly expressed
HMG20B	0.00128	9.62866576405408	Q5 - highly expressed
HMGA1	0.00085	37.6824746059452	Q5 - highly expressed
HMGB2	0.00118	165.426607876698	Q5 - highly expressed
HMGCL	0.00317	1.55580075007746	Q4
HMGCR	0.00058	5.81332769329567	Q5 - highly expressed
HMGCS1	0.00536	5.02528715758255	Q5 - highly expressed
HMGN1	0.01984	31.8930514364821	Q5 - highly expressed
HMGN2	0.00181	162.701737071362	Q5 - highly expressed
HMGN3	0.00034	7.86244015420759	Q5 - highly expressed
HMGN4	0.0367	0.978746603070625	Q3
HMGXB3	0.00576	1.00075869931834	Q3
HMGXB4	0.00437	0.415387820658828	Q2
HMSD	0.00515	0.497113529354707	Q2
HNF1B	0.01173	0.751571145083259	Q3
HNF4G	0.06667	0.0143551195150438	Q1 - lowly expressed
HNRNPA1	6e-05	505.090486269536	Q5 - highly expressed
HNRNPA2B1	0.00622	71.5302025580419	Q5 - highly expressed
HNRNPA3	2e-04	86.3106454419367	Q5 - highly expressed
HNRNPAB	0.00036	41.7040854291273	Q5 - highly expressed
HNRNPD	0.00016	26.2987427026932	Q5 - highly expressed
HNRNPDL	0.01091	42.6912684597756	Q5 - highly expressed
HNRNPH1	0.00144	25.3631849024252	Q5 - highly expressed
HNRNPH3	0.00871	21.4036658972441	Q5 - highly expressed
HNRNPK	0.00069	144.951930161485	Q5 - highly expressed
HNRNPL	0.00313	43.8833759810766	Q5 - highly expressed
HNRNPLL	0.00516	0.79501378741717	Q3
HNRNPM	0.00046	16.2576375455426	Q5 - highly expressed
HNRNPR	0.00089	5.04544661982314	Q5 - highly expressed
HNRNPU	0.00393	36.3240947691982	Q5 - highly expressed
HNRNPUL1	0.00029	7.61389747033073	Q5 - highly expressed
HNRNPUL2	0.00297	26.1571965103079	Q5 - highly expressed
HOMEZ	0.10256	0.102275219772326	Q1 - lowly expressed
HOOK1	0.00322	0.361563485076428	Q2
HOOK2	0.00074	1.32254005506183	Q3
HOXB2	0.18182	0.111788536257215	Q1 - lowly expressed
HP1BP3	0.00778	2.97316893107864	Q4
HPF1	0.00844	1.24093049303782	Q3
HPS1	0.02377	2.25823333736467	Q4
HPS3	0.01938	1.06903746284493	Q3
HPS4	0.02326	0.708083061528927	Q3
HPS5	0.00193	1.24510111218846	Q3
HROB	0.05202	0.552759107913833	Q2
HSCB	0.0393	1.6099262437288	Q4
HSD17B11	0.00478	0.40667305218956	Q2
HSD17B12	0.00159	0.372656366118104	Q2
HSD17B4	0.00065	1.08237255485105	Q3
HSD17B7	0.0504	1.61248671985862	Q4
HSD17B8	0.00247	16.9476206552622	Q5 - highly expressed
HSDL1	0.04167	0.148872520771871	Q1 - lowly expressed
HSDL2	0.00485	0.704805869021017	Q3
HSF1	0.00362	4.50174892568027	Q5 - highly expressed
HSF4	0.00826	1.913715788436	Q4
HSH2D	0.05785	1.71938375854842	Q4
HSP90AA1	0.00016	18.7350656843765	Q5 - highly expressed
HSP90AB1	6e-05	310.421047433885	Q5 - highly expressed
HSP90B1	0.00097	75.2835813643143	Q5 - highly expressed
HSPA12A	0.07143	0.00337771241547398	Q1 - lowly expressed
HSPA14	0.00354	1.68804795026476	Q4
HSPA4	0.00478	6.44432959243729	Q5 - highly expressed
HSPA8	0.00021	312.763200099397	Q5 - highly expressed
HSPA9	0.00187	37.0855018673694	Q5 - highly expressed
HSPB11	0.00072	3.90010778678289	Q4
HSPBAP1	0.02532	0.0843170107183847	Q1 - lowly expressed
HSPD1	0.00043	47.5670916937684	Q5 - highly expressed
HSPE1	0.02859	89.5496278928152	Q5 - highly expressed
HSPH1	0.00044	10.3293851051776	Q5 - highly expressed
HTRA2	0.00346	20.1774633432496	Q5 - highly expressed
HTT	0.00305	2.16344352205482	Q4
HVCN1	0.00303	1.52783142210464	Q4
HYKK	0.08333	0.0201834098674816	Q1 - lowly expressed
HYOU1	0.00119	29.2917063343297	Q5 - highly expressed
IAH1	0.00117	2.21965303821917	Q4
IARS1	0.00408	5.83572169358921	Q5 - highly expressed
IBTK	0.01113	1.27667697816902	Q3
ICA1	0.064	0.0288822362394723	Q1 - lowly expressed
ICAM1	0.0011	3.35340700167763	Q4
ICAM2	0.00198	1.6227117604383	Q4
ICAM3	0.00653	24.6401708666138	Q5 - highly expressed
ICE1	0.00685	0.406475724416282	Q2
ICE2	0.02804	0.591437343095216	Q2
ICMT	0.12871	0.964558081596416	Q3
IDH2	0.00085	16.9858211506342	Q5 - highly expressed
IDH3B	0.0089	25.6599320046811	Q5 - highly expressed
IDI1	0.00255	8.62270580627144	Q5 - highly expressed
IFFO1	0.00546	0.727453925191773	Q3
IFFO2	0.01053	0.293275317533238	Q2
IFI16	0.00351	5.27606888856035	Q5 - highly expressed
IFI27L1	0.00746	0.594080600597245	Q2
IFI30	0.00019	143.638790275811	Q5 - highly expressed
IFI35	0.01163	13.6711565477051	Q5 - highly expressed
IFI44	0.02478	10.9646620743113	Q5 - highly expressed
IFI44L	0.014	6.69425212341709	Q5 - highly expressed
IFI6	0.00043	13.2769698242204	Q5 - highly expressed
IFIH1	0.00142	3.47700927834424	Q4
IFIT3	0.00532	0.240602008893402	Q2
IFITM2	0.05195	1.7011018366865	Q4
IFITM3	0.07826	0.787708995852485	Q3
IFNAR1	0.00288	1.44563077973559	Q3
IFNAR2	0.01311	1.19647591939013	Q3
IFNGR2	0.00178	1.02443813164419	Q3
IFRD1	0.00679	0.727947729059745	Q3
IFRD2	0.00489	12.3525370574758	Q5 - highly expressed
IFT140	0.0125	0.0906331686493715	Q1 - lowly expressed
IFT172	0.00303	0.669966720539986	Q3
IFT27	0.00508	0.981609489375185	Q3
IFT52	0.00742	0.607569253044202	Q3
IFT57	0.00277	0.584157951801075	Q2
IFT80	0.00906	0.206717601015987	Q1 - lowly expressed
IFT81	0.00538	0.197355395457949	Q1 - lowly expressed
IFT88	0.00862	0.134670324338781	Q1 - lowly expressed
IGF2BP3	0.00205	0.20806021460498	Q1 - lowly expressed
IGF2R	0.00074	1.30226662965251	Q3
IGFLR1	0.06494	3.46278074169171	Q4
IGHMBP2	0.01132	0.359013215029377	Q2
IKBKB	0.02047	1.3209155020947	Q3
IKBKE	0.00955	1.24048466193037	Q3
IKZF1	0.01463	0.203749967224352	Q1 - lowly expressed
IKZF2	0.04645	0.124158800152314	Q1 - lowly expressed
IKZF5	0.01389	0.273368861927122	Q2
IL10	0.04687	1.1715351722888	Q3
IL10RA	0.05789	0.575230749331332	Q2
IL12RB1	0.03349	0.529155997151137	Q2
IL15	0.00413	0.144509898679338	Q1 - lowly expressed
IL15RA	0.01365	0.398979449429691	Q2
IL16	0.02403	0.564156422415797	Q2
IL17RA	0.00826	0.359180346716054	Q2
IL17RB	0.02341	1.70967377038691	Q4
IL18BP	0.01266	0.756648304263183	Q3
IL18R1	0.06186	0.140590998486263	Q1 - lowly expressed
IL19	0.29412	0.0327206606383405	Q1 - lowly expressed
IL21R	0.01434	1.43352077742365	Q3
IL23A	0.06186	0.636128551983872	Q3
IL27RA	0.00291	1.89074276846195	Q4
IL2RB	0.00209	1.41590758070684	Q3
IL4I1	0.00115	3.30501945767793	Q4
IL4R	0.01724	0.382727517260274	Q2
IL6ST	0.01155	0.31241726242979	Q2
IL7	0.02041	0.0398010686247863	Q1 - lowly expressed
ILDR1	0.05085	0.227646344356295	Q2
ILF2	0.00025	54.8274668100246	Q5 - highly expressed
ILF3	0.00417	10.5140026534017	Q5 - highly expressed
ILKAP	0.01271	1.70985431771052	Q4
ILRUN	0.01966	0.51906950767421	Q2
ILVBL	0.00173	3.24226653008714	Q4
IMMP1L	0.02899	0.168301790754237	Q1 - lowly expressed
IMMT	0.00411	4.02436874979534	Q4
IMP4	0.00057	19.6781627520878	Q5 - highly expressed
IMPA1	0.00369	1.13363402871821	Q3
IMPDH1	0.00229	3.98382950910196	Q4
IMPDH2	0.00041	145.902058395463	Q5 - highly expressed
INAFM2	0.99999	0.0311203514942978	Q1 - lowly expressed
INCENP	0.01474	2.51320608268039	Q4
INF2	0.00268	1.01073833316801	Q3
ING4	0.00318	1.75192940233091	Q4
ING5	0.08407	0.462943419353734	Q2
INO80	0.00232	0.386425092682526	Q2
INO80B	0.00484	6.70869917762465	Q5 - highly expressed
INO80E	0.00539	4.2708179565225	Q4
INPP1	0.02198	0.390437725523629	Q2
INPP4A	0.01126	0.31291141964171	Q2
INPP5A	0.00741	0.090287878801047	Q1 - lowly expressed
INPP5B	0.01125	0.943383447200146	Q3
INPP5D	0.00163	1.62989194056236	Q4
INPP5E	0.00952	0.66940502013059	Q3
INPP5K	0.00173	1.24066412513698	Q3
INPPL1	0.00242	8.86693327373598	Q5 - highly expressed
INSIG1	0.00261	10.0044761048041	Q5 - highly expressed
INSIG2	0.02191	1.82117251010342	Q4
INSR	0.00185	0.155297337430147	Q1 - lowly expressed
INTS1	0.00076	4.08303919561022	Q4
INTS10	0.00962	1.5951625780918	Q4
INTS11	0.00155	9.56744131096422	Q5 - highly expressed
INTS12	0.0045	0.133780188264373	Q1 - lowly expressed
INTS13	0.00456	4.28174967541341	Q4
INTS14	0.00118	1.8030256192345	Q4
INTS15	0.00581	0.643850787595967	Q3
INTS3	0.00812	4.97126143736827	Q5 - highly expressed
INTS4	0.01092	0.537330966433416	Q2
INTS6	0.00449	0.7308314422462	Q3
INTS7	0.00258	0.812617680330745	Q3
INTS8	0.00438	1.90284063889714	Q4
INTS9	0.00267	0.464792031019319	Q2
INVS	0.04624	0.122886331925092	Q1 - lowly expressed
IP6K2	0.00251	0.708181868461177	Q3
IPCEF1	0.01222	0.111702356066995	Q1 - lowly expressed
IPO11	0.00139	0.263920772119716	Q2
IPO4	0.00128	20.8437346152871	Q5 - highly expressed
IPO5	0.00045	7.54354836173242	Q5 - highly expressed
IPO7	0.00096	1.91832257275273	Q4
IPO8	0.00225	1.07765574618992	Q3
IPO9	0.00598	2.3631706378596	Q4
IPP	0.02564	0.13865995077655	Q1 - lowly expressed
IQCB1	0.01251	1.36029024540245	Q3
IQGAP1	0.00046	2.92096638583393	Q4
IQGAP3	0.00546	0.458010428477743	Q2
IQSEC1	0.00248	0.100006529287524	Q1 - lowly expressed
IRAG2	0.00423	3.94697754189862	Q4
IRAK1BP1	0.02778	0.0195301749236895	Q1 - lowly expressed
IRAK4	0.03387	0.572378778120468	Q2
IREB2	0.00094	0.971166480045657	Q3
IRF1	0.00327	1.08087094131519	Q3
IRF2	0.00153	0.943520677133041	Q3
IRF2BP2	0.0241	2.34472160036214	Q4
IRF3	0.00427	9.78334478698385	Q5 - highly expressed
IRF4	0.00293	11.5244012192752	Q5 - highly expressed
IRF5	0.00091	8.98501016127848	Q5 - highly expressed
IRF7	0.0094	33.1586830796466	Q5 - highly expressed
IRF8	0.00038	5.1017235011427	Q5 - highly expressed
ISG20	0.00973	3.10669415889871	Q4
ISY1-RAB43	0.00178	1.40621389981815	Q3
ITCH	0.0024	0.468368648981075	Q2
ITFG1	0.00119	0.238110800628314	Q2
ITFG2	0.05753	0.411938234272437	Q2
ITGA4	0.00434	2.17860539590391	Q4
ITGAE	0.20561	0.136338374058036	Q1 - lowly expressed
ITGAL	0.00428	3.56789149536798	Q4
ITGAX	0.01027	0.373400973531849	Q2
ITGB1BP1	0.02212	3.18878380336348	Q4
ITGB2	0.00074	3.90385414494068	Q4
ITGB3BP	0.07107	0.429700258417184	Q2
ITGB7	0.00322	14.0552079359996	Q5 - highly expressed
ITIH4	0.02273	0.256551103539097	Q2
ITPA	0.01056	3.68209476951935	Q4
ITPK1	0.00616	0.282022854334144	Q2
ITPKB	0.00621	0.0777219863513998	Q1 - lowly expressed
ITPR1	0.00587	0.29986065623071	Q2
ITPR2	0.00319	0.280267279939356	Q2
ITPR3	0.00404	1.97035002486143	Q4
ITPRID2	0.01408	1.03828858179037	Q3
ITSN2	0.01585	0.802514042968309	Q3
IVD	0.01205	1.80385273899993	Q4
IVNS1ABP	0.00839	8.2050497601101	Q5 - highly expressed
IWS1	0.00797	1.09186030263835	Q3
IZUMO4	0.03503	9.85554745326133	Q5 - highly expressed
JADE2	0.01846	0.777881735134857	Q3
JAK1	0.00062	0.440174963918693	Q2
JAK2	0.00238	0.280271597300244	Q2
JAK3	0.01613	2.6473279301289	Q4
JAM2	0.01449	0.0688851006570608	Q1 - lowly expressed
JARID2	0.00688	0.0951146792076271	Q1 - lowly expressed
JCHAIN	2e-04	14.4402864515835	Q5 - highly expressed
JDP2	0.02479	0.161463635716081	Q1 - lowly expressed
JKAMP	0.0038	1.08054183499667	Q3
JMJD1C	0.008	0.202372234362241	Q1 - lowly expressed
JMJD4	0.02008	2.78171794160897	Q4
JMJD6	0.00287	2.20959153208538	Q4
JMJD7-PLA2G4B	0.04274	0.922232050994026	Q3
JMJD8	0.00877	6.38189858103803	Q5 - highly expressed
JMY	0.0122	0.0641038115692749	Q1 - lowly expressed
JTB	0.00226	40.139807011679	Q5 - highly expressed
KANSL1	0.00413	0.124697213628774	Q1 - lowly expressed
KANSL2	0.08269	0.977457738349993	Q3
KANSL3	0.04101	0.669655769108402	Q3
KARS1	0.0013	20.3679650588073	Q5 - highly expressed
KAT2A	0.02762	8.58350333150871	Q5 - highly expressed
KAT2B	0.00543	0.21350486389968	Q2
KAT5	0.00212	9.58824998091378	Q5 - highly expressed
KATNA1	0.00779	0.583809339966485	Q2
KATNBL1	0.00267	0.382259772675117	Q2
KATNIP	0.00885	0.0473225963869599	Q1 - lowly expressed
KBTBD2	0.07216	0.191953324291024	Q1 - lowly expressed
KCMF1	0.00473	0.883789624638052	Q3
KCNA3	1	0.0296605610519155	Q1 - lowly expressed
KCNAB2	0.00099	1.39447614443055	Q3
KCNC4	0.11111	0.0111080857781051	Q1 - lowly expressed
KCND2	0.14286	0.00699926033912242	Q1 - lowly expressed
KCNN1	0.04717	0.101354203362118	Q1 - lowly expressed
KCNN3	0.00534	0.324368341220115	Q2
KCNN4	0.01261	4.75279115289252	Q5 - highly expressed
KCNQ1	0.06667	0.00266711680061356	Q1 - lowly expressed
KCNQ5	0.04745	0.0194812790045592	Q1 - lowly expressed
KCP	0.08046	0.0543711847785346	Q1 - lowly expressed
KCTD10	0.00362	0.833829017556359	Q3
KCTD13	0.01802	0.568353189450294	Q2
KCTD18	0.00633	0.414970287259596	Q2
KCTD20	0.01313	0.598615027493237	Q2
KCTD3	0.00459	0.254223456467956	Q2
KCTD9	0.04178	0.701217023749911	Q3
KDELR1	0.00125	7.73453021418541	Q5 - highly expressed
KDM1B	0.01124	0.426048975105978	Q2
KDM2A	0.00575	0.52642714918196	Q2
KDM2B	0.00954	0.537304193327972	Q2
KDM3A	0.00596	3.02224431326599	Q4
KDM3B	0.00229	1.03547195583208	Q3
KDM4A	0.00605	0.990662367870109	Q3
KDM4B	0.00135	0.486608161735464	Q2
KDM4C	0.03192	0.121550553621881	Q1 - lowly expressed
KDM5A	0.02738	0.545915189376912	Q2
KDM6B	0.01562	1.84405225119038	Q4
KEAP1	0.00495	1.58559155508045	Q4
KHDC1	0.04167	0.0218384613262087	Q1 - lowly expressed
KHDC4	0.02941	1.95857017448745	Q4
KHDRBS1	0.00371	4.55669916608674	Q5 - highly expressed
KHK	0.025	0.495957360425122	Q2
KHSRP	0.00015	33.503872133112	Q5 - highly expressed
KIAA0232	0.08696	0.0864937069378622	Q1 - lowly expressed
KIAA0319L	0.01125	0.374672114672635	Q2
KIAA0408	0.125	0.053988974540413	Q1 - lowly expressed
KIAA0586	0.01071	0.354135228478635	Q2
KIAA0753	0.01579	0.248535546241203	Q2
KIAA1143	0.01058	0.576275107298306	Q2
KIAA1191	0.00459	2.35579178019108	Q4
KIAA1328	0.02	0.00829235084387947	Q1 - lowly expressed
KIAA1549L	0.01747	0.0135790630530855	Q1 - lowly expressed
KIAA1586	0.02941	0.489944175877772	Q2
KIAA2013	0.01913	3.33601446112977	Q4
KIAA2026	0.13333	0.0465357562370027	Q1 - lowly expressed
KIF11	0.00119	1.59212155155758	Q4
KIF13B	0.00215	0.207581188184804	Q1 - lowly expressed
KIF14	0.00215	0.503104469622356	Q2
KIF15	0.00786	0.810361470866121	Q3
KIF18B	0.01671	0.910182058621066	Q3
KIF1B	0.00832	0.10880909077245	Q1 - lowly expressed
KIF1C	0.00056	5.39452161956511	Q5 - highly expressed
KIF20A	0.00351	9.15474570617918	Q5 - highly expressed
KIF20B	0.00103	0.811940170183752	Q3
KIF21B	0.00084	0.65243197856477	Q3
KIF22	0.00327	8.90135111707076	Q5 - highly expressed
KIF23	0.00525	2.27525173853058	Q4
KIF27	0.09375	0.0257354028289067	Q1 - lowly expressed
KIF2A	0.00114	1.68997107882865	Q4
KIF2C	0.00049	6.14719589276673	Q5 - highly expressed
KIF3A	0.00394	0.889070719594429	Q3
KIF5B	0.00049	3.48857240576994	Q4
KIFC1	0.00519	6.27206953583694	Q5 - highly expressed
KIN	0.00809	0.764317862656939	Q3
KIZ	0.00463	0.128807699560669	Q1 - lowly expressed
KL	0.1875	0.0137387591525593	Q1 - lowly expressed
KLC1	0.01092	1.08660545752525	Q3
KLC4	0.0042	0.571240359879929	Q2
KLF13	0.33333	0.0282029967979081	Q1 - lowly expressed
KLF3	0.0069	0.164796192238382	Q1 - lowly expressed
KLF6	0.00683	1.31379644790687	Q3
KLHDC10	0.00719	0.254534278102345	Q2
KLHDC2	0.00444	2.02294036373412	Q4
KLHDC4	0.00357	0.464145026723477	Q2
KLHL12	0.00692	1.36141226318352	Q3
KLHL17	0.09677	1.15534390962627	Q3
KLHL18	0.10623	0.215578077515065	Q2
KLHL2	0.03693	0.282635628213273	Q2
KLHL20	0.00461	0.163403157067673	Q1 - lowly expressed
KLHL22	0.02222	0.13448664479994	Q1 - lowly expressed
KLHL28	0.0339	0.0230028523644939	Q1 - lowly expressed
KLHL3	0.02041	0.0402142649212296	Q1 - lowly expressed
KLHL36	0.01961	0.296346265593572	Q2
KLHL42	0.15789	0.13257681997849	Q1 - lowly expressed
KLHL6	0.00515	0.12900707373666	Q1 - lowly expressed
KLHL9	1	0.134232570630609	Q1 - lowly expressed
KLK1	0.01003	5.0599060317469	Q5 - highly expressed
KLRG1	0.16667	0.00931823812759613	Q1 - lowly expressed
KMT2B	0.00081	3.25049886183333	Q4
KMT2C	0.00117	0.309258589507078	Q2
KMT2E	0.00921	0.44079468763533	Q2
KMT5A	0.01121	1.27512551374062	Q3
KMT5B	0.00694	0.328393826621039	Q2
KNL1	0.00355	0.648618276784448	Q3
KNTC1	0.00275	2.07381900133691	Q4
KPNA1	0.01546	0.587011096672061	Q2
KPNA3	0.00054	0.945559990868449	Q3
KPNA5	0.0119	0.109659007502434	Q1 - lowly expressed
KPNA6	0.00726	0.528485849724813	Q2
KPNB1	0.00037	18.6409584060652	Q5 - highly expressed
KPTN	0.00407	1.50524848849194	Q4
KRBA1	0.00575	0.556075828193902	Q2
KRBOX5	0.02963	0.144676603579119	Q1 - lowly expressed
KRCC1	0.01282	0.238748879379296	Q2
KRR1	0.00063	3.25702345574521	Q4
KRT7	0.33333	0.219650166228674	Q2
KRTCAP2	0.00166	19.9030105986116	Q5 - highly expressed
KSR1	0.01344	0.423314273258103	Q2
KTN1	0.00171	3.71432675937653	Q4
KXD1	0.0012	5.22063276162887	Q5 - highly expressed
KYAT3	0.0087	1.02150397876714	Q3
KYNU	0.00279	0.615048892898708	Q3
L2HGDH	0.00858	0.160835925890444	Q1 - lowly expressed
L3HYPDH	0.03226	0.29154481818429	Q2
L3MBTL2	0.00792	2.11007798693393	Q4
L3MBTL4	0.00893	0.0178496202600407	Q1 - lowly expressed
LAG3	0.00475	2.76005071738755	Q4
LAMC1	0.00116	0.499946958756642	Q2
LAMP1	0.00349	2.01293344666487	Q4
LAMP3	0.01928	1.08643957195508	Q3
LAMTOR2	0.00143	11.9344928246677	Q5 - highly expressed
LAP3	0.00127	14.92011527139	Q5 - highly expressed
LAPTM4A	0.0022	3.72740338948015	Q4
LAPTM5	0.00552	51.9080195665931	Q5 - highly expressed
LARGE1	0.00469	0.0185986495826491	Q1 - lowly expressed
LARP1	0.00182	1.07273781004454	Q3
LARP1B	0.01887	0.179450619511783	Q1 - lowly expressed
LARP4	0.00826	0.407224357122717	Q2
LARP4B	0.00704	0.67138343371049	Q3
LARP7	0.00265	5.34138341526646	Q5 - highly expressed
LARS1	0.00437	3.50914959527572	Q4
LARS2	0.0084	0.285289523794012	Q2
LAT2	0.00144	10.1227730544157	Q5 - highly expressed
LATS1	0.05208	0.0964576959700881	Q1 - lowly expressed
LBR	0.00501	4.65484923555662	Q5 - highly expressed
LCAT	0.11765	0.46243342359381	Q2
LCMT1	0.00985	0.760223880491762	Q3
LCN10	0.34375	0.25371508952176	Q2
LCORL	0.08108	0.0327068746234768	Q1 - lowly expressed
LCP1	0.00041	29.0122036002281	Q5 - highly expressed
LDAF1	0.02395	0.51997450577628	Q2
LDB1	0.00095	4.42034184720762	Q5 - highly expressed
LDHA	0.0019	196.509811690573	Q5 - highly expressed
LDHB	3e-05	12.8909431547564	Q5 - highly expressed
LDLR	0.00324	1.02037598247154	Q3
LDLRAP1	0.02941	0.429262723501423	Q2
LEO1	0.00423	1.82109721558716	Q4
LETM1	0.0042	1.22539310446332	Q3
LETMD1	0.0158	3.39675059559294	Q4
LGALS1	0.00213	149.078175787586	Q5 - highly expressed
LGALS8	0.00148	1.55343657486301	Q4
LGALS9	0.00061	9.80564084634819	Q5 - highly expressed
LGMN	0.00169	7.98768084764646	Q5 - highly expressed
LHFPL2	0.03704	0.0121044056553973	Q1 - lowly expressed
LIAS	0.01188	1.02274531380139	Q3
LIG1	0.00359	3.67641439180418	Q4
LILRB1	0.02114	2.68050465944413	Q4
LIMA1	0.00277	0.294086505461477	Q2
LIMD1	0.01299	0.164691400077884	Q1 - lowly expressed
LIMK2	0.0058	0.541797702679026	Q2
LIN52	0.02062	0.0803053089394503	Q1 - lowly expressed
LIN7A	0.04418	0.0706275751771399	Q1 - lowly expressed
LIN9	0.00829	0.171327714617921	Q1 - lowly expressed
LINC02210-CRHR1	0.45	0.0313401900318335	Q1 - lowly expressed
LINS1	0.04959	0.132135133411398	Q1 - lowly expressed
LIPH	0.01136	0.213156408456787	Q1 - lowly expressed
LIX1L	0.00889	0.855396281359232	Q3
LMAN1	0.00083	3.44083815569759	Q4
LMAN2	0.00061	4.61694298555474	Q5 - highly expressed
LMAN2L	0.025	0.284586054452449	Q2
LMBR1	0.05051	0.173006816558555	Q1 - lowly expressed
LMBR1L	0.00686	2.47916911749749	Q4
LMBRD1	0.00409	0.313649733429751	Q2
LMF2	0.00488	6.21294655681127	Q5 - highly expressed
LMNA	0.00041	5.71441867667745	Q5 - highly expressed
LMNB1	0.00255	4.47403170533783	Q5 - highly expressed
LMNB2	0.00161	3.19393076684179	Q4
LMO2	0.03448	0.175688483887045	Q1 - lowly expressed
LMO3	0.06897	0.0288997411674942	Q1 - lowly expressed
LMO4	0.00269	1.17878365226861	Q3
LMO7	0.00128	0.351280038447724	Q2
LNPK	0.0148	0.331558624415014	Q2
LNX1	0.02703	0.00968080806778202	Q1 - lowly expressed
LONP1	0.00184	8.4012311596724	Q5 - highly expressed
LONP2	0.01078	0.693459212020257	Q3
LONRF1	0.00309	0.659231581279981	Q3
LOXL3	0.00236	0.905710448506905	Q3
LPAR6	0.99999	0.00371854782655816	Q1 - lowly expressed
LPCAT1	0.00811	2.15886796492242	Q4
LPCAT4	0.01458	7.80354151450817	Q5 - highly expressed
LPGAT1	0.01136	0.26910607804544	Q2
LPIN1	0.00119	0.279665862996274	Q2
LPIN2	0.00167	0.28381050621141	Q2
LPXN	0.0027	5.03680562306536	Q5 - highly expressed
LRCH1	0.00396	0.392048904036392	Q2
LRCH3	0.00533	0.696863465017433	Q3
LRCH4	0.0018	7.15265409383012	Q5 - highly expressed
LRIF1	0.04142	0.615752842275731	Q3
LRIG2	0.04046	0.141696081681802	Q1 - lowly expressed
LRP10	0.00491	4.09985372913498	Q4
LRP5	0.0031	0.182250280049334	Q1 - lowly expressed
LRP8	0.00914	0.367250310991763	Q2
LRPPRC	0.00128	5.51820549709022	Q5 - highly expressed
LRR1	0.06494	0.739572174156258	Q3
LRRC14	0.38462	0.800386872735029	Q3
LRRC23	0.17766	0.230777014192454	Q2
LRRC27	0.0814	0.105520773221479	Q1 - lowly expressed
LRRC28	0.03803	0.221332694927108	Q2
LRRC37B	0.01471	0.160749947032926	Q1 - lowly expressed
LRRC40	0.00348	0.660203093818127	Q3
LRRC41	0.00271	1.70620220796582	Q4
LRRC45	0.00217	3.74575228299838	Q4
LRRC47	0.00342	1.69609121602796	Q4
LRRC61	0.09574	0.335367117516186	Q2
LRRC69	0.11111	0.00496512912758537	Q1 - lowly expressed
LRRC75B	0.35714	0.0937377746904941	Q1 - lowly expressed
LRRC8C	0.03774	0.0089985100190754	Q1 - lowly expressed
LRRC8D	0.02703	0.0195256010221484	Q1 - lowly expressed
LRRCC1	0.02452	0.49666778756024	Q2
LRRFIP1	0.01969	0.427489542544906	Q2
LRRFIP2	0.0042	0.523239822149465	Q2
LRRK1	0.00973	0.390380633428728	Q2
LRSAM1	0.00418	0.99578487356109	Q3
LSAMP	0.21154	0.000853073287068904	Q1 - lowly expressed
LSM10	0.02454	1.29285891606662	Q3
LSM12	0.0172	0.92829059285962	Q3
LSM14A	0.00575	2.41088522605932	Q4
LSM14B	0.01054	3.58711394184585	Q4
LSM2	0.0101	10.1101428071568	Q5 - highly expressed
LSM4	0.00461	5.42188881277482	Q5 - highly expressed
LSM6	0.00122	3.12840438256511	Q4
LSM7	0.00798	10.3164011170304	Q5 - highly expressed
LSP1	0.00221	20.0250928566198	Q5 - highly expressed
LSS	0.00608	2.84225607271146	Q4
LST1	0.01107	1.90866209924251	Q4
LTA	0.00223	37.3050976736852	Q5 - highly expressed
LTA4H	0.00061	5.22430918481713	Q5 - highly expressed
LTBP4	0.03604	0.457823184658179	Q2
LTN1	0.00649	0.459125257042411	Q2
LTO1	0.00704	0.195847127343784	Q1 - lowly expressed
LTV1	0.00205	2.68598133749862	Q4
LUC7L2	0.00396	1.57385293417887	Q4
LUC7L3	0.02912	4.59642178706496	Q5 - highly expressed
LY6E	0.00036	32.4266388983614	Q5 - highly expressed
LY6G5C	0.14286	0.0420615278247108	Q1 - lowly expressed
LY75-CD302	0.01446	1.83077971791499	Q4
LY86	0.02014	1.04743790970862	Q3
LY9	0.0293	0.497652506463628	Q2
LY96	0.00571	0.402968491435628	Q2
LYL1	0.02273	1.1490401273538	Q3
LYN	0.00122	1.87869886849545	Q4
LYPLAL1	0.07692	0.693466760475087	Q3
LYRM2	0.11224	0.129805314259055	Q1 - lowly expressed
LYRM4	0.00935	0.0844059322436684	Q1 - lowly expressed
LYSMD2	0.00654	0.522624547670764	Q2
LYSMD4	0.08333	0.0307226483974671	Q1 - lowly expressed
LYST	0.00754	0.086745035612246	Q1 - lowly expressed
LZIC	0.00509	1.0067322411938	Q3
LZTR1	0.0068	1.98423745382777	Q4
M6PR	0.00068	10.7161002019781	Q5 - highly expressed
MACF1	0.00073	0.70135496642645	Q3
MACO1	0.00489	0.499007226889902	Q2
MACROD1	0.05714	0.0531367097015647	Q1 - lowly expressed
MACROD2	0.00691	0.0128800768361795	Q1 - lowly expressed
MACROH2A1	0.00603	2.68512582848214	Q4
MAD1L1	0.00306	0.140447088541094	Q1 - lowly expressed
MAD2L1	0.00831	6.79342136883601	Q5 - highly expressed
MADD	0.00273	1.2924655467234	Q3
MAEA	0.00388	0.784455801810359	Q3
MAF1	0.00149	30.4000295082793	Q5 - highly expressed
MAGOH	0.00091	8.13738019554641	Q5 - highly expressed
MAGOHB	0.02876	3.85957134160247	Q4
MAIP1	0.02521	0.465990388833481	Q2
MALSU1	0.00298	2.40818581894014	Q4
MALT1	0.01064	1.24912476683424	Q3
MAMDC4	0.02703	0.742342788469445	Q3
MAML1	0.00855	0.119381728591494	Q1 - lowly expressed
MAN1A1	0.0014	0.323954988995462	Q2
MAN1B1	0.02387	1.45614940811933	Q3
MAN2A1	0.00322	0.153465757594766	Q1 - lowly expressed
MAN2A2	0.0178	1.88009525039285	Q4
MAN2B1	0.00625	16.4217628059345	Q5 - highly expressed
MAN2B2	0.00748	0.379633573634762	Q2
MAN2C1	0.01566	6.36625133814174	Q5 - highly expressed
MANBA	0.04283	0.303421294296951	Q2
MANF	0.00525	28.8779459102064	Q5 - highly expressed
MAP1LC3B	0.00159	1.36731260262551	Q3
MAP2K1	0.00069	1.91076094952039	Q4
MAP2K2	0.00531	7.17534844363622	Q5 - highly expressed
MAP2K3	0.00232	1.67331571342022	Q4
MAP2K4	0.00988	0.198528667759167	Q1 - lowly expressed
MAP2K5	0.00667	0.173453427800268	Q1 - lowly expressed
MAP2K6	0.00396	0.2721826873709	Q2
MAP3K10	0.125	0.345717810503824	Q2
MAP3K11	0.00402	2.00996046797409	Q4
MAP3K3	0.00217	0.428059838990862	Q2
MAP3K4	0.00901	0.762617551843963	Q3
MAP3K5	0.00546	0.594673406824427	Q2
MAP3K7	0.00133	0.968845892385291	Q3
MAP3K7CL	0.03846	0.059347704033096	Q1 - lowly expressed
MAP4	0.01517	0.798260159508423	Q3
MAP4K1	0.00471	15.6203972556966	Q5 - highly expressed
MAP4K2	0.00373	12.1358355268907	Q5 - highly expressed
MAP4K5	0.00883	0.454546414140026	Q2
MAP7D1	0.00079	4.64100444738533	Q5 - highly expressed
MAPK1	0.00311	0.463607206298957	Q2
MAPK12	0.02273	4.36285538100099	Q5 - highly expressed
MAPK13	0.0038	0.87905730517871	Q3
MAPK14	0.00184	0.611342391911828	Q3
MAPK1IP1L	0.0249	1.95881007643153	Q4
MAPK3	0.01276	5.43055289878716	Q5 - highly expressed
MAPK6	0.01877	0.297245198563776	Q2
MAPK8IP3	0.01991	0.807271442658428	Q3
MAPKAP1	0.00283	0.699666991693671	Q3
MAPKAPK2	0.00526	2.24216297960886	Q4
MAPKAPK3	0.00091	0.823801375792645	Q3
MAPKAPK5	0.0172	0.925042664621285	Q3
MAPKBP1	0.002	0.606395746551847	Q3
MARCHF5	0.00987	0.341662786644136	Q2
MARCHF6	0.00412	1.78156607525205	Q4
MARCHF7	0.00287	1.16877340975067	Q3
MARCHF8	0.01908	0.0691058503780521	Q1 - lowly expressed
MARCHF9	0.01471	1.46578609854131	Q3
MARF1	0.00906	0.699099309596706	Q3
MARK3	0.0027	0.697305805801693	Q3
MARK4	0.00456	0.287347672471456	Q2
MARS1	0.00112	6.34869683410375	Q5 - highly expressed
MARVELD2	0.03333	0.0593715582515636	Q1 - lowly expressed
MAST2	0.01165	0.199191215551464	Q1 - lowly expressed
MASTL	0.00987	1.054439527105	Q3
MAT2A	5e-04	22.1496113137479	Q5 - highly expressed
MATCAP1	0.01471	0.976700948829586	Q3
MATR3	0.0034	8.0160843865213	Q5 - highly expressed
MAU2	0.01299	0.896902860482883	Q3
MAVS	0.01667	0.37436995234972	Q2
MBD1	0.00421	7.27204450761138	Q5 - highly expressed
MBD2	0.0107	3.60218838065655	Q4
MBD3	0.00161	1.72613901887345	Q4
MBD4	0.00832	4.38276375287738	Q5 - highly expressed
MBD5	0.0963	0.0175264174487974	Q1 - lowly expressed
MBD6	0.00882	1.79756201636309	Q4
MBIP	0.00557	1.58270402130957	Q4
MBNL1	0.02188	0.465150991783403	Q2
MBOAT1	0.01699	0.156413694064393	Q1 - lowly expressed
MBOAT2	0.01667	0.0808919119839951	Q1 - lowly expressed
MBP	0.01282	0.0650998326907046	Q1 - lowly expressed
MBTD1	0.02286	0.135991131104759	Q1 - lowly expressed
MBTPS1	0.00628	1.15052392665504	Q3
MCEE	0.09524	0.251940096994082	Q2
MCFD2	0.01258	0.257472957013639	Q2
MCM3	0.00174	17.2232625127918	Q5 - highly expressed
MCM3AP	0.00607	2.85009252621479	Q4
MCM4	0.00634	14.8095947389682	Q5 - highly expressed
MCM5	0.00097	12.2985454675184	Q5 - highly expressed
MCM6	0.00075	5.45074563775204	Q5 - highly expressed
MCM7	0.00114	44.2175409637574	Q5 - highly expressed
MCM8	0.0119	1.22683374909725	Q3
MCM9	0.04396	0.0443239818294558	Q1 - lowly expressed
MCMBP	0.00418	1.94202155789286	Q4
MCOLN2	0.0324	1.11263686534632	Q3
MCOLN3	0.01351	0.0778094450819653	Q1 - lowly expressed
MCRIP2	0.04658	2.36639221664282	Q4
MCRS1	0.00488	8.61263116445234	Q5 - highly expressed
MCTP1	0.01948	0.0758502996902477	Q1 - lowly expressed
MCTP2	0.0162	0.138253216685867	Q1 - lowly expressed
MCU	0.02062	0.0602938049814561	Q1 - lowly expressed
MCUB	0.00561	0.453077483878465	Q2
MCUR1	0.01281	2.18670827272101	Q4
MDC1	0.02096	2.12710368588416	Q4
MDFIC	0.06331	0.326190339003652	Q2
MDGA1	0.02235	0.0765591725979088	Q1 - lowly expressed
MDH1	0.00019	23.2524626101744	Q5 - highly expressed
MDM2	0.05906	1.53793723059537	Q4
MDM4	0.00429	0.367388130565589	Q2
MDN1	0.00372	0.811636602274145	Q3
MDP1	0.02288	7.83322107397505	Q5 - highly expressed
ME1	0.00353	0.083551692678545	Q1 - lowly expressed
ME2	0.0015	2.67238958060385	Q4
MECOM	1	0.00056780490835738	Q1 - lowly expressed
MECR	0.02066	0.787500083849583	Q3
MED1	0.01802	0.629523810212686	Q3
MED13	0.00435	0.372358510678403	Q2
MED15	0.0026	1.02882240422292	Q3
MED16	0.00286	1.8434864902578	Q4
MED20	0.01111	0.279745132456303	Q2
MED21	0.01183	0.288843849621883	Q2
MED23	0.00073	0.972261673806692	Q3
MED24	0.01018	3.74725406040799	Q4
MED25	0.00245	2.7303913282009	Q4
MED27	0.00212	0.128718126727622	Q1 - lowly expressed
MED28	0.00281	2.49667612671626	Q4
MED30	0.00234	1.06458789231689	Q3
MED4	0.00299	1.46691961619234	Q3
MED6	0.0033	2.92099058857298	Q4
MED8	0.00411	7.02255123405585	Q5 - highly expressed
MEF2A	0.0138	0.278031772780821	Q2
MEF2B	0.00163	1.22022347416207	Q3
MEF2C	0.00379	0.578295405205297	Q2
MEF2D	0.01018	1.22358880029384	Q3
MEGF8	0.01667	0.308190492483326	Q2
MEI1	0.10824	0.28387532922944	Q2
MELK	0.01276	0.812080087333779	Q3
MELTF	0.01158	0.498515879791544	Q2
MEMO1	0.02229	0.570928761073444	Q2
MESD	0.02008	0.354461123770492	Q2
METAP1	0.00782	1.11972475684555	Q3
METTL1	0.01887	4.36730334637135	Q5 - highly expressed
METTL13	0.0203	0.96760618452983	Q3
METTL14	0.00307	0.862579672347451	Q3
METTL15	0.02326	0.0179684553055839	Q1 - lowly expressed
METTL16	0.01493	0.148541157314806	Q1 - lowly expressed
METTL17	0.0195	15.6913145087325	Q5 - highly expressed
METTL21A	0.04478	0.174243802445797	Q1 - lowly expressed
METTL22	0.04348	0.512017775279819	Q2
METTL23	0.00345	2.9243388037924	Q4
METTL25	0.01887	0.0658458455955824	Q1 - lowly expressed
METTL26	0.03448	28.9092596352626	Q5 - highly expressed
METTL2A	0.00739	0.958082716754382	Q3
METTL2B	0.00223	0.762093214550905	Q3
METTL3	0.01684	4.87300875008755	Q5 - highly expressed
METTL4	0.01389	0.25728234662185	Q2
METTL5	0.0046	6.12317595375396	Q5 - highly expressed
METTL6	0.02703	0.198162656444234	Q1 - lowly expressed
METTL8	0.0452	0.253637337601015	Q2
METTL9	0.00662	0.495227422160358	Q2
MFAP3	0.20833	0.00891272613860916	Q1 - lowly expressed
MFF	0.00277	3.09748954561099	Q4
MFHAS1	0.07975	0.0591342569640323	Q1 - lowly expressed
MFN1	0.00068	2.36819836214512	Q4
MFN2	0.00161	2.54286375309641	Q4
MFNG	0.00472	3.09626000246285	Q4
MFSD1	0.00325	0.549442554665155	Q2
MFSD10	0.00557	20.8467825385243	Q5 - highly expressed
MFSD11	0.01476	0.37773711285353	Q2
MFSD14B	0.01381	0.540471036900196	Q2
MFSD3	0.0198	2.1968834182744	Q4
MFSD4B	0.13636	0.00975970917860541	Q1 - lowly expressed
MFSD8	0.00794	0.156915719610929	Q1 - lowly expressed
MFSD9	0.2	0.13415141850745	Q1 - lowly expressed
MGA	0.00811	0.112281703251908	Q1 - lowly expressed
MGAT1	0.14414	0.287325611686057	Q2
MGAT4B	0.00115	8.6107109162076	Q5 - highly expressed
MGAT5	0.02113	0.111693639467329	Q1 - lowly expressed
MGLL	0.05631	0.212062184191639	Q1 - lowly expressed
MGST1	0.00842	0.104880690830926	Q1 - lowly expressed
MGST3	0.00115	2.7897089490354	Q4
MIA2	0.00098	0.394939003399884	Q2
MIA3	0.00221	1.97143351817142	Q4
MIB1	0.00141	0.213557712174258	Q2
MICAL1	0.01676	6.53804480513812	Q5 - highly expressed
MICOS10	0.00532	0.648272094564098	Q3
MICOS13	0.00461	28.0478655653263	Q5 - highly expressed
MICU1	0.0035	0.198581517392174	Q1 - lowly expressed
MICU2	0.00241	0.598660694420328	Q2
MIDEAS	0.00126	0.376854196456979	Q2
MIDN	0.01732	1.1543707047271	Q3
MIEF1	0.00347	0.71709425213766	Q3
MIER1	0.00727	0.781991422196429	Q3
MIER2	0.01582	0.468446109494403	Q2
MIGA1	0.00794	0.0888176022184182	Q1 - lowly expressed
MIGA2	0.05556	0.420762532606087	Q2
MIIP	0.00311	3.79951109526023	Q4
MINDY1	0.0202	0.61636989523055	Q3
MINDY3	0.04518	0.231731342065928	Q2
MINK1	0.0108	1.68816419809639	Q4
MIOS	0.01063	1.93775063484612	Q4
MIPEP	0.00479	0.332570273673432	Q2
MIS12	0.0303	0.546666835859233	Q2
MIS18BP1	0.00449	1.13572909311611	Q3
MITD1	0.03696	3.39891102738545	Q4
MIX23	0.02	2.33482880628134	Q4
MKI67	0.00294	3.10503396493258	Q4
MKLN1	0.00445	0.144242784910118	Q1 - lowly expressed
MKNK1	0.00893	0.489980443417596	Q2
MKNK2	0.00105	92.6304612863373	Q5 - highly expressed
MKRN1	0.00096	2.5510834824015	Q4
MLH1	0.00129	2.37519682049893	Q4
MLH3	0.02444	0.515786626700946	Q2
MLKL	0.03738	0.537726200197082	Q2
MLLT1	0.00746	0.575474609762965	Q2
MLLT10	0.01022	0.179616560839812	Q1 - lowly expressed
MLLT6	0.00619	3.89344159792089	Q4
MLST8	0.025	11.4579743036431	Q5 - highly expressed
MLX	0.00169	7.69271139128127	Q5 - highly expressed
MMAB	0.02823	3.25588933989397	Q4
MMADHC	0.00182	8.77755813694988	Q5 - highly expressed
MMD	0.05333	0.692787189150579	Q3
MMP17	0.03571	0.068615033605597	Q1 - lowly expressed
MMP24OS	0.6	0.0364563230208221	Q1 - lowly expressed
MMRN2	1	0.00605740471575769	Q1 - lowly expressed
MMS19	0.01093	4.99244484572178	Q5 - highly expressed
MMS22L	0.01244	0.187606016821184	Q1 - lowly expressed
MMUT	0.00227	1.00818724791423	Q3
MNAT1	0.00193	0.140682019147534	Q1 - lowly expressed
MNDA	0.00204	1.74993477267853	Q4
MNT	0.03175	0.201345893754191	Q1 - lowly expressed
MOB1A	0.02138	4.40107470503905	Q5 - highly expressed
MOB1B	0.01136	0.0952092139874499	Q1 - lowly expressed
MOB2	0.03759	0.365990203468951	Q2
MOB3A	0.00654	2.823941998356	Q4
MON1B	0.0051	1.18382211915222	Q3
MON2	0.00567	0.4089557199581	Q2
MORC3	0.00455	0.352311402791821	Q2
MORF4L1	9e-05	8.73452679328803	Q5 - highly expressed
MOV10	0.00501	3.73434181785878	Q4
MPC1	0.00208	1.97447559340467	Q4
MPC2	0.00149	3.73060228879222	Q4
MPDU1	0.01828	5.04287772448558	Q5 - highly expressed
MPHOSPH8	0.00418	1.58865957491539	Q4
MPHOSPH9	0.04977	0.4744232193643	Q2
MPLKIP	0.0073	0.881019689235664	Q3
MPPE1	0.05926	0.534097799455446	Q2
MPRIP	0.00282	0.828213223723284	Q3
MPV17	0.00167	4.85753982346994	Q5 - highly expressed
MPZL1	0.02703	0.165463121782472	Q1 - lowly expressed
MR1	0.01053	0.759654841902869	Q3
MRE11	0.00287	0.911053083954819	Q3
MREG	0.0073	0.383496350882041	Q2
MRGBP	0.0081	3.55883285188933	Q4
MRI1	0.05556	1.38087023634891	Q3
MRM2	0.22727	1.25578957047701	Q3
MRM3	0.0131	1.0473118814684	Q3
MRNIP	0.00735	0.397839749955329	Q2
MROH1	0.0102	0.35177878417244	Q2
MROH6	0.18182	0.102448455725015	Q1 - lowly expressed
MROH8	0.02247	0.0461576892668382	Q1 - lowly expressed
MRPL1	0.00769	0.559208942872612	Q2
MRPL10	0.008	3.65344085364786	Q4
MRPL11	0.01497	3.18907696632164	Q4
MRPL13	0.00097	1.75203899247034	Q4
MRPL14	0.00224	2.77387319342123	Q4
MRPL16	0.00154	8.01955758856196	Q5 - highly expressed
MRPL18	0.03041	5.11648328429577	Q5 - highly expressed
MRPL2	0.00176	9.93070999430819	Q5 - highly expressed
MRPL20	0.00571	16.5551872799195	Q5 - highly expressed
MRPL21	0.00468	4.30061113426543	Q4
MRPL22	0.00099	2.35760148287522	Q4
MRPL23	0.00617	1.85163769462138	Q4
MRPL24	0.00149	23.5120650521659	Q5 - highly expressed
MRPL3	0.00157	4.17044618429232	Q4
MRPL32	0.05741	1.67877465822815	Q4
MRPL33	0.00526	0.370057332366973	Q2
MRPL37	0.00188	3.7429154399671	Q4
MRPL38	0.00467	8.55219414792147	Q5 - highly expressed
MRPL39	0.00131	5.54263198719295	Q5 - highly expressed
MRPL40	0.02895	9.03740406743347	Q5 - highly expressed
MRPL42	0.01079	1.00361303975395	Q3
MRPL44	0.03859	2.66209533719042	Q4
MRPL45	0.00211	2.37458837396882	Q4
MRPL47	0.00321	4.25539692284652	Q4
MRPL48	0.00301	0.735744865797697	Q3
MRPL58	0.00323	3.93934659975773	Q4
MRPL9	0.01075	17.9569069076106	Q5 - highly expressed
MRPS10	0.01299	3.58185512532698	Q4
MRPS11	0.01759	4.42729241175515	Q5 - highly expressed
MRPS14	0.01832	1.72366651583513	Q4
MRPS15	0.00237	21.2930065271034	Q5 - highly expressed
MRPS16	0.00706	10.899097253079	Q5 - highly expressed
MRPS18B	0.00555	14.7559217163113	Q5 - highly expressed
MRPS2	0.00476	5.78214181054693	Q5 - highly expressed
MRPS21	0.00259	3.58656038364224	Q4
MRPS23	0.0024	4.57242043623297	Q5 - highly expressed
MRPS25	0.01113	0.823216783930054	Q3
MRPS26	0.0061	8.53512517204349	Q5 - highly expressed
MRPS27	0.0063	0.729138979487325	Q3
MRPS30	0.00522	3.17730009249486	Q4
MRPS31	0.01171	1.29587115190327	Q3
MRPS33	0.00733	3.05214149233773	Q4
MRPS34	0.00899	16.345505610623	Q5 - highly expressed
MRPS35	0.00134	1.72943742696401	Q4
MRPS5	0.00895	3.73198513099517	Q4
MRPS6	0.03879	0.546027852531254	Q2
MRPS9	0.00121	1.12481725694283	Q3
MRRF	0.09771	0.550810200959626	Q2
MRS2	0.01178	1.81566667086548	Q4
MRTFA	0.00196	0.172386268415433	Q1 - lowly expressed
MRTO4	0.00348	7.58139739169411	Q5 - highly expressed
MS4A1	9e-04	29.5186181314082	Q5 - highly expressed
MSANTD2	0.09375	0.0908026455488827	Q1 - lowly expressed
MSANTD4	0.03846	0.143131585322025	Q1 - lowly expressed
MSC	0.01261	9.41967041847962	Q5 - highly expressed
MSH2	0.00175	0.392497188442275	Q2
MSH3	0.00529	0.177231568906365	Q1 - lowly expressed
MSH5	0.03307	2.44403612274764	Q4
MSH6	0.00182	0.651910841132176	Q3
MSI2	0.04448	0.108102638368928	Q1 - lowly expressed
MSL1	0.00153	2.78473047970164	Q4
MSRB2	0.00535	0.479597317988902	Q2
MST1	0.03571	1.54825342452195	Q4
MSTO1	0.02041	0.601013869959304	Q2
MTA1	0.0075	2.78804280882706	Q4
MTA2	0.00078	36.8301599549308	Q5 - highly expressed
MTA3	0.00731	0.243609390688704	Q2
MTAP	0.00769	0.132887905512245	Q1 - lowly expressed
MTARC2	0.05405	0.142228676092455	Q1 - lowly expressed
MTBP	0.01266	0.180444808081783	Q1 - lowly expressed
MTCH1	0.00111	6.10374921687314	Q5 - highly expressed
MTCH2	0.00921	9.57150522100618	Q5 - highly expressed
MTDH	0.00307	2.65314246536136	Q4
MTERF1	0.04082	0.0155666901981442	Q1 - lowly expressed
MTERF3	0.00423	1.46264949506092	Q3
MTERF4	0.05988	0.600989207747957	Q2
MTF2	0.00431	0.939449138295658	Q3
MTFMT	0.01389	0.639538462982197	Q3
MTFR1L	0.00847	1.71239618953971	Q4
MTFR2	0.00806	0.765493620597231	Q3
MTG1	0.00719	1.93990275771779	Q4
MTG2	0.09239	0.731843840757458	Q3
MTHFD1	0.00049	7.76011648417818	Q5 - highly expressed
MTHFD1L	0.00352	0.741317586846246	Q3
MTHFD2L	0.5	0.0136899895347295	Q1 - lowly expressed
MTHFS	0.07299	0.16049490472449	Q1 - lowly expressed
MTIF2	0.00454	2.742314510123	Q4
MTMR10	0.02344	0.24651882768109	Q2
MTMR12	0.02597	0.265336730823303	Q2
MTMR14	0.00868	1.81415525438755	Q4
MTMR4	0.00109	2.87929580948424	Q4
MTMR6	0.00336	0.450313629124948	Q2
MTMR9	0.0137	0.159409356672423	Q1 - lowly expressed
MTO1	0.03623	0.626683156226559	Q3
MTOR	0.00183	0.788623735739404	Q3
MTR	0.00164	0.518693132514994	Q2
MTRES1	0.06422	0.489366011070717	Q2
MTREX	0.00056	1.35920036765822	Q3
MTRF1	0.0177	0.442646738148875	Q2
MTRF1L	0.0875	0.880810248058628	Q3
MTRFR	0.04	0.297848596667039	Q2
MTRR	0.05656	0.555769724455001	Q2
MTX2	0.01604	1.36344144399734	Q3
MUC12	0.3125	0.0172603360148465	Q1 - lowly expressed
MUC19	1	0.0338367491550479	Q1 - lowly expressed
MUS81	0.0109	5.51195874502756	Q5 - highly expressed
MUTYH	0.01907	3.07007492024082	Q4
MVB12A	0.00557	1.31613090612394	Q3
MVD	0.01327	7.43527433915535	Q5 - highly expressed
MVK	0.00745	1.74025204253081	Q4
MVP	0.00562	5.80404788384798	Q5 - highly expressed
MX1	0.00232	15.8381483213969	Q5 - highly expressed
MX2	0.00662	2.26257831450083	Q4
MXD3	0.00823	5.54530385087133	Q5 - highly expressed
MXD4	0.01923	1.07167831423098	Q3
MYB	0.01263	0.8488961066132	Q3
MYBBP1A	0.00282	5.92644093938846	Q5 - highly expressed
MYBL2	0.003	5.83822435481667	Q5 - highly expressed
MYCBP	0.00143	3.42510713911921	Q4
MYCBP2	0.00258	1.07722789067566	Q3
MYDGF	0.00221	3.95235453212796	Q4
MYEF2	0.05415	0.858772835833694	Q3
MYG1	0.00298	6.06153627596745	Q5 - highly expressed
MYH9	6e-05	13.278511111439	Q5 - highly expressed
MYL12A	0.00024	33.9481092572012	Q5 - highly expressed
MYL4	0.03846	0.0321639921074866	Q1 - lowly expressed
MYL6B	0.00094	74.235103542847	Q5 - highly expressed
MYLIP	0.00806	0.5137525387152	Q2
MYNN	0.02679	1.07228906776516	Q3
MYO18A	0.0027	1.42717718031461	Q3
MYO18B	0.09091	0.00428396235137154	Q1 - lowly expressed
MYO19	0.03846	1.20928781429741	Q3
MYO1C	3e-04	6.58649498228774	Q5 - highly expressed
MYO1D	0.00281	0.105385699848116	Q1 - lowly expressed
MYO1E	0.00153	0.990723125771146	Q3
MYO1G	0.00512	33.3986302635014	Q5 - highly expressed
MYO3B	0.00429	0.0155899370672324	Q1 - lowly expressed
MYO9B	0.01872	2.17066393247041	Q4
MYOM2	0.33333	0.00677065934177516	Q1 - lowly expressed
MYRF	0.01648	0.311896986619736	Q2
MYSM1	0.05495	0.310130205107875	Q2
MZB1	0.04521	64.64441582578	Q5 - highly expressed
MZF1	0.03226	0.1627753565347	Q1 - lowly expressed
MZT1	0.01036	0.837460358308596	Q3
MZT2A	0.07102	1.25636874802065	Q3
N4BP1	0.01272	0.339292937297548	Q2
N4BP2	0.00813	0.146531694401618	Q1 - lowly expressed
N4BP2L1	0.01923	0.396220769920087	Q2
N4BP2L2	0.00781	0.305546453716785	Q2
N4BP3	0.01099	0.584217745270164	Q2
NAA16	0.0597	0.21655024761808	Q2
NAA25	0.01913	0.478045387577544	Q2
NAA35	0.00295	0.852048815754421	Q3
NAA38	0.00698	1.14827047292748	Q3
NAA40	0.00459	0.672482660256145	Q3
NAA60	0.00331	0.529691907839623	Q2
NAB1	0.00444	0.495722001697577	Q2
NAB2	0.00483	3.15983520099645	Q4
NABP1	0.06667	0.230570042065623	Q2
NADK	0.0052	2.51784425584404	Q4
NADSYN1	0.01163	1.86109435958189	Q4
NAE1	0.00035	2.50889595739567	Q4
NAF1	0.05051	0.286633179294453	Q2
NAGA	0.00707	2.65240313949951	Q4
NAGPA	0.02857	0.746976012784894	Q3
NANOS3	0.8	0.00662723021071411	Q1 - lowly expressed
NANS	0.01058	2.09892013771809	Q4
NAP1L1	0.00124	52.6101306493477	Q5 - highly expressed
NAP1L4	0.00295	5.16758329451033	Q5 - highly expressed
NAPA	0.00073	5.7233534774504	Q5 - highly expressed
NAPG	0.0056	1.13068747971387	Q3
NARF	0.01155	3.33076764588265	Q4
NARS1	0.00067	6.59469088330097	Q5 - highly expressed
NARS2	0.00147	0.309369229128636	Q2
NASP	0.00395	11.5521705421622	Q5 - highly expressed
NAT10	0.00081	6.26105891962915	Q5 - highly expressed
NAT9	0.00847	2.81550426696577	Q4
NAXD	0.00896	0.851033677301348	Q3
NBEAL1	0.0102	0.0437649985691354	Q1 - lowly expressed
NBEAL2	0.00444	8.28298409828735	Q5 - highly expressed
NBN	0.00508	1.53368148822268	Q4
NBPF1	0.02041	0.0452809945719157	Q1 - lowly expressed
NBPF11	0.03922	0.231292391759597	Q2
NBPF12	0.02941	0.277064890551679	Q2
NBPF14	0.00746	0.0936026766678344	Q1 - lowly expressed
NBPF15	0.03265	0.449561196292142	Q2
NBPF20	0.11321	0.0236957661045741	Q1 - lowly expressed
NBPF26	0.03495	0.16995329400568	Q1 - lowly expressed
NBPF3	0.11765	0.0533138060213704	Q1 - lowly expressed
NBPF8	0.20728	0.445619313390791	Q2
NBPF9	0.02222	0.412957845373153	Q2
NBR1	0.00393	2.21590900877253	Q4
NCALD	0.00621	0.0221428669310803	Q1 - lowly expressed
NCAPD2	0.00194	11.2638346470437	Q5 - highly expressed
NCAPD3	0.00309	2.05418062246686	Q4
NCAPG	0.00545	4.60180345142786	Q5 - highly expressed
NCAPG2	0.00384	1.98511753505133	Q4
NCAPH	0.00376	2.64525955631561	Q4
NCAPH2	0.00448	7.808032782978	Q5 - highly expressed
NCBP1	0.00294	3.24875672714705	Q4
NCBP2	0.00149	7.01341171818382	Q5 - highly expressed
NCBP3	0.01082	0.806415786205996	Q3
NCDN	0.00154	1.84443946938189	Q4
NCF1	0.00331	34.5599211704135	Q5 - highly expressed
NCKAP1L	0.00159	8.66317422673062	Q5 - highly expressed
NCKIPSD	0.00634	3.66010508554221	Q4
NCL	8e-05	52.8682336248302	Q5 - highly expressed
NCOA1	0.00231	0.14722671551899	Q1 - lowly expressed
NCOA2	0.00836	0.0996530251698538	Q1 - lowly expressed
NCOA3	0.02034	0.808007165602053	Q3
NCOA4	0.00087	3.8307262494204	Q4
NCOA5	0.02571	0.758892660277332	Q3
NCOA6	0.02247	0.163750348888747	Q1 - lowly expressed
NCOA7	0.0015	0.20325225110934	Q1 - lowly expressed
NCOR1	0.00261	0.867547616786291	Q3
NCOR2	0.01848	0.879983637567504	Q3
NCSTN	0.00663	5.27236446808497	Q5 - highly expressed
NDC1	0.00266	1.05140808515411	Q3
NDC80	0.00088	2.19660521187265	Q4
NDE1	0.00675	0.952607199502987	Q3
NDEL1	0.01263	0.422726662145252	Q2
NDST1	0.01961	0.231289681045372	Q2
NDST2	0.00995	3.20891545836182	Q4
NDUFA10	0.00065	1.2766274927925	Q3
NDUFA11	0.00993	9.55506050340083	Q5 - highly expressed
NDUFA12	0.00366	0.856792291714107	Q3
NDUFA2	0.00116	9.48167810529412	Q5 - highly expressed
NDUFA3	0.00254	11.0979000624375	Q5 - highly expressed
NDUFA4	0.00067	32.9301642170428	Q5 - highly expressed
NDUFA5	0.00229	3.08390353263659	Q4
NDUFA7	0.00392	5.67550615264651	Q5 - highly expressed
NDUFA8	0.01292	3.07264886872076	Q4
NDUFA9	0.00076	4.53932385325644	Q5 - highly expressed
NDUFAF1	0.0411	0.556782978740104	Q2
NDUFAF3	0.02767	26.9861982035809	Q5 - highly expressed
NDUFAF4	0.02778	1.83633527749018	Q4
NDUFAF5	0.07569	0.683571692293278	Q3
NDUFAF6	0.08779	0.0977380180126122	Q1 - lowly expressed
NDUFAF7	0.0197	0.943630461560323	Q3
NDUFAF8	0.09174	6.70762422232498	Q5 - highly expressed
NDUFB4	0.00558	17.9837977080414	Q5 - highly expressed
NDUFB5	0.00245	4.86818176872735	Q5 - highly expressed
NDUFB6	0.00162	3.31226886164352	Q4
NDUFB7	0.00192	7.21698284198376	Q5 - highly expressed
NDUFB8	0.00241	32.2435971460937	Q5 - highly expressed
NDUFB9	0.00149	2.58512807209497	Q4
NDUFC1	0.00132	1.58818736770487	Q4
NDUFS1	0.00061	3.55295952069683	Q4
NDUFS2	6e-04	16.1872729331725	Q5 - highly expressed
NDUFS3	0.00083	7.42362719793884	Q5 - highly expressed
NDUFS4	0.01277	0.539707576474163	Q2
NDUFS6	0.00268	6.1846338337988	Q5 - highly expressed
NDUFS8	0.00106	13.3076865533111	Q5 - highly expressed
NDUFV1	0.00288	33.8221216967796	Q5 - highly expressed
NDUFV2	0.0042	8.90218506280023	Q5 - highly expressed
NDUFV3	0.01351	0.484727119571594	Q2
NECAP2	0.00558	3.47258092586385	Q4
NEDD1	0.01281	0.938413955091359	Q3
NEDD8	0.01333	12.7687558523912	Q5 - highly expressed
NEDD9	0.02632	0.116382967795259	Q1 - lowly expressed
NEIL1	0.02703	0.339245946293166	Q2
NEIL3	0.0122	0.148169381514484	Q1 - lowly expressed
NEK1	0.00342	0.130876302961745	Q1 - lowly expressed
NEK4	0.00445	0.414905867673768	Q2
NEK6	0.00182	2.28197466031853	Q4
NEK7	0.00639	0.147565964165797	Q1 - lowly expressed
NEK8	0.01705	0.903943680263315	Q3
NEK9	0.00336	1.91267406389599	Q4
NELFA	0.00341	0.615870741659285	Q3
NELFB	0.00281	6.01408545329575	Q5 - highly expressed
NELFCD	0.0185	7.88297273056979	Q5 - highly expressed
NELFE	0.00126	17.1190430469516	Q5 - highly expressed
NEMF	0.01348	1.22508967976838	Q3
NEMP1	0.03125	0.344048276324859	Q2
NEMP2	0.05851	0.323778585942581	Q2
NENF	0.00275	1.82539239006013	Q4
NEPRO	0.04348	1.63218429538064	Q4
NETO1	0.00341	0.0340727890665108	Q1 - lowly expressed
NETO2	0.01527	0.413751283187826	Q2
NEU1	0.0092	3.91171943378474	Q4
NEURL4	0.00977	2.60792193235553	Q4
NEXN	0.01266	0.0851959131541723	Q1 - lowly expressed
NF1	0.00579	0.25391187290684	Q2
NF2	0.00139	0.425853818758615	Q2
NFAM1	0.14706	0.0177281471833214	Q1 - lowly expressed
NFAT5	0.05369	0.0693837283573296	Q1 - lowly expressed
NFATC1	0.00781	0.09730429863758	Q1 - lowly expressed
NFATC3	0.01604	0.183486289136395	Q1 - lowly expressed
NFE2L1	0.00213	3.33309713066666	Q4
NFE2L2	0.00216	0.14832641645428	Q1 - lowly expressed
NFKB1	0.00223	2.33815218971873	Q4
NFKB2	0.0016	58.3085485996672	Q5 - highly expressed
NFKBIA	0.00094	59.9978728404103	Q5 - highly expressed
NFKBID	0.01579	1.9140714921961	Q4
NFKBIE	0.0062	10.7277205856662	Q5 - highly expressed
NFRKB	0.00688	1.04792781487885	Q3
NFS1	0.00623	1.44509460491472	Q3
NFU1	0.00347	1.44468237919467	Q3
NFX1	0.0124	1.02797636852907	Q3
NFYA	0.01781	0.75081937997845	Q3
NFYB	0.00176	1.91513067739367	Q4
NFYC	0.00877	0.925806299816633	Q3
NGLY1	0.00397	1.3716615732278	Q3
NIBAN1	0.00193	0.21643174249146	Q2
NIBAN3	0.01149	0.38502782220486	Q2
NIF3L1	0.00461	1.68240986072284	Q4
NIFK	0.00095	8.05122613334128	Q5 - highly expressed
NIM1K	0.11765	0.0118014530566857	Q1 - lowly expressed
NIN	0.00484	1.62377707195413	Q4
NIPA1	0.09091	0.136747381882941	Q1 - lowly expressed
NIPA2	0.02059	1.51911762724678	Q4
NIPAL2	0.03974	0.113118334043066	Q1 - lowly expressed
NIPBL	0.00195	0.649401753105129	Q3
NIPSNAP3A	0.00274	1.63180042666724	Q4
NIPSNAP3B	0.16	0.139954884974385	Q1 - lowly expressed
NISCH	0.00929	1.09989993570759	Q3
NIT2	0.00573	5.96470011641039	Q5 - highly expressed
NKTR	0.05587	0.645612121192509	Q3
NLK	0.00455	0.129104722341247	Q1 - lowly expressed
NLN	0.00556	0.218785342444608	Q2
NLRC3	0.00512	0.410124481913433	Q2
NLRC5	0.00846	2.01754275289189	Q4
NLRP1	0.00778	0.263403338674346	Q2
NLRP2	0.00375	0.611016358182738	Q3
NMD3	0.00195	0.697259248661766	Q3
NME4	0.00196	5.02872263423856	Q5 - highly expressed
NME6	0.02525	1.17485744442625	Q3
NME7	0.00518	0.0704971027914528	Q1 - lowly expressed
NMNAT1	0.0119	0.159293532537179	Q1 - lowly expressed
NMRAL1	0.02206	0.852395642209541	Q3
NMRK1	0.01075	0.641542700028588	Q3
NMT1	0.00145	1.02414415681887	Q3
NMT2	0.01416	0.311403794495168	Q2
NNT	0.00378	1.27682217974783	Q3
NOA1	0.00248	2.93812131616763	Q4
NOB1	0.004	10.0720601818299	Q5 - highly expressed
NOC2L	0.03569	10.1887159862272	Q5 - highly expressed
NOC3L	0.00409	2.8478861800099	Q4
NOC4L	0.00235	4.90262015296739	Q5 - highly expressed
NOD1	0.08673	0.220514181379308	Q2
NOD2	0.01613	0.368869045416953	Q2
NOL10	0.00293	0.571300953331397	Q2
NOL11	0.00229	5.34331965401338	Q5 - highly expressed
NOL12	0.00943	1.96400433693667	Q4
NOL4L	0.00641	0.0437721753824543	Q1 - lowly expressed
NOL6	0.00101	5.29258119324395	Q5 - highly expressed
NOL8	0.00658	2.32768950667881	Q4
NOL9	0.00621	0.461890388350833	Q2
NOLC1	0.00093	14.501783412881	Q5 - highly expressed
NOM1	0.025	0.715640786384755	Q3
NOMO1	0.00073	1.91857191162377	Q4
NOMO2	0.00191	1.03137243267283	Q3
NOMO3	0.00109	1.51936226402309	Q4
NOP14	0.00252	5.97829358524865	Q5 - highly expressed
NOP16	0.00906	12.7063719702758	Q5 - highly expressed
NOP53	0.00087	43.1611135492477	Q5 - highly expressed
NOP56	0.04749	46.2010079016633	Q5 - highly expressed
NOP58	0.01429	6.58005547518009	Q5 - highly expressed
NOP9	0.01875	2.71478106439768	Q4
NOSIP	0.00377	1.73604641782543	Q4
NPAT	0.00641	0.4180896983446	Q2
NPC1	0.00146	0.603024312494971	Q2
NPEPL1	0.01942	0.616461247631166	Q3
NPEPPS	0.01162	1.64741476179849	Q4
NPHP3	0.06061	0.221790966871318	Q2
NPIPA1	0.43381	2.12486921936401	Q4
NPIPA5	0.00327	1.00167899040658	Q3
NPIPA8	0.24	0.151053315759449	Q1 - lowly expressed
NPIPA9	0.5	1.98613136208471	Q4
NPIPB12	0.17403	0.366749562114966	Q2
NPIPB13	0.14286	0.126240834951696	Q1 - lowly expressed
NPIPB2	0.00962	0.0761780123284998	Q1 - lowly expressed
NPIPB3	0.10956	0.56256216677228	Q2
NPIPB4	0.2492	0.431727122538426	Q2
NPIPB5	0.37587	0.908410219314803	Q3
NPLOC4	0.0033	1.02360383459266	Q3
NPM2	0.01835	0.342934417665136	Q2
NPM3	0.00662	47.8323360257292	Q5 - highly expressed
NPR2	0.0119	0.42952747266859	Q2
NPRL2	0.03207	12.6688506168353	Q5 - highly expressed
NPRL3	0.0036	1.01278286976881	Q3
NPTN	0.00469	0.58280928918571	Q2
NR2C1	0.02419	0.420522740328691	Q2
NR2C2	0.00629	0.134122527546324	Q1 - lowly expressed
NR3C1	0.01235	0.318840837200776	Q2
NRAS	0.00107	4.09529077457058	Q4
NRBF2	0.01901	0.721567556028218	Q3
NRBP1	0.00036	16.9998017746154	Q5 - highly expressed
NRDC	0.00125	5.69029481051944	Q5 - highly expressed
NRDE2	0.00702	0.189529637317818	Q1 - lowly expressed
NRF1	0.00549	0.109051220059853	Q1 - lowly expressed
NRG2	0.0303	0.0276946281530548	Q1 - lowly expressed
NRG4	0.33333	0.00871154170652157	Q1 - lowly expressed
NRM	0.09524	3.18457985314893	Q4
NRSN2	0.05	0.261735625760015	Q2
NSA2	0.00333	12.4748433613217	Q5 - highly expressed
NSD1	0.01	0.249623867628025	Q2
NSD2	0.01481	1.48209281009383	Q3
NSD3	0.00162	0.51582990460949	Q2
NSFL1C	0.00969	2.29564871425444	Q4
NSMAF	0.00333	1.40605029540571	Q3
NSMCE1	0.00261	1.99157931989179	Q4
NSMCE2	0.02051	0.0973512670874149	Q1 - lowly expressed
NSMCE4A	0.00567	3.81330249540013	Q4
NSMF	0.00104	6.16697328901369	Q5 - highly expressed
NSUN2	0.00548	5.58543862677789	Q5 - highly expressed
NSUN3	0.03425	0.101734380451639	Q1 - lowly expressed
NSUN4	0.03581	0.77448723921287	Q3
NSUN5	0.00714	6.86047712235027	Q5 - highly expressed
NSUN6	0.03125	0.174690279098516	Q1 - lowly expressed
NT5C2	0.03743	0.357463092213388	Q2
NT5C3A	0.00038	2.57183360269965	Q4
NT5C3B	0.03758	2.86985220810715	Q4
NT5DC1	0.00377	1.16965228175183	Q3
NT5DC2	0.0039	12.729619478629	Q5 - highly expressed
NT5DC4	0.10526	0.0353301407049679	Q1 - lowly expressed
NT5M	0.16923	0.0701574403975277	Q1 - lowly expressed
NTAN1	0.00508	3.9497489671673	Q4
NTAQ1	0.03097	0.238994522611009	Q2
NTHL1	0.00552	2.22685280258852	Q4
NTPCR	0.03162	0.869421844233854	Q3
NUB1	0.00876	2.60582649148769	Q4
NUBPL	0.01604	0.0266734643818495	Q1 - lowly expressed
NUCB1	0.00031	6.83956497064363	Q5 - highly expressed
NUCB2	0.00363	0.405503283168451	Q2
NUCKS1	0.0257	6.93580832290779	Q5 - highly expressed
NUDC	0.00468	4.51277972021216	Q5 - highly expressed
NUDCD2	0.01978	2.4229451303213	Q4
NUDCD3	0.04771	0.256518973381925	Q2
NUDT19	0.03333	0.204485248693689	Q1 - lowly expressed
NUDT21	0.00197	5.23867934802008	Q5 - highly expressed
NUDT22	0.00935	6.246235940199	Q5 - highly expressed
NUDT3	0.00478	0.38996060283769	Q2
NUDT4	0.00365	1.848860593186	Q4
NUDT5	0.00344	5.76437436065747	Q5 - highly expressed
NUDT9	0.01302	0.690036027936779	Q3
NUF2	0.00415	0.74795978279801	Q3
NUMA1	0.00131	2.27095309558769	Q4
NUMB	0.01035	0.295117618873374	Q2
NUP107	0.00162	3.05542780498552	Q4
NUP133	0.00191	1.48132188445597	Q3
NUP153	0.01149	1.22581797146705	Q3
NUP155	0.00262	1.46828391066057	Q3
NUP160	0.00277	2.00066773908556	Q4
NUP188	0.00348	3.8457404398453	Q4
NUP205	0.0012	3.09450413626319	Q4
NUP210	0.00519	3.56404057517885	Q4
NUP214	0.00274	0.952700069763709	Q3
NUP35	0.00465	0.543473438757566	Q2
NUP37	0.0024	2.14771302790604	Q4
NUP42	0.02367	1.42656070034793	Q3
NUP43	0.0122	1.23166305070414	Q3
NUP54	0.00584	1.3691664128829	Q3
NUP58	0.00142	1.18470305599265	Q3
NUP85	0.0117	3.93242563303273	Q4
NUP88	0.0029	2.39345393916828	Q4
NUP93	0.00079	1.47314465064899	Q3
NUP98	0.00381	0.978870825684708	Q3
NUS1	0.00189	1.28710511448513	Q3
NVL	0.00958	0.545170838447543	Q2
NXF1	0.00077	7.02552513987418	Q5 - highly expressed
NXPE3	0.01639	0.136388493265645	Q1 - lowly expressed
OAS2	0.00162	5.28917426137861	Q5 - highly expressed
OAZ1	4e-04	178.292105224227	Q5 - highly expressed
OAZ2	0.00656	1.88368937428588	Q4
OBI1	0.00885	0.218974664033514	Q2
OCIAD1	0.00176	2.759526862625	Q4
OCIAD2	0.02033	3.34094744115898	Q4
ODC1	0.00128	59.941926412546	Q5 - highly expressed
ODF2	0.00056	2.5133104931171	Q4
ODF3B	0.01974	4.98932610203892	Q5 - highly expressed
ODR4	0.05303	0.468082292578046	Q2
OGA	0.00832	3.79083006171219	Q4
OGDH	0.00043	1.86205881459312	Q4
OGFOD1	0.0012	2.56329444970721	Q4
OLA1	0.00198	1.52456320497956	Q4
OPA1	0.00181	1.6171995018368	Q4
OPN3	0.19737	0.0844718950561812	Q1 - lowly expressed
OPTN	0.00212	3.76523250242137	Q4
OR2B6	0.99999	0.141792629650723	Q1 - lowly expressed
OR2G6	0.99999	0.0240746443562926	Q1 - lowly expressed
OR2T2	1	0.0466537255152803	Q1 - lowly expressed
ORAI2	0.00667	0.354086589588994	Q2
ORAI3	0.22917	0.763250438502616	Q3
ORC1	0.00792	1.480325841546	Q3
ORC2	0.00296	0.916163400699104	Q3
ORC3	0.02226	0.984850048501208	Q3
ORC4	0.00501	0.810663571645004	Q3
ORC5	0.00548	0.54232594448729	Q2
ORC6	0.00219	4.45477199457629	Q5 - highly expressed
ORMDL1	0.00952	1.61288219755494	Q4
OS9	0.00211	6.08048860438213	Q5 - highly expressed
OSBP	0.0012	1.38906434647464	Q3
OSBPL11	0.004	0.274616876091122	Q2
OSBPL2	0.00298	0.45286003985083	Q2
OSBPL3	0.02228	0.363345731517446	Q2
OSBPL7	0.00505	1.15412830576696	Q3
OSBPL9	0.00202	1.29073695159692	Q3
OSER1	0.00649	1.04763498898698	Q3
OSGEP	0.01304	6.87738423142773	Q5 - highly expressed
OSGEPL1	0.0061	0.759426132812085	Q3
OSGIN2	0.0024	0.681192123692592	Q3
OSTC	0.00397	4.46870389966287	Q5 - highly expressed
OSTF1	0.00336	1.88985763849099	Q4
OSTM1	0.01005	0.0446907631337406	Q1 - lowly expressed
OTP	0.99999	0.011376046596409	Q1 - lowly expressed
OTUB1	0.00609	8.70486860890974	Q5 - highly expressed
OTUD3	0.06667	0.079969828300847	Q1 - lowly expressed
OTUD7B	0.00794	0.137899248293798	Q1 - lowly expressed
OTULIN	0.01887	0.501106432048822	Q2
OXA1L	0.00164	47.2749420496799	Q5 - highly expressed
OXCT1	0.00308	1.28269200373961	Q3
OXLD1	0.48	0.572354904535718	Q2
OXNAD1	0.01386	0.196701302405027	Q1 - lowly expressed
OXR1	0.00442	0.0773684435387992	Q1 - lowly expressed
OXSR1	0.00676	1.0697909502939	Q3
P2RX4	0.02007	1.28602626183686	Q3
P2RX5	0.02525	2.89125569497785	Q4
P2RX7	0.01554	0.123334253167394	Q1 - lowly expressed
P3H1	0.01022	1.71065340873375	Q4
P4HA1	0.00535	3.13902524934476	Q4
P4HB	0.00055	43.0674408630072	Q5 - highly expressed
P4HTM	0.00592	0.895800153166115	Q3
PA2G4	0.00011	81.9368071914117	Q5 - highly expressed
PAAF1	0.00767	0.939865433709097	Q3
PABPC1	0.00053	68.4755530117734	Q5 - highly expressed
PABPC1L	0.11443	0.271646467343313	Q2
PABPC4	0.00524	31.8066660886643	Q5 - highly expressed
PACC1	0.01681	0.28576079743808	Q2
PACRGL	0.02326	0.121679530651253	Q1 - lowly expressed
PACS1	0.00152	0.901150610875924	Q3
PACS2	0.00296	0.233521949880461	Q2
PAFAH1B1	0.00139	1.34421598137376	Q3
PAICS	0.00575	14.2787624583845	Q5 - highly expressed
PAIP1	0.00107	3.65175403250318	Q4
PAIP2	0.00098	3.05081087491981	Q4
PAK1	0.00323	1.36940053413417	Q3
PAK1IP1	0.00141	3.40595283372968	Q4
PAK2	0.00083	1.06227744584949	Q3
PALB2	0.00373	0.436865358168967	Q2
PALD1	0.00554	0.0997201534621724	Q1 - lowly expressed
PALM2AKAP2	0.2682	0.0282689024642454	Q1 - lowly expressed
PAM	0.00385	0.391401977886331	Q2
PAM16	0.01258	1.29443903204304	Q3
PAN2	0.01091	3.00153276016015	Q4
PAN3	0.02118	0.154566318269579	Q1 - lowly expressed
PANK1	0.11111	0.0707359032718835	Q1 - lowly expressed
PANK2	0.01209	0.825813427706147	Q3
PANK3	0.00242	0.533850679987964	Q2
PANK4	0.01485	2.1528413392769	Q4
PANX1	0.01923	0.107788775676492	Q1 - lowly expressed
PAOX	0.02069	0.62298430826817	Q3
PAPLN	0.03333	0.120750585890078	Q1 - lowly expressed
PAPOLA	0.00357	3.87420166716574	Q4
PAPOLG	0.00531	0.453395186605066	Q2
PAPSS1	0.00771	0.58516147236725	Q2
PAQR3	0.04687	0.0365057709922635	Q1 - lowly expressed
PARG	0.01565	0.263014589848907	Q2
PARK7	0.00155	12.5196536036052	Q5 - highly expressed
PARM1	0.02326	0.0459305222155926	Q1 - lowly expressed
PARN	0.00704	0.801321187142515	Q3
PARP1	8e-05	19.0954873622239	Q5 - highly expressed
PARP10	0.00119	1.54868980098667	Q4
PARP11	0.01042	0.088649741124818	Q1 - lowly expressed
PARP12	0.01765	0.73529209535126	Q3
PARP14	0.00902	2.02417780476211	Q4
PARP15	0.02326	0.489186256612315	Q2
PARP16	0.02222	0.131635003701824	Q1 - lowly expressed
PARP2	0.00602	5.83422735110982	Q5 - highly expressed
PARP4	0.00146	1.73316369976577	Q4
PARP6	0.00611	1.95552357248739	Q4
PARP8	0.00068	0.505488752248999	Q2
PARP9	0.0144	1.62824622044672	Q4
PARPBP	0.03951	0.19201014883395	Q1 - lowly expressed
PARVB	0.00261	1.9446989230884	Q4
PARVG	0.0025	2.51168649040895	Q4
PASK	0.00905	1.32809541751779	Q3
PATL1	0.01293	3.23896095913071	Q4
PAWR	0.01091	0.153137821895228	Q1 - lowly expressed
PAX5	0.03529	0.189690149105979	Q1 - lowly expressed
PAXBP1	0.03056	1.24132586311775	Q3
PAXIP1	0.01367	0.930011125518412	Q3
PAXX	0.01648	10.823680226046	Q5 - highly expressed
PBRM1	0.00088	0.385484670763338	Q2
PBX3	0.00228	0.170142084450772	Q1 - lowly expressed
PBX4	0.13636	0.0509582948696661	Q1 - lowly expressed
PCBD1	0.02696	7.45687977809225	Q5 - highly expressed
PCBD2	0.0375	0.0508855919125923	Q1 - lowly expressed
PCBP2	0.00699	50.6652132742461	Q5 - highly expressed
PCCB	0.00046	1.61437339384502	Q4
PCED1A	0.00901	3.88691817457929	Q4
PCF11	0.0034	1.60194010336034	Q4
PCGF1	0.01575	11.4016401678438	Q5 - highly expressed
PCGF3	0.00504	0.389568490511747	Q2
PCGF5	0.18066	0.326397185538253	Q2
PCGF6	0.00714	0.336695115292787	Q2
PCID2	0.00776	2.9956880452749	Q4
PCIF1	0.00565	4.36665808094607	Q5 - highly expressed
PCK2	0.00863	4.42066811036494	Q5 - highly expressed
PCLAF	0.00384	3.11487485656475	Q4
PCM1	0.00855	3.07647632376744	Q4
PCMT1	0.00197	1.52021867937502	Q4
PCMTD1	0.03093	0.111961342402937	Q1 - lowly expressed
PCNA	6e-04	35.1534119521008	Q5 - highly expressed
PCNP	0.00084	5.03650208902347	Q5 - highly expressed
PCNT	0.00518	0.482588014726892	Q2
PCNX1	0.00775	0.318574855761111	Q2
PCNX2	0.02878	0.0237152933099881	Q1 - lowly expressed
PCNX3	0.01515	2.19905568307037	Q4
PCNX4	0.01411	0.272607346145739	Q2
PCSK7	0.03402	2.16908047974905	Q4
PCYOX1L	0.01923	0.37421408049633	Q2
PCYT1A	0.00562	0.487592060029603	Q2
PCYT2	0.00196	6.88818889170864	Q5 - highly expressed
PDAP1	0.00111	10.4817705395153	Q5 - highly expressed
PDCD11	0.00287	3.66398546623546	Q4
PDCD1LG2	0.02985	0.105836212267234	Q1 - lowly expressed
PDCD2	0.00432	7.04582958262139	Q5 - highly expressed
PDCD4	0.00298	8.87926353515123	Q5 - highly expressed
PDCD6	0.00243	1.93129474134045	Q4
PDCD6IP	0.0044	1.83004537993721	Q4
PDCL	0.00714	0.350758435039847	Q2
PDE4A	0.00794	0.425608512275058	Q2
PDE4D	0.36585	0.00140728964196134	Q1 - lowly expressed
PDE4DIP	0.00165	0.0984437030422527	Q1 - lowly expressed
PDE6D	0.00625	0.461588034504909	Q2
PDE7A	0.01674	0.447962116506467	Q2
PDE8A	0.01049	0.306417010087202	Q2
PDGFA	0.00704	0.233328763463158	Q2
PDHX	0.00263	0.332886525224164	Q2
PDIA4	0.00035	8.87680467773906	Q5 - highly expressed
PDIA5	0.00792	0.354144620097527	Q2
PDIA6	0.00041	10.1364828528469	Q5 - highly expressed
PDK1	0.02149	1.14269595425857	Q3
PDLIM1	0.00199	6.76147985174735	Q5 - highly expressed
PDLIM5	0.04977	0.0930809292933672	Q1 - lowly expressed
PDLIM7	0.00226	1.79347611264675	Q4
PDPR	0.03125	0.36712609536754	Q2
PDRG1	0.00373	2.57045262130232	Q4
PDS5A	0.00453	1.19008458951401	Q3
PDS5B	0.00767	0.60343064788251	Q2
PDSS1	0.03256	0.537841904545733	Q2
PDSS2	0.01732	0.0314162238001641	Q1 - lowly expressed
PDXDC1	0.00219	1.16235298029862	Q3
PDXK	0.00154	2.80631229830157	Q4
PDZD8	0.02646	0.0651156108894643	Q1 - lowly expressed
PEA15	0.0042	6.93865401204256	Q5 - highly expressed
PEAK1	0.02632	0.0100083568934103	Q1 - lowly expressed
PEBP4	1	0.00179722671608605	Q1 - lowly expressed
PECR	0.00426	0.289714313217916	Q2
PEDS1-UBE2V1	0.03349	1.44018501353813	Q3
PEF1	0.01643	1.84957066039579	Q4
PELI1	0.01954	0.609317709766292	Q3
PELP1	0.00082	2.43459082867754	Q4
PEMT	0.00476	0.122572522378263	Q1 - lowly expressed
PER1	0.00238	1.99520278895049	Q4
PES1	0.00049	6.5200020571637	Q5 - highly expressed
PEX1	0.01212	0.5524998322259	Q2
PEX10	0.01282	0.682261149823512	Q3
PEX13	0.01282	0.222648290972374	Q2
PEX14	0.01471	0.136451737611341	Q1 - lowly expressed
PEX16	0.00221	5.27062050429387	Q5 - highly expressed
PEX19	0.00461	3.84670626819407	Q4
PEX26	0.01613	0.710702184425013	Q3
PEX3	0.00292	1.2880737916888	Q3
PEX6	0.00325	3.16847731818643	Q4
PEX7	0.0137	0.157242298953034	Q1 - lowly expressed
PFAS	0.00285	3.66450203196847	Q4
PFDN2	0.0042	4.61258793301805	Q5 - highly expressed
PFDN6	0.0094	12.0594175350088	Q5 - highly expressed
PFKFB4	0.02236	2.5517829529727	Q4
PFKL	0.00482	15.8893586305321	Q5 - highly expressed
PFKM	0.00084	5.37241407781898	Q5 - highly expressed
PFKP	0.00165	7.23653625453307	Q5 - highly expressed
PFN1	0.00026	386.037519395421	Q5 - highly expressed
PGAM1	0.00018	50.2390973146238	Q5 - highly expressed
PGAP6	0.002	2.25735396676212	Q4
PGBD1	0.01639	0.15392755526394	Q1 - lowly expressed
PGGT1B	0.0132	0.322756459521909	Q2
PGLS	0.00816	6.03777230073391	Q5 - highly expressed
PGLYRP4	0.2	0.0408511518551819	Q1 - lowly expressed
PGM1	0.00157	2.01052438051693	Q4
PGM2	0.0011	1.79032467144938	Q4
PGM3	0.00599	0.612282799215873	Q3
PGP	0.02299	1.41344590832924	Q3
PGPEP1	0.01899	0.27304188324601	Q2
PGS1	0.00686	0.487535408127339	Q2
PHACTR4	0.01128	0.179123724424991	Q1 - lowly expressed
PHAF1	0.00327	0.561931414527827	Q2
PHB2	0.00076	116.113897606142	Q5 - highly expressed
PHC1	0.01176	0.269702530104491	Q2
PHC2	0.04412	0.12946661685404	Q1 - lowly expressed
PHC3	0.02033	0.236475546640981	Q2
PHF1	0.00122	7.68896175945961	Q5 - highly expressed
PHF10	0.0029	1.86244624938478	Q4
PHF11	0.02615	2.6966657159067	Q4
PHF12	0.01372	0.951439980850466	Q3
PHF14	0.00738	0.277938553581644	Q2
PHF19	0.01123	2.28504332961344	Q4
PHF2	0.01154	0.195668688375397	Q1 - lowly expressed
PHF20	0.01697	0.256427656283401	Q2
PHF20L1	0.00517	0.332720285640848	Q2
PHF21A	0.00804	0.407293493609111	Q2
PHF3	0.00321	0.238873311455265	Q2
PHF5A	0.00607	3.1580376600565	Q4
PHF7	0.0339	0.331936279269391	Q2
PHGDH	0.00253	0.910367977588848	Q3
PHIP	0.00443	0.402767706542574	Q2
PHKB	0.00293	0.390064085840969	Q2
PHKG2	0.0107	2.64549211845501	Q4
PHPT1	0.00849	25.090590154239	Q5 - highly expressed
PHRF1	0.00804	1.33974136032561	Q3
PHTF1	0.06557	0.71432377430959	Q3
PHTF2	0.00571	0.253557119322995	Q2
PHYKPL	0.03106	1.57975580000105	Q4
PI4K2B	0.00694	0.663557520476847	Q3
PI4KA	0.00298	1.23387130217674	Q3
PIAS1	0.01201	0.344505715504683	Q2
PIAS2	0.01411	0.332145741667041	Q2
PIAS3	0.00521	1.61842682263916	Q4
PIBF1	0.01542	0.135205195962221	Q1 - lowly expressed
PICALM	0.00163	0.646455090707342	Q3
PICK1	0.00565	0.875948576733984	Q3
PIDD1	0.02556	2.3023367198331	Q4
PIEZO1	0.00218	1.51074181337983	Q4
PIEZO2	0.01308	0.124210842142902	Q1 - lowly expressed
PIF1	0.07025	2.58551224221635	Q4
PIGB	0.03869	0.453967787296204	Q2
PIGC	0.11111	0.0187921890842078	Q1 - lowly expressed
PIGF	0.04389	0.628331266568156	Q3
PIGG	0.04361	0.44009605834584	Q2
PIGH	0.0303	0.309059907930876	Q2
PIGL	0.06452	0.0447513251016852	Q1 - lowly expressed
PIGO	0.00524	2.08039673332815	Q4
PIGP	0.00712	2.08589113300739	Q4
PIGT	0.00388	1.22061690791571	Q3
PIGU	0.0069	0.302306288621003	Q2
PIGX	0.06161	0.24989541923195	Q2
PIGZ	0.125	0.0113725348455694	Q1 - lowly expressed
PIH1D1	0.00828	15.7309755963037	Q5 - highly expressed
PIK3AP1	0.0213	1.18632067577976	Q3
PIK3C2A	0.003	0.227249023925101	Q2
PIK3C2B	0.00409	0.707902989079506	Q3
PIK3C3	0.00181	0.58991279490983	Q2
PIK3CD	0.00886	1.84681166987501	Q4
PIK3R6	0.03654	3.6627218678262	Q4
PIKFYVE	0.00423	0.514230137921824	Q2
PILRB	0.0105	1.64742241055325	Q4
PIN1	0.01923	2.72726147282453	Q4
PINLYP	0.00741	0.775687623992982	Q3
PINX1	0.00505	0.218809170783742	Q2
PIP4K2A	0.00618	0.499352294091001	Q2
PIP4K2B	0.02	0.819426483618169	Q3
PIP4K2C	0.00386	1.35275949852255	Q3
PIP4P2	0.0049	0.412356834335179	Q2
PIP5K1A	0.0057	1.36397195814073	Q3
PIP5K1C	0.01111	0.283541343887354	Q2
PISD	0.00787	0.686812029745022	Q3
PITPNB	0.00267	1.3772355459295	Q3
PITPNM1	0.01075	4.12526250278717	Q4
PITRM1	0.00053	3.43850647314371	Q4
PJA2	0.00094	0.79306824575925	Q3
PKD1	0.02041	0.554218138778172	Q2
PKD2	0.00862	0.135421585566312	Q1 - lowly expressed
PKHD1L1	0.07018	0.0480602949696249	Q1 - lowly expressed
PKIA	0.01316	0.0412813341104858	Q1 - lowly expressed
PKIB	0.08333	0.00184292475579741	Q1 - lowly expressed
PKM	0.00012	104.087555558018	Q5 - highly expressed
PKN1	0.00077	7.16696184091081	Q5 - highly expressed
PKN2	0.00251	0.130630781599829	Q1 - lowly expressed
PKN3	0.00552	1.76047837109854	Q4
PKNOX1	0.00279	0.188712125500411	Q1 - lowly expressed
PKP4	0.04211	0.171733134063613	Q1 - lowly expressed
PLA1A	0.01766	1.53921964174025	Q4
PLA2G12A	0.01429	0.25266092762138	Q2
PLA2G4C	0.00909	0.164552454990797	Q1 - lowly expressed
PLA2G6	0.09091	0.138617072566649	Q1 - lowly expressed
PLAA	0.00216	1.35911945169928	Q3
PLCB2	0.00528	1.65907588980315	Q4
PLCB3	0.00248	1.57008142653662	Q4
PLCG1	0.00449	2.03879314257386	Q4
PLCG2	0.00151	3.06993688620286	Q4
PLCL2	0.01136	0.0454717816595798	Q1 - lowly expressed
PLD1	0.00853	0.214951307609225	Q2
PLD2	0.00463	1.04298509125909	Q3
PLEK	0.00228	10.3666089668434	Q5 - highly expressed
PLEKHA2	0.00347	0.909757261553667	Q3
PLEKHA3	0.03797	0.314947489430635	Q2
PLEKHA4	0.09677	0.19906330096507	Q1 - lowly expressed
PLEKHA8	0.01183	0.133190756755754	Q1 - lowly expressed
PLEKHB2	0.00398	0.128483679036051	Q1 - lowly expressed
PLEKHG2	0.00519	1.80753216008243	Q4
PLEKHG7	0.04762	0.0313844188560736	Q1 - lowly expressed
PLEKHH3	0.02469	2.7325233514473	Q4
PLEKHM1	0.01342	0.204156906884544	Q1 - lowly expressed
PLEKHM2	0.00597	1.77885834798054	Q4
PLEKHO1	0.01081	5.76401233400265	Q5 - highly expressed
PLGLB2	0.42857	0.0428325933161041	Q1 - lowly expressed
PLGRKT	0.05368	0.500611453833481	Q2
PLIN2	0.00953	2.06511787587113	Q4
PLK1	0.00576	9.70161057751904	Q5 - highly expressed
PLK3	0.01773	3.49888440232252	Q4
PLK4	0.0037	2.3986816462002	Q4
PLLP	0.33333	0.00740411286245877	Q1 - lowly expressed
PLOD1	0.00134	3.23548968469606	Q4
PLOD3	0.00483	3.93819973140614	Q4
PLPBP	0.00873	2.67638218310771	Q4
PLPP5	0.01813	3.28768177443412	Q4
PLRG1	0.0013	8.24129845375156	Q5 - highly expressed
PLSCR1	0.00588	2.04779534570544	Q4
PLXNB1	0.01333	0.494878242489582	Q2
PLXNB2	0.00341	6.27450225522102	Q5 - highly expressed
PLXNC1	0.00979	0.284538872436487	Q2
PM20D2	0.01907	0.61107380827927	Q3
PMAIP1	0.0036	3.31896586131222	Q4
PML	0.00416	0.803233509018901	Q3
PMM1	0.0105	2.60475052797842	Q4
PMM2	0.03825	0.468573636987509	Q2
PMPCB	0.00426	5.73991849038562	Q5 - highly expressed
PMS1	0.00826	0.360315598534307	Q2
PMS2	0.00183	0.825954424179428	Q3
PMVK	0.02781	5.69378483568004	Q5 - highly expressed
PNISR	0.03512	3.92477758147313	Q4
PNKP	0.01357	2.5062645599173	Q4
PNO1	0.00648	1.81596236784533	Q4
PNPLA6	0.00045	4.25300134579498	Q4
PNPLA8	0.00563	0.261359854680293	Q2
PNPO	0.00855	2.55379587727	Q4
PNPT1	0.00398	2.73871600863725	Q4
PNRC1	0.06122	1.21956596128721	Q3
PNRC2	0.00262	5.03313769798952	Q5 - highly expressed
POC1A	0.00786	0.396797304340801	Q2
POC1B	0.00855	0.119513517310507	Q1 - lowly expressed
POC5	0.01024	0.540988052186262	Q2
POFUT1	0.00545	0.47384633570529	Q2
POFUT2	0.00334	0.387614894987632	Q2
POGK	0.00816	0.688636394302328	Q3
POGLUT1	0.02703	0.72999993047251	Q3
POGZ	0.0023	0.86480537316247	Q3
POLA2	0.00161	2.96490426215193	Q4
POLB	0.0019	1.97483231353998	Q4
POLD1	0.0029	4.0212617177279	Q4
POLD2	0.00202	21.3535194107119	Q5 - highly expressed
POLD3	0.00247	0.196979907532449	Q1 - lowly expressed
POLDIP2	0.00119	15.6788297669321	Q5 - highly expressed
POLDIP3	0.01582	1.52243852179821	Q4
POLE	0.00414	1.74108576418686	Q4
POLE2	0.01439	0.763502565199548	Q3
POLE4	0.00237	2.96732512288818	Q4
POLG	0.01852	3.17105906872676	Q4
POLG2	0.10326	0.777181998826562	Q3
POLH	0.0064	1.04131459593388	Q3
POLI	0.02128	0.178878948329636	Q1 - lowly expressed
POLK	0.01327	0.314395572380158	Q2
POLL	0.00649	2.01065806872827	Q4
POLM	0.008	1.5317364422264	Q4
POLQ	0.03641	0.295388063342982	Q2
POLR1A	0.00189	0.735366344150947	Q3
POLR1B	0.00525	1.17182659745315	Q3
POLR1C	0.00427	1.05449380356809	Q3
POLR1D	0.00174	0.381610509085877	Q2
POLR1E	0.00169	4.28769585491696	Q4
POLR2A	2e-04	6.92420164963927	Q5 - highly expressed
POLR2B	0.00094	4.70053200463983	Q5 - highly expressed
POLR2D	0.00683	1.33829895127623	Q3
POLR2E	0.00048	25.0827857822032	Q5 - highly expressed
POLR2G	0.00294	36.8380389936933	Q5 - highly expressed
POLR2H	0.00172	11.9620084561782	Q5 - highly expressed
POLR2J	0.06466	13.3654254840037	Q5 - highly expressed
POLR2J3	0.05198	0.874416811642694	Q3
POLR3C	0.00226	3.20804662790591	Q4
POLR3D	0.00542	3.07490518525671	Q4
POLR3E	0.00334	1.75433673930282	Q4
POLR3F	0.00613	0.644192636596315	Q3
POLR3G	0.01172	0.338798251486136	Q2
POLR3GL	0.00236	3.31929635431928	Q4
POLR3H	0.01587	0.924983217395887	Q3
POLR3K	0.00169	4.74459373338489	Q5 - highly expressed
POLRMT	0.00433	2.54317475075306	Q4
POM121	0.03252	0.792430262223222	Q3
POM121C	0.00919	0.721721731576148	Q3
POMP	0.00017	18.1688543322425	Q5 - highly expressed
POMT1	0.00317	0.727248490343012	Q3
POMZP3	0.02885	0.619209013476118	Q3
POP1	0.00192	0.990755707845335	Q3
POP5	0.0106	11.3805750472056	Q5 - highly expressed
POPDC2	0.43478	0.0650592432174494	Q1 - lowly expressed
POT1	0.01009	0.507001960327505	Q2
POU2AF1	0.03582	1.24800037964368	Q3
POU2F3	0.08642	0.0560050455923476	Q1 - lowly expressed
POU6F1	0.09091	0.0585831813865821	Q1 - lowly expressed
PPA1	0.00076	22.132636061575	Q5 - highly expressed
PPA2	0.00602	1.73475037372435	Q4
PPAN-P2RY11	0.0023	15.1995784000424	Q5 - highly expressed
PPARA	0.04065	0.0527492635751978	Q1 - lowly expressed
PPARD	0.03497	0.115932777375246	Q1 - lowly expressed
PPAT	0.00669	0.944848892496533	Q3
PPCS	0.03738	0.814336702638911	Q3
PPDPF	0.01044	59.4620919722235	Q5 - highly expressed
PPFIA1	0.00792	0.324624212870394	Q2
PPFIA4	0.0122	0.346862867264893	Q2
PPFIBP2	0.00251	0.52713828290295	Q2
PPHLN1	0.00275	0.479496457224967	Q2
PPIA	0.00182	65.7631638947585	Q5 - highly expressed
PPIB	0.00037	61.5877219167095	Q5 - highly expressed
PPID	0.00404	6.2210517745975	Q5 - highly expressed
PPIE	0.01382	1.51713630375862	Q4
PPIF	0.00095	9.73317491953789	Q5 - highly expressed
PPIG	0.00426	1.2821462856355	Q3
PPIH	0.00488	8.59642314947521	Q5 - highly expressed
PPIL2	0.00198	1.94053520682584	Q4
PPIL3	0.0212	2.361795711253	Q4
PPIL4	0.00178	0.944680859247252	Q3
PPIP5K1	0.00909	0.327412894726871	Q2
PPIP5K2	0.00334	0.754145627981488	Q3
PPM1A	0.0069	0.73384473303139	Q3
PPM1B	0.00588	0.33878324236799	Q2
PPM1D	0.00763	0.136973684012033	Q1 - lowly expressed
PPM1G	0.00609	8.05952988507382	Q5 - highly expressed
PPM1K	0.00984	0.738286578984389	Q3
PPME1	0.00081	1.15360927215942	Q3
PPOX	0.02692	1.41608046940467	Q3
PPP1CA	0.00025	11.5826988371824	Q5 - highly expressed
PPP1CB	0.00531	1.62952625693472	Q4
PPP1CC	0.00273	7.06202455997376	Q5 - highly expressed
PPP1R10	0.00241	4.0241785571179	Q4
PPP1R11	0.00444	3.75219371595768	Q4
PPP1R12A	0.00093	0.616203151858681	Q3
PPP1R12B	0.03226	0.0143681802923498	Q1 - lowly expressed
PPP1R12C	0.00093	2.74135271258915	Q4
PPP1R13B	0.01124	0.0633803851134021	Q1 - lowly expressed
PPP1R15B	0.02752	0.284479932003362	Q2
PPP1R16B	0.00342	0.594618048085146	Q2
PPP1R18	0.00685	1.95180530092825	Q4
PPP1R2	0.00551	1.78563416878578	Q4
PPP1R21	0.01192	0.968322278750926	Q3
PPP1R26	0.06	0.111675885137669	Q1 - lowly expressed
PPP1R35	0.06173	6.67647189520381	Q5 - highly expressed
PPP1R42	0.01062	0.591683905533088	Q2
PPP1R7	0.00048	5.42997603336891	Q5 - highly expressed
PPP1R9B	0.00257	7.7931450710252	Q5 - highly expressed
PPP2R1A	0.00012	7.5571687992697	Q5 - highly expressed
PPP2R2D	0.02768	0.522206919420486	Q2
PPP2R3C	0.00728	1.9647969840025	Q4
PPP2R5A	0.00565	1.15251090690926	Q3
PPP2R5C	0.00744	0.926143033153097	Q3
PPP3CB	0.00562	1.35645918200691	Q3
PPP3CC	0.00826	0.694833323459232	Q3
PPP3R1	0.0016	0.387660210672265	Q2
PPP4C	0.00191	15.4475916481801	Q5 - highly expressed
PPP4R1	0.02308	0.58909504486356	Q2
PPP4R2	0.00331	0.541111546477829	Q2
PPP4R3A	0.02812	1.89832227075339	Q4
PPP4R3B	0.01888	1.39967853354178	Q3
PPP5C	0.00398	2.74724034533358	Q4
PPP6C	0.00373	1.76314876830995	Q4
PPP6R1	0.00175	11.0171401417645	Q5 - highly expressed
PPP6R2	0.0042	0.875970079591752	Q3
PPP6R3	0.00575	0.788785890361011	Q3
PPRC1	0.00937	2.57633141481212	Q4
PPT2	0.01613	0.456795551961965	Q2
PPTC7	0.01119	0.291505427561243	Q2
PPWD1	0.00434	1.98727022843785	Q4
PRAG1	0.00794	0.132503659910016	Q1 - lowly expressed
PRC1	0.00423	3.82952664461795	Q4
PRCC	0.00355	1.27159492371668	Q3
PRCD	0.99999	0.00329353888837084	Q1 - lowly expressed
PRDM1	0.02358	0.134925958204414	Q1 - lowly expressed
PRDM15	0.04073	0.177032023004208	Q1 - lowly expressed
PRDM4	0.00415	0.588103971914448	Q2
PRDX3	0.00283	15.8648350046169	Q5 - highly expressed
PRDX5	0.00899	72.4039092700155	Q5 - highly expressed
PRDX6	0.00145	10.7950426633292	Q5 - highly expressed
PREB	0.00291	16.2164705979583	Q5 - highly expressed
PRELID1	0.00365	75.6666104777431	Q5 - highly expressed
PRELID3B	0.005	7.8127950569613	Q5 - highly expressed
PREP	0.00311	0.380660311623852	Q2
PREPL	0.0109	0.909654105706745	Q3
PREX1	0.00163	1.39031168905154	Q3
PRH1	0.22222	0.00792693380187458	Q1 - lowly expressed
PRIM1	0.00134	2.7917416890707	Q4
PRIM2	0.0031	0.126669598886155	Q1 - lowly expressed
PRIMPOL	0.01099	0.41290354877927	Q2
PRKAA1	0.00254	0.540876850465089	Q2
PRKAB1	0.01126	1.86817143002433	Q4
PRKAB2	0.08696	0.162124330867595	Q1 - lowly expressed
PRKAR1B	0.01376	0.12758171649294	Q1 - lowly expressed
PRKCB	0.00106	0.589650751935176	Q2
PRKCD	0.00048	6.10245053948613	Q5 - highly expressed
PRKCE	0.05882	0.0139080223773666	Q1 - lowly expressed
PRKCSH	0.0015	25.6254565288933	Q5 - highly expressed
PRKD2	0.00069	2.48869554352334	Q4
PRKD3	0.00442	0.490199842641426	Q2
PRKDC	0.0024	2.73509722560843	Q4
PRKRIP1	0.12883	0.593171701666225	Q2
PRMT1	0.00097	39.441879548499	Q5 - highly expressed
PRMT2	0.00129	1.64957702608747	Q4
PRMT3	0.00134	0.291096919414384	Q2
PRMT7	0.02092	1.04735393631068	Q3
PRMT9	0.0087	0.213944263993637	Q2
PROSER1	0.00687	1.94528856978552	Q4
PRPF18	0.01595	0.422109276689662	Q2
PRPF3	0.0314	2.55470117948571	Q4
PRPF31	0.00045	7.95732257015721	Q5 - highly expressed
PRPF38A	0.00823	6.87206331796289	Q5 - highly expressed
PRPF38B	0.06575	2.27468900688235	Q4
PRPF39	0.09169	1.58617131544373	Q4
PRPF4	0.00284	4.1739536048525	Q4
PRPF40A	0.00304	4.39138340912377	Q5 - highly expressed
PRPF4B	0.13214	1.74967566744747	Q4
PRPF6	0.00141	5.47363605819785	Q5 - highly expressed
PRPF8	0.00063	20.1975814713159	Q5 - highly expressed
PRPSAP2	0.00352	1.25342714283268	Q3
PRR14	0.00844	8.59616357305074	Q5 - highly expressed
PRR14L	0.01439	0.0933190663042481	Q1 - lowly expressed
PRR3	0.2069	1.20973632106952	Q3
PRRC2A	0.00214	25.7897582465291	Q5 - highly expressed
PRRC2B	0.01125	0.998066319359618	Q3
PRRC2C	0.00392	2.32127847736224	Q4
PRRT3	0.04255	0.317498220339681	Q2
PRSS16	0.05	0.17700395023082	Q1 - lowly expressed
PRSS51	0.44898	0.00583075184471393	Q1 - lowly expressed
PRSS53	0.03704	0.248407360726446	Q2
PRXL2B	0.00619	1.99920841604874	Q4
PSAP	0.00038	11.5620156448121	Q5 - highly expressed
PSD4	0.00239	2.58973473407704	Q4
PSEN2	0.01546	0.144882673724078	Q1 - lowly expressed
PSIP1	0.00286	11.0791521811563	Q5 - highly expressed
PSMA1	0.00212	2.73387725947888	Q4
PSMA3	0.00326	14.496082951458	Q5 - highly expressed
PSMA5	0.0011	13.6618390095035	Q5 - highly expressed
PSMB1	0.00091	14.6668159228856	Q5 - highly expressed
PSMB10	0.0029	96.5842409258861	Q5 - highly expressed
PSMB2	0.00126	6.53444616208182	Q5 - highly expressed
PSMB3	0.00839	19.5897806945678	Q5 - highly expressed
PSMB4	8e-04	178.192070522468	Q5 - highly expressed
PSMB7	0.00376	4.0196229003693	Q4
PSMB8	0.00071	63.5688683835263	Q5 - highly expressed
PSMB9	0.01234	20.5721535117192	Q5 - highly expressed
PSMC3	0.00571	37.6595119745162	Q5 - highly expressed
PSMC5	0.00083	64.1773909449881	Q5 - highly expressed
PSMC6	0.0069	8.52204294829087	Q5 - highly expressed
PSMD1	6e-04	2.38865055078633	Q4
PSMD11	0.00031	5.53403038869791	Q5 - highly expressed
PSMD12	0.00088	3.17156427377973	Q4
PSMD13	0.00106	18.9879130131797	Q5 - highly expressed
PSMD14	0.00118	2.27068819410373	Q4
PSMD2	0.00048	40.1165830285633	Q5 - highly expressed
PSMD3	0.00057	15.5394247465813	Q5 - highly expressed
PSMD4	0.00099	22.7034991680843	Q5 - highly expressed
PSMD5	0.00312	0.875775070311243	Q3
PSMD6	0.00092	9.11456734702271	Q5 - highly expressed
PSMD7	0.00155	14.2651525337864	Q5 - highly expressed
PSMD8	0.00024	26.4449934291025	Q5 - highly expressed
PSME1	0.00093	361.162580233718	Q5 - highly expressed
PSME2	0.00039	255.330532131935	Q5 - highly expressed
PSME4	0.00397	1.62225532599014	Q4
PSMF1	0.00358	1.16183290653185	Q3
PSMG1	0.00549	8.53733941336329	Q5 - highly expressed
PSMG2	0.00202	1.29190713034006	Q3
PSPC1	0.07288	0.765131154144519	Q3
PSPH	0.0241	0.567972628909981	Q2
PSTPIP1	0.00486	0.467977933999167	Q2
PSTPIP2	0.00429	0.26728667277714	Q2
PTAR1	0.01852	0.0762017042061737	Q1 - lowly expressed
PTBP2	0.07143	0.0858216731052961	Q1 - lowly expressed
PTBP3	0.00117	0.663650392980092	Q3
PTCD1	0.00139	3.33177037151725	Q4
PTCD2	0.01333	0.217736224953066	Q2
PTCD3	0.00978	4.73614867641089	Q5 - highly expressed
PTDSS1	3e-04	2.32406507258257	Q4
PTDSS2	0.03226	0.373824320441307	Q2
PTEN	0.01695	1.83554376310768	Q4
PTGES2	0.00155	7.32474007307808	Q5 - highly expressed
PTGES3	0.00134	17.6257892192978	Q5 - highly expressed
PTGES3L-AARSD1	0.04724	2.00820456857163	Q4
PTGR1	0.02768	0.394353767601426	Q2
PTGR2	0.02825	0.320830298468361	Q2
PTK2B	0.0026	5.02670614489843	Q5 - highly expressed
PTMA	2e-04	337.041095011438	Q5 - highly expressed
PTMS	0.00062	16.5034400951946	Q5 - highly expressed
PTP4A2	0.01074	4.51966585678741	Q5 - highly expressed
PTP4A3	0.02446	0.928510369881448	Q3
PTPN1	0.00074	1.24728627916346	Q3
PTPN11	0.00113	0.834030541578507	Q3
PTPN12	0.00403	0.622195290136726	Q3
PTPN18	0.01111	0.38833366514077	Q2
PTPN2	0.00721	0.4340670304043	Q2
PTPN22	0.01096	1.33316989514958	Q3
PTPN23	0.0018	1.29421882605361	Q3
PTPN4	0.01481	0.0820298634256193	Q1 - lowly expressed
PTPN6	0.00491	56.4332062362297	Q5 - highly expressed
PTPN7	0.00428	4.43399577591675	Q5 - highly expressed
PTPN9	0.00243	0.303858390907445	Q2
PTPRA	0.00471	0.82027771769557	Q3
PTPRC	0.00035	2.94522665334723	Q4
PTPRK	0.00782	0.01923172437788	Q1 - lowly expressed
PTPRS	0.00441	0.0601890342975466	Q1 - lowly expressed
PTRHD1	0.00658	2.86564801594489	Q4
PTS	0.01266	0.248465958930345	Q2
PUM1	0.00725	0.48418789742176	Q2
PUM2	0.00897	1.16830681162224	Q3
PUM3	0.00171	0.802424825343696	Q3
PUS1	0.00952	1.09932740799952	Q3
PUS3	0.03333	0.388147301485695	Q2
PUS7	0.00752	0.418757456327435	Q2
PUS7L	0.00971	0.218213991927876	Q2
PWP2	0.00134	1.63407793761619	Q4
PWWP2A	0.30769	0.0425923308848283	Q1 - lowly expressed
PWWP3A	0.03828	1.42358319706477	Q3
PXMP2	0.01141	0.869356921757439	Q3
PXN	0.00704	0.312921569771517	Q2
PYCR1	0.00295	5.52764098847627	Q5 - highly expressed
PYGB	0.00125	1.07390949560846	Q3
PYGO2	0.02041	0.81127052488096	Q3
PYM1	0.01418	0.353287155952023	Q2
PYROXD1	0.01961	0.61171021430536	Q3
PYROXD2	0.14286	0.0751388835529399	Q1 - lowly expressed
QARS1	0.00179	70.5708184296764	Q5 - highly expressed
QKI	0.0068	0.141414208622003	Q1 - lowly expressed
QPCTL	0.00943	1.95924793736803	Q4
QPRT	0.01905	0.846325086300751	Q3
QRSL1	0.00579	0.800706458873674	Q3
QSER1	0.00571	0.128259999702953	Q1 - lowly expressed
QSOX2	0.0198	0.411773402032951	Q2
QTRT1	0.00792	5.00665312919437	Q5 - highly expressed
QTRT2	0.00467	0.161040768676734	Q1 - lowly expressed
R3HDM1	0.00814	0.560037856351367	Q2
R3HDM2	0.01014	0.291320761879899	Q2
R3HDM4	0.01948	2.51677713174747	Q4
RAB10	0.01133	0.656889471928234	Q3
RAB11FIP3	0.0315	0.169513467098226	Q1 - lowly expressed
RAB12	0.00312	0.516516840015662	Q2
RAB1A	0.0033	1.91630754475577	Q4
RAB1B	0.00069	14.8815835589855	Q5 - highly expressed
RAB21	0.00094	1.21156590467769	Q3
RAB22A	0.0093	0.264410883553256	Q2
RAB24	0.00123	20.9270342617	Q5 - highly expressed
RAB28	0.00292	0.166516540765131	Q1 - lowly expressed
RAB2A	0.00069	0.684763798161729	Q3
RAB2B	0.01293	1.0491795128416	Q3
RAB35	0.0019	2.0871329270178	Q4
RAB38	0.01739	0.0674270356448951	Q1 - lowly expressed
RAB3GAP1	0.0016	0.823564423444266	Q3
RAB3GAP2	0.00075	0.806610987225985	Q3
RAB4A	0.00169	1.31665466342057	Q3
RAB4B	0.00587	2.18034332670921	Q4
RAB5A	0.01594	0.537010234532483	Q2
RAB8A	0.00221	7.16069875836675	Q5 - highly expressed
RAB8B	0.0075	0.624104648176225	Q3
RABEP1	0.00748	1.10777806867387	Q3
RABEP2	0.00671	0.986461083976328	Q3
RABEPK	0.01449	1.21974933483164	Q3
RABGAP1	0.00754	0.322801770397414	Q2
RABGAP1L	0.00784	0.194362775150421	Q1 - lowly expressed
RABGEF1	0.04472	0.270195114094144	Q2
RABGGTA	0.00121	11.7538210939603	Q5 - highly expressed
RABGGTB	0.08401	14.1210295360936	Q5 - highly expressed
RABL2A	0.0198	0.482615282463875	Q2
RABL3	0.00661	0.381775602428499	Q2
RABL6	0.00152	3.75940845767468	Q4
RAC1	0.00079	3.92029552730445	Q4
RAC2	0.00104	15.7131241381527	Q5 - highly expressed
RAD1	0.06667	1.13992827669128	Q3
RAD17	0.00248	1.39151314939403	Q3
RAD23A	0.00495	22.2276755890424	Q5 - highly expressed
RAD23B	0.00027	4.50127965414963	Q5 - highly expressed
RAD51	0.00636	1.30628879486385	Q3
RAD51AP1	0.0274	1.42961305861775	Q3
RAD51B	0.07292	0.0107121783863255	Q1 - lowly expressed
RAD51C	0.014	1.28758415960519	Q3
RAD52	0.05455	0.0619245305998099	Q1 - lowly expressed
RAD54B	0.01857	0.406146354374981	Q2
RAD54L	0.00404	1.69051130579277	Q4
RAD9A	0.05896	0.26716614937591	Q2
RAE1	0.00195	2.28758996065561	Q4
RAF1	0.00403	1.7350799972298	Q4
RAI1	0.03125	0.0518528945788438	Q1 - lowly expressed
RALA	0.00284	0.512607349606492	Q2
RALB	0.00611	0.552223313273931	Q2
RALGAPA1	0.00321	0.117493021712097	Q1 - lowly expressed
RALGAPA2	0.00104	0.09234493254294	Q1 - lowly expressed
RALGAPB	0.00062	0.483071166247706	Q2
RALGDS	0.01635	1.13549319009	Q3
RALGPS1	0.01087	0.0155201011829543	Q1 - lowly expressed
RALGPS2	0.00739	0.0897834053592619	Q1 - lowly expressed
RALY	0.00032	2.4051704785309	Q4
RAMP1	0.375	0.00465037109072868	Q1 - lowly expressed
RANBP1	0.00064	24.1840590854114	Q5 - highly expressed
RANBP10	0.01667	0.230336349756613	Q2
RANBP3	0.00109	1.63258496758071	Q4
RANBP9	0.00568	0.793885760858114	Q3
RANGAP1	0.00106	3.95685105798404	Q4
RANGRF	0.00293	22.0760052587887	Q5 - highly expressed
RAP1A	0.0108	1.75050921457939	Q4
RAP1GDS1	0.00413	0.28263438202617	Q2
RAPGEF1	0.01013	1.08873915934653	Q3
RAPGEF6	0.00207	0.114253534113581	Q1 - lowly expressed
RARA	0.00407	1.17177429848584	Q3
RARS1	0.00057	5.42494015450665	Q5 - highly expressed
RARS2	0.00087	1.05902694023731	Q3
RASA1	0.00388	0.586659703718351	Q2
RASA2	0.00957	0.161633979297044	Q1 - lowly expressed
RASA3	0.00226	0.278768581601114	Q2
RASA4	0.02116	1.48491309843947	Q4
RASA4B	0.05842	0.66860060266823	Q3
RASAL3	0.00917	8.47681485085604	Q5 - highly expressed
RASGRF1	0.03571	0.0239252170995142	Q1 - lowly expressed
RASGRP1	0.00656	0.637341605447114	Q3
RASGRP3	0.00977	1.17349050337554	Q3
RASSF2	0.00215	0.972839799539044	Q3
RASSF3	0.00929	0.134696649997285	Q1 - lowly expressed
RASSF4	0.01186	1.13489390868811	Q3
RAVER1	0.01195	3.60625887527095	Q4
RB1	0.00099	0.58896637014983	Q2
RB1CC1	0.00288	0.217336489164474	Q2
RBAK-RBAKDN	0.37079	0.0771227483506672	Q1 - lowly expressed
RBBP4	0.00219	7.87560768101281	Q5 - highly expressed
RBBP5	0.00746	0.726493214606245	Q3
RBBP8	0.00439	0.368922465940727	Q2
RBBP9	0.01176	0.672854602029049	Q3
RBCK1	0.00874	3.25852987247852	Q4
RBFA	0.00351	2.06519745506318	Q4
RBL1	0.00787	0.254376296386805	Q2
RBL2	0.00334	1.33029228887719	Q3
RBM14-RBM4	0.00697	2.09384266538911	Q4
RBM17	0.00474	6.15381588737606	Q5 - highly expressed
RBM18	0.01533	0.699469545989296	Q3
RBM22	0.00177	5.53562462153121	Q5 - highly expressed
RBM23	0.00212	2.30018605253625	Q4
RBM25	0.0027	2.58298768115213	Q4
RBM26	0.0246	1.05348540859388	Q3
RBM28	0.00182	1.19457327961613	Q3
RBM34	0.00905	2.68201665948435	Q4
RBM38	0.00485	2.18367849741426	Q4
RBM39	0.02722	10.5836950771435	Q5 - highly expressed
RBM4	0.99999	1.55778911500093	Q4
RBM42	0.00107	9.34835362205905	Q5 - highly expressed
RBM45	0.00282	0.594167889005943	Q2
RBM47	0.02479	0.0418090803893398	Q1 - lowly expressed
RBM48	0.04167	0.468580487324521	Q2
RBM4B	0.04651	0.354805622993297	Q2
RBM5	0.01068	6.39446963103545	Q5 - highly expressed
RBM6	0.00646	1.24910807302785	Q3
RBMS1	0.02083	0.012175503910412	Q1 - lowly expressed
RBSN	0.04938	0.314355176611791	Q2
RBX1	0.00736	11.1174904183069	Q5 - highly expressed
RC3H1	0.00524	0.109996498867927	Q1 - lowly expressed
RC3H2	0.00604	0.382802587437782	Q2
RCBTB2	0.04669	0.690469148212375	Q3
RCC1	0.00132	3.9707737145364	Q4
RCC1L	0.00268	2.14832151898854	Q4
RCC2	0.00081	4.1001949353531	Q4
RCCD1	0.00602	1.51281735278866	Q4
RCHY1	0.00862	0.946669983752427	Q3
RCOR3	0.06934	0.392103014742119	Q2
RCSD1	0.0101	0.596776267417298	Q2
RDH11	0.00147	2.98128024037797	Q4
RDH13	0.01923	0.16351034102644	Q1 - lowly expressed
RDX	0.00245	0.170043089794039	Q1 - lowly expressed
REC8	0.00396	11.7849211639067	Q5 - highly expressed
RECK	0.05714	0.0474572663857726	Q1 - lowly expressed
RECQL	0.00288	3.18341600861999	Q4
RECQL4	0.01081	6.28487713243251	Q5 - highly expressed
RECQL5	0.00183	0.94026194258068	Q3
REEP3	0.00231	0.224101491813669	Q2
REEP5	0.0026	1.70259279189555	Q4
RELB	0.00265	1.59836653312727	Q4
RELCH	0.02618	0.361697979679765	Q2
RELT	0.00723	0.993856167120353	Q3
REPS1	0.0046	1.19806079693097	Q3
RER1	9e-04	7.56805322464528	Q5 - highly expressed
RERE	0.0035	0.0918585873600347	Q1 - lowly expressed
RESF1	0.01017	0.524224451740211	Q2
RETREG2	0.00213	5.01165511608367	Q5 - highly expressed
RETREG3	0.00556	0.853435386572399	Q3
RETSAT	0.00509	1.83825587181335	Q4
REV1	0.02615	0.476395024532428	Q2
REV3L	0.01263	0.232041068326508	Q2
REX1BD	0.01538	4.26453574224237	Q4
REXO1	0.00932	1.0389310749926	Q3
RFC1	0.00192	1.89121563752066	Q4
RFC2	9e-04	4.75119474998033	Q5 - highly expressed
RFC3	0.00476	0.363800252290498	Q2
RFC4	0.00149	5.81201061038925	Q5 - highly expressed
RFC5	0.01737	2.88737475234694	Q4
RFFL	0.01195	0.331761403255974	Q2
RFT1	0.0058	1.08633280572793	Q3
RFTN1	0.0189	1.05250710906091	Q3
RFWD3	0.00455	0.795396491846065	Q3
RFX3	0.01266	0.0361758984959153	Q1 - lowly expressed
RFX5	0.00631	12.5867253197913	Q5 - highly expressed
RGL1	0.00365	0.0695794746463037	Q1 - lowly expressed
RGL2	0.01493	2.23365193173244	Q4
RGL4	0.09091	0.096952984866512	Q1 - lowly expressed
RGP1	0.02273	1.01019140237511	Q3
RGPD5	0.01198	0.15118855153422	Q1 - lowly expressed
RGPD6	0.00862	0.0546790338210803	Q1 - lowly expressed
RGS1	0.00094	61.9735345071876	Q5 - highly expressed
RGS10	0.00736	2.58528002501615	Q4
RGS12	0.0625	0.0163896551122789	Q1 - lowly expressed
RGS14	0.00285	6.08775429597948	Q5 - highly expressed
RGS16	0.00873	4.45774803089801	Q5 - highly expressed
RGS19	0.00984	2.76933052426011	Q4
RGS20	0.15152	0.0339598839209249	Q1 - lowly expressed
RGS3	0.0162	0.202269638010174	Q1 - lowly expressed
RGS5	0.46154	0.0111567153156348	Q1 - lowly expressed
RGS6	0.01546	0.00450412383808309	Q1 - lowly expressed
RGS9	0.23636	0.0661388959259223	Q1 - lowly expressed
RHBDD1	0.02083	0.0829583276306594	Q1 - lowly expressed
RHBDD2	0.00704	0.188390577480474	Q1 - lowly expressed
RHBDD3	0.02703	1.00891990104372	Q3
RHBDF2	0.00741	1.54788421481298	Q4
RHEBL1	0.02586	3.42220540961388	Q4
RHEX	0.68992	0.080877934316839	Q1 - lowly expressed
RHNO1	0.01418	0.79506493043827	Q3
RHOC	0.00147	19.0156519743606	Q5 - highly expressed
RHOF	0.03134	1.98337331827533	Q4
RHOH	0.01157	0.398410451638107	Q2
RHOQ	0.06297	0.61166107151427	Q3
RHOT1	0.01168	0.554562273129201	Q2
RHOT2	0.01948	12.0400872046978	Q5 - highly expressed
RHPN1	0.03077	0.235417665933288	Q2
RIC1	0.01291	0.48720351688913	Q2
RIC3	0.25	0.0232195884764079	Q1 - lowly expressed
RIC8A	0.0015	10.0198431762657	Q5 - highly expressed
RIC8B	0.024	0.0588856662521322	Q1 - lowly expressed
RICTOR	0.00227	0.155449204996955	Q1 - lowly expressed
RIDA	0.00792	2.51843178947828	Q4
RIF1	0.02183	0.562732794484597	Q2
RILPL2	0.03478	4.04177721076229	Q4
RIMKLA	0.02885	0.214748647645741	Q2
RIMKLB	0.07143	0.0476904766523016	Q1 - lowly expressed
RIMOC1	0.03125	0.364840933818921	Q2
RIN3	0.02273	0.158300737425375	Q1 - lowly expressed
RINL	0.01161	3.15278273973988	Q4
RINT1	0.00851	0.943937071563874	Q3
RIOK1	0.00601	2.20652115394133	Q4
RIOK3	0.00861	2.73934531684035	Q4
RIOX2	0.00451	0.793980100919284	Q3
RIPK2	0.03712	1.53500532312626	Q4
RIPK3	0.0177	1.91989463987353	Q4
RIPOR2	0.01164	0.182121223619833	Q1 - lowly expressed
RLF	0.01639	0.0815104076312605	Q1 - lowly expressed
RLN1	1	0.0697719601523273	Q1 - lowly expressed
RMC1	0.00581	3.52555239580071	Q4
RMDN1	0.00489	1.88102144654028	Q4
RMND1	0.00589	0.662093426283298	Q3
RMND5B	0.00673	1.63700459816084	Q4
RNASEH1	0.00905	2.08291702479883	Q4
RNASEH2B	0.00303	0.801197484627724	Q3
RNASEK-C17orf49	0.00046	48.8689652099898	Q5 - highly expressed
RNF10	0.01011	4.30560044227903	Q4
RNF111	0.008	0.116716817393671	Q1 - lowly expressed
RNF114	0.00142	2.89460443707822	Q4
RNF115	0.01327	0.573727410910457	Q2
RNF121	0.02556	0.354422987239414	Q2
RNF123	0.00098	1.23103078509889	Q3
RNF126	0.00726	3.67794591021663	Q4
RNF135	0.01136	0.240258072118398	Q2
RNF14	0.00299	0.67657104054121	Q3
RNF145	0.00356	0.960864131662091	Q3
RNF146	0.02273	0.147070080050824	Q1 - lowly expressed
RNF149	0.05161	0.808614855652637	Q3
RNF157	0.00629	0.56395888088428	Q2
RNF167	0.00489	23.6668512371047	Q5 - highly expressed
RNF168	0.05426	0.343240834380623	Q2
RNF181	0.01081	81.7708897335998	Q5 - highly expressed
RNF185	0.0125	0.315798969322954	Q2
RNF187	0.00197	2.98215934624973	Q4
RNF19A	0.0077	0.76604027640448	Q3
RNF19B	0.00306	1.12078946941477	Q3
RNF207	0.08333	0.244923876734118	Q2
RNF213	0.00193	2.63818211240153	Q4
RNF215	0.02778	0.0901270989262379	Q1 - lowly expressed
RNF216	0.02372	0.290162246873063	Q2
RNF220	0.0266	0.34305976755159	Q2
RNF24	0.01471	0.043012538544132	Q1 - lowly expressed
RNF25	0.00468	2.81427886623242	Q4
RNF31	0.00364	7.01996123293991	Q5 - highly expressed
RNF38	0.02424	0.136520289974477	Q1 - lowly expressed
RNF4	0.00344	1.34542415675129	Q3
RNF40	0.00142	6.66679702186825	Q5 - highly expressed
RNF41	0.00436	1.02482365010935	Q3
RNF44	0.03237	1.65103443444637	Q4
RNF5	0.00174	20.2882548663529	Q5 - highly expressed
RNF6	0.01818	0.123566913455282	Q1 - lowly expressed
RNF7	0.03562	3.63692464221505	Q4
RNF8	0.0241	0.578064900636118	Q2
RNFT1	0.03311	0.405246300346999	Q2
RNGTT	0.01285	0.122905177224583	Q1 - lowly expressed
RNH1	0.01153	9.25768056910124	Q5 - highly expressed
RNLS	0.03571	0.0140422725236944	Q1 - lowly expressed
RNMT	0.00634	0.942565601567779	Q3
RNPC3	0.00525	0.944784760786727	Q3
RNPEP	0.00414	3.04173200540069	Q4
RNPEPL1	0.00146	3.69686207628154	Q4
ROCK1	0.0015	1.02128540385157	Q3
ROGDI	0.02597	2.11255391303141	Q4
RP9	0.00667	0.598072604265668	Q2
RPA1	0.00064	3.69174115808667	Q4
RPA2	0.00211	4.5805837117072	Q5 - highly expressed
RPAP1	0.00283	1.81832684831585	Q4
RPAP2	0.01127	0.233521628463175	Q2
RPAP3	0.00625	1.53176024158958	Q4
RPE	0.00552	1.43393344628434	Q3
RPF2	0.00194	1.88389047318888	Q4
RPIA	0.00291	1.19476036761236	Q3
RPL10A	0.003	766.986244559142	Q5 - highly expressed
RPL11	0.00012	585.748048789379	Q5 - highly expressed
RPL12	4e-05	972.118642988754	Q5 - highly expressed
RPL13A	4e-05	912.874593048059	Q5 - highly expressed
RPL14	0.00035	180.384113629305	Q5 - highly expressed
RPL18	3e-05	594.244517706738	Q5 - highly expressed
RPL18A	3e-05	399.701126602652	Q5 - highly expressed
RPL19	2e-05	719.931941378225	Q5 - highly expressed
RPL21	0.00811	553.711643331764	Q5 - highly expressed
RPL22	0.00164	50.4598078498305	Q5 - highly expressed
RPL22L1	0.01372	57.736043456687	Q5 - highly expressed
RPL23	1e-04	427.330880477181	Q5 - highly expressed
RPL24	0.00031	322.99870733084	Q5 - highly expressed
RPL26	0.00059	428.780521468638	Q5 - highly expressed
RPL27	9e-05	358.653435319905	Q5 - highly expressed
RPL29	0.01018	243.726202227482	Q5 - highly expressed
RPL3	0.00117	707.570415333796	Q5 - highly expressed
RPL30	0.00075	98.2386671564974	Q5 - highly expressed
RPL32	0.00015	260.684541845505	Q5 - highly expressed
RPL35	0.00021	347.021816397183	Q5 - highly expressed
RPL35A	0.00683	186.963844585637	Q5 - highly expressed
RPL36	2e-05	84.1835923067146	Q5 - highly expressed
RPL37	0.00174	230.561979578931	Q5 - highly expressed
RPL37A	3e-05	32.9839820419191	Q5 - highly expressed
RPL4	0.00048	223.090098695119	Q5 - highly expressed
RPL41	0.00556	1154.44132505262	Q5 - highly expressed
RPL5	0.00013	350.0523288007	Q5 - highly expressed
RPL7	3e-05	575.750566496757	Q5 - highly expressed
RPL7A	0.00022	1670.88420607393	Q5 - highly expressed
RPL7L1	0.02166	5.55271130235312	Q5 - highly expressed
RPL8	6e-05	842.071012957036	Q5 - highly expressed
RPL9	2e-05	569.041239759771	Q5 - highly expressed
RPLP0	0.00613	1317.21432314233	Q5 - highly expressed
RPLP1	3e-05	833.024793134116	Q5 - highly expressed
RPLP2	0.00012	797.580545027082	Q5 - highly expressed
RPN1	0.00132	3.48113609506428	Q4
RPN2	0.00143	7.53912228894916	Q5 - highly expressed
RPP30	0.00196	2.36448157480035	Q4
RPRD1A	0.00409	0.283589516696514	Q2
RPRD1B	0.01255	0.152601223539192	Q1 - lowly expressed
RPRD2	0.03145	0.138020276176445	Q1 - lowly expressed
RPS10-NUDT3	0.00028	13.9859732775009	Q5 - highly expressed
RPS11	2e-05	1127.45105197726	Q5 - highly expressed
RPS12	0.0022	1076.08609998025	Q5 - highly expressed
RPS13	0.00021	577.115519654795	Q5 - highly expressed
RPS14	0.00024	179.317869915042	Q5 - highly expressed
RPS15A	0.00088	327.994170613991	Q5 - highly expressed
RPS16	3e-05	832.108844903671	Q5 - highly expressed
RPS17	3e-05	735.064057409509	Q5 - highly expressed
RPS18	7e-05	1578.82738056659	Q5 - highly expressed
RPS19	8e-05	258.728468344279	Q5 - highly expressed
RPS19BP1	0.00684	9.70604707122734	Q5 - highly expressed
RPS2	6e-05	1459.14498763815	Q5 - highly expressed
RPS23	0.01769	518.272646226213	Q5 - highly expressed
RPS24	0.00427	111.939291394252	Q5 - highly expressed
RPS25	0.00422	715.232638110232	Q5 - highly expressed
RPS27	0.00237	2100.44603899008	Q5 - highly expressed
RPS27A	0.00032	743.632278003751	Q5 - highly expressed
RPS3A	6e-05	780.38650156915	Q5 - highly expressed
RPS5	0.00207	168.076436433387	Q5 - highly expressed
RPS6	0.00112	1123.89885576103	Q5 - highly expressed
RPS6KA1	0.00127	5.55849047867706	Q5 - highly expressed
RPS6KA2	0.01515	0.0233973515987574	Q1 - lowly expressed
RPS6KA4	0.01057	3.19485489878733	Q4
RPS6KB1	0.01435	0.676450364926781	Q3
RPS6KB2	0.00923	17.1911536097137	Q5 - highly expressed
RPS9	0.0059	29.083361778714	Q5 - highly expressed
RPSA	0.00077	164.502229671919	Q5 - highly expressed
RPTOR	0.00615	0.0865151513410914	Q1 - lowly expressed
RPUSD4	0.00322	2.219720597002	Q4
RRAGD	0.01153	1.0079541050449	Q3
RRAS2	0.00359	0.65917463195279	Q3
RREB1	0.01107	0.0634826572593277	Q1 - lowly expressed
RRM1	0.00097	6.98406373689628	Q5 - highly expressed
RRM2	0.00537	4.03559144627172	Q4
RRM2B	0.01079	0.838553292753837	Q3
RRP1	0.00326	6.32603184034421	Q5 - highly expressed
RRP15	0.00441	0.272589166182642	Q2
RRP36	0.00268	3.30499803437486	Q4
RRP7A	0.00152	6.43665448750343	Q5 - highly expressed
RRP8	0.01115	1.96399039929841	Q4
RRP9	0.0013	9.8647252750219	Q5 - highly expressed
RSF1	0.01105	0.170078728541489	Q1 - lowly expressed
RSKR	0.00189	5.39812557511388	Q5 - highly expressed
RSL1D1	0.00036	16.2800455207645	Q5 - highly expressed
RSPH1	0.05882	0.0708003087638584	Q1 - lowly expressed
RSPRY1	0.00401	1.06882180705235	Q3
RSRC1	0.00407	0.0904393728698885	Q1 - lowly expressed
RSRC2	0.07283	4.47876195286448	Q5 - highly expressed
RSRP1	0.03268	0.281717360922818	Q2
RTCA	0.00601	3.03028701895352	Q4
RTEL1	0.00268	0.871762881553248	Q3
RTF1	0.00073	1.08570370468739	Q3
RTF2	0.00205	3.0508209429571	Q4
RTKN	0.005	1.42444430335969	Q3
RTN2	0.00851	0.898421842827154	Q3
RTN4	0.00117	0.752900279305518	Q3
RTN4IP1	0.00442	0.246359286013813	Q2
RTRAF	0.00063	14.3962098417008	Q5 - highly expressed
RTTN	0.00776	0.379168277310649	Q2
RUBCN	0.00373	0.637625963157189	Q3
RUFY1	0.01213	1.04761802633287	Q3
RUFY2	0.01724	0.10703820718525	Q1 - lowly expressed
RUFY3	0.01714	0.220675021837	Q2
RUFY4	0.11111	0.0609395950477606	Q1 - lowly expressed
RUNDC1	0.00694	0.592945393011374	Q2
RUNX3	0.03832	0.906589677703119	Q3
RUVBL1	0.00429	1.8461766771324	Q4
RWDD2A	0.09524	0.414833858620619	Q2
RWDD2B	0.06667	0.744889801867441	Q3
RWDD4	0.00352	1.04171914993688	Q3
RXRA	0.00158	0.416458746960159	Q2
RXRB	0.00746	4.66002950808856	Q5 - highly expressed
RXYLT1	0.18531	0.61257913816083	Q3
RYK	0.0049	0.161909567223218	Q1 - lowly expressed
S100A13	0.15625	0.253072405283028	Q2
S100A4	0.01044	8.47914726908142	Q5 - highly expressed
S100PBP	0.12705	0.608429677896634	Q3
S1PR1	0.08696	0.435860905215408	Q2
SAAL1	0.00497	1.4050835391465	Q3
SACM1L	0.00171	0.840874379897905	Q3
SAE1	0.01319	1.65978979415033	Q4
SAFB	0.00226	5.90665518471728	Q5 - highly expressed
SAFB2	0.00823	2.89925301839163	Q4
SAMD1	0.00115	10.8064226934845	Q5 - highly expressed
SAMD10	0.13291	1.51921857509124	Q4
SAMD12	0.21053	0.00153564875279275	Q1 - lowly expressed
SAMD4B	0.00336	0.576163037297683	Q2
SAMD9L	0.00621	0.491806302834798	Q2
SAMHD1	0.0024	0.716473050577559	Q3
SAMSN1	0.00299	0.401678165774164	Q2
SANBR	0.01379	0.099615656076263	Q1 - lowly expressed
SAP130	0.00581	0.573988089227664	Q2
SAP18	0.00065	14.6916203100894	Q5 - highly expressed
SAP30	0.00632	5.08650843636351	Q5 - highly expressed
SAP30BP	0.00832	2.17359310220184	Q4
SAP30L	0.14865	0.869103586583592	Q3
SAR1A	0.00158	2.59255090700769	Q4
SARAF	0.00081	4.26935857868066	Q4
SARM1	0.0241	0.247475189140861	Q2
SARNP	0.01183	3.87598671276518	Q4
SARS1	0.00699	8.70661753778954	Q5 - highly expressed
SARS2	0.0018	2.64129351042981	Q4
SART1	0.00061	8.84840413980954	Q5 - highly expressed
SART3	0.00348	3.25757672279135	Q4
SASS6	0.00408	0.453154729117009	Q2
SAT2	0.15358	15.3718605611456	Q5 - highly expressed
SAV1	0.0061	0.392161946258024	Q2
SAYSD1	0.28571	0.0793504723655795	Q1 - lowly expressed
SBF1	0.00061	3.74086976803853	Q4
SBF2	0.01538	0.0105926842934297	Q1 - lowly expressed
SBNO1	0.00445	1.22673830503963	Q3
SCAF1	0.00252	2.72066876358493	Q4
SCAF11	0.00757	0.968691031070525	Q3
SCAF4	0.00456	1.12047581157422	Q3
SCAF8	0.00463	0.540074579415752	Q2
SCAI	0.07738	0.0523391614660687	Q1 - lowly expressed
SCAMP2	0.00247	3.0394602433717	Q4
SCAMP3	0.00188	16.4350761890751	Q5 - highly expressed
SCAP	0.04117	1.18750382947913	Q3
SCARB1	0.00307	1.49744313834205	Q4
SCARF1	0.01223	0.723251733340249	Q3
SCCPDH	0.00149	2.16515473829911	Q4
SCD	0.00648	4.3356352827334	Q5 - highly expressed
SCFD1	0.00086	1.65053746719903	Q4
SCFD2	0.00316	0.047009457165547	Q1 - lowly expressed
SCGB2B2	0.99999	0.00124792303413524	Q1 - lowly expressed
SCIMP	0.01266	2.12173799659925	Q4
SCLT1	0.01743	0.23131987913022	Q2
SCLY	0.01462	0.605939039263008	Q3
SCMH1	0.02559	0.158790564786612	Q1 - lowly expressed
SCNM1	0.00955	4.51696222850872	Q5 - highly expressed
SCO1	0.00561	1.10271545757121	Q3
SCPEP1	0.00328	2.32238628189924	Q4
SCRIB	0.00109	3.75319129683646	Q4
SCRN1	0.00216	0.514097913674514	Q2
SCRN2	0.00415	5.45420424847892	Q5 - highly expressed
SCYL1	0.00136	9.11245002140182	Q5 - highly expressed
SCYL2	0.00422	0.599826283794546	Q2
SCYL3	0.01523	0.354528995290309	Q2
SDAD1	0.00623	1.70024308389572	Q4
SDCCAG8	0.02405	0.150555163790848	Q1 - lowly expressed
SDF2	0.29032	0.915003619713299	Q3
SDF4	0.00315	4.75734665214093	Q5 - highly expressed
SDHA	0.00059	6.23161686115409	Q5 - highly expressed
SDHAF2	0.01322	1.70337429317702	Q4
SDHAF3	0.02963	0.118894941607661	Q1 - lowly expressed
SDHAF4	0.02759	0.378264645187401	Q2
SDHB	0.0031	5.30447290134472	Q5 - highly expressed
SDHC	0.00303	1.76173831478919	Q4
SDR39U1	0.016	5.67134787713528	Q5 - highly expressed
SEC11C	0.00317	11.8883715912349	Q5 - highly expressed
SEC13	0.00069	4.87963898204583	Q5 - highly expressed
SEC14L1	0.03823	0.989352005953379	Q3
SEC16A	0.00247	2.14810840176788	Q4
SEC22A	0.00962	0.219730554993883	Q2
SEC22B	0.00868	2.16128906387039	Q4
SEC22C	0.04	0.447814856360313	Q2
SEC23A	0.00205	1.19619380179435	Q3
SEC23B	0.00057	4.63162321698801	Q5 - highly expressed
SEC23IP	0.00444	1.46950916760169	Q3
SEC24A	0.00443	1.55496386158286	Q4
SEC24C	0.00373	9.16104087821785	Q5 - highly expressed
SEC24D	0.00471	1.30406783375917	Q3
SEC31A	0.00961	3.76771073226022	Q4
SEC31B	0.09714	0.389250296181718	Q2
SEC61A1	0.00265	10.9814937946566	Q5 - highly expressed
SEC61A2	0.04878	0.196532846215796	Q1 - lowly expressed
SEC61G	0.00101	29.4212096768435	Q5 - highly expressed
SEC62	0.00556	2.15495569999824	Q4
SEC63	0.00489	1.52334238710097	Q4
SECISBP2	0.01747	1.13824760871494	Q3
SEH1L	0.00441	1.30851566784513	Q3
SEL1L	0.00077	1.33529472606918	Q3
SEL1L3	0.00179	1.13626473607026	Q3
SELENOF	0.00308	1.68195628618036	Q4
SELENOI	0.02174	0.105345908721983	Q1 - lowly expressed
SELENOK	0.01856	9.29312258804417	Q5 - highly expressed
SELENOO	0.06579	0.864391420024484	Q3
SELENOS	0.00107	6.94123814482323	Q5 - highly expressed
SELENOW	0.00371	4.91177461633379	Q5 - highly expressed
SELL	0.00935	4.63814275052467	Q5 - highly expressed
SEM1	0.00117	0.56498642548684	Q2
SEMA4A	0.00225	3.47730795714844	Q4
SEMA4D	0.00505	0.724019585143087	Q3
SEMA7A	0.00069	12.3613265552349	Q5 - highly expressed
SENP1	0.0107	0.614102136725291	Q3
SENP2	0.00678	0.996764567795425	Q3
SENP3	0.00271	7.06374746983916	Q5 - highly expressed
SENP5	0.00481	0.26903172546149	Q2
SENP6	0.00868	0.959641466524764	Q3
SENP7	0.00318	0.109264426666422	Q1 - lowly expressed
SEPHS1	0.0041	2.38426444610833	Q4
SEPTIN1	0.01015	7.95139549636469	Q5 - highly expressed
SEPTIN2	0.00791	7.20523123606546	Q5 - highly expressed
SEPTIN7	0.00112	4.14156887897585	Q4
SEPTIN8	0.00683	0.803959176556727	Q3
SEPTIN9	0.00072	2.73635695137179	Q4
SERBP1	0.00061	28.0457747917976	Q5 - highly expressed
SERF1A	0.01562	0.323865254229991	Q2
SERF1B	0.025	0.526332983437317	Q2
SERGEF	0.01351	0.131572699362641	Q1 - lowly expressed
SERINC2	0.0059	0.879448862531821	Q3
SERINC3	0.002	2.06186956297846	Q4
SERP1	0.01404	1.96782921124512	Q4
SERPINB8	0.0101	0.138094092538194	Q1 - lowly expressed
SERPINB9	0.00341	4.78072643079089	Q5 - highly expressed
SESTD1	0.0102	0.0591422256733477	Q1 - lowly expressed
SET	1e-04	57.6824571203131	Q5 - highly expressed
SETD2	0.01135	0.632485594647842	Q3
SETD3	0.00278	0.792020858528207	Q3
SETD4	0.04	0.251018362715808	Q2
SETD5	0.03575	0.970110361199027	Q3
SETD6	0.03061	0.814122186439979	Q3
SETD9	0.04545	0.205311712992298	Q1 - lowly expressed
SETDB1	0.00317	1.5021105041501	Q4
SETDB2	0.03354	0.437646404539502	Q2
SETMAR	0.05263	0.126363729794246	Q1 - lowly expressed
SETX	0.00752	0.97910617568333	Q3
SF1	0.00687	20.2566373803841	Q5 - highly expressed
SF3A3	0.00357	8.93294034101273	Q5 - highly expressed
SF3B1	0.00217	12.636121708	Q5 - highly expressed
SF3B2	0.00012	31.9765379891555	Q5 - highly expressed
SF3B3	0.00389	7.51937820963609	Q5 - highly expressed
SF3B6	0.00203	12.6026718912954	Q5 - highly expressed
SFI1	0.0086	0.549443598620552	Q2
SFPQ	0.05873	25.7060357485621	Q5 - highly expressed
SFSWAP	0.01096	0.604410223768993	Q3
SFT2D1	0.01205	7.44758867263685	Q5 - highly expressed
SFT2D2	0.01379	0.395942331602044	Q2
SFXN1	0.00402	2.11389939658137	Q4
SFXN2	0.01316	0.574375849393643	Q2
SFXN4	0.00823	2.58033845057336	Q4
SFXN5	0.02326	0.0377517300264006	Q1 - lowly expressed
SGCB	0.0303	0.243405092034542	Q2
SGF29	0.00985	0.529664895456645	Q2
SGMS1	0.05435	0.0665362617213003	Q1 - lowly expressed
SGO2	0.00297	0.202115219238568	Q1 - lowly expressed
SGPP1	0.02679	0.171054080565421	Q1 - lowly expressed
SGPP2	0.04965	0.109662844547844	Q1 - lowly expressed
SGSH	0.04348	0.280637959995745	Q2
SGSM2	0.00372	0.611960567305082	Q3
SGSM3	0.00541	2.76808206476025	Q4
SGTB	0.00787	0.242560450398707	Q2
SH2B1	0.00542	0.812675129001511	Q3
SH2B2	0.01523	1.11432501652338	Q3
SH2B3	0.03387	0.286769770386824	Q2
SH2D3A	0.02326	0.362583890660357	Q2
SH2D3C	0.00554	0.688608960631637	Q3
SH3BP1	0.00377	4.53904410713669	Q5 - highly expressed
SH3BP2	0.02083	0.818691591201109	Q3
SH3BP5	0.00327	0.247864650745409	Q2
SH3BP5L	0.0084	0.754273673579362	Q3
SH3D21	0.0393	0.828412634393595	Q3
SH3GLB1	0.00329	2.53834307499312	Q4
SH3GLB2	0.00566	2.53448010012599	Q4
SH3PXD2A	0.01695	0.0358619300718542	Q1 - lowly expressed
SH3TC1	0.03337	0.560532905241629	Q2
SH3YL1	0.02913	0.217765094171404	Q2
SHARPIN	0.00667	4.37307720757272	Q5 - highly expressed
SHC1	0.00102	3.61934883141772	Q4
SHCBP1	0.00458	1.63349482068501	Q4
SHF	0.0125	0.139548070065913	Q1 - lowly expressed
SHISA5	0.00631	0.993242567335382	Q3
SHISA8	0.08333	0.169542767248791	Q1 - lowly expressed
SHISAL2A	0.16667	0.0102080142988379	Q1 - lowly expressed
SHKBP1	0.00216	11.8686171979184	Q5 - highly expressed
SHLD2	0.01467	0.305365752693557	Q2
SHMT1	0.00262	1.02579685241794	Q3
SHMT2	0.00676	66.8392887657276	Q5 - highly expressed
SHPRH	0.00391	0.232903150711474	Q2
SHQ1	0.00218	0.197997856286296	Q1 - lowly expressed
SIAE	0.01163	0.107177011941824	Q1 - lowly expressed
SIAH2	0.01667	0.284817260434421	Q2
SIDT1	0.02756	0.479053369093418	Q2
SIDT2	0.00097	3.57482747449723	Q4
SIK3	0.00625	0.134392125002336	Q1 - lowly expressed
SIKE1	0.03468	1.45707457744982	Q3
SIL1	0.00217	0.15030650275737	Q1 - lowly expressed
SIMC1	0.00559	0.0900913304649346	Q1 - lowly expressed
SIN3A	0.00176	0.807606668847081	Q3
SINHCAF	0.00272	1.25189141030112	Q3
SIPA1	0.00194	11.1502958423062	Q5 - highly expressed
SIPA1L1	0.01235	0.31106709437857	Q2
SIPA1L3	0.00422	0.148024392402424	Q1 - lowly expressed
SIRT2	0.00105	2.24452314732512	Q4
SIRT3	0.02591	0.652033850318242	Q3
SIRT5	0.0069	0.46547923767245	Q2
SIRT7	0.0076	2.1493166399613	Q4
SIT1	0.00606	26.324903155312	Q5 - highly expressed
SIVA1	0.00129	2.17091530035337	Q4
SKA3	0.00463	0.954813535094203	Q3
SKAP1	0.05443	0.420452448237156	Q2
SKI	0.03509	0.0367706441494322	Q1 - lowly expressed
SKIC2	0.00556	10.7793527868997	Q5 - highly expressed
SKIC3	0.00167	2.15992603068874	Q4
SKIC8	0.00504	5.7383784299407	Q5 - highly expressed
SKP1	0.00073	10.8684725117374	Q5 - highly expressed
SKP2	0.00607	0.820102165460599	Q3
SLAMF1	0.06785	4.013490228075	Q4
SLAMF7	0.00121	8.42620919090835	Q5 - highly expressed
SLBP	0.00047	5.617420209096	Q5 - highly expressed
SLC12A2	0.00367	0.434187830405447	Q2
SLC12A4	0.00439	1.50296700005828	Q4
SLC12A6	0.00282	0.347249841036457	Q2
SLC12A7	0.0051	0.331979886581422	Q2
SLC12A8	0.09607	0.168610948671237	Q1 - lowly expressed
SLC12A9	0.00513	0.424934458485472	Q2
SLC15A4	0.04828	2.38885327300669	Q4
SLC17A5	0.0131	0.141207631952074	Q1 - lowly expressed
SLC17A9	0.01396	3.34020812028296	Q4
SLC19A1	0.01538	0.101544257755026	Q1 - lowly expressed
SLC1A1	0.00274	0.24234797815744	Q2
SLC1A4	0.00726	1.56013679408221	Q4
SLC1A5	0.00068	5.64873695361339	Q5 - highly expressed
SLC20A1	0.00242	1.864081174619	Q4
SLC20A2	0.23288	0.0372361316776458	Q1 - lowly expressed
SLC23A1	0.07937	0.141382745601403	Q1 - lowly expressed
SLC23A2	0.01198	0.0594563615999895	Q1 - lowly expressed
SLC25A1	0.00062	29.1518713010052	Q5 - highly expressed
SLC25A12	0.00717	0.290472274634082	Q2
SLC25A13	0.01794	0.171253922691185	Q1 - lowly expressed
SLC25A15	0.01504	0.3842843570038	Q2
SLC25A16	0.03822	0.232955906511887	Q2
SLC25A17	0.0098	1.07622627399237	Q3
SLC25A20	0.00476	0.494419344242255	Q2
SLC25A23	0.01397	1.77810301102015	Q4
SLC25A26	0.02033	0.143736214960489	Q1 - lowly expressed
SLC25A3	0.00045	51.2110506374833	Q5 - highly expressed
SLC25A30	0.00893	0.520211837630872	Q2
SLC25A32	0.0292	1.57774437247093	Q4
SLC25A33	0.01618	0.468969955890854	Q2
SLC25A36	0.07422	0.617118930834033	Q3
SLC25A37	0.13793	0.0770448105689594	Q1 - lowly expressed
SLC25A38	0.00127	2.60306212128463	Q4
SLC25A4	0.00364	4.98451905956615	Q5 - highly expressed
SLC25A40	0.02425	0.815445969223142	Q3
SLC25A42	0.01124	0.140770384965683	Q1 - lowly expressed
SLC25A44	0.04167	0.409355123897758	Q2
SLC25A45	0.02469	0.962681938315023	Q3
SLC25A51	0.35088	0.165415791444017	Q1 - lowly expressed
SLC26A6	0.01681	2.68492183253139	Q4
SLC27A5	0.04375	0.236037567773794	Q2
SLC29A1	0.00098	5.68660008093582	Q5 - highly expressed
SLC2A11	0.02206	0.191067540287717	Q1 - lowly expressed
SLC2A5	0.00428	1.26737224901138	Q3
SLC2A6	0.00498	1.86832405752937	Q4
SLC30A5	0.00331	1.28157227861523	Q3
SLC30A6	0.00714	0.347392942361178	Q2
SLC30A7	0.00437	0.178314182798587	Q1 - lowly expressed
SLC30A9	0.00294	0.933987554618388	Q3
SLC31A1	0.01124	0.328939619253059	Q2
SLC33A1	0.01115	0.482192439315477	Q2
SLC35A1	0.04494	0.212007051073612	Q1 - lowly expressed
SLC35A3	0.03297	0.152761403162477	Q1 - lowly expressed
SLC35B1	0.00264	7.67826269579514	Q5 - highly expressed
SLC35B3	0.02212	0.902937368191986	Q3
SLC35B4	0.00714	0.444148866271036	Q2
SLC35C1	0.03846	0.14365759038274	Q1 - lowly expressed
SLC35C2	0.01943	3.07194045524774	Q4
SLC35D2	0.01255	0.218879232542272	Q2
SLC35E1	0.02989	0.68743977553532	Q3
SLC35E2B	0.00917	0.532615786261309	Q2
SLC35E3	0.0625	0.151073893484038	Q1 - lowly expressed
SLC35F2	0.00521	0.17627349278271	Q1 - lowly expressed
SLC35F5	0.00368	0.407124741357951	Q2
SLC35F6	0.01235	0.299600791645913	Q2
SLC35G1	0.61538	0.00794921249365941	Q1 - lowly expressed
SLC37A1	0.00495	0.520720929891458	Q2
SLC37A2	0.00633	0.858706067698037	Q3
SLC37A3	0.01667	0.0602698055632837	Q1 - lowly expressed
SLC37A4	0.01709	2.51763771417147	Q4
SLC38A1	0.00566	1.05796204121896	Q3
SLC38A10	0.00476	0.881678799361379	Q3
SLC38A2	0.0026	6.69688324891346	Q5 - highly expressed
SLC38A6	0.05556	0.0401331393727268	Q1 - lowly expressed
SLC38A9	0.01832	0.103794900735276	Q1 - lowly expressed
SLC39A11	0.01316	0.0253408036643763	Q1 - lowly expressed
SLC39A4	0.02857	1.14912666626128	Q3
SLC39A8	0.01356	0.239719356008418	Q2
SLC39A9	0.04545	0.377312026294928	Q2
SLC3A2	0.00844	5.34216937119042	Q5 - highly expressed
SLC41A2	0.01304	0.0806924936734812	Q1 - lowly expressed
SLC43A1	0.00971	0.751334544529679	Q3
SLC43A2	0.00216	0.550660084085865	Q2
SLC43A3	0.0088	10.9289484559733	Q5 - highly expressed
SLC44A1	0.00629	0.276445369254101	Q2
SLC44A2	0.00057	4.87856836184239	Q5 - highly expressed
SLC45A3	0.25	0.0669722068576244	Q1 - lowly expressed
SLC4A1AP	0.00086	1.78643487160276	Q4
SLC4A2	0.00311	3.17837894795133	Q4
SLC4A7	0.00199	0.229253191756843	Q2
SLC50A1	0.01489	13.9472858385012	Q5 - highly expressed
SLC5A6	0.00742	4.47092950725164	Q5 - highly expressed
SLC66A1	0.02222	0.398801051263045	Q2
SLC66A2	0.08136	0.309665895703043	Q2
SLC66A3	0.03093	0.244958220159608	Q2
SLC6A4	0.02381	0.0932711368584723	Q1 - lowly expressed
SLC6A6	0.00595	0.168937886560929	Q1 - lowly expressed
SLC7A1	0.00546	0.356424979850202	Q2
SLC7A5	0.00111	1.94279583783557	Q4
SLC7A6	0.04713	0.539712173840252	Q2
SLC8A3	0.02326	0.0311384665562006	Q1 - lowly expressed
SLC9A1	0.00461	0.218513099027195	Q2
SLC9A3	1	0.005299706369585	Q1 - lowly expressed
SLC9A3R1	0.00243	1.44801908227432	Q3
SLC9A5	0.09091	0.063623673336444	Q1 - lowly expressed
SLC9A8	0.02469	0.160799929302582	Q1 - lowly expressed
SLC9A9	0.07576	0.00979250419683821	Q1 - lowly expressed
SLC9B1	0.03571	0.0088899019618193	Q1 - lowly expressed
SLC9B2	0.02007	0.592075106394473	Q2
SLCO4A1	0.03963	0.362209600413913	Q2
SLCO5A1	0.02632	0.0537874113750409	Q1 - lowly expressed
SLF1	0.02089	0.157819441543989	Q1 - lowly expressed
SLF2	0.00501	0.505123774274537	Q2
SLFN12L	0.21429	0.0315990889388961	Q1 - lowly expressed
SLFN13	0.00505	0.756799579578709	Q3
SLTM	0.00578	2.95867853696172	Q4
SLX4IP	0.09091	0.0161301060060268	Q1 - lowly expressed
SLX9	0.00847	0.88633843725803	Q3
SMAD2	0.00282	0.777113118780483	Q3
SMAD4	0.01554	0.590029796693515	Q2
SMAP1	0.0022	0.221973558149517	Q2
SMAP2	0.00385	3.06882550403198	Q4
SMARCA2	0.00115	1.54881333667291	Q4
SMARCA5	0.00035	8.98575930245389	Q5 - highly expressed
SMARCAD1	0.00319	0.68778106070567	Q3
SMARCAL1	0.00079	0.692593431134328	Q3
SMARCB1	0.00082	3.50328423579653	Q4
SMARCC1	0.00381	1.17317785615753	Q3
SMARCC2	0.00299	5.64015171707748	Q5 - highly expressed
SMARCD1	7e-04	5.02103374607368	Q5 - highly expressed
SMARCD2	0.00039	12.7898305843792	Q5 - highly expressed
SMC2	0.00297	2.55429097529841	Q4
SMC4	0.00323	7.12621744174668	Q5 - highly expressed
SMC5	0.02002	0.569769511784611	Q2
SMC6	0.00487	0.829241373173762	Q3
SMCHD1	0.00633	1.22814216535239	Q3
SMCO2	0.10345	0.0195370584700525	Q1 - lowly expressed
SMDT1	0.00322	7.95077809917592	Q5 - highly expressed
SMG1	0.00294	0.886025631767884	Q3
SMG5	0.0068	3.503021570359	Q4
SMG6	0.00924	0.129211384824147	Q1 - lowly expressed
SMG7	0.00846	0.730718160303959	Q3
SMG9	0.00544	2.29988589725653	Q4
SMIM13	0.04762	0.0242292437219133	Q1 - lowly expressed
SMIM14	0.00368	0.454947564378493	Q2
SMIM20	0.01504	0.125919026408583	Q1 - lowly expressed
SMIM29	0.01389	4.37643998682434	Q5 - highly expressed
SMIM4	0.0202	0.121277316724623	Q1 - lowly expressed
SMIM8	0.10256	0.0507921883753412	Q1 - lowly expressed
SMNDC1	0.01627	2.61758445812466	Q4
SMPD2	0.01299	5.5908321031181	Q5 - highly expressed
SMU1	0.00203	3.53338400957184	Q4
SMUG1	0.01316	0.174318383952528	Q1 - lowly expressed
SMURF1	0.0165	0.136932726368213	Q1 - lowly expressed
SMURF2	0.00816	0.164685742243663	Q1 - lowly expressed
SMYD2	0.00447	1.01209960382472	Q3
SMYD3	0.01163	0.0418343692704855	Q1 - lowly expressed
SMYD4	0.03093	0.190770897077367	Q1 - lowly expressed
SNAPC4	0.01333	1.05599503061429	Q3
SNAPIN	0.01493	5.50020677502578	Q5 - highly expressed
SND1	5e-04	1.83787559016314	Q4
SNF8	0.00374	7.71495725297435	Q5 - highly expressed
SNRNP200	0.00042	12.4113742041839	Q5 - highly expressed
SNRNP25	0.00207	18.5603560800148	Q5 - highly expressed
SNRNP40	0.00227	3.09813210703537	Q4
SNRNP48	0.024	0.489476861117384	Q2
SNRNP70	0.0033	14.0024654061795	Q5 - highly expressed
SNRPA	0.00043	8.30526379184427	Q5 - highly expressed
SNRPA1	0.00734	12.1186748575697	Q5 - highly expressed
SNRPB	0.00521	36.5555861571777	Q5 - highly expressed
SNRPB2	0.00066	11.1613083588096	Q5 - highly expressed
SNRPE	0.00242	19.2757781400301	Q5 - highly expressed
SNTB2	0.02479	0.0361833327568919	Q1 - lowly expressed
SNU13	0.00296	5.89071164454827	Q5 - highly expressed
SNUPN	0.00406	1.04815516264342	Q3
SNW1	0.00146	3.18640638642812	Q4
SNX1	0.00117	3.21254150600035	Q4
SNX11	0.00182	2.56263527952842	Q4
SNX13	0.00252	0.176490201086948	Q1 - lowly expressed
SNX14	0.00265	1.77222540279668	Q4
SNX17	0.0053	33.1026434703883	Q5 - highly expressed
SNX19	0.02963	0.441063744216515	Q2
SNX2	0.00153	3.28602522475217	Q4
SNX20	0.01987	0.826926889432753	Q3
SNX22	0.05917	2.0269662665717	Q4
SNX25	0.01335	1.2543445929738	Q3
SNX29	0.00412	0.0723557594318568	Q1 - lowly expressed
SNX3	0.00265	1.29165440880802	Q3
SNX4	0.0086	1.70218769466143	Q4
SNX5	0.01524	13.3680586675831	Q5 - highly expressed
SNX6	0.00419	1.76474039188105	Q4
SNX8	0.00376	1.12024162804605	Q3
SNX9	5e-04	0.291389600549712	Q2
SOCS4	0.03846	0.0876165311607299	Q1 - lowly expressed
SOD1	0.00058	33.3669351182161	Q5 - highly expressed
SOD2	0.00267	0.298338662398607	Q2
SON	0.0119	4.94130178276647	Q5 - highly expressed
SORD	0.00648	0.491240735190073	Q2
SORL1	0.00255	1.67211601608412	Q4
SP100	0.0043	2.69432406626585	Q4
SP110	0.00927	2.39234310378864	Q4
SP140	0.01252	1.72269368302746	Q4
SP140L	0.00957	0.44752442448782	Q2
SP3	0.01339	0.252693708315153	Q2
SPAG1	0.00661	0.335223375728106	Q2
SPAG16	0.01293	0.011370142012816	Q1 - lowly expressed
SPAG4	0.02184	2.69908822176171	Q4
SPAG9	0.00233	0.581470906332138	Q2
SPATA20	0.01247	2.67900172691965	Q4
SPATA21	0.95652	0.0323626520003379	Q1 - lowly expressed
SPATA5L1	0.0692	0.79460736469864	Q3
SPATA6L	0.1	0.00483344075967961	Q1 - lowly expressed
SPATS2	0.02654	0.426898239600681	Q2
SPATS2L	0.0039	0.290227587985965	Q2
SPC25	0.0021	0.494943396071994	Q2
SPCS2	0.00065	3.39607508787719	Q4
SPECC1L	0.00443	0.228602961161248	Q2
SPEN	0.02128	0.247341704625253	Q2
SPG11	0.00552	1.04892511834672	Q3
SPG21	0.00388	3.32428002841598	Q4
SPG7	0.0283	0.816197547052076	Q3
SPICE1	0.00237	0.335049136046986	Q2
SPIDR	0.02113	0.0906059855642064	Q1 - lowly expressed
SPIN1	0.07895	0.0472505338666204	Q1 - lowly expressed
SPINDOC	0.02747	1.95726654010722	Q4
SPNS1	0.00329	2.6014055326127	Q4
SPON2	0.64286	0.0380690287538211	Q1 - lowly expressed
SPOP	0.00362	0.683762604781726	Q3
SPOPL	0.03774	0.260209150697943	Q2
SPOUT1	0.00315	4.12101836211832	Q4
SPPL2A	0.00154	0.885987883190123	Q3
SPPL3	0.00168	0.292381366326276	Q2
SPRING1	0.01408	0.311218627535562	Q2
SPRYD3	0.00142	2.76585266426907	Q4
SPRYD7	0.01794	0.663397110171689	Q3
SPTBN1	0.00027	2.33256922286554	Q4
SPTLC1	0.00738	0.587800141463164	Q2
SQLE	0.00083	4.94895785391423	Q5 - highly expressed
SQSTM1	0.00802	3.71479115772717	Q4
SRA1	0.0081	2.03517557680458	Q4
SRBD1	0.00881	0.188450721160036	Q1 - lowly expressed
SRC	0.00202	0.934443904388873	Q3
SRCAP	0.02158	1.54215889677038	Q4
SRD5A1	0.04	0.207445215647126	Q1 - lowly expressed
SREBF1	0.00923	1.52429904110275	Q4
SREBF2	0.00985	3.77613259881356	Q4
SREK1	0.03211	1.23122166125728	Q3
SREK1IP1	0.05618	0.237628519789006	Q2
SRF	0.00171	3.65070629102556	Q4
SRGAP2B	0.03279	0.0139445171349044	Q1 - lowly expressed
SRGAP3	0.16279	0.00808475006503427	Q1 - lowly expressed
SRGN	0.00021	32.448138631316	Q5 - highly expressed
SRI	0.00229	10.0903556232063	Q5 - highly expressed
SRM	0.00099	42.7380454739359	Q5 - highly expressed
SRP14	0.00349	91.0383123685366	Q5 - highly expressed
SRP54	0.00168	4.63736865481564	Q5 - highly expressed
SRP68	0.00046	5.03675693296143	Q5 - highly expressed
SRP72	0.00037	6.55389838743743	Q5 - highly expressed
SRPK1	0.00101	0.985400818898281	Q3
SRPK2	0.0034	0.153554823526546	Q1 - lowly expressed
SRPRA	6e-04	30.4943826261024	Q5 - highly expressed
SRRD	0.00519	1.87271353066482	Q4
SRRM1	0.01188	3.6970237917487	Q4
SRRM2	0.04657	8.24229042097796	Q5 - highly expressed
SRRT	0.00824	15.9306172830748	Q5 - highly expressed
SRSF1	0.00167	13.4615950278644	Q5 - highly expressed
SRSF10	0.04407	5.79997154761271	Q5 - highly expressed
SRSF11	0.02301	4.51715555135799	Q5 - highly expressed
SRSF2	0.06613	26.2489096890482	Q5 - highly expressed
SRSF3	0.01939	32.3717998813171	Q5 - highly expressed
SRSF4	0.02768	1.98300460861397	Q4
SRSF5	0.01852	7.43379836402367	Q5 - highly expressed
SRSF6	0.02559	9.92148224921563	Q5 - highly expressed
SRSF7	0.00686	37.9479424098405	Q5 - highly expressed
SRSF8	1	0.510044188077125	Q2
SRSF9	0.00734	4.24002637906729	Q4
SS18	0.0125	0.733587227112119	Q3
SS18L2	0.00244	1.60822065460005	Q4
SSBP1	0.00161	5.65445117838726	Q5 - highly expressed
SSBP2	0.00253	0.221217693651051	Q2
SSH1	0.02688	0.236157044302112	Q2
SSH2	0.00784	0.0731128123711321	Q1 - lowly expressed
SSR1	0.00286	1.45239774881562	Q3
SSR2	0.00714	20.2541986342434	Q5 - highly expressed
SSR3	0.00052	9.7395556634358	Q5 - highly expressed
SSRP1	0.00039	49.6587215255019	Q5 - highly expressed
SSTR2	0.25	0.0590223322960185	Q1 - lowly expressed
SSTR3	0.04762	0.107598192274221	Q1 - lowly expressed
SSX2IP	0.01685	0.280700134438362	Q2
ST13	0.00053	20.0095768610835	Q5 - highly expressed
ST20-MTHFS	0.03226	0.179195036793622	Q1 - lowly expressed
ST3GAL2	0.01128	0.620565613556462	Q3
ST3GAL3	0.02979	0.0611055937496102	Q1 - lowly expressed
ST3GAL5	0.04902	0.0619493670300453	Q1 - lowly expressed
ST3GAL6	0.03401	0.132944160400936	Q1 - lowly expressed
ST6GAL1	0.00873	0.64813165883751	Q3
ST6GALNAC4	0.05653	3.3255829238236	Q4
ST6GALNAC6	0.00676	0.643778764925108	Q3
ST7	0.00728	0.406268760399492	Q2
ST7L	0.04444	0.0645379963392483	Q1 - lowly expressed
ST8SIA4	0.03546	0.166904862590887	Q1 - lowly expressed
STAG1	0.00406	0.151000039822467	Q1 - lowly expressed
STAG3	0.01189	1.4008874574064	Q3
STAM	0.00137	0.36759480908775	Q2
STAM2	0.0027	0.437303813824919	Q2
STAMBP	0.00342	1.2989098116631	Q3
STAMBPL1	0.01053	0.433565882184469	Q2
STAP1	0.00549	1.31161764663867	Q3
STAP2	0.01562	1.35571190794586	Q3
STARD3	0.00348	1.70045295797185	Q4
STARD4	0.01762	2.09001203641547	Q4
STARD5	0.075	0.213225201832492	Q1 - lowly expressed
STARD9	0.02899	0.0939357959443909	Q1 - lowly expressed
STAT1	0.0015	12.8567453990178	Q5 - highly expressed
STAT2	0.00926	7.43152605684251	Q5 - highly expressed
STAT3	0.00012	4.82448677938278	Q5 - highly expressed
STAT5A	0.00038	5.35226429607116	Q5 - highly expressed
STAT5B	0.00303	1.09845653380311	Q3
STAT6	0.00091	8.03251870935113	Q5 - highly expressed
STAU1	0.00158	1.27561357156306	Q3
STAU2	0.0023	0.108783351827541	Q1 - lowly expressed
STIM2	0.04516	0.0881193976234201	Q1 - lowly expressed
STIMATE-MUSTN1	0.01667	0.207551289955209	Q1 - lowly expressed
STIP1	0.00018	21.7931884993601	Q5 - highly expressed
STK10	0.00154	1.19258188232345	Q3
STK11	0.01233	1.19292798818751	Q3
STK11IP	0.00529	1.61083782689128	Q4
STK16	0.01833	7.98931597481226	Q5 - highly expressed
STK17A	0.00663	1.08637258010143	Q3
STK17B	0.00133	1.20887990050905	Q3
STK19	0.02703	0.738254368650848	Q3
STK24	0.00076	0.982826499447143	Q3
STK25	0.00402	4.61561471490895	Q5 - highly expressed
STK3	0.02049	0.0318345581901198	Q1 - lowly expressed
STK32C	0.04615	0.0662728144259276	Q1 - lowly expressed
STK33	0.00513	0.0660881386184937	Q1 - lowly expressed
STK35	0.02703	0.0300114551650099	Q1 - lowly expressed
STK36	0.01087	0.448281570476075	Q2
STK38	0.00888	0.527700327396074	Q2
STK38L	0.01106	1.18183587865218	Q3
STK4	0.00636	0.597902186203265	Q2
STK40	0.00319	0.803780997128359	Q3
STMP1	0.002	1.046950474659	Q3
STN1	0.00861	0.659054549015293	Q3
STRADA	0.00195	2.10551045922738	Q4
STRAP	0.00228	7.67348060126275	Q5 - highly expressed
STRBP	0.0075	1.13021239863451	Q3
STRIP1	0.00407	0.89694032194577	Q3
STRN3	0.00465	0.151729502574177	Q1 - lowly expressed
STRN4	0.00721	2.61417540802423	Q4
STT3A	0.00227	8.0336286098792	Q5 - highly expressed
STT3B	0.00328	2.01002101576943	Q4
STUB1	0.0025	24.8917532547307	Q5 - highly expressed
STX10	0.00137	6.87355729438698	Q5 - highly expressed
STX16	0.00287	1.53704954407336	Q4
STX17	0.00685	0.178753475367296	Q1 - lowly expressed
STX18	0.00733	0.395268150784017	Q2
STX2	0.03191	0.202256841743797	Q1 - lowly expressed
STX4	0.00151	8.0609982129235	Q5 - highly expressed
STX5	0.0019	2.28822082247446	Q4
STX6	0.00362	0.579195696835036	Q2
STX7	0.00126	0.978569039512601	Q3
STX8	0.00394	0.131264073715672	Q1 - lowly expressed
STXBP2	0.00249	13.1963785585107	Q5 - highly expressed
STXBP3	0.00129	0.923358162909981	Q3
STXBP5	0.00633	0.0912773072055469	Q1 - lowly expressed
STYX	0.00563	0.609117111548275	Q3
STYXL1	0.02129	1.27324188796399	Q3
SUB1	0.00246	8.4907368079099	Q5 - highly expressed
SUCLA2	0.00814	0.194065047963441	Q1 - lowly expressed
SUCLG1	0.0028	3.78045282927175	Q4
SUCLG2	0.0039	0.237966739590241	Q2
SUCO	0.0027	0.313147718166659	Q2
SUDS3	0.00552	0.865366955438955	Q3
SUFU	0.04	0.0538789091541687	Q1 - lowly expressed
SUGP1	0.00519	1.03113478256366	Q3
SUGP2	0.07672	1.50654645535694	Q4
SUGT1	0.00733	3.59784462355207	Q4
SULT1A4	0.01176	2.5521002627115	Q4
SUMF2	0.00418	4.54203402174917	Q5 - highly expressed
SUMO2	0.00019	16.6413576634817	Q5 - highly expressed
SUN1	0.00277	1.26124831390494	Q3
SUN2	0.00384	1.78502051309765	Q4
SUPT16H	0.00097	11.3680952848426	Q5 - highly expressed
SUPT20H	0.01267	1.98795395114967	Q4
SUPT4H1	0.00584	7.8762474916792	Q5 - highly expressed
SUPT5H	0.00038	7.42954565526811	Q5 - highly expressed
SUPT6H	0.00102	5.7230063334349	Q5 - highly expressed
SUPT7L	0.00334	1.45306285609125	Q3
SUPV3L1	0.0087	1.66523314004111	Q4
SURF2	0.03302	3.24934563979031	Q4
SUSD1	0.01064	0.106712449673034	Q1 - lowly expressed
SUSD3	0.04268	0.83505458149407	Q3
SUSD6	0.00538	0.0986736222806239	Q1 - lowly expressed
SUZ12	0.00382	1.55014648888589	Q4
SVBP	0.00493	1.08625009885711	Q3
SVIP	0.01859	2.20097602320637	Q4
SWAP70	0.00214	1.31494271998849	Q3
SWT1	0.00926	0.0453149306699681	Q1 - lowly expressed
SYK	0.00131	1.13710149487972	Q3
SYMPK	0.00236	5.18264160860402	Q5 - highly expressed
SYNCRIP	0.00061	7.2783731114911	Q5 - highly expressed
SYNE1	0.00224	0.074318516156962	Q1 - lowly expressed
SYNE2	0.00105	0.436076536277983	Q2
SYNE3	0.00232	0.160859798000917	Q1 - lowly expressed
SYNGAP1	0.05814	0.354057088706161	Q2
SYNGR2	0.00064	30.5570864838134	Q5 - highly expressed
SYNJ2	0.00637	0.0830206477788447	Q1 - lowly expressed
SYNPO	0.34286	0.0413927352954738	Q1 - lowly expressed
SYNPO2L	0.5	0.0107284603326488	Q1 - lowly expressed
SYNRG	0.04092	0.683924749334391	Q3
SYT11	0.04545	0.315682772728346	Q2
SYTL1	0.00431	2.02591931662809	Q4
SYTL3	0.00759	0.395016395112119	Q2
SYVN1	0.00129	19.3508726693721	Q5 - highly expressed
SZRD1	0.00295	1.12048253261454	Q3
SZT2	0.00939	0.861545693990289	Q3
TAB2	0.01463	0.139445639846272	Q1 - lowly expressed
TACC1	0.00128	0.86479269507133	Q3
TACC3	0.00262	5.98936019540673	Q5 - highly expressed
TACO1	0.00292	3.02517289195715	Q4
TADA2A	0.00976	0.610919233408124	Q3
TADA3	0.00211	4.71665116638895	Q5 - highly expressed
TAF10	0.00183	17.3223254514754	Q5 - highly expressed
TAF15	0.00441	8.64310882902648	Q5 - highly expressed
TAF1A	0.02597	0.289450751277111	Q2
TAF1B	0.00277	0.212363746876018	Q1 - lowly expressed
TAF1D	0.67508	3.89559179206571	Q4
TAF2	0.0062	0.600966191696159	Q2
TAF4B	0.01099	0.120137326388847	Q1 - lowly expressed
TAF5	0.0051	0.524856939730651	Q2
TAF5L	0.06897	0.17888349031217	Q1 - lowly expressed
TAF6L	0.00744	1.14998616060403	Q3
TAFA2	0.0625	0.000816077645040038	Q1 - lowly expressed
TAGLN2	0.00018	51.6336586928645	Q5 - highly expressed
TALDO1	0.00709	12.6576907332449	Q5 - highly expressed
TAMM41	0.04687	0.281120730548829	Q2
TANGO2	0.02899	0.26740780610516	Q2
TANK	0.00469	0.597938893341666	Q2
TAOK2	0.00894	2.13577376879575	Q4
TAOK3	0.00429	0.498769769604405	Q2
TAP1	0.00063	38.7797391010223	Q5 - highly expressed
TAPBPL	0.02749	1.95535713902486	Q4
TAPT1	0.02098	0.172377044943227	Q1 - lowly expressed
TARBP1	0.04858	0.952316011732518	Q3
TARBP2	0.02151	5.43802869701998	Q5 - highly expressed
TARDBP	0.00329	5.32256825060802	Q5 - highly expressed
TARS1	0.00048	11.0976840266603	Q5 - highly expressed
TARS2	0.00794	4.38278537902027	Q5 - highly expressed
TARS3	0.02183	0.304000495711724	Q2
TASOR	0.00229	1.49393972321395	Q4
TASOR2	0.00738	0.378114846828771	Q2
TASP1	0.01299	0.0483150524432046	Q1 - lowly expressed
TATDN1	0.01277	1.17639048753713	Q3
TATDN2	0.0855	0.710792117198335	Q3
TAX1BP1	0.00514	1.92725155087204	Q4
TBC1D1	0.0124	0.437311340121171	Q2
TBC1D10C	0.0018	4.7322654468853	Q5 - highly expressed
TBC1D13	0.0094	0.985568672982041	Q3
TBC1D14	0.00515	0.28483491600575	Q2
TBC1D15	0.00421	0.604913618918694	Q3
TBC1D17	0.01407	5.049758622112	Q5 - highly expressed
TBC1D20	0.01068	0.344983960828625	Q2
TBC1D22A	0.00863	0.28752838871232	Q2
TBC1D22B	0.00995	0.293394283621675	Q2
TBC1D23	0.00241	0.371760925389991	Q2
TBC1D2B	0.01306	0.267002961735185	Q2
TBC1D31	0.00893	0.223631018870706	Q2
TBC1D32	0.02381	0.0324844846291429	Q1 - lowly expressed
TBC1D3B	0.05	0.115100355287998	Q1 - lowly expressed
TBC1D4	0.00124	0.166228042166817	Q1 - lowly expressed
TBC1D5	0.00467	0.0476959094305738	Q1 - lowly expressed
TBC1D7	0.01171	0.42854899455762	Q2
TBC1D9B	0.00851	2.2398970752756	Q4
TBCB	0.00171	5.07911496030737	Q5 - highly expressed
TBCCD1	0.01198	0.419560025599399	Q2
TBCD	0.007	1.06609399619906	Q3
TBCE	0.00261	0.426735125683355	Q2
TBCEL	0.02778	0.085742192562691	Q1 - lowly expressed
TBCK	0.01767	0.138357294923257	Q1 - lowly expressed
TBK1	0.00895	1.77909176027026	Q4
TBL1XR1	0.00186	0.245802449388731	Q2
TBL2	0.0307	1.51827854692709	Q4
TBL3	0.00147	8.64919987764559	Q5 - highly expressed
TBP	0.00446	1.39625106884116	Q3
TBRG1	0.08306	1.91213866736347	Q4
TBRG4	0.01213	6.71993645278486	Q5 - highly expressed
TBX15	0.02564	0.0398555782218603	Q1 - lowly expressed
TBX21	0.00694	1.0436067653852	Q3
TBXAS1	0.00325	0.0722766918800059	Q1 - lowly expressed
TC2N	0.00644	0.258000881095873	Q2
TCAF2	0.1358	0.0843958734213413	Q1 - lowly expressed
TCAIM	0.04	0.180716223325909	Q1 - lowly expressed
TCEA1	0.00293	3.70146740073385	Q4
TCEANC2	0.025	0.136815777091002	Q1 - lowly expressed
TCERG1	0.03513	2.04862173746307	Q4
TCF12	0.00296	0.163743152991479	Q1 - lowly expressed
TCF25	0.00716	4.25229532513937	Q4
TCF3	0.01482	4.61877804598662	Q5 - highly expressed
TCF4	0.00171	0.0888640431339208	Q1 - lowly expressed
TCF7	0.00136	1.34441246286408	Q3
TCFL5	0.12549	0.5492468080836	Q2
TCOF1	0.00129	3.1936088357811	Q4
TCP1	0.00034	53.0453524269709	Q5 - highly expressed
TCP11L1	0.00787	0.262594470717123	Q2
TCTA	0.00758	1.29532950669903	Q3
TCTN1	0.02857	0.278588909198727	Q2
TCTN3	0.00338	1.89301170895618	Q4
TDP1	0.00631	1.0588952629713	Q3
TDP2	0.00188	2.43258192941906	Q4
TDRD3	0.00946	0.149668172001797	Q1 - lowly expressed
TDRD7	0.00136	0.465996432354037	Q2
TEC	0.02495	0.368316849690016	Q2
TECPR2	0.00485	0.0669696974011241	Q1 - lowly expressed
TECR	0.00114	2.76071602340979	Q4
TEFM	0.03333	0.592233580658552	Q2
TEKT5	0.25	0.00807563085208889	Q1 - lowly expressed
TELO2	0.00815	2.19509268851565	Q4
TEN1	0.00205	0.52018591407563	Q2
TENT2	0.0132	1.25709038723589	Q3
TENT4A	0.01015	0.692172484759546	Q3
TENT4B	0.01548	0.246784850800052	Q2
TENT5A	0.64151	0.0075029519910542	Q1 - lowly expressed
TEP1	0.01134	1.33478805229086	Q3
TERF2	0.0159	0.647329270652571	Q3
TERF2IP	0.00244	0.259131146711248	Q2
TES	0.00232	1.06021693680077	Q3
TESK2	0.01587	0.073212560909136	Q1 - lowly expressed
TESPA1	0.00777	0.902857121045887	Q3
TET2	0.00556	0.0750630516903756	Q1 - lowly expressed
TET3	0.01245	0.0967578166550295	Q1 - lowly expressed
TEX10	0.00515	1.18333160774664	Q3
TEX264	0.00402	0.558053123221716	Q2
TEX35	0.99999	0.00342009042596325	Q1 - lowly expressed
TEX9	0.02	0.135177663306978	Q1 - lowly expressed
TFAM	0.01061	4.53292201610525	Q5 - highly expressed
TFAP2E	0.09091	0.0143661673862692	Q1 - lowly expressed
TFAP4	0.00485	0.896854312889818	Q3
TFB1M	0.00272	0.492396902499328	Q2
TFB2M	0.00588	1.00931238732176	Q3
TFCP2	0.00665	0.937132452565912	Q3
TFDP1	0.00909	3.25506337495962	Q4
TFDP2	0.00195	0.266430676210777	Q2
TFEB	0.00243	1.98978418784497	Q4
TFPT	0.01786	3.53708740496205	Q4
TFRC	0.00068	5.98935181261191	Q5 - highly expressed
TGDS	0.01068	1.81729564186515	Q4
TGFB1	0.00769	3.17019392441741	Q4
TGFBRAP1	0.00766	0.424948353265467	Q2
TGIF2-RAB5IF	0.02833	1.50991880982304	Q4
TGM5	0.03114	0.356733116719355	Q2
TGOLN2	0.00413	1.39739592062221	Q3
TGS1	0.00847	0.661022169419464	Q3
THADA	0.00673	0.160023139530858	Q1 - lowly expressed
THAP12	0.08416	0.282260056415074	Q2
THAP3	0.01111	0.934709632324944	Q3
THAP4	0.00268	0.620459611010238	Q3
THAP7	0.01258	3.3144079470766	Q4
THAP8	0.02083	0.118431108283186	Q1 - lowly expressed
THAP9	0.05263	0.0532448257558317	Q1 - lowly expressed
THBS3	0.00649	0.411979628913494	Q2
THBS4	0.11111	0.0091486107878467	Q1 - lowly expressed
THEM4	0.09211	0.189781371087371	Q1 - lowly expressed
THEMIS2	0.00176	3.55977961298497	Q4
THG1L	0.0091	2.80634350543023	Q4
THOC1	0.00646	1.38063062624484	Q3
THOC5	0.00227	1.41229613035843	Q3
THOC7	0.00626	6.39987642290945	Q5 - highly expressed
THOP1	0.00281	3.94037890216771	Q4
THRAP3	0.04421	2.17177155292965	Q4
THUMPD2	0.11364	0.365027734621997	Q2
THUMPD3	0.00253	1.2911703735323	Q3
THYN1	0.00444	16.0570944924018	Q5 - highly expressed
TIAL1	0.01355	7.58511361505642	Q5 - highly expressed
TIAM2	0.00441	0.0322919337683306	Q1 - lowly expressed
TIGAR	0.00224	0.431717754072576	Q2
TIGIT	0.70455	0.0790530853470979	Q1 - lowly expressed
TIMD4	0.07576	0.263225753303456	Q2
TIMELESS	0.0021	4.08910630245287	Q4
TIMM17A	0.00619	5.84443447200642	Q5 - highly expressed
TIMM21	0.00323	2.49544991394279	Q4
TIMM23	0.00699	2.88499965391927	Q4
TIMM23B	0.05114	0.32719449452541	Q2
TIMM44	0.00517	3.5233619947195	Q4
TIMM50	0.00231	9.45845776353297	Q5 - highly expressed
TIMM8B	0.20446	8.13366644172305	Q5 - highly expressed
TIMM9	0.00114	3.12833117199478	Q4
TIMMDC1	0.00881	1.94934536233301	Q4
TINAG	0.01667	0.0407402363649808	Q1 - lowly expressed
TIPIN	0.00626	0.683854051768649	Q3
TIPRL	0.00109	3.68736115118581	Q4
TIRAP	0.03509	0.134240106833549	Q1 - lowly expressed
TJAP1	0.008	0.727820886316927	Q3
TK1	0.00065	6.4633323160089	Q5 - highly expressed
TKFC	0.01399	3.02739849826557	Q4
TKT	0.00057	18.3276385389526	Q5 - highly expressed
TLCD4-RWDD3	0.10417	0.0578914339003394	Q1 - lowly expressed
TLE4	0.00448	0.130677069957239	Q1 - lowly expressed
TLE5	0.0033	41.8668736862047	Q5 - highly expressed
TLK1	0.025	0.686165946401675	Q3
TLK2	0.00237	0.452355714404473	Q2
TLN1	6e-05	23.1940580189113	Q5 - highly expressed
TLR1	0.08772	0.047887436898805	Q1 - lowly expressed
TM2D1	0.06897	0.781366693601666	Q3
TM2D3	0.00128	0.981085378133523	Q3
TM6SF1	0.02128	0.132390770194416	Q1 - lowly expressed
TM7SF3	0.00255	2.24899176714265	Q4
TM9SF1	0.00671	1.97695127069474	Q4
TM9SF2	0.00056	1.53338842991273	Q4
TM9SF3	0.00153	1.71886528464652	Q4
TM9SF4	0.01108	1.45070166781803	Q3
TMA7	0.01088	75.6329702526415	Q5 - highly expressed
TMBIM4	0.00532	1.17815440341167	Q3
TMC6	0.01646	5.99185849438826	Q5 - highly expressed
TMC8	0.02541	6.81117262260809	Q5 - highly expressed
TMCC1	0.28	0.0249916014569357	Q1 - lowly expressed
TMCO3	0.02251	0.464739146064765	Q2
TMCO4	0.01026	0.144151700169851	Q1 - lowly expressed
TMCO6	0.01497	3.23164896094643	Q4
TMED10	0.00379	1.5223846264316	Q4
TMED2	0.00078	6.32788739601702	Q5 - highly expressed
TMED3	0.02449	0.162876163533161	Q1 - lowly expressed
TMED5	0.04255	0.754231411897069	Q3
TMED8	0.01333	0.190954187812129	Q1 - lowly expressed
TMEM109	0.00722	2.94819754420304	Q4
TMEM11	0.27273	0.268254024870978	Q2
TMEM116	0.02586	0.0903616224176439	Q1 - lowly expressed
TMEM120B	0.00549	0.143709895502083	Q1 - lowly expressed
TMEM126A	0.01411	3.09157503974464	Q4
TMEM126B	0.00265	3.66977438912254	Q4
TMEM131	0.00662	0.470046684955418	Q2
TMEM131L	0.0143	1.9761977478366	Q4
TMEM134	0.07295	3.76642541033681	Q4
TMEM143	0.01471	0.137887411708329	Q1 - lowly expressed
TMEM14A	0.00345	1.5599854277388	Q4
TMEM14B	0.03049	0.371012076339845	Q2
TMEM14C	0.00643	7.75790959317211	Q5 - highly expressed
TMEM154	0.01266	0.166692786239199	Q1 - lowly expressed
TMEM156	0.13448	0.236247216585302	Q2
TMEM161B	0.00342	0.314099494766981	Q2
TMEM165	0.02253	0.696391314992566	Q3
TMEM167A	0.00413	1.62777081696623	Q4
TMEM18	0.02817	1.45720069020547	Q3
TMEM181	0.02283	0.0923888297265728	Q1 - lowly expressed
TMEM183A	0.04894	4.15512024202205	Q4
TMEM184B	0.00575	0.253279022248544	Q2
TMEM192	0.00813	0.0585394808091028	Q1 - lowly expressed
TMEM199	0.00457	3.19253829373383	Q4
TMEM201	0.04	0.280464889795273	Q2
TMEM208	0.01338	21.1603561401148	Q5 - highly expressed
TMEM209	0.00319	0.972976845184495	Q3
TMEM214	0.00591	13.8097115577312	Q5 - highly expressed
TMEM218	0.00467	0.661631304579768	Q3
TMEM222	0.07429	1.38929745688334	Q3
TMEM230	0.01848	0.785132029011399	Q3
TMEM234	0.23077	0.514998424850243	Q2
TMEM237	0.00633	0.588911221114017	Q2
TMEM241	0.02963	0.0426848108516775	Q1 - lowly expressed
TMEM245	0.00825	0.268612555250425	Q2
TMEM248	0.00218	1.30204360687004	Q3
TMEM250	0.33333	0.139933868578113	Q1 - lowly expressed
TMEM254	0.01299	0.346657336018421	Q2
TMEM255B	1	0.00840933654178154	Q1 - lowly expressed
TMEM258	0.00345	7.4613729367072	Q5 - highly expressed
TMEM259	0.00243	7.06047177095525	Q5 - highly expressed
TMEM260	0.05161	0.0557459997845847	Q1 - lowly expressed
TMEM266	0.08333	0.00592122933431381	Q1 - lowly expressed
TMEM268	0.01456	0.415098127967185	Q2
TMEM38B	0.01361	0.135144474914626	Q1 - lowly expressed
TMEM39A	0.0315	0.64480745184953	Q3
TMEM39B	0.0566	0.620445436457937	Q3
TMEM41A	0.09877	0.310902475647706	Q2
TMEM43	0.00234	1.69873454872349	Q4
TMEM44	0.02703	0.0839149181117252	Q1 - lowly expressed
TMEM45A	0.04858	0.243597389766189	Q2
TMEM50A	0.00511	4.44888298039352	Q5 - highly expressed
TMEM50B	0.13527	0.433080467079143	Q2
TMEM53	0.02941	0.0731688130244699	Q1 - lowly expressed
TMEM59	0.0375	4.80549478535949	Q5 - highly expressed
TMEM62	0.02989	0.312178612620303	Q2
TMEM63A	0.00506	0.847848254038847	Q3
TMEM63B	0.0014	1.24087573527963	Q3
TMEM64	0.00709	0.0306409044698618	Q1 - lowly expressed
TMEM68	0.00885	0.231184951407343	Q2
TMEM70	0.06771	1.23624694606492	Q3
TMEM87B	0.00302	0.647587340269871	Q3
TMEM8B	0.025	0.189691232787689	Q1 - lowly expressed
TMEM9	0.00266	0.84591380056568	Q3
TMEM94	0.00597	1.32765316445794	Q3
TMOD1	0.0082	0.432997480056125	Q2
TMOD3	0.00748	0.359077728470175	Q2
TMPO	6e-04	4.47526833630894	Q5 - highly expressed
TMPRSS3	0.01613	0.71724470660108	Q3
TMSB10	0.00022	1002.67909902215	Q5 - highly expressed
TMTC4	0.01149	0.152757120322746	Q1 - lowly expressed
TMX2	0.01351	2.30814501622833	Q4
TMX3	0.01199	0.886335572447775	Q3
TNFAIP2	0.00222	2.51919745353027	Q4
TNFAIP3	0.01127	11.5543708333278	Q5 - highly expressed
TNFRSF10B	0.00414	1.39659815144065	Q3
TNFRSF13B	0.05431	2.53363459753119	Q4
TNFRSF13C	0.08906	1.33948884488751	Q3
TNFRSF14	0.00827	9.20563949658466	Q5 - highly expressed
TNFRSF17	0.00393	15.8543988829797	Q5 - highly expressed
TNFRSF1A	0.01313	1.4169844023231	Q3
TNFRSF1B	0.01005	1.37181540773131	Q3
TNFRSF8	0.01431	1.26249857139306	Q3
TNFSF10	0.02174	0.548022033810012	Q2
TNFSF11	0.0137	0.0959800410374477	Q1 - lowly expressed
TNFSF12	0.03261	1.41188889696076	Q3
TNFSF13B	0.01606	0.176430692344465	Q1 - lowly expressed
TNFSF4	0.01754	0.178406964751572	Q1 - lowly expressed
TNIK	0.00117	0.312415762102262	Q2
TNIP1	0.00103	13.9124486718554	Q5 - highly expressed
TNIP2	0.00407	2.90685148035152	Q4
TNIP3	0.02941	0.0598321662466616	Q1 - lowly expressed
TNK2	0.04522	0.620976361769607	Q3
TNKS	0.00285	0.156092170956362	Q1 - lowly expressed
TNPO1	0.00165	1.50114324986647	Q4
TNPO2	0.00666	4.04474104533321	Q4
TNPO3	0.00264	1.87907481172574	Q4
TNRC18	0.00237	0.245453747186542	Q2
TNRC6A	0.00754	0.16328857104949	Q1 - lowly expressed
TNRC6C	0.01562	0.0261345043041668	Q1 - lowly expressed
TOE1	0.03797	4.40367680051205	Q5 - highly expressed
TOGARAM1	0.05705	0.138001472476368	Q1 - lowly expressed
TOM1	0.00152	0.650870789199793	Q3
TOMM20	0.00743	7.97431566722292	Q5 - highly expressed
TOMM34	0.01108	2.20778559932396	Q4
TOMM40	0.00295	10.6365870002568	Q5 - highly expressed
TOMM40L	0.00543	2.70844083427904	Q4
TOMM5	0.00388	4.55079702241786	Q5 - highly expressed
TOMM7	0.00065	21.5683289896545	Q5 - highly expressed
TONSL	0.00525	2.57459516044886	Q4
TOP1	0.00033	3.66830093353667	Q4
TOP2A	0.00012	15.5282612564195	Q5 - highly expressed
TOP2B	0.00118	5.51072683013806	Q5 - highly expressed
TOP3A	0.00544	0.876858419021883	Q3
TOP3B	0.03828	1.21789829496732	Q3
TOPBP1	0.00609	2.03128000959022	Q4
TOR1A	0.00452	1.98589763239105	Q4
TOR1AIP2	0.07692	0.128518875805245	Q1 - lowly expressed
TOR1B	0.02222	0.645034340446122	Q3
TOR2A	0.00952	1.28336881714366	Q3
TOR3A	0.02658	1.91728164394523	Q4
TOX2	0.00215	0.142710796289643	Q1 - lowly expressed
TP53BP1	0.00237	0.62436649142095	Q3
TP53I13	0.01471	1.27703959470754	Q3
TP53I3	0.01931	1.27121672220277	Q3
TP73	0.00746	0.249170760725017	Q2
TPCN1	0.01568	0.858203060540694	Q3
TPCN2	0.00508	0.17886983739561	Q1 - lowly expressed
TPD52	0.0045	0.311244809281168	Q2
TPD52L2	0.00322	1.53037743386267	Q4
TPGS2	0.00305	1.21843563783692	Q3
TPI1	0.00044	420.824379927997	Q5 - highly expressed
TPK1	0.02542	0.0196657114699841	Q1 - lowly expressed
TPM2	0.02857	1.47756365068737	Q3
TPM3	0.00175	12.807259615754	Q5 - highly expressed
TPM4	0.0043	12.5661556114634	Q5 - highly expressed
TPMT	0.00242	0.814270276862545	Q3
TPP2	0.01323	2.16567266239954	Q4
TPR	0.00111	6.25904552736015	Q5 - highly expressed
TPRA1	0.01408	1.5788125454148	Q4
TPRG1	0.35	0.0111633411116375	Q1 - lowly expressed
TPRKB	0.00691	4.07876506025435	Q4
TPST2	0.00233	0.29237011349342	Q2
TPTE2	0.1	0.0110749829196303	Q1 - lowly expressed
TPTEP2-CSNK1E	0.17105	0.703138447985769	Q3
TPX2	0.00647	3.95230009437607	Q4
TRA2A	0.02753	3.73467460525745	Q4
TRA2B	0.02653	10.524129069353	Q5 - highly expressed
TRABD	0.0042	5.28025913201481	Q5 - highly expressed
TRADD	0.02597	2.53763115594508	Q4
TRAF1	0.00619	5.48817785223558	Q5 - highly expressed
TRAF3	0.00791	0.764258392981658	Q3
TRAF3IP3	0.00653	5.75509499414455	Q5 - highly expressed
TRAF4	0.00302	10.5292952432992	Q5 - highly expressed
TRAF5	0.01845	0.43424512454279	Q2
TRAF7	0.00383	6.78732358085578	Q5 - highly expressed
TRAFD1	0.00302	3.56736803203152	Q4
TRAIP	0.00583	0.910034822022409	Q3
TRAK1	0.04194	0.209280560586622	Q1 - lowly expressed
TRAM1	0.00064	4.46671372038049	Q5 - highly expressed
TRAM2	0.00316	0.115445156639781	Q1 - lowly expressed
TRAP1	0.00086	6.75060376659514	Q5 - highly expressed
TRAPPC1	0.00354	87.0090429297841	Q5 - highly expressed
TRAPPC10	0.02222	0.64273224934825	Q3
TRAPPC11	0.00226	1.50692060506884	Q4
TRAPPC12	0.00779	0.380541313055871	Q2
TRAPPC14	0.01282	3.97713066851069	Q4
TRAPPC3	0.00288	2.0034606128904	Q4
TRAPPC4	0.00595	7.26912578451049	Q5 - highly expressed
TRAPPC6B	0.02941	0.500988755827363	Q2
TRAPPC8	0.00781	0.444419134235213	Q2
TRDMT1	0.03125	0.0485436912534709	Q1 - lowly expressed
TRERF1	0.00539	0.0418846425747102	Q1 - lowly expressed
TRIAP1	0.00926	4.76996978235454	Q5 - highly expressed
TRIM14	0.03053	0.221193031838494	Q2
TRIM16	0.07407	0.113885105406145	Q1 - lowly expressed
TRIM21	0.00392	3.92459764591398	Q4
TRIM22	0.00778	4.31155633467189	Q4
TRIM24	0.00292	0.295034046117928	Q2
TRIM25	0.01616	0.4703306152707	Q2
TRIM26	0.0017	1.30655614575368	Q3
TRIM27	0.00412	2.65086842567793	Q4
TRIM28	0.00027	77.5613104716333	Q5 - highly expressed
TRIM37	0.00477	0.291877736640016	Q2
TRIM38	0.01719	0.908114419350923	Q3
TRIM39	0.01299	0.423792946704096	Q2
TRIM4	0.0117	0.27570455574122	Q2
TRIM41	0.02632	1.07890503885176	Q3
TRIM44	0.00228	0.15989406528088	Q1 - lowly expressed
TRIM5	0.01466	0.096662257637347	Q1 - lowly expressed
TRIM6-TRIM34	0.01299	0.431823034542459	Q2
TRIM61	0.01961	0.110871716088867	Q1 - lowly expressed
TRIM65	0.01389	0.310128068316778	Q2
TRIM66	0.01852	0.1447812421359	Q1 - lowly expressed
TRIM69	0.30858	0.631700373017891	Q3
TRIM73	0.94444	0.0882479630173887	Q1 - lowly expressed
TRIM8	0.01013	2.02875087182856	Q4
TRIO	0.01422	0.367982910523744	Q2
TRIP10	0.00108	8.70022781520061	Q5 - highly expressed
TRIP11	0.00476	0.40173874953323	Q2
TRIP12	0.00045	2.36606720893722	Q4
TRIP13	0.00461	1.50906715649533	Q4
TRIP4	0.00968	0.449359624541364	Q2
TRIR	0.00589	12.0179508097673	Q5 - highly expressed
TRIT1	0.00385	0.783999365983325	Q3
TRMT1	0.01382	5.77745659838473	Q5 - highly expressed
TRMT10B	0.03509	0.277180769818452	Q2
TRMT11	0.02896	0.209386761333203	Q1 - lowly expressed
TRMT13	0.01467	0.822749569912855	Q3
TRMT1L	0.00286	1.32354202371805	Q3
TRMT2A	0.00708	6.4341986463521	Q5 - highly expressed
TRMT44	0.02564	0.184222844488417	Q1 - lowly expressed
TRMT6	0.00658	2.10327178412443	Q4
TRMT61B	0.05851	0.579688686725762	Q2
TRMU	0.11524	1.13987904440757	Q3
TRNAU1AP	0.04587	1.58563769983772	Q4
TRNT1	0.02691	0.768758048121593	Q3
TROAP	0.00528	3.92352707488247	Q4
TRPC4AP	0.00509	1.43216827773674	Q3
TRPM2	0.02655	0.1115690587619	Q1 - lowly expressed
TRPM7	0.00641	0.720096416653696	Q3
TRPT1	0.008	16.8956792746912	Q5 - highly expressed
TRPV2	0.00421	6.36340832220773	Q5 - highly expressed
TRRAP	0.01311	0.799786792284924	Q3
TSC2	0.00112	1.79894424754317	Q4
TSC22D1	0.33333	0.00505268407274153	Q1 - lowly expressed
TSC22D2	0.08824	0.0617002656292558	Q1 - lowly expressed
TSC22D4	0.0132	2.53873775470376	Q4
TSEN15	0.00673	0.273535109914998	Q2
TSG101	0.00616	1.43065921703427	Q3
TSGA10	0.09091	0.0192873259155147	Q1 - lowly expressed
TSNARE1	0.0202	0.037943428429222	Q1 - lowly expressed
TSNAX	0.01855	0.800119967435363	Q3
TSPAN10	0.5	0.0156659407847331	Q1 - lowly expressed
TSPAN12	0.08527	0.205128033054373	Q1 - lowly expressed
TSPAN31	0.00515	2.05236349983423	Q4
TSPAN33	0.00444	6.52166292048609	Q5 - highly expressed
TSPYL4	1	0.0621323350484152	Q1 - lowly expressed
TSR1	0.00336	8.58724247677373	Q5 - highly expressed
TSR3	0.01133	16.3928965518047	Q5 - highly expressed
TSTD2	0.00806	0.249330676571594	Q2
TTC12	0.01163	0.260435207579615	Q2
TTC13	0.0217	0.425518529106287	Q2
TTC14	0.02367	1.1369770027171	Q3
TTC17	0.00594	0.568638415538242	Q2
TTC19	0.01147	0.535051791584776	Q2
TTC21A	0.02381	0.14224398066856	Q1 - lowly expressed
TTC21B	0.00385	0.355106505116197	Q2
TTC23	0.00971	0.0577767909579288	Q1 - lowly expressed
TTC27	0.00471	0.319666977674695	Q2
TTC3	0.00493	1.61617335640022	Q4
TTC31	0.01238	2.22125437208834	Q4
TTC32	0.08696	0.703543312241803	Q3
TTC33	0.00962	0.0334978350042035	Q1 - lowly expressed
TTC38	0.10394	0.745606541337448	Q3
TTC39C	0.00647	0.214610123872308	Q2
TTC4	0.00508	1.27162916200882	Q3
TTC7A	0.01287	0.52308230114393	Q2
TTC9	0.00794	0.341108400025715	Q2
TTC9C	0.04828	1.72239697896875	Q4
TTF1	0.01484	0.854776740914409	Q3
TTF2	0.01093	2.2429776352804	Q4
TTI1	0.00662	0.398737860255656	Q2
TTK	0.00075	1.87773297153741	Q4
TTL	0.08871	0.0964305914432515	Q1 - lowly expressed
TTLL12	0.00113	4.0885548717321	Q4
TTLL4	0.00349	0.847970622565734	Q3
TTLL5	0.0217	0.134708496968227	Q1 - lowly expressed
TUBA1A	0.01081	2.90169435693063	Q4
TUBA8	0.01282	0.340795021913016	Q2
TUBB4B	0.00062	35.3569184004953	Q5 - highly expressed
TUBD1	0.02174	0.171902380787057	Q1 - lowly expressed
TUBE1	0.01342	0.74830153204117	Q3
TUBG2	0.03333	1.58801124340052	Q4
TUBGCP2	0.00524	2.24585760072583	Q4
TUBGCP3	0.00441	0.51619658533686	Q2
TUBGCP4	0.01235	1.04129990497053	Q3
TUBGCP5	0.00409	0.526550879347832	Q2
TUBGCP6	0.00493	1.34067217586478	Q3
TUFM	0.00122	83.9972541239271	Q5 - highly expressed
TUG1	0.47059	0.587341457235855	Q2
TULP3	0.01714	0.27518020072966	Q2
TULP4	0.04	0.0156621707017247	Q1 - lowly expressed
TUSC2	0.04785	1.76859238955202	Q4
TUT1	0.00173	1.69751055653078	Q4
TUT4	0.00693	0.313995354091779	Q2
TUT7	0.0179	1.17288346381969	Q3
TVP23A	0.00735	0.22620922881596	Q2
TWF1	0.00877	0.865821607588884	Q3
TWSG1	0.02062	0.168744971950856	Q1 - lowly expressed
TXLNA	0.00729	3.42723795639504	Q4
TXN	0.00061	53.7627424479535	Q5 - highly expressed
TXN2	0.01879	5.74486505382165	Q5 - highly expressed
TXNDC11	0.02151	1.39749391563794	Q3
TXNDC15	0.00535	0.827861128190885	Q3
TXNDC16	0.01562	0.0786692027570961	Q1 - lowly expressed
TXNDC5	0.00214	9.24202419911994	Q5 - highly expressed
TXNDC9	0.00719	1.10987325538029	Q3
TXNL1	0.00625	2.80265206236325	Q4
TXNL4A	0.03717	1.10482931260872	Q3
TXNL4B	0.02256	0.162343585003933	Q1 - lowly expressed
TXNRD1	0.00174	0.605248910729625	Q3
TYK2	0.00799	6.80260847231932	Q5 - highly expressed
TYMP	0.0049	12.4495377686608	Q5 - highly expressed
TYMS	0.00092	22.0487326275104	Q5 - highly expressed
TYSND1	0.048	0.989313783195968	Q3
TYW3	0.00758	1.35450626049431	Q3
TYW5	0.13095	0.309577363732561	Q2
U2AF1	0.00047	10.7991563897957	Q5 - highly expressed
U2AF1L4	0.0365	4.03683788307317	Q4
U2AF2	0.00397	14.2641180721764	Q5 - highly expressed
U2SURP	0.00159	2.64508183427214	Q4
UBA2	0.00362	6.08927185679337	Q5 - highly expressed
UBA3	0.00207	5.56830607465624	Q5 - highly expressed
UBA5	0.00424	3.43319741146717	Q4
UBA52	0.00026	272.657943608959	Q5 - highly expressed
UBA6	0.00374	1.22571185154149	Q3
UBA7	0.00726	17.7276256243252	Q5 - highly expressed
UBAC2	0.0199	0.0994545900250124	Q1 - lowly expressed
UBAP1	0.0037	0.357782119011777	Q2
UBAP2	0.00874	0.881647306223128	Q3
UBAP2L	0.00946	6.39051850974593	Q5 - highly expressed
UBB	0.00047	218.198734428208	Q5 - highly expressed
UBC	0.13469	18.7962042006935	Q5 - highly expressed
UBE2B	0.00265	3.26144248889926	Q4
UBE2D2	0.00121	1.90146508797892	Q4
UBE2D3	0.00237	4.33809053882235	Q5 - highly expressed
UBE2D4	0.05085	0.331829047430013	Q2
UBE2E1	0.00734	1.7725134883652	Q4
UBE2E3	0.00175	0.433863512647139	Q2
UBE2F	0.01472	0.56827047946891	Q2
UBE2G1	0.01282	0.521409261624025	Q2
UBE2I	0.00034	11.7275923933258	Q5 - highly expressed
UBE2J1	0.00581	7.72626179448158	Q5 - highly expressed
UBE2J2	0.00516	2.4571355258293	Q4
UBE2K	0.00403	1.22938855681088	Q3
UBE2L3	0.00361	1.59830338149151	Q4
UBE2M	0.00069	41.1857866282132	Q5 - highly expressed
UBE2Q1	0.00198	16.4944588717276	Q5 - highly expressed
UBE2Q2	0.0094	0.628674314255252	Q3
UBE2R2	0.01526	0.574119472577388	Q2
UBE2T	0.00611	6.68975875959981	Q5 - highly expressed
UBE2V1	0.00881	2.58290468696533	Q4
UBE2V2	0.01181	0.542485321538898	Q2
UBE2W	0.01316	0.086390130034811	Q1 - lowly expressed
UBE2Z	0.00966	3.23946937964878	Q4
UBE3B	0.00767	0.677361126587698	Q3
UBE3C	0.00321	0.80407039792274	Q3
UBE3D	0.00952	0.031324382875809	Q1 - lowly expressed
UBE4A	0.00432	1.29514784906451	Q3
UBE4B	0.00485	0.528297434079908	Q2
UBFD1	0.03364	1.21617609318516	Q3
UBL7	0.00216	7.37854097617361	Q5 - highly expressed
UBN1	0.00461	1.00083623861069	Q3
UBP1	0.01595	1.34952702873488	Q3
UBQLN1	0.00234	2.23249808393776	Q4
UBQLN4	0.00602	1.37779574391559	Q3
UBR1	0.00083	0.355605217768946	Q2
UBR2	0.00416	0.759715995681121	Q3
UBR3	0.00485	0.184662051320514	Q1 - lowly expressed
UBR4	0.00298	3.00454577279704	Q4
UBR5	0.00596	3.12505717360918	Q4
UBR7	0.00323	3.77596567480097	Q4
UBTF	0.00291	10.651286020245	Q5 - highly expressed
UBXN1	0.0028	88.6945124984295	Q5 - highly expressed
UBXN2A	0.01987	0.17741025231994	Q1 - lowly expressed
UBXN2B	0.0375	0.213807482826199	Q2
UBXN4	0.00399	2.57521686172065	Q4
UBXN6	0.0024	5.07451022032883	Q5 - highly expressed
UBXN7	0.01064	0.289211506691645	Q2
UBXN8	0.01	0.228469654310823	Q2
UCHL3	0.00698	1.14838630901647	Q3
UCHL5	0.00148	2.39613258012732	Q4
UCK1	0.0146	1.90708881333648	Q4
UCK2	0.0028	0.878805276617419	Q3
UCKL1	0.00301	2.58912617337278	Q4
UCP2	0.00052	21.1522399865203	Q5 - highly expressed
UEVLD	0.00606	0.236985427432314	Q2
UFC1	0.02102	19.093535151165	Q5 - highly expressed
UFD1	0.00552	4.61278698736626	Q5 - highly expressed
UFSP2	0.00166	2.09143618126368	Q4
UGCG	0.01729	1.07095888843342	Q3
UGGT1	0.03039	0.823606617727745	Q3
UGGT2	0.01949	0.0946410176548041	Q1 - lowly expressed
UGP2	0.00379	2.05361852809964	Q4
UGT2B17	0.01084	0.331351486271773	Q2
UHRF2	0.06236	0.642087269320377	Q3
UIMC1	0.00734	0.553974816194192	Q2
ULK3	0.01667	3.82461648526752	Q4
UMAD1	0.13158	0.0100365501946893	Q1 - lowly expressed
UMPS	0.0122	1.78148574436949	Q4
UNC119B	0.00735	0.916944531484845	Q3
UNC13D	0.00143	8.34388625149839	Q5 - highly expressed
UNC45A	0.00388	3.65092366398055	Q4
UNC50	0.0161	2.70174712575337	Q4
UNC5CL	0.0303	0.0673779993518458	Q1 - lowly expressed
UNC93B1	0.00164	4.80085980323374	Q5 - highly expressed
UNK	0.16567	0.76847998037041	Q3
UNKL	0.05208	0.0991723221941182	Q1 - lowly expressed
UPB1	0.17544	0.243900329837888	Q2
UPF2	0.00114	0.595433800606945	Q2
UPF3A	0.04082	1.28573394737352	Q3
UPK2	0.4	0.0677084434143111	Q1 - lowly expressed
UPK3BL1	0.00855	3.48028445347389	Q4
UPP1	0.0521	0.530828084722668	Q2
UQCC1	0.00362	0.409570164376568	Q2
UQCC2	0.0083	2.64449853627639	Q4
UQCR11	0.00086	6.44260424871252	Q5 - highly expressed
UQCRC1	0.00177	25.2377837500233	Q5 - highly expressed
UQCRC2	0.0021	18.2312921728614	Q5 - highly expressed
UQCRH	0.04383	28.2426414987744	Q5 - highly expressed
UQCRQ	0.0036	32.5241936936893	Q5 - highly expressed
URB1	0.0011	0.671451189523143	Q3
URB2	0.00719	0.384122503919682	Q2
URI1	0.00102	0.784082608867348	Q3
URM1	0.0019	2.31980253262526	Q4
UROD	0.00375	15.7838864655131	Q5 - highly expressed
UROS	0.00901	1.74072659359047	Q4
USF1	0.00118	8.54270527063812	Q5 - highly expressed
USF2	0.00182	16.1044920812151	Q5 - highly expressed
USO1	0.00104	2.02294225681468	Q4
USP1	0.00347	3.207296535554	Q4
USP10	0.00535	1.35326584149744	Q3
USP12	0.00925	0.420469823709065	Q2
USP14	0.00042	2.31017398630603	Q4
USP15	0.01276	0.789701285094393	Q3
USP16	0.00542	3.16470411104115	Q4
USP18	0.01473	2.63762824726959	Q4
USP19	0.00446	7.77075011974202	Q5 - highly expressed
USP21	0.00865	4.69060455690148	Q5 - highly expressed
USP24	0.00151	0.610862323092301	Q3
USP25	0.01006	0.420640021686478	Q2
USP28	0.01134	0.629874029754646	Q3
USP3	0.02026	0.752380638806069	Q3
USP31	0.0102	0.0672751197003274	Q1 - lowly expressed
USP32	0.00278	0.337324473107164	Q2
USP33	0.00317	0.865411687922698	Q3
USP34	0.00306	0.855704576574432	Q3
USP35	0.03846	0.135601433107132	Q1 - lowly expressed
USP36	0.00512	0.855300903289503	Q3
USP37	0.02075	0.188597669778605	Q1 - lowly expressed
USP39	0.00713	2.20708847626698	Q4
USP4	0.01224	2.53808036728216	Q4
USP40	0.00521	0.315636344541448	Q2
USP42	0.00283	0.300244026641795	Q2
USP45	0.02294	0.146815829192261	Q1 - lowly expressed
USP46	0.01342	0.109623491096559	Q1 - lowly expressed
USP47	0.00198	0.858924591811714	Q3
USP48	0.00333	2.88468262803758	Q4
USP5	0.00103	11.2290496511005	Q5 - highly expressed
USP7	0.00085	5.25515345321142	Q5 - highly expressed
USP8	0.0011	0.54071562481382	Q2
USPL1	0.01156	0.205409011152671	Q1 - lowly expressed
UST	0.06437	0.0235602686874075	Q1 - lowly expressed
UTP11	0.00077	3.98790999309328	Q4
UTP18	0.00049	3.29229814655216	Q4
UTP4	0.00156	1.4073837421909	Q3
UTP6	0.00227	3.55478089777037	Q4
UTRN	0.00078	0.149048659094508	Q1 - lowly expressed
UVRAG	0.00818	0.179709445717666	Q1 - lowly expressed
UVSSA	0.01538	0.114367210416554	Q1 - lowly expressed
UXS1	0.00484	0.512387768616676	Q2
VAC14	0.00257	0.473789456127763	Q2
VAMP4	0.05435	0.198603298084162	Q1 - lowly expressed
VAMP8	0.00628	3.4292747010589	Q4
VAPA	0.00242	2.58371007055959	Q4
VAPB	0.00565	0.27456626145344	Q2
VARS1	0.00391	13.0301630656522	Q5 - highly expressed
VARS2	0.00345	8.69966480314625	Q5 - highly expressed
VASH2	0.07192	0.25353530380164	Q2
VASP	0.00111	13.8527636801525	Q5 - highly expressed
VAV1	0.00265	1.95034384831663	Q4
VAV2	0.00106	0.502625729890927	Q2
VCP	0.00023	29.8699319509531	Q5 - highly expressed
VCPKMT	0.11111	0.588319110757838	Q2
VDAC1	0.00142	17.0557875566142	Q5 - highly expressed
VDAC2	0.01576	17.1865716250568	Q5 - highly expressed
VDAC3	7e-04	21.1369912334093	Q5 - highly expressed
VEGFB	0.00422	9.59485233101183	Q5 - highly expressed
VEZT	0.0379	0.674498738934443	Q3
VILL	0.00926	0.609150749939819	Q3
VIM	6e-05	78.2704137502529	Q5 - highly expressed
VIPAS39	0.00405	2.04471251799667	Q4
VIRMA	0.0034	1.33274623834225	Q3
VLDLR	0.00254	0.530607234600839	Q2
VMP1	0.01413	0.510672914772208	Q2
VNN2	0.04147	0.819067823030817	Q3
VOPP1	0.00602	0.314252739604501	Q2
VPS11	0.00324	3.03159254469715	Q4
VPS13A	0.0025	0.420876095326826	Q2
VPS13B	0.00459	0.0445807682187826	Q1 - lowly expressed
VPS13C	0.00226	0.689675738274266	Q3
VPS13D	0.0065	0.144925562505577	Q1 - lowly expressed
VPS16	0.00123	3.46618521286107	Q4
VPS26A	0.00265	0.926341362794908	Q3
VPS26B	0.00461	0.530674322547455	Q2
VPS26C	0.00826	0.860424668295575	Q3
VPS28	0.0062	19.1736470024114	Q5 - highly expressed
VPS29	0.00979	5.68929527679558	Q5 - highly expressed
VPS33B	0.00467	2.53539358490777	Q4
VPS35	0.00376	5.09357372803139	Q5 - highly expressed
VPS35L	0.00088	0.521870116705716	Q2
VPS36	0.02046	0.924942684095044	Q3
VPS37A	0.00955	0.755616931135061	Q3
VPS37B	0.03871	0.307644643733049	Q2
VPS39	0.00288	1.8375430259737	Q4
VPS41	0.00498	0.502028248705082	Q2
VPS45	0.00511	0.512504617014645	Q2
VPS4A	0.00281	5.84327228010192	Q5 - highly expressed
VPS4B	0.00568	1.3723418673734	Q3
VPS50	0.00193	0.267695851438636	Q2
VPS51	0.0021	4.55598427872834	Q5 - highly expressed
VPS52	0.00171	2.51675266943257	Q4
VPS54	0.00996	0.284870814728598	Q2
VPS8	0.00641	0.201479005803632	Q1 - lowly expressed
VRK1	0.00054	0.820971885326553	Q3
VRK2	0.00175	0.388249026185175	Q2
VSIG10	0.76923	0.0152483993535338	Q1 - lowly expressed
VTI1A	0.08065	0.0459149117542104	Q1 - lowly expressed
VTI1B	0.01558	2.17859018692592	Q4
VWA8	0.00075	0.180335909460044	Q1 - lowly expressed
VWCE	0.0315	0.280722868288006	Q2
WAC	0.03103	1.67333757042132	Q4
WAPL	0.0129	1.22524678395958	Q3
WARS1	0.00043	9.79454511888667	Q5 - highly expressed
WARS2	0.01818	0.109527966556962	Q1 - lowly expressed
WASF2	0.00063	0.904891564449392	Q3
WASHC2A	0.00677	1.22623148350571	Q3
WASHC2C	0.02647	1.39250248360052	Q3
WASHC3	0.03226	1.32627082528343	Q3
WASHC4	0.01002	1.47513585923139	Q3
WASHC5	0.00232	1.11220375362352	Q3
WBP1	0.04559	9.86515986726589	Q5 - highly expressed
WBP2	0.00243	7.03697191732078	Q5 - highly expressed
WBP4	0.00136	1.71652288815305	Q4
WDFY1	0.00985	0.619971168739117	Q3
WDFY2	0.02212	0.0785931010888274	Q1 - lowly expressed
WDFY4	0.00464	1.30656210627296	Q3
WDHD1	0.00361	0.890432607134661	Q3
WDPCP	0.03571	0.00706389433384094	Q1 - lowly expressed
WDR1	0.00066	9.62271890665012	Q5 - highly expressed
WDR11	0.00598	1.76248798264114	Q4
WDR12	0.00098	0.598833197246681	Q2
WDR18	0.00097	4.08232876006305	Q4
WDR19	0.00615	0.178358771925516	Q1 - lowly expressed
WDR20	0.1194	0.0398196059957041	Q1 - lowly expressed
WDR26	0.00746	2.37580086588537	Q4
WDR3	0.00071	3.86051315651565	Q4
WDR33	0.00127	0.879333730046853	Q3
WDR35	0.0101	0.206531985612392	Q1 - lowly expressed
WDR36	0.0015	1.89352002435626	Q4
WDR4	0.03438	0.737567907097276	Q3
WDR41	0.00693	0.404047640710701	Q2
WDR43	0.00334	2.20779548500307	Q4
WDR45B	0.02414	1.35537357778567	Q3
WDR46	0.00076	11.3460270410955	Q5 - highly expressed
WDR48	0.00504	1.01187579939588	Q3
WDR5	0.00195	3.70002532981929	Q4
WDR54	0.00188	27.5517479417501	Q5 - highly expressed
WDR55	0.00529	2.02907146788303	Q4
WDR59	0.00615	0.645323622526058	Q3
WDR6	0.00899	6.43312948987311	Q5 - highly expressed
WDR62	0.00213	0.636651563109304	Q3
WDR70	0.0066	0.173774203248079	Q1 - lowly expressed
WDR73	0.06122	0.690158791921978	Q3
WDR74	0.00351	7.57279254386461	Q5 - highly expressed
WDR75	0.00328	4.13739208821853	Q4
WDR76	0.00267	1.4616574412953	Q3
WDR77	0.02141	9.0383418155309	Q5 - highly expressed
WDR83	0.00922	1.97789205055621	Q4
WDR90	0.02725	1.18121357408619	Q3
WDR91	0.0158	3.39815966182451	Q4
WDSUB1	0.0125	0.217574227963536	Q2
WDTC1	0.00577	0.76182243501025	Q3
WEE1	0.00297	2.34239476478878	Q4
WFDC2	0.00337	1.60935398836638	Q4
WHAMM	0.05556	0.469797348847603	Q2
WIPF1	0.01268	0.885215419652869	Q3
WIPF2	0.00813	0.183647233160582	Q1 - lowly expressed
WIPI1	0.0037	1.27329777675298	Q3
WIPI2	0.00184	2.05015241228981	Q4
WNK1	0.00113	1.36715964319979	Q3
WNT10A	0.01408	1.59995906035337	Q4
WRAP53	0.00405	1.73983105674082	Q4
WRAP73	0.00303	1.72573642770849	Q4
WRN	0.00158	0.3603494882836	Q2
WRNIP1	0.01124	0.985592736490852	Q3
WSB1	0.01178	5.27783792803792	Q5 - highly expressed
WTAP	0.00272	1.66771582342315	Q4
WWOX	0.03175	0.00580132434508057	Q1 - lowly expressed
WWP1	0.00643	0.421886194945074	Q2
XAF1	0.12073	0.975527728704196	Q3
XBP1	0.02515	24.2566797614213	Q5 - highly expressed
XKR6	0.91176	0.00734880655738723	Q1 - lowly expressed
XNDC1N	0.05882	0.023657569063244	Q1 - lowly expressed
XPA	0.03863	0.723789511179012	Q3
XPC	0.00528	2.16987558186045	Q4
XPNPEP1	0.00526	2.51003376684821	Q4
XPNPEP3	0.03226	0.116172567952969	Q1 - lowly expressed
XPO1	0.00064	7.54076092630353	Q5 - highly expressed
XPO4	0.02235	0.298440507805446	Q2
XPO5	0.00123	3.15257711263518	Q4
XPO6	0.00841	2.20013814354419	Q4
XPO7	0.0012	1.34033361902265	Q3
XPOT	0.003	5.34991825347709	Q5 - highly expressed
XRCC1	0.0025	2.54175766163585	Q4
XRCC2	0.03846	0.0793997291497259	Q1 - lowly expressed
XRCC3	0.0098	0.983269182384179	Q3
XRCC4	0.03784	0.0823211419980232	Q1 - lowly expressed
XRCC5	7e-05	11.8633632081491	Q5 - highly expressed
XRCC6	0.00046	19.0282718019164	Q5 - highly expressed
XRN1	0.00867	0.383389085498863	Q2
XRN2	0.00141	3.48250192057236	Q4
XRRA1	0.03448	0.058152469393966	Q1 - lowly expressed
XXYLT1	0.04651	0.0111541361305358	Q1 - lowly expressed
XYLT1	0.04124	0.00776223977874374	Q1 - lowly expressed
XYLT2	0.00472	0.829414767188414	Q3
YAF2	0.10667	0.118886762357982	Q1 - lowly expressed
YARS1	0.00271	5.79501737799292	Q5 - highly expressed
YARS2	0.01778	0.730533690173466	Q3
YBEY	0.00405	1.38555627277597	Q3
YBX1	0.00011	76.8587632354372	Q5 - highly expressed
YBX3	0.00939	10.1699511063689	Q5 - highly expressed
YEATS2	0.01468	0.837908052648215	Q3
YEATS4	0.00264	1.45623734826412	Q3
YIPF1	0.05941	0.846816517740658	Q3
YIPF3	0.01292	12.4069139687925	Q5 - highly expressed
YIPF4	0.00585	0.711192678889003	Q3
YJU2B	0.03185	0.623791298707147	Q3
YKT6	0.00166	5.15162768831366	Q5 - highly expressed
YLPM1	0.00274	0.988585735342807	Q3
YME1L1	0.00095	6.89345599044172	Q5 - highly expressed
YPEL3	0.01034	2.80369651657022	Q4
YTHDC1	0.00578	3.29668006628768	Q4
YTHDC2	0.00455	0.518860190479678	Q2
YTHDF1	0.01159	0.780617342385765	Q3
YWHAB	0.00247	9.27301573752745	Q5 - highly expressed
YWHAE	0.00259	6.9211160118179	Q5 - highly expressed
YWHAQ	0.00079	4.04157137176865	Q4
YY1AP1	0.01518	2.22419943679068	Q4
ZBED5	0.02105	0.0988523424419037	Q1 - lowly expressed
ZBED6	0.00148	2.28886294828318	Q4
ZBP1	0.05952	0.253913813535356	Q2
ZBTB1	0.03704	0.175603249930932	Q1 - lowly expressed
ZBTB24	0.01342	0.332685893563534	Q2
ZBTB25	0.06566	0.107736776326331	Q1 - lowly expressed
ZBTB32	0.19789	3.01363232762147	Q4
ZBTB38	0.01639	0.0768902509285982	Q1 - lowly expressed
ZBTB44	0.0354	0.13663438003602	Q1 - lowly expressed
ZBTB48	0.01316	1.61737800169395	Q4
ZBTB49	0.08333	0.0645061527687763	Q1 - lowly expressed
ZBTB7B	0.01775	0.657088433000714	Q3
ZBTB8OS	0.00768	1.52798862003832	Q4
ZC2HC1A	0.0102	0.166110844341269	Q1 - lowly expressed
ZC3H12D	0.00833	0.210466947423306	Q1 - lowly expressed
ZC3H13	0.01615	0.652664268420096	Q3
ZC3H14	0.00287	0.99106018801791	Q3
ZC3H15	0.00806	5.55762131112181	Q5 - highly expressed
ZC3H18	0.00083	1.14192976796492	Q3
ZC3H4	0.0663	0.57673261055995	Q2
ZC3H6	0.0303	0.0646027323153067	Q1 - lowly expressed
ZC3H7A	0.00403	3.48923792916775	Q4
ZC3H7B	0.00314	1.28746246909109	Q3
ZC3H8	0.03042	0.350761041193964	Q2
ZC3HAV1L	0.0566	0.364149254008221	Q2
ZC3HC1	0.00952	0.733474495109852	Q3
ZCCHC10	0.01111	0.450561185697918	Q2
ZCCHC17	0.0015	0.624054520569442	Q3
ZCCHC2	0.00913	0.211056750369272	Q1 - lowly expressed
ZCCHC4	0.00957	0.263727022636272	Q2
ZCCHC7	0.03501	0.224547324647895	Q2
ZCCHC8	0.0025	1.34777517806731	Q3
ZCWPW1	0.01163	0.255404266562888	Q2
ZDBF2	0.10526	0.03802908307883	Q1 - lowly expressed
ZDHHC11	0.1	0.00913311068010627	Q1 - lowly expressed
ZDHHC12	0.01812	8.61957092979989	Q5 - highly expressed
ZDHHC13	0.00647	0.591484119432724	Q2
ZDHHC14	0.05479	0.031098034977562	Q1 - lowly expressed
ZDHHC16	0.00767	3.96226530218116	Q4
ZDHHC17	0.05357	0.171994438038631	Q1 - lowly expressed
ZDHHC18	0.00226	1.44681247011531	Q3
ZDHHC2	0.0022	0.320062979181118	Q2
ZDHHC20	0.00939	0.234344720056258	Q2
ZDHHC21	0.06707	0.103873198979095	Q1 - lowly expressed
ZDHHC24	0.15789	0.144163590699892	Q1 - lowly expressed
ZDHHC3	0.00533	0.49147484355922	Q2
ZDHHC5	0.00116	1.58035216844411	Q4
ZDHHC6	0.03131	1.78307638644519	Q4
ZDHHC7	0.025	0.563248099290894	Q2
ZEB1	0.02766	0.0908819942605898	Q1 - lowly expressed
ZER1	0.01114	0.813094900561413	Q3
ZFAND1	0.01515	1.61668360584154	Q4
ZFAND3	0.0055	0.0815821982332488	Q1 - lowly expressed
ZFAND4	0.14925	0.126546853200586	Q1 - lowly expressed
ZFAND6	0.00132	0.564315334421756	Q2
ZFAT	0.01966	0.328168851823585	Q2
ZFC3H1	0.00157	1.62419562128791	Q4
ZFP30	0.03509	0.0324858577756277	Q1 - lowly expressed
ZFP36L1	0.0099	1.67300861080186	Q4
ZFP41	0.38462	0.0417982814582837	Q1 - lowly expressed
ZFP62	0.46667	0.179978815331346	Q1 - lowly expressed
ZFP64	0.00595	0.0800069017224581	Q1 - lowly expressed
ZFP69	0.03846	0.105958224536054	Q1 - lowly expressed
ZFP82	0.01389	0.0833312130972692	Q1 - lowly expressed
ZFP90	0.10811	0.0651862936482645	Q1 - lowly expressed
ZFP91	0.00909	1.12951626796552	Q3
ZFR	0.003	1.15800489745196	Q3
ZFYVE19	0.0073	3.4416291553105	Q4
ZFYVE27	0.01136	0.893172968175848	Q3
ZGPAT	0.0094	0.585773468811253	Q2
ZGRF1	0.02372	0.225203271667497	Q2
ZHX1-C8orf76	0.07143	0.553708301842315	Q2
ZKSCAN1	0.0082	0.235040822856628	Q2
ZKSCAN4	0.04918	0.270717616434928	Q2
ZKSCAN5	0.125	0.113448976214223	Q1 - lowly expressed
ZKSCAN7	0.02941	0.042265684492836	Q1 - lowly expressed
ZMAT2	0.00082	10.3084490080237	Q5 - highly expressed
ZMAT3	0.01429	0.160190748263043	Q1 - lowly expressed
ZMAT5	0.01018	0.670796922959208	Q3
ZMIZ1	0.05072	0.236523774807804	Q2
ZMIZ2	0.03084	4.71909052326773	Q5 - highly expressed
ZMPSTE24	0.00939	0.74523717552057	Q3
ZMYM2	0.00951	0.759263299387791	Q3
ZMYM4	0.00164	0.478047273094824	Q2
ZMYM5	0.03226	0.179239397890131	Q1 - lowly expressed
ZMYM6	0.01584	0.57094483214629	Q2
ZMYND19	0.00775	2.10667144534062	Q4
ZMYND8	0.0042	0.425422941661322	Q2
ZNF100	0.03571	0.0584474566221258	Q1 - lowly expressed
ZNF101	0.0241	0.446244285936994	Q2
ZNF106	0.00149	0.531794279397415	Q2
ZNF107	0.05607	0.0910437598675931	Q1 - lowly expressed
ZNF117	0.25806	0.0677171460784075	Q1 - lowly expressed
ZNF12	0.01099	0.276276623181055	Q2
ZNF124	0.02041	0.0417914238180164	Q1 - lowly expressed
ZNF131	0.1049	0.0989466998613962	Q1 - lowly expressed
ZNF134	0.11765	0.102712703351516	Q1 - lowly expressed
ZNF138	0.06122	0.118133459732805	Q1 - lowly expressed
ZNF141	0.07843	0.0836201637209838	Q1 - lowly expressed
ZNF142	0.00935	0.336048116681112	Q2
ZNF143	0.00255	0.358945565889308	Q2
ZNF154	0.125	0.0478651003203771	Q1 - lowly expressed
ZNF195	0.01449	0.323510344848852	Q2
ZNF197	0.04608	0.127182931620638	Q1 - lowly expressed
ZNF202	0.08411	0.257095916549974	Q2
ZNF207	7e-04	7.68616718100676	Q5 - highly expressed
ZNF211	0.06667	0.146439306946957	Q1 - lowly expressed
ZNF212	0.02857	0.244191448712248	Q2
ZNF215	0.09677	0.0430549731333387	Q1 - lowly expressed
ZNF217	0.01807	0.364115849185927	Q2
ZNF232	0.21333	0.209645494507409	Q1 - lowly expressed
ZNF234	0.04082	0.164166530708152	Q1 - lowly expressed
ZNF235	0.2093	0.030201654288198	Q1 - lowly expressed
ZNF236	0.01053	0.0893864037847944	Q1 - lowly expressed
ZNF248	0.01493	0.0972890304128642	Q1 - lowly expressed
ZNF25	0.03571	0.0875245539637775	Q1 - lowly expressed
ZNF250	0.02632	0.134282753547934	Q1 - lowly expressed
ZNF254	0.15385	0.0315309721531932	Q1 - lowly expressed
ZNF257	0.28571	0.0180004658070343	Q1 - lowly expressed
ZNF26	0.21739	0.0563974162403537	Q1 - lowly expressed
ZNF266	0.0299	0.870246458730207	Q3
ZNF273	0.38235	0.0445234081580553	Q1 - lowly expressed
ZNF274	0.01071	0.342433143654003	Q2
ZNF276	0.01948	0.684435737498256	Q3
ZNF280D	0.00667	0.175390889349757	Q1 - lowly expressed
ZNF282	0.01606	0.588152897578999	Q2
ZNF292	0.05988	0.0780898701995325	Q1 - lowly expressed
ZNF317	0.01923	0.546114597502691	Q2
ZNF318	0.00436	0.867090046962893	Q3
ZNF32	0.08	0.556091426895055	Q2
ZNF320	0.07547	0.0795630329788516	Q1 - lowly expressed
ZNF322	0.03226	0.101983738528099	Q1 - lowly expressed
ZNF326	0.00495	0.964746643941507	Q3
ZNF333	0.03279	0.0840748048217569	Q1 - lowly expressed
ZNF335	0.00457	1.8618633748106	Q4
ZNF33A	0.00704	0.17508112629639	Q1 - lowly expressed
ZNF33B	0.35	0.0580157771105156	Q1 - lowly expressed
ZNF343	0.02174	0.0965147578944502	Q1 - lowly expressed
ZNF346	0.0181	0.247468400425498	Q2
ZNF350	0.02353	0.139089419718866	Q1 - lowly expressed
ZNF354B	0.28571	0.0735765545491806	Q1 - lowly expressed
ZNF367	0.00575	0.204527643093127	Q1 - lowly expressed
ZNF37A	0.04206	0.13776638432499	Q1 - lowly expressed
ZNF384	0.00357	1.58048598538647	Q4
ZNF394	0.12069	0.141073787224765	Q1 - lowly expressed
ZNF395	0.00246	0.939340028564036	Q3
ZNF397	0.02857	0.121830454507565	Q1 - lowly expressed
ZNF404	0.5	0.0349511502554129	Q1 - lowly expressed
ZNF410	0.00121	1.04620499556434	Q3
ZNF418	0.08333	0.0592214608263525	Q1 - lowly expressed
ZNF420	0.08475	0.0156183414550084	Q1 - lowly expressed
ZNF428	0.01835	0.878773473467925	Q3
ZNF429	0.25	0.0238504977643635	Q1 - lowly expressed
ZNF431	0.21154	0.0783297156291451	Q1 - lowly expressed
ZNF432	0.00448	0.110008461559279	Q1 - lowly expressed
ZNF44	0.14286	0.0367822078859505	Q1 - lowly expressed
ZNF444	0.01282	0.232347840774609	Q2
ZNF445	0.01299	0.0671151522519822	Q1 - lowly expressed
ZNF45	0.09195	0.350583225975246	Q2
ZNF451	0.00711	0.270114560403845	Q2
ZNF490	0.16667	0.0392268404399584	Q1 - lowly expressed
ZNF496	0.02304	0.387068187714327	Q2
ZNF506	0.0125	0.133295144498021	Q1 - lowly expressed
ZNF510	0.03704	0.111752778612631	Q1 - lowly expressed
ZNF511	0.02301	7.12328511237574	Q5 - highly expressed
ZNF512	0.01711	0.777300482160044	Q3
ZNF512B	0.00383	1.35102683977941	Q3
ZNF516	0.05	0.0174211191345511	Q1 - lowly expressed
ZNF518B	0.22222	0.0331555166859326	Q1 - lowly expressed
ZNF519	0.65217	0.0208740838078261	Q1 - lowly expressed
ZNF525	0.17647	0.0511342184827477	Q1 - lowly expressed
ZNF527	0.03571	0.0561869351466665	Q1 - lowly expressed
ZNF529	0.025	0.039888343486103	Q1 - lowly expressed
ZNF530	0.1	0.0810463381315447	Q1 - lowly expressed
ZNF532	0.08108	0.0141847387708462	Q1 - lowly expressed
ZNF544	0.00741	0.429905283241479	Q2
ZNF550	0.31579	0.107937264832878	Q1 - lowly expressed
ZNF558	0.14286	0.280531397645014	Q2
ZNF561	0.07857	0.486733635453511	Q2
ZNF563	0.02703	0.140128461965756	Q1 - lowly expressed
ZNF573	0.07692	0.0146384943896882	Q1 - lowly expressed
ZNF577	0.23529	0.0138601883981894	Q1 - lowly expressed
ZNF580	0.13333	0.13186348775965	Q1 - lowly expressed
ZNF583	0.16667	0.0294807476718168	Q1 - lowly expressed
ZNF586	0.07143	0.0252250638675246	Q1 - lowly expressed
ZNF587	1	0.130259049511485	Q1 - lowly expressed
ZNF589	0.26027	0.0880076231284482	Q1 - lowly expressed
ZNF592	0.01014	0.300596135321317	Q2
ZNF598	0.05543	2.99800911115923	Q4
ZNF600	0.11765	0.0420578012882395	Q1 - lowly expressed
ZNF608	0.00935	0.0521753922963412	Q1 - lowly expressed
ZNF611	0.07692	0.0406176034987417	Q1 - lowly expressed
ZNF614	0.11538	0.172659706037283	Q1 - lowly expressed
ZNF621	0.0125	0.0509030796142339	Q1 - lowly expressed
ZNF626	0.02083	0.0734784088387354	Q1 - lowly expressed
ZNF627	0.05263	0.0458369781870896	Q1 - lowly expressed
ZNF638	0.00677	0.710112057494387	Q3
ZNF639	0.01633	1.15361906127283	Q3
ZNF644	0.03817	0.0659105827291083	Q1 - lowly expressed
ZNF652	0.08696	0.0215338036150919	Q1 - lowly expressed
ZNF654	0.02326	0.0906563812662902	Q1 - lowly expressed
ZNF655	0.01504	0.864259915003249	Q3
ZNF675	0.02778	0.0247808923318918	Q1 - lowly expressed
ZNF680	0.18182	0.0417022512451172	Q1 - lowly expressed
ZNF682	0.03704	0.0416346537832284	Q1 - lowly expressed
ZNF688	0.01961	1.23236358975086	Q3
ZNF692	0.05181	4.4026996372955	Q5 - highly expressed
ZNF695	0.26866	0.0378020391694046	Q1 - lowly expressed
ZNF700	0.03125	0.0684925993649513	Q1 - lowly expressed
ZNF701	0.09375	0.0463014636067264	Q1 - lowly expressed
ZNF707	0.07595	0.111326018706145	Q1 - lowly expressed
ZNF708	0.11111	0.0385875146927248	Q1 - lowly expressed
ZNF710	0.0101	0.0569695323797671	Q1 - lowly expressed
ZNF714	0.125	0.0778711466692824	Q1 - lowly expressed
ZNF718	0.48148	0.0238642637498763	Q1 - lowly expressed
ZNF721	0.16129	0.112886865121578	Q1 - lowly expressed
ZNF726	0.04545	0.0399554265381752	Q1 - lowly expressed
ZNF730	0.68421	0.017837110651592	Q1 - lowly expressed
ZNF736	0.06667	0.026988207356834	Q1 - lowly expressed
ZNF738	0.00541	0.380898152676051	Q2
ZNF740	0.05172	0.645630165577379	Q3
ZNF75A	0.02857	0.394226197626616	Q2
ZNF76	0.02174	0.74958648974916	Q3
ZNF761	0.14074	0.174638662540662	Q1 - lowly expressed
ZNF765	0.83333	0.0202162421721709	Q1 - lowly expressed
ZNF770	0.01235	0.382281213448163	Q2
ZNF776	0.14286	0.144304089035058	Q1 - lowly expressed
ZNF778	0.09091	0.0501661171817448	Q1 - lowly expressed
ZNF782	0.02381	0.0333163108377608	Q1 - lowly expressed
ZNF783	0.39175	0.115786610834507	Q1 - lowly expressed
ZNF789	0.04444	0.099995314799244	Q1 - lowly expressed
ZNF79	0.02174	0.120695365153703	Q1 - lowly expressed
ZNF791	0.06154	0.193471116209113	Q1 - lowly expressed
ZNF793	0.05263	0.0229396291152644	Q1 - lowly expressed
ZNF800	0.02256	0.0674284843066763	Q1 - lowly expressed
ZNF808	0.025	0.047610881170224	Q1 - lowly expressed
ZNF814	0.04	0.0364016989456647	Q1 - lowly expressed
ZNF816-ZNF321P	0.27419	0.0743189238479785	Q1 - lowly expressed
ZNF821	0.09091	0.232203452208264	Q2
ZNF827	0.0066	0.0698778478090246	Q1 - lowly expressed
ZNF830	1	0.137917122939259	Q1 - lowly expressed
ZNF839	0.00952	0.301279782033542	Q2
ZNF84	0.01667	0.197551071453224	Q1 - lowly expressed
ZNF85	0.02273	0.0905118391979848	Q1 - lowly expressed
ZNF852	0.125	0.101847396146435	Q1 - lowly expressed
ZNF862	0.08824	0.0862843323346838	Q1 - lowly expressed
ZNF90	0.42857	0.0440508259672362	Q1 - lowly expressed
ZNF91	0.07937	0.0332209647154009	Q1 - lowly expressed
ZNG1A	0.02028	1.02308072089285	Q3
ZNG1B	0.04981	1.13495997314692	Q3
ZNG1C	0.16545	0.343961254675736	Q2
ZNG1E	0.00448	0.549858834373768	Q2
ZNG1F	0.06912	0.553499045002233	Q2
ZNHIT1	0.00971	7.92338505180159	Q5 - highly expressed
ZNHIT6	0.01311	0.384060764347294	Q2
ZPR1	0.00158	9.41640013611921	Q5 - highly expressed
ZRANB1	0.015	0.455981164085272	Q2
ZSCAN12	0.08108	0.140752158293319	Q1 - lowly expressed
ZSCAN16	0.08696	0.0938273625351853	Q1 - lowly expressed
ZSCAN25	0.01935	0.340697702469887	Q2
ZSCAN30	0.03846	0.0555072520407944	Q1 - lowly expressed
ZSCAN5A	0.05	0.0172668788224369	Q1 - lowly expressed
ZSWIM3	0.11111	0.0224634652497632	Q1 - lowly expressed
ZSWIM7	0.02105	0.326881509285713	Q2
ZSWIM8	0.01217	3.5400443977729	Q4
ZUP1	0.01882	0.680134311203674	Q3
ZW10	0.00508	0.849894937231701	Q3
ZWINT	0.00606	36.2425480245009	Q5 - highly expressed
ZXDC	0.0102	0.21334502968262	Q2
ZYG11A	0.0119	0.0864427953962859	Q1 - lowly expressed
ZZEF1	0.01958	0.510003877907215	Q2
ZZZ3	0.03226	0.229957239718716	Q2
